ISO-10303-21;
HEADER;
FILE_DESCRIPTION (( 'STEP AP214' ),
    '1' );
FILE_NAME ('Bearing_housing_and_generator_mount.STEP',
    '2025-11-19T14:18:38',
    ( '' ),
    ( '' ),
    'SwSTEP 2.0',
    'SolidWorks 2024',
    '' );
FILE_SCHEMA (( 'AUTOMOTIVE_DESIGN' ));
ENDSEC;

DATA;
#1 = ORIENTED_EDGE ( 'NONE', *, *, #229, .F. ) ;
#2 = VERTEX_POINT ( 'NONE', #101 ) ;
#3 = VERTEX_POINT ( 'NONE', #3047 ) ;
#4 = CARTESIAN_POINT ( 'NONE',  ( 6.999999999999994671, 14.99999999999999645, 4.500000000000009770 ) ) ;
#5 = CYLINDRICAL_SURFACE ( 'NONE', #3887, 2.000000000000001776 ) ;
#6 = AXIS2_PLACEMENT_3D ( 'NONE', #3220, #3495, #3885 ) ;
#7 = CARTESIAN_POINT ( 'NONE',  ( 34.99999999999998579, -10.80940107675847806, 26.00000000000000355 ) ) ;
#8 = PRODUCT_DEFINITION_SHAPE ( 'NONE', 'NONE',  #1112 ) ;
#9 = CIRCLE ( 'NONE', #2095, 1.500000000000001332 ) ;
#10 = AXIS2_PLACEMENT_3D ( 'NONE', #3137, #1373, #2702 ) ;
#11 = CARTESIAN_POINT ( 'NONE',  ( 58.99999999999999289, 18.00000000000000000, 18.50000000000000000 ) ) ;
#12 = DIRECTION ( 'NONE',  ( -0.7071067811865519026, 0.7071067811865432429, 0.000000000000000000 ) ) ;
#13 = ORIENTED_EDGE ( 'NONE', *, *, #1076, .T. ) ;
#14 = CARTESIAN_POINT ( 'NONE',  ( 71.17157287525368758, -22.19999999999999574, 0.000000000000000000 ) ) ;
#15 = EDGE_LOOP ( 'NONE', ( #1254, #3632, #2724, #2762 ) ) ;
#16 = CARTESIAN_POINT ( 'NONE',  ( 60.99999999999994316, -35.20000000000000284, 32.00000000000000000 ) ) ;
#17 = CARTESIAN_POINT ( 'NONE',  ( 59.41742430504415751, 14.99999999999999645, 15.49999999999995204 ) ) ;
#18 = DIRECTION ( 'NONE',  ( -1.226634733346698324E-15, -0.7071067811865474617, -0.7071067811865474617 ) ) ;
#19 = FACE_OUTER_BOUND ( 'NONE', #2795, .T. ) ;
#20 = ORIENTED_EDGE ( 'NONE', *, *, #242, .F. ) ;
#21 = LINE ( 'NONE', #1677, #119 ) ;
#22 = VERTEX_POINT ( 'NONE', #3754 ) ;
#23 = ORIENTED_EDGE ( 'NONE', *, *, #3335, .F. ) ;
#24 = ORIENTED_EDGE ( 'NONE', *, *, #680, .T. ) ;
#25 = FACE_OUTER_BOUND ( 'NONE', #1916, .T. ) ;
#26 = ADVANCED_FACE ( 'NONE', ( #448 ), #2763, .F. ) ;
#27 = ORIENTED_EDGE ( 'NONE', *, *, #3827, .F. ) ;
#28 = CARTESIAN_POINT ( 'NONE',  ( 10.00000000000000000, 12.00000000000000355, 20.00000000000000000 ) ) ;
#29 = FACE_BOUND ( 'NONE', #3986, .T. ) ;
#30 = EDGE_CURVE ( 'NONE', #3501, #2997, #775, .T. ) ;
#31 = CARTESIAN_POINT ( 'NONE',  ( -4.898587196589411843E-16, 12.00000000000000000, 20.00000000000000000 ) ) ;
#32 = LINE ( 'NONE', #1363, #402 ) ;
#33 = ORIENTED_EDGE ( 'NONE', *, *, #4150, .T. ) ;
#34 = CARTESIAN_POINT ( 'NONE',  ( 36.78530364263907870, -28.14794535231865780, 1.476504228823831033 ) ) ;
#35 = CARTESIAN_POINT ( 'NONE',  ( 17.49999999999999645, 18.00000000000000355, 18.50000000000000000 ) ) ;
#36 = CARTESIAN_POINT ( 'NONE',  ( 73.60000000000010800, -22.59999999999977405, 20.00000000000000000 ) ) ;
#37 = EDGE_CURVE ( 'NONE', #495, #3977, #2722, .T. ) ;
#38 = EDGE_CURVE ( 'NONE', #3799, #1634, #2397, .T. ) ;
#39 = DIRECTION ( 'NONE',  ( -0.7071067811865512365, 0.7071067811865439090, 0.000000000000000000 ) ) ;
#40 = TOROIDAL_SURFACE ( 'NONE', #2683, 18.49999999999999645, 1.500000000000000000 ) ;
#41 = VECTOR ( 'NONE', #490, 1000.000000000000000 ) ;
#42 = CARTESIAN_POINT ( 'NONE',  ( 13.99999999999999822, 17.00000000000000355, 20.00000000000000000 ) ) ;
#43 = ADVANCED_FACE ( 'NONE', ( #3413 ), #3108, .T. ) ;
#44 = ORIENTED_EDGE ( 'NONE', *, *, #1529, .T. ) ;
#45 = VECTOR ( 'NONE', #2811, 1000.000000000000114 ) ;
#46 = CIRCLE ( 'NONE', #663, 5.499999999999984013 ) ;
#47 = ORIENTED_EDGE ( 'NONE', *, *, #747, .F. ) ;
#48 = EDGE_LOOP ( 'NONE', ( #662, #2108, #2572, #1123 ) ) ;
#49 = ORIENTED_EDGE ( 'NONE', *, *, #3065, .F. ) ;
#50 = CARTESIAN_POINT ( 'NONE',  ( 5.414213562373224597, -23.61421356237309510, 2.000000000000001776 ) ) ;
#51 = ORIENTED_EDGE ( 'NONE', *, *, #1436, .F. ) ;
#52 = CARTESIAN_POINT ( 'NONE',  ( 28.17157287525402865, -33.20000000000013074, 32.00000000000000000 ) ) ;
#53 = FACE_OUTER_BOUND ( 'NONE', #2087, .T. ) ;
#54 = CARTESIAN_POINT ( 'NONE',  ( -4.898587196589411843E-16, 12.00000000000000000, 18.91878671300110071 ) ) ;
#55 = CARTESIAN_POINT ( 'NONE',  ( 43.00000000000000000, 42.19059892324149530, 26.00000000000000355 ) ) ;
#56 = ORIENTED_EDGE ( 'NONE', *, *, #38, .T. ) ;
#57 = CARTESIAN_POINT ( 'NONE',  ( 0.1258657895209617517, 13.44785122935515354, 20.95813341646072558 ) ) ;
#58 = CIRCLE ( 'NONE', #3598, 1.500000000000001332 ) ;
#59 = CIRCLE ( 'NONE', #3116, 1.499999999999999556 ) ;
#60 = LINE ( 'NONE', #2416, #2973 ) ;
#61 = VECTOR ( 'NONE', #3093, 1000.000000000000000 ) ;
#62 = FACE_OUTER_BOUND ( 'NONE', #3249, .T. ) ;
#63 = ORIENTED_EDGE ( 'NONE', *, *, #3687, .T. ) ;
#64 = ORIENTED_EDGE ( 'NONE', *, *, #2792, .T. ) ;
#65 = ORIENTED_EDGE ( 'NONE', *, *, #3556, .F. ) ;
#66 = ORIENTED_EDGE ( 'NONE', *, *, #3052, .T. ) ;
#67 = ORIENTED_EDGE ( 'NONE', *, *, #347, .F. ) ;
#68 = CYLINDRICAL_SURFACE ( 'NONE', #2145, 13.00000000000000888 ) ;
#69 = AXIS2_PLACEMENT_3D ( 'NONE', #3317, #3339, #4295 ) ;
#70 = ORIENTED_EDGE ( 'NONE', *, *, #2210, .F. ) ;
#71 = CARTESIAN_POINT ( 'NONE',  ( 6.999999999999992006, 13.49999999999999467, 3.000000000000008882 ) ) ;
#72 = FACE_BOUND ( 'NONE', #3127, .T. ) ;
#73 = EDGE_CURVE ( 'NONE', #3026, #1963, #1133, .T. ) ;
#74 = VECTOR ( 'NONE', #189, 1000.000000000000000 ) ;
#75 = DIRECTION ( 'NONE',  ( 0.000000000000000000, 0.7071067811865471286, -0.7071067811865479058 ) ) ;
#76 = FACE_BOUND ( 'NONE', #388, .T. ) ;
#77 = VERTEX_POINT ( 'NONE', #3072 ) ;
#78 = DIRECTION ( 'NONE',  ( 0.000000000000000000, 0.000000000000000000, 1.000000000000000000 ) ) ;
#79 = AXIS2_PLACEMENT_3D ( 'NONE', #3427, #1370, #2083 ) ;
#80 = CARTESIAN_POINT ( 'NONE',  ( -0.7856660799262970007, 12.00000000000000000, 19.56240054223113489 ) ) ;
#81 = EDGE_CURVE ( 'NONE', #1284, #2069, #1417, .T. ) ;
#82 = LINE ( 'NONE', #1414, #893 ) ;
#83 = CARTESIAN_POINT ( 'NONE',  ( -4.898587196589411843E-16, 12.00000000000000000, 32.00000000000000000 ) ) ;
#84 = ORIENTED_EDGE ( 'NONE', *, *, #225, .T. ) ;
#85 = ORIENTED_EDGE ( 'NONE', *, *, #2987, .T. ) ;
#86 = ORIENTED_EDGE ( 'NONE', *, *, #1892, .T. ) ;
#87 = ADVANCED_FACE ( 'NONE', ( #1091 ), #470, .T. ) ;
#88 = ORIENTED_EDGE ( 'NONE', *, *, #2758, .T. ) ;
#89 = CARTESIAN_POINT ( 'NONE',  ( 39.00000000000000000, -8.500000000000003553, 32.00000000000000000 ) ) ;
#90 = ORIENTED_EDGE ( 'NONE', *, *, #760, .T. ) ;
#91 = LINE ( 'NONE', #395, #4272 ) ;
#92 = EDGE_CURVE ( 'NONE', #3566, #3040, #2314, .T. ) ;
#93 = FACE_OUTER_BOUND ( 'NONE', #1718, .T. ) ;
#94 = FACE_OUTER_BOUND ( 'NONE', #961, .T. ) ;
#95 = ORIENTED_EDGE ( 'NONE', *, *, #2898, .T. ) ;
#96 = CARTESIAN_POINT ( 'NONE',  ( 39.00000000000000000, 13.50000000000001421, 18.50000000000000000 ) ) ;
#97 = CARTESIAN_POINT ( 'NONE',  ( 0.03649314329036275339, 12.00000000000000178, 21.93990123828481842 ) ) ;
#98 = LINE ( 'NONE', #2023, #2236 ) ;
#99 = DIRECTION ( 'NONE',  ( 0.000000000000000000, 0.000000000000000000, -1.000000000000000000 ) ) ;
#100 = VERTEX_POINT ( 'NONE', #4018 ) ;
#101 = CARTESIAN_POINT ( 'NONE',  ( 39.00000000000000000, 39.88119784648299060, 20.00000000000000000 ) ) ;
#102 = EDGE_CURVE ( 'NONE', #2333, #2997, #1050, .T. ) ;
#103 = MECHANICAL_DESIGN_GEOMETRIC_PRESENTATION_REPRESENTATION (  '', ( #4125 ), #2817 ) ;
#104 = VECTOR ( 'NONE', #2120, 1000.000000000000000 ) ;
#105 = EDGE_CURVE ( 'NONE', #3294, #1031, #3695, .T. ) ;
#106 = ORIENTED_EDGE ( 'NONE', *, *, #553, .T. ) ;
#107 = ORIENTED_EDGE ( 'NONE', *, *, #3207, .T. ) ;
#108 = DIRECTION ( 'NONE',  ( 0.000000000000000000, 1.000000000000000000, 0.000000000000000000 ) ) ;
#109 = VECTOR ( 'NONE', #3191, 1000.000000000000000 ) ;
#110 = ORIENTED_EDGE ( 'NONE', *, *, #3196, .T. ) ;
#111 = CARTESIAN_POINT ( 'NONE',  ( 62.09703439666034797, 24.85870469521672632, 40.00000000000000000 ) ) ;
#112 = CARTESIAN_POINT ( 'NONE',  ( 62.29857247594888747, 20.85240888332604925, 26.00000000000000355 ) ) ;
#113 = EDGE_CURVE ( 'NONE', #1462, #3287, #2245, .T. ) ;
#114 = DIRECTION ( 'NONE',  ( -1.734723475976788556E-15, -1.734723475976805517E-15, -1.000000000000000000 ) ) ;
#115 = DIRECTION ( 'NONE',  ( 0.000000000000000000, 0.000000000000000000, -1.000000000000000000 ) ) ;
#116 = ORIENTED_EDGE ( 'NONE', *, *, #3895, .F. ) ;
#117 = AXIS2_PLACEMENT_3D ( 'NONE', #2777, #3425, #3362 ) ;
#118 = CARTESIAN_POINT ( 'NONE',  ( 39.00000000000000000, 18.00000000000000000, 0.000000000000000000 ) ) ;
#119 = VECTOR ( 'NONE', #2026, 1000.000000000000000 ) ;
#120 = CARTESIAN_POINT ( 'NONE',  ( -0.03782650138075535629, 12.00000000000000000, 18.92037015528984156 ) ) ;
#121 = CARTESIAN_POINT ( 'NONE',  ( -4.898587196589411843E-16, 12.00000000000000000, 20.00000000000000000 ) ) ;
#122 = CARTESIAN_POINT ( 'NONE',  ( 78.00000000000001421, 12.55232671968472680, 20.49194238134892387 ) ) ;
#123 = AXIS2_PLACEMENT_3D ( 'NONE', #3015, #2667, #1042 ) ;
#124 = VERTEX_POINT ( 'NONE', #1155 ) ;
#125 = CARTESIAN_POINT ( 'NONE',  ( 28.17157287525403575, -33.20000000000012363, 2.000000000000000000 ) ) ;
#126 = VECTOR ( 'NONE', #3346, 1000.000000000000000 ) ;
#127 = ORIENTED_EDGE ( 'NONE', *, *, #3129, .T. ) ;
#128 = ORIENTED_EDGE ( 'NONE', *, *, #2075, .F. ) ;
#129 = ORIENTED_EDGE ( 'NONE', *, *, #149, .F. ) ;
#130 = PLANE ( 'NONE',  #4015 ) ;
#131 = ORIENTED_EDGE ( 'NONE', *, *, #1592, .F. ) ;
#132 = FACE_OUTER_BOUND ( 'NONE', #476, .T. ) ;
#133 = VECTOR ( 'NONE', #75, 1000.000000000000000 ) ;
#134 = CARTESIAN_POINT ( 'NONE',  ( 42.99999999999999289, 46.80940107675850470, 26.00000000000000355 ) ) ;
#135 = AXIS2_PLACEMENT_3D ( 'NONE', #3901, #2532, #569 ) ;
#136 = FACE_BOUND ( 'NONE', #1721, .T. ) ;
#137 = FACE_OUTER_BOUND ( 'NONE', #646, .T. ) ;
#138 = ORIENTED_EDGE ( 'NONE', *, *, #2426, .F. ) ;
#139 = CARTESIAN_POINT ( 'NONE',  ( 17.99760070206729168, 13.93551132852946139, 3.435511328529476494 ) ) ;
#140 = CARTESIAN_POINT ( 'NONE',  ( 0.04053611835839597555, 12.00000000000000000, 24.10477940123518081 ) ) ;
#141 = DIRECTION ( 'NONE',  ( -0.000000000000000000, -1.000000000000000000, -0.000000000000000000 ) ) ;
#142 = AXIS2_PLACEMENT_3D ( 'NONE', #1691, #1674, #1349 ) ;
#143 = CARTESIAN_POINT ( 'NONE',  ( 6.999999999999992006, 14.99999999999999645, 3.000000000000008882 ) ) ;
#144 = ORIENTED_EDGE ( 'NONE', *, *, #3117, .T. ) ;
#145 = CARTESIAN_POINT ( 'NONE',  ( 28.17157287525405351, -35.20000000000013074, 32.00000000000000000 ) ) ;
#146 = CYLINDRICAL_SURFACE ( 'NONE', #683, 2.000000000000002665 ) ;
#147 = EDGE_LOOP ( 'NONE', ( #67, #173, #1212, #3897 ) ) ;
#148 = ORIENTED_EDGE ( 'NONE', *, *, #1306, .T. ) ;
#149 = EDGE_CURVE ( 'NONE', #4107, #1434, #1568, .T. ) ;
#150 = EDGE_LOOP ( 'NONE', ( #3820, #1293, #1571, #2923 ) ) ;
#151 = DIRECTION ( 'NONE',  ( -0.8660254037844390407, 0.4999999999999993339, 0.000000000000000000 ) ) ;
#152 = VECTOR ( 'NONE', #2651, 1000.000000000000000 ) ;
#153 = VERTEX_POINT ( 'NONE', #3153 ) ;
#154 = CARTESIAN_POINT ( 'NONE',  ( 0.000000000000000000, 0.000000000000000000, 0.000000000000000000 ) ) ;
#155 = ADVANCED_FACE ( 'NONE', ( #3198 ), #577, .F. ) ;
#156 = FACE_BOUND ( 'NONE', #3991, .T. ) ;
#157 = EDGE_CURVE ( 'NONE', #3652, #579, #3177, .T. ) ;
#158 = DIRECTION ( 'NONE',  ( -0.000000000000000000, -0.000000000000000000, -1.000000000000000000 ) ) ;
#159 = DIRECTION ( 'NONE',  ( 0.000000000000000000, 1.000000000000000000, -0.000000000000000000 ) ) ;
#160 = CARTESIAN_POINT ( 'NONE',  ( 18.58257569495583184, 14.99999999999999645, 4.500000000000010658 ) ) ;
#161 = EDGE_CURVE ( 'NONE', #4079, #1597, #511, .T. ) ;
#162 = VECTOR ( 'NONE', #3530, 1000.000000000000000 ) ;
#163 = CARTESIAN_POINT ( 'NONE',  ( 77.11051536209880908, 13.47523235574434253, 20.13292764021464265 ) ) ;
#164 = DIRECTION ( 'NONE',  ( -0.000000000000000000, -0.000000000000000000, -1.000000000000000000 ) ) ;
#165 = CARTESIAN_POINT ( 'NONE',  ( 71.00000000000000000, 0.000000000000000000, 7.399999999999996803 ) ) ;
#166 = CARTESIAN_POINT ( 'NONE',  ( 34.99999999999998579, 46.80940107675847628, 26.00000000000000355 ) ) ;
#167 = LINE ( 'NONE', #4186, #2310 ) ;
#168 = DIRECTION ( 'NONE',  ( -0.7071067811865441310, -0.7071067811865510144, 0.000000000000000000 ) ) ;
#169 = EDGE_CURVE ( 'NONE', #3294, #2442, #167, .T. ) ;
#170 = ORIENTED_EDGE ( 'NONE', *, *, #3894, .T. ) ;
#171 = AXIS2_PLACEMENT_3D ( 'NONE', #1617, #1557, #562 ) ;
#172 = ORIENTED_EDGE ( 'NONE', *, *, #4055, .F. ) ;
#173 = ORIENTED_EDGE ( 'NONE', *, *, #2624, .F. ) ;
#174 = CARTESIAN_POINT ( 'NONE',  ( 77.95946388164161078, 11.99999999999999645, 24.10477940123517726 ) ) ;
#175 = DIRECTION ( 'NONE',  ( -0.000000000000000000, -0.000000000000000000, -1.000000000000000000 ) ) ;
#176 = ORIENTED_EDGE ( 'NONE', *, *, #3104, .F. ) ;
#177 = DIRECTION ( 'NONE',  ( -0.000000000000000000, -1.000000000000000000, -0.000000000000000000 ) ) ;
#178 = AXIS2_PLACEMENT_3D ( 'NONE', #3588, #2329, #626 ) ;
#179 = VECTOR ( 'NONE', #3088, 1000.000000000000000 ) ;
#180 = DIRECTION ( 'NONE',  ( 0.000000000000000000, 0.000000000000000000, 1.000000000000000000 ) ) ;
#181 = CARTESIAN_POINT ( 'NONE',  ( 77.67060457156064501, 13.45492473551936996, 20.57633554463092196 ) ) ;
#182 = CARTESIAN_POINT ( 'NONE',  ( 42.58578643762682958, -28.78578643762690348, 2.000000000000001776 ) ) ;
#183 = DIRECTION ( 'NONE',  ( -0.5023646631085905145, -0.8646558536549627805, 0.000000000000000000 ) ) ;
#184 = CARTESIAN_POINT ( 'NONE',  ( -1.176517884344703724, 12.00000000000000000, 22.80865859057546174 ) ) ;
#185 = FACE_OUTER_BOUND ( 'NONE', #2980, .T. ) ;
#186 = DIRECTION ( 'NONE',  ( -1.734723475976810250E-15, 0.000000000000000000, 1.000000000000000000 ) ) ;
#187 = CARTESIAN_POINT ( 'NONE',  ( 17.00000000000023803, -35.20000000000027285, 32.00000000000000000 ) ) ;
#188 = DIRECTION ( 'NONE',  ( -0.8660254037844373753, -0.5000000000000022204, 0.000000000000000000 ) ) ;
#189 = DIRECTION ( 'NONE',  ( -0.000000000000000000, -0.000000000000000000, -1.000000000000000000 ) ) ;
#190 = DIRECTION ( 'NONE',  ( -0.000000000000000000, -0.000000000000000000, -1.000000000000000000 ) ) ;
#191 = ORIENTED_EDGE ( 'NONE', *, *, #4203, .T. ) ;
#192 = ORIENTED_EDGE ( 'NONE', *, *, #3769, .F. ) ;
#193 = ORIENTED_EDGE ( 'NONE', *, *, #1970, .T. ) ;
#194 = CARTESIAN_POINT ( 'NONE',  ( 78.92589484187331550, 11.99999999999999645, 23.23329339172212826 ) ) ;
#195 = CARTESIAN_POINT ( 'NONE',  ( 6.999999999999992006, 14.99999999999999645, 3.000000000000008882 ) ) ;
#196 = AXIS2_PLACEMENT_3D ( 'NONE', #4063, #1061, #334 ) ;
#197 = ORIENTED_EDGE ( 'NONE', *, *, #1128, .F. ) ;
#198 = CARTESIAN_POINT ( 'NONE',  ( 78.00000000000000000, 12.00000000000055778, 23.82516957225268683 ) ) ;
#199 = DIRECTION ( 'NONE',  ( -0.000000000000000000, -0.000000000000000000, 1.000000000000000000 ) ) ;
#200 = DIRECTION ( 'NONE',  ( 0.8673884870431322058, -0.4976316032418219848, 0.000000000000000000 ) ) ;
#201 = FACE_OUTER_BOUND ( 'NONE', #1206, .T. ) ;
#202 = CARTESIAN_POINT ( 'NONE',  ( 42.99999999999999289, 46.80940107675850470, 20.00000000000000000 ) ) ;
#203 = EDGE_CURVE ( 'NONE', #3332, #4190, #824, .T. ) ;
#204 = CARTESIAN_POINT ( 'NONE',  ( 77.26989018563406830, 11.99999999999999645, 20.18433484697854752 ) ) ;
#205 = VECTOR ( 'NONE', #546, 1000.000000000000000 ) ;
#206 = DIRECTION ( 'NONE',  ( -0.8673884870431327609, -0.4976316032418209856, 0.000000000000000000 ) ) ;
#207 = CARTESIAN_POINT ( 'NONE',  ( 48.99999999999994316, -35.19999999999999574, 32.00000000000000000 ) ) ;
#208 = DIRECTION ( 'NONE',  ( 0.000000000000000000, 0.000000000000000000, -1.000000000000000000 ) ) ;
#209 = DIRECTION ( 'NONE',  ( -1.000000000000000000, 2.081668171172168119E-15, 0.000000000000000000 ) ) ;
#210 = DIRECTION ( 'NONE',  ( -5.782411586589358625E-16, -1.000000000000000000, -0.000000000000000000 ) ) ;
#211 = EDGE_CURVE ( 'NONE', #1233, #3702, #3959, .T. ) ;
#212 = DIRECTION ( 'NONE',  ( -1.502314598737167117E-15, 1.000000000000000000, 0.000000000000000000 ) ) ;
#213 = ORIENTED_EDGE ( 'NONE', *, *, #2070, .F. ) ;
#214 = VERTEX_POINT ( 'NONE', #1203 ) ;
#215 = ORIENTED_EDGE ( 'NONE', *, *, #924, .T. ) ;
#216 = CARTESIAN_POINT ( 'NONE',  ( 0.2319195274579136656, 11.99999999999999822, 18.78152380485218131 ) ) ;
#217 = CARTESIAN_POINT ( 'NONE',  ( 4.828427124746308863, -22.19999999999999574, 2.000000000000001776 ) ) ;
#218 = AXIS2_PLACEMENT_3D ( 'NONE', #195, #958, #2292 ) ;
#219 = CLOSED_SHELL ( 'NONE', ( #2735, #4293, #616, #938, #1453, #1947, #1822, #4080, #155, #610, #1176, #4024, #733, #1767, #1079, #2301, #425, #804, #2305, #1920, #2170, #2529, #2609, #603, #4187, #3706, #2611, #356, #26, #877, #1987, #2035, #1835, #2143, #4284, #3778, #87, #726, #2989, #2227, #2162, #3010, #1196, #719, #932, #3870, #947, #3374, #1211, #2742, #4194, #3752, #1834, #535, #2261, #2718, #2218, #2287, #890, #3515, #2540, #3382, #691, #1583, #3169, #3829, #3791, #3077, #1587, #3957, #2277, #3389, #3324, #3944, #865, #2479, #2751, #3300, #3201, #3814, #2359, #3438, #1314, #359, #3070, #3376, #3528, #788, #3521, #1119, #2545, #397, #284, #1185, #4013, #2601, #878, #4264, #1905, #1495, #2243, #2661, #2876, #3132, #598, #1895, #2929, #1527, #3383, #2355, #4008, #220, #1748, #1026, #2155, #1791, #3509, #3692, #3938, #2298, #4138, #3563, #2597, #4143, #43, #2921, #1586, #3028, #988, #1451, #3008, #1515, #251 ) ) ;
#220 = ADVANCED_FACE ( 'NONE', ( #3475 ), #1890, .T. ) ;
#221 = ORIENTED_EDGE ( 'NONE', *, *, #2853, .F. ) ;
#222 = LINE ( 'NONE', #3871, #3786 ) ;
#223 = EDGE_CURVE ( 'NONE', #960, #4120, #1245, .T. ) ;
#224 = CARTESIAN_POINT ( 'NONE',  ( 62.27671140884352496, 28.85237901412935102, 26.00000000000000355 ) ) ;
#225 = EDGE_CURVE ( 'NONE', #676, #124, #1914, .T. ) ;
#226 = CARTESIAN_POINT ( 'NONE',  ( 76.46998799039037920, 13.49999999999999645, 20.00000000000000000 ) ) ;
#227 = EDGE_CURVE ( 'NONE', #4256, #1374, #3616, .T. ) ;
#228 = DIRECTION ( 'NONE',  ( -1.000000000000000000, -3.469446951953614189E-16, 0.000000000000000000 ) ) ;
#229 = EDGE_CURVE ( 'NONE', #2317, #1399, #1481, .T. ) ;
#230 = CARTESIAN_POINT ( 'NONE',  ( 79.44297764998536593, 11.99999999999999645, 21.05153577595417147 ) ) ;
#231 = DIRECTION ( 'NONE',  ( -1.156482317317871133E-15, 1.000000000000000000, 0.000000000000000000 ) ) ;
#232 = CARTESIAN_POINT ( 'NONE',  ( 43.00000000000000000, 42.19059892324149530, 20.00000000000000000 ) ) ;
#233 = DIRECTION ( 'NONE',  ( 0.000000000000000000, 0.000000000000000000, -1.000000000000000000 ) ) ;
#234 = DIRECTION ( 'NONE',  ( -3.614007241618342978E-17, -1.475294133514419126E-33, 1.000000000000000000 ) ) ;
#235 = DIRECTION ( 'NONE',  ( 0.000000000000000000, 1.000000000000000000, 0.000000000000000000 ) ) ;
#236 = CARTESIAN_POINT ( 'NONE',  ( 39.00000000000000000, 44.50000000000000000, 32.00000000000000000 ) ) ;
#237 = ORIENTED_EDGE ( 'NONE', *, *, #105, .F. ) ;
#238 = ORIENTED_EDGE ( 'NONE', *, *, #1131, .F. ) ;
#239 = CARTESIAN_POINT ( 'NONE',  ( 78.02903943925110752, 11.99999999999999645, 21.52075719217715744 ) ) ;
#240 = CARTESIAN_POINT ( 'NONE',  ( 35.41421356237329832, -28.78578643762691769, 0.8284271247461902909 ) ) ;
#241 = EDGE_CURVE ( 'NONE', #1825, #2734, #4115, .T. ) ;
#242 = EDGE_CURVE ( 'NONE', #4007, #3483, #1821, .T. ) ;
#243 = EDGE_LOOP ( 'NONE', ( #2179, #2048, #191, #2467 ) ) ;
#244 = ORIENTED_EDGE ( 'NONE', *, *, #113, .T. ) ;
#245 = CARTESIAN_POINT ( 'NONE',  ( 8.784180694811425383, 24.87132618819477514, 20.00000000000000000 ) ) ;
#246 = CARTESIAN_POINT ( 'NONE',  ( 15.90296560333966802, 24.85870469521672632, 32.00000000000000000 ) ) ;
#247 = VECTOR ( 'NONE', #757, 1000.000000000000000 ) ;
#248 = AXIS2_PLACEMENT_3D ( 'NONE', #909, #233, #2887 ) ;
#249 = CARTESIAN_POINT ( 'NONE',  ( 17.50000000000000000, 18.00000000000000355, 20.00000000000000000 ) ) ;
#250 = CARTESIAN_POINT ( 'NONE',  ( -4.898587196589411843E-16, 12.00000000000000000, 24.08121328699938601 ) ) ;
#251 = ADVANCED_FACE ( 'NONE', ( #1175 ), #1811, .F. ) ;
#252 = CIRCLE ( 'NONE', #316, 6.000000000000012434 ) ;
#253 = AXIS2_PLACEMENT_3D ( 'NONE', #792, #1930, #3254 ) ;
#254 = CARTESIAN_POINT ( 'NONE',  ( 34.99999999999998579, -10.80940107675847806, 26.00000000000000355 ) ) ;
#255 = FACE_OUTER_BOUND ( 'NONE', #1020, .T. ) ;
#256 = CARTESIAN_POINT ( 'NONE',  ( 78.00000000000001421, 12.55839262144944968, 22.49921316397769289 ) ) ;
#257 = LINE ( 'NONE', #3540, #987 ) ;
#258 = LINE ( 'NONE', #4235, #3661 ) ;
#259 = CARTESIAN_POINT ( 'NONE',  ( 7.000000000000006217, 14.99999999999999645, 10.00000000000000000 ) ) ;
#260 = EDGE_LOOP ( 'NONE', ( #375, #566, #3924, #144 ) ) ;
#261 = ORIENTED_EDGE ( 'NONE', *, *, #2347, .F. ) ;
#262 = CARTESIAN_POINT ( 'NONE',  ( 77.96415968225674931, 13.44475538175808005, 21.68402866802622242 ) ) ;
#263 = DIRECTION ( 'NONE',  ( -1.000000000000000000, 0.000000000000000000, 0.000000000000000000 ) ) ;
#264 = EDGE_CURVE ( 'NONE', #4256, #2701, #3586, .T. ) ;
#265 = AXIS2_PLACEMENT_3D ( 'NONE', #3302, #3951, #324 ) ;
#266 = ORIENTED_EDGE ( 'NONE', *, *, #479, .F. ) ;
#267 = ORIENTED_EDGE ( 'NONE', *, *, #4061, .T. ) ;
#268 = ORIENTED_EDGE ( 'NONE', *, *, #741, .T. ) ;
#269 = VECTOR ( 'NONE', #2847, 1000.000000000000000 ) ;
#270 = DIRECTION ( 'NONE',  ( 1.000000000000000000, 1.224646799147353207E-16, 0.000000000000000000 ) ) ;
#271 = AXIS2_PLACEMENT_3D ( 'NONE', #1646, #2931, #2908 ) ;
#272 = AXIS2_PLACEMENT_3D ( 'NONE', #2071, #1163, #3115 ) ;
#273 = LINE ( 'NONE', #1906, #205 ) ;
#274 = DIRECTION ( 'NONE',  ( 1.000000000000000000, 0.000000000000000000, 0.000000000000000000 ) ) ;
#275 = FACE_OUTER_BOUND ( 'NONE', #1425, .T. ) ;
#276 = DIRECTION ( 'NONE',  ( 1.000000000000000000, 3.469446951953614189E-16, -0.000000000000000000 ) ) ;
#277 = DIRECTION ( 'NONE',  ( 1.000000000000000000, -5.782411586589358625E-16, -0.000000000000000000 ) ) ;
#278 = AXIS2_PLACEMENT_3D ( 'NONE', #3231, #2518, #2259 ) ;
#279 = DIRECTION ( 'NONE',  ( -0.000000000000000000, -0.000000000000000000, -1.000000000000000000 ) ) ;
#280 = LINE ( 'NONE', #1613, #1545 ) ;
#281 = EDGE_LOOP ( 'NONE', ( #3321, #2678, #1679, #696 ) ) ;
#282 = CARTESIAN_POINT ( 'NONE',  ( 41.17157287525374443, -28.19999999999999929, 32.00000000000000000 ) ) ;
#283 = DIRECTION ( 'NONE',  ( -0.000000000000000000, -0.000000000000000000, -1.000000000000000000 ) ) ;
#284 = ADVANCED_FACE ( 'NONE', ( #3971 ), #665, .T. ) ;
#285 = ORIENTED_EDGE ( 'NONE', *, *, #901, .F. ) ;
#286 = EDGE_CURVE ( 'NONE', #1787, #1092, #280, .T. ) ;
#287 = ORIENTED_EDGE ( 'NONE', *, *, #3570, .T. ) ;
#288 = VECTOR ( 'NONE', #458, 1000.000000000000000 ) ;
#289 = ORIENTED_EDGE ( 'NONE', *, *, #612, .T. ) ;
#290 = CARTESIAN_POINT ( 'NONE',  ( 17.82842712474671742, -35.20000000000025864, 2.000000000000001776 ) ) ;
#291 = CARTESIAN_POINT ( 'NONE',  ( 13.99999999999999822, 17.00000000000000355, 16.99999999999997868 ) ) ;
#292 = CARTESIAN_POINT ( 'NONE',  ( 13.99999999999999822, 17.00000000000000355, 1.500000000000001332 ) ) ;
#293 = EDGE_CURVE ( 'NONE', #3180, #3332, #4253, .T. ) ;
#294 = EDGE_CURVE ( 'NONE', #1031, #3242, #1348, .T. ) ;
#295 = LINE ( 'NONE', #313, #2641 ) ;
#296 = CARTESIAN_POINT ( 'NONE',  ( 36.82842712474640479, -28.19999999999999929, 2.000000000000001776 ) ) ;
#297 = CARTESIAN_POINT ( 'NONE',  ( 77.51798496796797622, 11.99999999999999112, 18.67607188906626448 ) ) ;
#298 = EDGE_CURVE ( 'NONE', #3666, #3656, #3525, .T. ) ;
#299 = ORIENTED_EDGE ( 'NONE', *, *, #851, .T. ) ;
#300 = CARTESIAN_POINT ( 'NONE',  ( 36.82842712474640479, -30.19999999999999929, 32.00000000000000000 ) ) ;
#301 = CARTESIAN_POINT ( 'NONE',  ( 66.89549631737178004, 28.86500050710740339, 26.00000000000000355 ) ) ;
#302 = EDGE_CURVE ( 'NONE', #1787, #3935, #2002, .T. ) ;
#303 = FACE_OUTER_BOUND ( 'NONE', #461, .T. ) ;
#304 = EDGE_CURVE ( 'NONE', #1555, #892, #2311, .T. ) ;
#305 = ORIENTED_EDGE ( 'NONE', *, *, #2883, .F. ) ;
#306 = DIRECTION ( 'NONE',  ( 0.000000000000000000, 0.000000000000000000, -1.000000000000000000 ) ) ;
#307 = ORIENTED_EDGE ( 'NONE', *, *, #4268, .F. ) ;
#308 = VERTEX_POINT ( 'NONE', #3627 ) ;
#309 = ORIENTED_EDGE ( 'NONE', *, *, #1970, .F. ) ;
#310 = DIRECTION ( 'NONE',  ( 0.7071067811865441310, 0.7071067811865510144, 0.000000000000000000 ) ) ;
#311 = LINE ( 'NONE', #3273, #2957 ) ;
#312 = DIRECTION ( 'NONE',  ( 1.000000000000000000, -0.000000000000000000, -0.000000000000000000 ) ) ;
#313 = CARTESIAN_POINT ( 'NONE',  ( -4.898587196589411843E-16, 12.00000000000000000, 20.00000000000000000 ) ) ;
#314 = PLANE ( 'NONE',  #271 ) ;
#315 = ORIENTED_EDGE ( 'NONE', *, *, #4212, .T. ) ;
#316 = AXIS2_PLACEMENT_3D ( 'NONE', #1234, #920, #2831 ) ;
#317 = CYLINDRICAL_SURFACE ( 'NONE', #3851, 2.000000000000001776 ) ;
#318 = VERTEX_POINT ( 'NONE', #998 ) ;
#319 = AXIS2_PLACEMENT_3D ( 'NONE', #2036, #2945, #4266 ) ;
#320 = CARTESIAN_POINT ( 'NONE',  ( 59.97824948813207868, 24.84608320223867750, 26.00000000000000355 ) ) ;
#321 = DIRECTION ( 'NONE',  ( -1.000000000000000000, 5.782411586589358625E-16, 0.000000000000000000 ) ) ;
#322 = CARTESIAN_POINT ( 'NONE',  ( 78.00000000000000000, 9.552245033349355756E-15, 20.00000000000000000 ) ) ;
#323 = ORIENTED_EDGE ( 'NONE', *, *, #3043, .T. ) ;
#324 = DIRECTION ( 'NONE',  ( -1.000000000000000000, 0.000000000000000000, 0.000000000000000000 ) ) ;
#325 = EDGE_LOOP ( 'NONE', ( #2895, #2504, #4299, #1139 ) ) ;
#326 = VECTOR ( 'NONE', #2828, 1000.000000000000000 ) ;
#327 = ORIENTED_EDGE ( 'NONE', *, *, #3742, .F. ) ;
#328 = EDGE_LOOP ( 'NONE', ( #2782, #3676, #1605 ) ) ;
#329 = AXIS2_PLACEMENT_3D ( 'NONE', #936, #3992, #1256 ) ;
#330 = FACE_OUTER_BOUND ( 'NONE', #584, .T. ) ;
#331 = FACE_OUTER_BOUND ( 'NONE', #2318, .T. ) ;
#332 = CARTESIAN_POINT ( 'NONE',  ( -5.185779805671549068E-16, 12.70353168590835757, 20.69451128462124601 ) ) ;
#333 = DIRECTION ( 'NONE',  ( -1.000000000000000000, 0.000000000000000000, 0.000000000000000000 ) ) ;
#334 = DIRECTION ( 'NONE',  ( -1.000000000000000000, -1.224646799147353207E-16, 0.000000000000000000 ) ) ;
#335 = EDGE_LOOP ( 'NONE', ( #1926, #1485, #327, #4145 ) ) ;
#336 = EDGE_CURVE ( 'NONE', #919, #3699, #2965, .T. ) ;
#337 = FACE_OUTER_BOUND ( 'NONE', #1301, .T. ) ;
#338 = ORIENTED_EDGE ( 'NONE', *, *, #3771, .F. ) ;
#339 = DIRECTION ( 'NONE',  ( 1.000000000000000000, 0.000000000000000000, -3.614007241618342978E-17 ) ) ;
#340 = CARTESIAN_POINT ( 'NONE',  ( 42.26720410160751129, -27.55491223397352840, 0.4975323939201830026 ) ) ;
#341 = DIRECTION ( 'NONE',  ( 0.000000000000000000, 0.000000000000000000, 1.000000000000000000 ) ) ;
#342 = FACE_OUTER_BOUND ( 'NONE', #1096, .T. ) ;
#343 = EDGE_CURVE ( 'NONE', #1620, #715, #1958, .T. ) ;
#344 = ORIENTED_EDGE ( 'NONE', *, *, #2168, .T. ) ;
#345 = DIRECTION ( 'NONE',  ( 0.000000000000000000, 0.000000000000000000, 1.000000000000000000 ) ) ;
#346 = AXIS2_PLACEMENT_3D ( 'NONE', #355, #4291, #2342 ) ;
#347 = EDGE_CURVE ( 'NONE', #2382, #387, #3310, .T. ) ;
#348 = ORIENTED_EDGE ( 'NONE', *, *, #2805, .T. ) ;
#349 = EDGE_LOOP ( 'NONE', ( #1416, #3091, #3477 ) ) ;
#350 = ORIENTED_EDGE ( 'NONE', *, *, #4083, .T. ) ;
#351 = CARTESIAN_POINT ( 'NONE',  ( 23.00000000000013856, -35.19999999999998153, 10.00000000000000000 ) ) ;
#352 = EDGE_CURVE ( 'NONE', #3431, #3242, #258, .T. ) ;
#353 = VECTOR ( 'NONE', #3281, 1000.000000000000000 ) ;
#354 = UNCERTAINTY_MEASURE_WITH_UNIT (LENGTH_MEASURE( 1.000000000000000082E-05 ), #2204, 'distance_accuracy_value', 'NONE');
#355 = CARTESIAN_POINT ( 'NONE',  ( 7.000000000000006217, 14.99999999999999645, 10.00000000000000000 ) ) ;
#356 = ADVANCED_FACE ( 'NONE', ( #4278 ), #597, .F. ) ;
#357 = CARTESIAN_POINT ( 'NONE',  ( 59.41742430504415751, 14.99999999999999645, 4.500000000000039080 ) ) ;
#358 = EDGE_CURVE ( 'NONE', #1284, #4041, #365, .T. ) ;
#359 = ADVANCED_FACE ( 'NONE', ( #424 ), #2263, .F. ) ;
#360 = LINE ( 'NONE', #1362, #834 ) ;
#361 = CARTESIAN_POINT ( 'NONE',  ( 71.17157287525368758, -22.19999999999999574, 2.000000000000000000 ) ) ;
#362 = VERTEX_POINT ( 'NONE', #2884 ) ;
#363 = CARTESIAN_POINT ( 'NONE',  ( 35.32068691387130599, -27.78908657609558119, 0.4006663169799111190 ) ) ;
#364 = LINE ( 'NONE', #1022, #2052 ) ;
#365 = LINE ( 'NONE', #36, #1860 ) ;
#366 = CARTESIAN_POINT ( 'NONE',  ( 36.50000000000000000, 44.50000000000000000, 32.00000000000000000 ) ) ;
#367 = FACE_OUTER_BOUND ( 'NONE', #3301, .T. ) ;
#368 = ORIENTED_EDGE ( 'NONE', *, *, #3879, .F. ) ;
#369 = CARTESIAN_POINT ( 'NONE',  ( 36.50000000000000000, 44.50000000000000000, 40.00000000000000000 ) ) ;
#370 = ORIENTED_EDGE ( 'NONE', *, *, #858, .F. ) ;
#371 = ORIENTED_EDGE ( 'NONE', *, *, #2845, .F. ) ;
#372 = ORIENTED_EDGE ( 'NONE', *, *, #4203, .F. ) ;
#373 = AXIS2_PLACEMENT_3D ( 'NONE', #351, #3678, #3701 ) ;
#374 = DIRECTION ( 'NONE',  ( -1.000000000000000000, -1.156482317317870344E-15, 0.000000000000000000 ) ) ;
#375 = ORIENTED_EDGE ( 'NONE', *, *, #991, .T. ) ;
#376 = CARTESIAN_POINT ( 'NONE',  ( 43.00000000000000000, 42.19059892324149530, 26.00000000000000355 ) ) ;
#377 = CARTESIAN_POINT ( 'NONE',  ( -5.305882505602072339E-16, 12.99774557683791976, 21.93156666003403288 ) ) ;
#378 = CIRCLE ( 'NONE', #514, 2.000000000000001776 ) ;
#379 = CARTESIAN_POINT ( 'NONE',  ( 57.50000000000000000, 16.99999999999998579, 1.500000000000001332 ) ) ;
#380 = DIRECTION ( 'NONE',  ( -1.000000000000000000, -0.000000000000000000, -0.000000000000000000 ) ) ;
#381 = ORIENTED_EDGE ( 'NONE', *, *, #2242, .F. ) ;
#382 = DIRECTION ( 'NONE',  ( 1.214306433183763862E-14, -1.000000000000000000, 0.000000000000000000 ) ) ;
#383 = LINE ( 'NONE', #1024, #3050 ) ;
#384 = COLOUR_RGB ( '',0.7921568627450980005, 0.8196078431372548767, 0.9333333333333333481 ) ;
#385 = CIRCLE ( 'NONE', #1575, 21.50000000000000000 ) ;
#386 = CARTESIAN_POINT ( 'NONE',  ( 17.82842712474669256, -33.20000000000025864, 2.000000000000001776 ) ) ;
#387 = VERTEX_POINT ( 'NONE', #1798 ) ;
#388 = EDGE_LOOP ( 'NONE', ( #2432, #381, #2959, #309, #1052, #2937 ) ) ;
#389 = VECTOR ( 'NONE', #3505, 1000.000000000000000 ) ;
#390 = ORIENTED_EDGE ( 'NONE', *, *, #3196, .F. ) ;
#391 = ORIENTED_EDGE ( 'NONE', *, *, #1389, .F. ) ;
#392 = VERTEX_POINT ( 'NONE', #2536 ) ;
#393 = DIRECTION ( 'NONE',  ( 1.000000000000000000, 4.082155997157842586E-17, 0.000000000000000000 ) ) ;
#394 = ORIENTED_EDGE ( 'NONE', *, *, #1334, .T. ) ;
#395 = CARTESIAN_POINT ( 'NONE',  ( 10.00000000000017586, -28.19999999999999929, 2.000000000000001776 ) ) ;
#396 = CARTESIAN_POINT ( 'NONE',  ( 68.00000000000000000, 10.49999999999999645, 1.500000000000001332 ) ) ;
#397 = ADVANCED_FACE ( 'NONE', ( #3149 ), #4164, .F. ) ;
#398 = DIRECTION ( 'NONE',  ( 1.000000000000000000, 0.000000000000000000, 0.000000000000000000 ) ) ;
#399 = ORIENTED_EDGE ( 'NONE', *, *, #1273, .F. ) ;
#400 = CARTESIAN_POINT ( 'NONE',  ( 35.63900968866009578, -27.32849229447218065, 0.3177504839999835684 ) ) ;
#401 = CARTESIAN_POINT ( 'NONE',  ( 0.1930819624626125830, 13.45018212105692967, 20.80927841148873014 ) ) ;
#402 = VECTOR ( 'NONE', #3685, 1000.000000000000000 ) ;
#403 = EDGE_CURVE ( 'NONE', #1944, #2133, #4147, .T. ) ;
#404 = AXIS2_PLACEMENT_3D ( 'NONE', #2064, #3390, #3067 ) ;
#405 = CARTESIAN_POINT ( 'NONE',  ( 16.41421356237360385, -34.61421356237335800, 32.00000000000000000 ) ) ;
#406 = VECTOR ( 'NONE', #3481, 1000.000000000000000 ) ;
#407 = CARTESIAN_POINT ( 'NONE',  ( 39.00000000000000000, -8.500000000000003553, 26.00000000000000355 ) ) ;
#408 = ORIENTED_EDGE ( 'NONE', *, *, #149, .T. ) ;
#409 = CARTESIAN_POINT ( 'NONE',  ( 71.17157287525368758, -22.19999999999999574, 2.000000000000001776 ) ) ;
#410 = AXIS2_PLACEMENT_3D ( 'NONE', #2582, #572, #2239 ) ;
#411 = ORIENTED_EDGE ( 'NONE', *, *, #2758, .F. ) ;
#412 = EDGE_LOOP ( 'NONE', ( #956, #3415 ) ) ;
#413 = EDGE_CURVE ( 'NONE', #3297, #3995, #2206, .T. ) ;
#414 = CARTESIAN_POINT ( 'NONE',  ( 49.82842712474612767, -33.19999999999999574, 2.000000000000000000 ) ) ;
#415 = AXIS2_PLACEMENT_3D ( 'NONE', #3964, #707, #1710 ) ;
#416 = ORIENTED_EDGE ( 'NONE', *, *, #105, .T. ) ;
#417 = DIRECTION ( 'NONE',  ( 1.000000000000000000, 0.000000000000000000, 0.000000000000000000 ) ) ;
#418 = VECTOR ( 'NONE', #210, 1000.000000000000000 ) ;
#419 = PLANE ( 'NONE',  #902 ) ;
#420 = LINE ( 'NONE', #3359, #2288 ) ;
#421 = ORIENTED_EDGE ( 'NONE', *, *, #1071, .T. ) ;
#422 = FACE_OUTER_BOUND ( 'NONE', #1435, .T. ) ;
#423 = CIRCLE ( 'NONE', #3141, 2.500000000000000444 ) ;
#424 = FACE_OUTER_BOUND ( 'NONE', #3286, .T. ) ;
#425 = ADVANCED_FACE ( 'NONE', ( #1271 ), #3802, .F. ) ;
#426 = AXIS2_PLACEMENT_3D ( 'NONE', #2216, #3561, #2482 ) ;
#427 = DIRECTION ( 'NONE',  ( -0.7071067811865462405, -0.7071067811865487940, 0.000000000000000000 ) ) ;
#428 = LINE ( 'NONE', #2439, #179 ) ;
#429 = EDGE_CURVE ( 'NONE', #2827, #3288, #541, .T. ) ;
#430 = EDGE_LOOP ( 'NONE', ( #1484, #2638, #84, #2090 ) ) ;
#431 = VERTEX_POINT ( 'NONE', #2573 ) ;
#432 = EDGE_LOOP ( 'NONE', ( #1162, #3523, #971, #1975 ) ) ;
#433 = EDGE_CURVE ( 'NONE', #3307, #4107, #2555, .T. ) ;
#434 = EDGE_LOOP ( 'NONE', ( #2465, #1303 ) ) ;
#435 = LINE ( 'NONE', #1140, #1942 ) ;
#436 = VERTEX_POINT ( 'NONE', #2158 ) ;
#437 = DIRECTION ( 'NONE',  ( 1.000000000000000000, 0.000000000000000000, 0.000000000000000000 ) ) ;
#438 = LINE ( 'NONE', #3164, #2858 ) ;
#439 = DIRECTION ( 'NONE',  ( -1.000000000000000000, 0.000000000000000000, 0.000000000000000000 ) ) ;
#440 = PLANE ( 'NONE',  #468 ) ;
#441 = EDGE_LOOP ( 'NONE', ( #3607, #66, #3571, #717 ) ) ;
#442 = DIRECTION ( 'NONE',  ( 0.000000000000000000, -1.000000000000000000, 0.000000000000000000 ) ) ;
#443 = CARTESIAN_POINT ( 'NONE',  ( -0.5613263130763294084, 12.00000000000000000, 19.32244030012340730 ) ) ;
#444 = DIRECTION ( 'NONE',  ( 0.000000000000000000, 0.000000000000000000, 1.000000000000000000 ) ) ;
#445 = CARTESIAN_POINT ( 'NONE',  ( 77.99999999999998579, 12.19538400573522452, 19.86333819229136211 ) ) ;
#446 =( BOUNDED_CURVE ( )  B_SPLINE_CURVE ( 3, ( #1252, #1210, #2181, #2528 ),
 .UNSPECIFIED., .F., .T. ) 
 B_SPLINE_CURVE_WITH_KNOTS ( ( 4, 4 ),
 ( 5.123905826452180179, 5.487786476995445639 ),
 .UNSPECIFIED. ) 
 CURVE ( )  GEOMETRIC_REPRESENTATION_ITEM ( )  RATIONAL_B_SPLINE_CURVE ( ( 1.000000000000000000, 0.9889963102553599450, 0.9889963102553599450, 1.000000000000000000 ) ) 
 REPRESENTATION_ITEM ( '' )  );
#447 = ORIENTED_EDGE ( 'NONE', *, *, #2082, .F. ) ;
#448 = FACE_OUTER_BOUND ( 'NONE', #432, .T. ) ;
#449 = AXIS2_PLACEMENT_3D ( 'NONE', #2610, #4280, #1915 ) ;
#450 = ORIENTED_EDGE ( 'NONE', *, *, #4250, .F. ) ;
#451 = ORIENTED_EDGE ( 'NONE', *, *, #2990, .F. ) ;
#452 = VECTOR ( 'NONE', #705, 1000.000000000000000 ) ;
#453 = VERTEX_POINT ( 'NONE', #1183 ) ;
#454 = CARTESIAN_POINT ( 'NONE',  ( 41.85786437626897083, -27.37157287525381477, 2.184664232470858947E-16 ) ) ;
#455 = AXIS2_PLACEMENT_3D ( 'NONE', #4043, #3058, #1408 ) ;
#456 = ORIENTED_EDGE ( 'NONE', *, *, #2340, .T. ) ;
#457 = DIRECTION ( 'NONE',  ( 1.000000000000000000, 0.000000000000000000, 0.000000000000000000 ) ) ;
#458 = DIRECTION ( 'NONE',  ( -0.000000000000000000, -0.000000000000000000, -1.000000000000000000 ) ) ;
#459 = CARTESIAN_POINT ( 'NONE',  ( 45.00000000000001421, 18.00000000000000000, 32.00000000000000000 ) ) ;
#460 = DIRECTION ( 'NONE',  ( -0.000000000000000000, -0.000000000000000000, -1.000000000000000000 ) ) ;
#461 = EDGE_LOOP ( 'NONE', ( #2078, #2068, #3572 ) ) ;
#462 = CARTESIAN_POINT ( 'NONE',  ( 60.50000000000000000, 12.00000000000002309, 20.00000000000000000 ) ) ;
#463 = CARTESIAN_POINT ( 'NONE',  ( 76.79891877178928894, 11.99999999999999822, 20.01377032025353486 ) ) ;
#464 = B_SPLINE_CURVE_WITH_KNOTS ( 'NONE', 3,
 ( #250, #2581, #547, #2534, #3902, #2209, #1037, #3637, #377, #2343, #1340, #4292, #2663, #1058, #3961, #653, #1011, #1316, #3617, #332, #2055, #2988, #3981, #1359, #2644, #3940 ),
 .UNSPECIFIED., .F., .F.,
 ( 4, 2, 2, 2, 2, 2, 2, 2, 2, 2, 2, 2, 4 ),
 ( 0.000000000000000000, 0.0007230827347435304486, 0.001446165469487060897, 0.002169248204230591129, 0.002530789571602354727, 0.002711560255288231972, 0.002892330938974109217, 0.003073101622659987330, 0.003253872306345865009, 0.003615413673717625571, 0.004338496408461155369, 0.005061579143204685168, 0.005784661877948214966 ),
 .UNSPECIFIED. ) ;
#465 = EDGE_CURVE ( 'NONE', #1963, #848, #3480, .T. ) ;
#466 = FACE_BOUND ( 'NONE', #3844, .T. ) ;
#467 = LINE ( 'NONE', #1479, #945 ) ;
#468 = AXIS2_PLACEMENT_3D ( 'NONE', #4131, #3511, #4179 ) ;
#469 = EDGE_LOOP ( 'NONE', ( #1770, #1945, #1147, #1068 ) ) ;
#470 = PLANE ( 'NONE',  #635 ) ;
#471 = AXIS2_PLACEMENT_3D ( 'NONE', #2437, #3750, #776 ) ;
#472 = FACE_OUTER_BOUND ( 'NONE', #3984, .T. ) ;
#473 = ORIENTED_EDGE ( 'NONE', *, *, #1219, .F. ) ;
#474 = EDGE_CURVE ( 'NONE', #1374, #436, #1509, .T. ) ;
#475 = ORIENTED_EDGE ( 'NONE', *, *, #3065, .T. ) ;
#476 = EDGE_LOOP ( 'NONE', ( #3936, #778, #2381, #1638 ) ) ;
#477 = PLANE ( 'NONE',  #272 ) ;
#478 = ORIENTED_EDGE ( 'NONE', *, *, #3889, .F. ) ;
#479 = EDGE_CURVE ( 'NONE', #3686, #1311, #4197, .T. ) ;
#480 = PRODUCT_CONTEXT ( 'NONE', #3034, 'mechanical' ) ;
#481 = AXIS2_PLACEMENT_3D ( 'NONE', #2907, #1520, #3193 ) ;
#482 = CARTESIAN_POINT ( 'NONE',  ( 71.00000000000000000, 14.99999999999999645, 10.00000000000000000 ) ) ;
#483 = DIRECTION ( 'NONE',  ( -1.000000000000000000, 0.000000000000000000, 0.000000000000000000 ) ) ;
#484 = DIRECTION ( 'NONE',  ( 0.000000000000000000, 0.000000000000000000, -1.000000000000000000 ) ) ;
#485 = CARTESIAN_POINT ( 'NONE',  ( 57.49999999999998579, 18.00000000000001776, 0.000000000000000000 ) ) ;
#486 = CARTESIAN_POINT ( 'NONE',  ( 77.54347355089731764, 11.99999999999999822, 20.38273364801464282 ) ) ;
#487 = EDGE_CURVE ( 'NONE', #1668, #3666, #2270, .T. ) ;
#488 = LINE ( 'NONE', #508, #3463 ) ;
#489 = VECTOR ( 'NONE', #39, 1000.000000000000000 ) ;
#490 = DIRECTION ( 'NONE',  ( -0.000000000000000000, 0.000000000000000000, 1.000000000000000000 ) ) ;
#491 = CARTESIAN_POINT ( 'NONE',  ( 78.00000000000000000, 11.99999999999999645, 20.00000000000000000 ) ) ;
#492 = DIRECTION ( 'NONE',  ( -0.8660254037844373753, 0.5000000000000022204, -0.000000000000000000 ) ) ;
#493 = DIRECTION ( 'NONE',  ( -0.000000000000000000, -0.000000000000000000, -1.000000000000000000 ) ) ;
#494 = VERTEX_POINT ( 'NONE', #1635 ) ;
#495 = VERTEX_POINT ( 'NONE', #2636 ) ;
#496 = ORIENTED_EDGE ( 'NONE', *, *, #1076, .F. ) ;
#497 = CARTESIAN_POINT ( 'NONE',  ( 79.45407140584356398, 11.99999999999999645, 21.86805733597711310 ) ) ;
#498 = CARTESIAN_POINT ( 'NONE',  ( 19.00000000000000000, 12.00000000000000178, 1.500000000000001332 ) ) ;
#499 = ORIENTED_EDGE ( 'NONE', *, *, #4245, .T. ) ;
#500 = LINE ( 'NONE', #245, #45 ) ;
#501 = DIRECTION ( 'NONE',  ( 1.272130549049658483E-14, -1.000000000000000000, 0.000000000000000000 ) ) ;
#502 = CARTESIAN_POINT ( 'NONE',  ( 77.13545944201617033, 13.47433440524060444, 20.15136682802499379 ) ) ;
#503 = PLANE ( 'NONE',  #1726 ) ;
#504 = CARTESIAN_POINT ( 'NONE',  ( -4.898587196589411843E-16, 12.00000000000000000, 0.000000000000000000 ) ) ;
#505 = CIRCLE ( 'NONE', #3913, 2.000000000000002665 ) ;
#506 = CARTESIAN_POINT ( 'NONE',  ( 76.63575307227917222, 13.49338528690072891, 20.00000000000000355 ) ) ;
#507 = DIRECTION ( 'NONE',  ( 0.000000000000000000, 0.000000000000000000, -1.000000000000000000 ) ) ;
#508 = CARTESIAN_POINT ( 'NONE',  ( 38.99999999999998579, -13.11880215351699697, 20.00000000000000000 ) ) ;
#509 = CARTESIAN_POINT ( 'NONE',  ( 46.68578643762720759, -46.68578643762675284, 0.000000000000000000 ) ) ;
#510 = CARTESIAN_POINT ( 'NONE',  ( 11.10450368262822884, 28.86500050710739984, 20.00000000000000000 ) ) ;
#511 = LINE ( 'NONE', #2544, #74 ) ;
#512 = CARTESIAN_POINT ( 'NONE',  ( 0.5857864376269135143, -18.78578643762682887, 20.00000000000000000 ) ) ;
#513 = ORIENTED_EDGE ( 'NONE', *, *, #92, .F. ) ;
#514 = AXIS2_PLACEMENT_3D ( 'NONE', #1230, #3547, #1876 ) ;
#515 = ORIENTED_EDGE ( 'NONE', *, *, #1703, .F. ) ;
#516 = ORIENTED_EDGE ( 'NONE', *, *, #3312, .F. ) ;
#517 = CARTESIAN_POINT ( 'NONE',  ( 77.35705527339445098, 13.46615579608580937, 22.72188170189824064 ) ) ;
#518 = FACE_OUTER_BOUND ( 'NONE', #1760, .T. ) ;
#519 = AXIS2_PLACEMENT_3D ( 'NONE', #4161, #2821, #3106 ) ;
#520 = ORIENTED_EDGE ( 'NONE', *, *, #712, .T. ) ;
#521 = VECTOR ( 'NONE', #1559, 1000.000000000000000 ) ;
#522 = DIRECTION ( 'NONE',  ( -5.782411586589358625E-16, -1.000000000000000000, -0.000000000000000000 ) ) ;
#523 = DIRECTION ( 'NONE',  ( 0.000000000000000000, -1.000000000000000000, 0.000000000000000000 ) ) ;
#524 = LINE ( 'NONE', #3833, #765 ) ;
#525 = FACE_OUTER_BOUND ( 'NONE', #2029, .T. ) ;
#526 = DIRECTION ( 'NONE',  ( -1.000000000000000000, 0.000000000000000000, 0.000000000000000000 ) ) ;
#527 = EDGE_CURVE ( 'NONE', #3727, #1697, #1439, .T. ) ;
#528 = CARTESIAN_POINT ( 'NONE',  ( 0.1308551541390319539, 11.99999999999999822, 22.17570157547315546 ) ) ;
#529 = VECTOR ( 'NONE', #1533, 1000.000000000000000 ) ;
#530 = CARTESIAN_POINT ( 'NONE',  ( 35.17157287525400733, -26.20000000000000284, 0.000000000000000000 ) ) ;
#531 = CARTESIAN_POINT ( 'NONE',  ( 17.82842712474669966, -33.20000000000027285, 2.000000000000000000 ) ) ;
#532 = DIRECTION ( 'NONE',  ( 0.000000000000000000, 0.000000000000000000, 1.000000000000000000 ) ) ;
#533 = LINE ( 'NONE', #3519, #3414 ) ;
#534 = CARTESIAN_POINT ( 'NONE',  ( 42.39474902842883353, -26.72349577091604900, 0.05205464757359962863 ) ) ;
#535 = ADVANCED_FACE ( 'NONE', ( #1695 ), #3608, .F. ) ;
#536 = PLANE ( 'NONE',  #2425 ) ;
#537 = VERTEX_POINT ( 'NONE', #282 ) ;
#538 = VERTEX_POINT ( 'NONE', #2978 ) ;
#539 = AXIS2_PLACEMENT_3D ( 'NONE', #207, #4092, #2172 ) ;
#540 = VERTEX_POINT ( 'NONE', #3285 ) ;
#541 = LINE ( 'NONE', #2201, #326 ) ;
#542 = CARTESIAN_POINT ( 'NONE',  ( 35.31370849898496544, -27.71471862576144218, 2.184664232470858947E-16 ) ) ;
#543 = EDGE_CURVE ( 'NONE', #3910, #1801, #3653, .T. ) ;
#544 = ORIENTED_EDGE ( 'NONE', *, *, #3432, .T. ) ;
#545 = PLANE ( 'NONE',  #3013 ) ;
#546 = DIRECTION ( 'NONE',  ( 0.8660254037844390407, 0.4999999999999993339, -0.000000000000000000 ) ) ;
#547 = CARTESIAN_POINT ( 'NONE',  ( -4.916248141760426831E-16, 12.04326376841872914, 23.59937825118608501 ) ) ;
#548 = CARTESIAN_POINT ( 'NONE',  ( 79.41374284550944651, 11.99999999999999645, 20.88824280076619644 ) ) ;
#549 = CIRCLE ( 'NONE', #135, 1.500000000000001332 ) ;
#550 = CARTESIAN_POINT ( 'NONE',  ( 29.00000000000023803, -35.20000000000011653, 32.00000000000000000 ) ) ;
#551 = FACE_OUTER_BOUND ( 'NONE', #1670, .T. ) ;
#552 = CARTESIAN_POINT ( 'NONE',  ( 60.17157287525379417, -33.20000000000000284, 20.00000000000000000 ) ) ;
#553 = EDGE_CURVE ( 'NONE', #3397, #2200, #2556, .T. ) ;
#554 = EDGE_CURVE ( 'NONE', #4030, #4120, #1788, .T. ) ;
#555 = CARTESIAN_POINT ( 'NONE',  ( 71.00000000000000000, 14.99999999999999645, 15.49999999999995204 ) ) ;
#556 = CARTESIAN_POINT ( 'NONE',  ( 41.99400387881453156, -27.20723795854430449, 0.2524272223812523697 ) ) ;
#557 = CIRCLE ( 'NONE', #4032, 18.49999999999999645 ) ;
#558 = DIRECTION ( 'NONE',  ( -0.8660254037844390407, 0.4999999999999993339, 0.000000000000000000 ) ) ;
#559 = ORIENTED_EDGE ( 'NONE', *, *, #223, .T. ) ;
#560 = EDGE_LOOP ( 'NONE', ( #3139, #138, #1030, #2715 ) ) ;
#561 = CARTESIAN_POINT ( 'NONE',  ( 77.91391650237022759, 13.44648028226944980, 21.92520349069677366 ) ) ;
#562 = DIRECTION ( 'NONE',  ( 1.000000000000000000, 0.000000000000000000, 0.000000000000000000 ) ) ;
#563 = AXIS2_PLACEMENT_3D ( 'NONE', #555, #4162, #4139 ) ;
#564 = EDGE_CURVE ( 'NONE', #2423, #2443, #1441, .T. ) ;
#565 = ORIENTED_EDGE ( 'NONE', *, *, #2340, .F. ) ;
#566 = ORIENTED_EDGE ( 'NONE', *, *, #2151, .T. ) ;
#567 = FACE_OUTER_BOUND ( 'NONE', #1154, .T. ) ;
#568 = DIRECTION ( 'NONE',  ( 0.8660254037844399289, 0.4999999999999977240, 0.000000000000000000 ) ) ;
#569 = DIRECTION ( 'NONE',  ( 0.000000000000000000, 0.000000000000000000, 1.000000000000000000 ) ) ;
#570 = CARTESIAN_POINT ( 'NONE',  ( 8.784180694811425383, 24.87132618819477514, 20.00000000000000000 ) ) ;
#571 = CARTESIAN_POINT ( 'NONE',  ( 79.47644889325871986, 11.99999999999999645, 21.54005217563203090 ) ) ;
#572 = DIRECTION ( 'NONE',  ( -0.000000000000000000, -1.000000000000000000, -0.000000000000000000 ) ) ;
#573 = CARTESIAN_POINT ( 'NONE',  ( 39.00000000000000000, 10.50000000000001421, 0.000000000000000000 ) ) ;
#574 = CARTESIAN_POINT ( 'NONE',  ( 66.91735738447712833, 20.86503037630410162, 26.00000000000000355 ) ) ;
#575 = AXIS2_PLACEMENT_3D ( 'NONE', #2623, #2943, #4177 ) ;
#576 = PLANE ( 'NONE',  #2313 ) ;
#577 = CYLINDRICAL_SURFACE ( 'NONE', #6, 13.00000000000000888 ) ;
#578 = FACE_OUTER_BOUND ( 'NONE', #4236, .T. ) ;
#579 = VERTEX_POINT ( 'NONE', #2613 ) ;
#580 = ORIENTED_EDGE ( 'NONE', *, *, #3877, .T. ) ;
#581 = CARTESIAN_POINT ( 'NONE',  ( 77.51253487492093086, 12.00000000000028244, 22.64473949004675646 ) ) ;
#582 = CARTESIAN_POINT ( 'NONE',  ( 32.99999999999998579, 18.00000000000000000, 11.00000000000000178 ) ) ;
#583 = ORIENTED_EDGE ( 'NONE', *, *, #474, .T. ) ;
#584 = EDGE_LOOP ( 'NONE', ( #4146, #197, #4114, #3955 ) ) ;
#585 = ORIENTED_EDGE ( 'NONE', *, *, #1781, .T. ) ;
#586 = PLANE ( 'NONE',  #3154 ) ;
#587 = VECTOR ( 'NONE', #493, 1000.000000000000000 ) ;
#588 = VECTOR ( 'NONE', #3259, 1000.000000000000000 ) ;
#589 = DIRECTION ( 'NONE',  ( -0.8660254037844382635, 0.5000000000000006661, 0.000000000000000000 ) ) ;
#590 = CARTESIAN_POINT ( 'NONE',  ( 6.828427124746308863, -22.19999999999999574, 2.000000000000001776 ) ) ;
#591 = AXIS2_PLACEMENT_3D ( 'NONE', #3783, #2386, #4026 ) ;
#592 = DIRECTION ( 'NONE',  ( 0.000000000000000000, 0.000000000000000000, 1.000000000000000000 ) ) ;
#593 = DIRECTION ( 'NONE',  ( -1.000000000000000000, -4.082155997157842586E-17, 0.000000000000000000 ) ) ;
#594 = LINE ( 'NONE', #1242, #3785 ) ;
#595 = EDGE_CURVE ( 'NONE', #3280, #1618, #2679, .T. ) ;
#596 = DIRECTION ( 'NONE',  ( -1.000000000000000000, 0.000000000000000000, 0.000000000000000000 ) ) ;
#597 = CYLINDRICAL_SURFACE ( 'NONE', #117, 2.600000000000001421 ) ;
#598 = ADVANCED_FACE ( 'NONE', ( #2956 ), #1961, .T. ) ;
#599 = FILL_AREA_STYLE_COLOUR ( '', #384 ) ;
#600 = ORIENTED_EDGE ( 'NONE', *, *, #980, .T. ) ;
#601 = DIRECTION ( 'NONE',  ( 4.082155997157842586E-17, -1.000000000000000000, -0.000000000000000000 ) ) ;
#602 = CYLINDRICAL_SURFACE ( 'NONE', #2861, 2.500000000000000444 ) ;
#603 = ADVANCED_FACE ( 'NONE', ( #2656 ), #697, .T. ) ;
#604 = ORIENTED_EDGE ( 'NONE', *, *, #3831, .T. ) ;
#605 = EDGE_CURVE ( 'NONE', #2977, #2981, #1983, .T. ) ;
#606 = ORIENTED_EDGE ( 'NONE', *, *, #2470, .T. ) ;
#607 = EDGE_LOOP ( 'NONE', ( #2274, #267, #1270, #996, #2135, #2920, #4100, #1228, #2552, #4046 ) ) ;
#608 = AXIS2_PLACEMENT_3D ( 'NONE', #2118, #2099, #3167 ) ;
#609 = PLANE ( 'NONE',  #1832 ) ;
#610 = ADVANCED_FACE ( 'NONE', ( #1308 ), #1330, .F. ) ;
#611 = VECTOR ( 'NONE', #1046, 1000.000000000000000 ) ;
#612 = EDGE_CURVE ( 'NONE', #537, #935, #21, .T. ) ;
#613 = AXIS2_PLACEMENT_3D ( 'NONE', #3998, #2640, #3309 ) ;
#614 =( BOUNDED_CURVE ( )  B_SPLINE_CURVE ( 3, ( #2113, #454, #3781, #1808 ),
 .UNSPECIFIED., .F., .T. ) 
 B_SPLINE_CURVE_WITH_KNOTS ( ( 4, 4 ),
 ( 4.712388980384689674, 6.283185307179586232 ),
 .UNSPECIFIED. ) 
 CURVE ( )  GEOMETRIC_REPRESENTATION_ITEM ( )  RATIONAL_B_SPLINE_CURVE ( ( 1.000000000000000000, 0.8047378541243649375, 0.8047378541243649375, 1.000000000000000000 ) ) 
 REPRESENTATION_ITEM ( '' )  );
#615 = LINE ( 'NONE', #1607, #3743 ) ;
#616 = ADVANCED_FACE ( 'NONE', ( #1352 ), #1028, .T. ) ;
#617 = CARTESIAN_POINT ( 'NONE',  ( 14.00000000000000000, 13.50000000000000533, 20.00000000000000000 ) ) ;
#618 = DIRECTION ( 'NONE',  ( -0.000000000000000000, -0.000000000000000000, -1.000000000000000000 ) ) ;
#619 = CARTESIAN_POINT ( 'NONE',  ( 38.99999999999998579, 49.11880215351699519, 26.00000000000000355 ) ) ;
#620 = EDGE_CURVE ( 'NONE', #2222, #124, #2698, .T. ) ;
#621 = LINE ( 'NONE', #4209, #3031 ) ;
#622 = ORIENTED_EDGE ( 'NONE', *, *, #1214, .F. ) ;
#623 = CIRCLE ( 'NONE', #3131, 2.549999999999998490 ) ;
#624 = CARTESIAN_POINT ( 'NONE',  ( 6.999999999999992006, 13.49999999999999467, 3.000000000000008882 ) ) ;
#625 = CARTESIAN_POINT ( 'NONE',  ( 60.17157287525379417, -33.20000000000000284, 2.000000000000000000 ) ) ;
#626 = DIRECTION ( 'NONE',  ( 0.000000000000000000, 0.000000000000000000, 1.000000000000000000 ) ) ;
#627 = VERTEX_POINT ( 'NONE', #2276 ) ;
#628 = DIRECTION ( 'NONE',  ( -1.000000000000000000, -3.469446951953614189E-16, 0.000000000000000000 ) ) ;
#629 = VECTOR ( 'NONE', #2265, 1000.000000000000000 ) ;
#630 = ORIENTED_EDGE ( 'NONE', *, *, #2220, .F. ) ;
#631 = EDGE_LOOP ( 'NONE', ( #289, #1049, #148, #994 ) ) ;
#632 = AXIS2_PLACEMENT_3D ( 'NONE', #2184, #501, #787 ) ;
#633 = ORIENTED_EDGE ( 'NONE', *, *, #211, .F. ) ;
#634 = FACE_BOUND ( 'NONE', #3367, .T. ) ;
#635 = AXIS2_PLACEMENT_3D ( 'NONE', #2419, #3733, #1802 ) ;
#636 = DIRECTION ( 'NONE',  ( -0.000000000000000000, -0.000000000000000000, -1.000000000000000000 ) ) ;
#637 = DIRECTION ( 'NONE',  ( -1.000000000000000000, 0.000000000000000000, 0.000000000000000000 ) ) ;
#638 = DIRECTION ( 'NONE',  ( 0.7071067811865503483, -0.7071067811865446862, -3.066586833366758630E-16 ) ) ;
#639 = DIRECTION ( 'NONE',  ( 1.000000000000000000, -0.000000000000000000, -0.000000000000000000 ) ) ;
#640 = ORIENTED_EDGE ( 'NONE', *, *, #2853, .T. ) ;
#641 = CARTESIAN_POINT ( 'NONE',  ( 35.20334019325414232, -26.53853967782039192, 7.136551172842310963E-16 ) ) ;
#642 = VERTEX_POINT ( 'NONE', #290 ) ;
#643 = DIRECTION ( 'NONE',  ( 0.000000000000000000, 0.000000000000000000, -1.000000000000000000 ) ) ;
#644 = DIRECTION ( 'NONE',  ( -0.000000000000000000, -0.000000000000000000, -1.000000000000000000 ) ) ;
#645 = CARTESIAN_POINT ( 'NONE',  ( 64.00000000000000000, 13.49999999999999645, 18.50000000000000000 ) ) ;
#646 = EDGE_LOOP ( 'NONE', ( #394, #1487, #2361, #3360 ) ) ;
#647 = DIRECTION ( 'NONE',  ( -0.000000000000000000, -0.000000000000000000, -1.000000000000000000 ) ) ;
#648 = EDGE_LOOP ( 'NONE', ( #3630, #2295, #2526, #372 ) ) ;
#649 = EDGE_LOOP ( 'NONE', ( #1554, #1333, #221, #1323 ) ) ;
#650 = EDGE_LOOP ( 'NONE', ( #3306, #1795, #828, #3156 ) ) ;
#651 = DIRECTION ( 'NONE',  ( 0.000000000000000000, 0.000000000000000000, 1.000000000000000000 ) ) ;
#652 = CARTESIAN_POINT ( 'NONE',  ( 14.00000000000000000, 12.00000000000000533, 1.500000000000001332 ) ) ;
#653 = CARTESIAN_POINT ( 'NONE',  ( -5.364175811044079193E-16, 13.14054586541726621, 21.27428662916974744 ) ) ;
#654 = AXIS2_PLACEMENT_3D ( 'NONE', #2417, #695, #3731 ) ;
#655 = AXIS2_PLACEMENT_3D ( 'NONE', #118, #1838, #1771 ) ;
#656 = CARTESIAN_POINT ( 'NONE',  ( 23.00000000000014566, -20.19999999999999574, 10.00000000000000000 ) ) ;
#657 = FACE_BOUND ( 'NONE', #2421, .T. ) ;
#658 = ORIENTED_EDGE ( 'NONE', *, *, #73, .F. ) ;
#659 = EDGE_CURVE ( 'NONE', #2177, #3412, #4244, .T. ) ;
#660 = AXIS2_PLACEMENT_3D ( 'NONE', #154, #1489, #3806 ) ;
#661 = CARTESIAN_POINT ( 'NONE',  ( 35.73279589839261661, -27.55491223397259404, 0.4975323939204501777 ) ) ;
#662 = ORIENTED_EDGE ( 'NONE', *, *, #4069, .F. ) ;
#663 = AXIS2_PLACEMENT_3D ( 'NONE', #2279, #923, #2258 ) ;
#664 = CARTESIAN_POINT ( 'NONE',  ( 13.40296560333966802, 24.85870469521672632, 32.00000000000000000 ) ) ;
#665 = PLANE ( 'NONE',  #981 ) ;
#666 = PRODUCT ( 'Bearing_housing_and_generator_mount', 'Bearing_housing_and_generator_mount', '', ( #480 ) ) ;
#667 = FACE_OUTER_BOUND ( 'NONE', #3080, .T. ) ;
#668 = FACE_OUTER_BOUND ( 'NONE', #3023, .T. ) ;
#669 = EDGE_CURVE ( 'NONE', #3777, #1462, #3110, .T. ) ;
#670 = ORIENTED_EDGE ( 'NONE', *, *, #4212, .F. ) ;
#671 = DIRECTION ( 'NONE',  ( -1.000000000000000000, 0.000000000000000000, 0.000000000000000000 ) ) ;
#672 = EDGE_CURVE ( 'NONE', #1269, #2595, #3316, .T. ) ;
#673 = ORIENTED_EDGE ( 'NONE', *, *, #4061, .F. ) ;
#674 = VECTOR ( 'NONE', #3205, 1000.000000000000000 ) ;
#675 = ORIENTED_EDGE ( 'NONE', *, *, #4206, .T. ) ;
#676 = VERTEX_POINT ( 'NONE', #3900 ) ;
#677 = AXIS2_PLACEMENT_3D ( 'NONE', #2357, #2590, #3911 ) ;
#678 = EDGE_CURVE ( 'NONE', #1697, #3046, #3210, .T. ) ;
#679 = CARTESIAN_POINT ( 'NONE',  ( 34.99999999999999289, -6.190598923241494411, 20.00000000000000000 ) ) ;
#680 = EDGE_CURVE ( 'NONE', #3846, #1092, #3705, .T. ) ;
#681 = EDGE_CURVE ( 'NONE', #1419, #2955, #2394, .T. ) ;
#682 = LINE ( 'NONE', #3636, #974 ) ;
#683 = AXIS2_PLACEMENT_3D ( 'NONE', #1871, #168, #1823 ) ;
#684 = CARTESIAN_POINT ( 'NONE',  ( 0.001143441387005421231, 12.32813673846885294, 22.87036970281704384 ) ) ;
#685 = VECTOR ( 'NONE', #3904, 1000.000000000000000 ) ;
#686 = CARTESIAN_POINT ( 'NONE',  ( 17.49999999999999645, 11.99999999999999822, 18.50000000000000000 ) ) ;
#687 = CARTESIAN_POINT ( 'NONE',  ( 49.82842712474613478, -35.19999999999999574, 2.000000000000001776 ) ) ;
#688 = CARTESIAN_POINT ( 'NONE',  ( 35.60525097156934748, -26.72349577091604900, 0.05205464757359962863 ) ) ;
#689 = LINE ( 'NONE', #16, #2928 ) ;
#690 = CARTESIAN_POINT ( 'NONE',  ( 42.36099031134590831, -27.32849229447218065, 0.3177504839996442287 ) ) ;
#691 = ADVANCED_FACE ( 'NONE', ( #2924 ), #545, .F. ) ;
#692 = CARTESIAN_POINT ( 'NONE',  ( 4.400000000000243716, -22.60000000000011866, 20.00000000000000000 ) ) ;
#693 = VECTOR ( 'NONE', #1081, 1000.000000000000114 ) ;
#694 = EDGE_CURVE ( 'NONE', #1007, #1597, #3850, .T. ) ;
#695 = DIRECTION ( 'NONE',  ( 0.000000000000000000, 0.000000000000000000, 1.000000000000000000 ) ) ;
#696 = ORIENTED_EDGE ( 'NONE', *, *, #1903, .F. ) ;
#697 = CYLINDRICAL_SURFACE ( 'NONE', #265, 19.99999999999999645 ) ;
#698 = AXIS2_PLACEMENT_3D ( 'NONE', #2165, #1836, #3166 ) ;
#699 = EDGE_LOOP ( 'NONE', ( #2810, #3203, #3909, #2605 ) ) ;
#700 = ORIENTED_EDGE ( 'NONE', *, *, #3500, .F. ) ;
#701 = ORIENTED_EDGE ( 'NONE', *, *, #3999, .F. ) ;
#702 = CARTESIAN_POINT ( 'NONE',  ( 77.97324184933701474, 13.44444444444444109, 21.50000000000000000 ) ) ;
#703 = CIRCLE ( 'NONE', #841, 2.499999999999988454 ) ;
#704 = ORIENTED_EDGE ( 'NONE', *, *, #1445, .F. ) ;
#705 = DIRECTION ( 'NONE',  ( -0.000000000000000000, 1.000000000000000000, -0.000000000000000000 ) ) ;
#706 = CARTESIAN_POINT ( 'NONE',  ( 14.00000000000000000, 12.00000000000000533, 0.000000000000000000 ) ) ;
#707 = DIRECTION ( 'NONE',  ( 0.000000000000000000, 0.000000000000000000, 1.000000000000000000 ) ) ;
#708 = CARTESIAN_POINT ( 'NONE',  ( 25.55000000000013927, -35.19999999999998153, 10.00000000000000000 ) ) ;
#709 = ORIENTED_EDGE ( 'NONE', *, *, #3831, .F. ) ;
#710 = DIRECTION ( 'NONE',  ( 1.000000000000000000, 1.272130549049658483E-14, -0.000000000000000000 ) ) ;
#711 = CARTESIAN_POINT ( 'NONE',  ( 0.04960874483141190089, 12.00000000000000000, 21.01912821304404133 ) ) ;
#712 = EDGE_CURVE ( 'NONE', #1092, #2334, #4198, .T. ) ;
#713 = CARTESIAN_POINT ( 'NONE',  ( 39.00000000000000000, 18.00000000000000000, 18.50000000000000000 ) ) ;
#714 = LINE ( 'NONE', #2045, #3648 ) ;
#715 = VERTEX_POINT ( 'NONE', #3873 ) ;
#716 = CARTESIAN_POINT ( 'NONE',  ( 71.00000000000001421, 14.99999999999999645, 3.000000000000008882 ) ) ;
#717 = ORIENTED_EDGE ( 'NONE', *, *, #669, .T. ) ;
#718 = ORIENTED_EDGE ( 'NONE', *, *, #298, .F. ) ;
#719 = ADVANCED_FACE ( 'NONE', ( #1236 ), #586, .F. ) ;
#720 = ORIENTED_EDGE ( 'NONE', *, *, #433, .T. ) ;
#721 = AXIS2_PLACEMENT_3D ( 'NONE', #4263, #2531, #1621 ) ;
#722 = CARTESIAN_POINT ( 'NONE',  ( 64.00000000000000000, 11.99999999999999645, 18.50000000000000000 ) ) ;
#723 = ORIENTED_EDGE ( 'NONE', *, *, #4068, .T. ) ;
#724 = DIRECTION ( 'NONE',  ( -0.000000000000000000, -0.000000000000000000, -1.000000000000000000 ) ) ;
#725 = CARTESIAN_POINT ( 'NONE',  ( 60.42928578572860943, 13.49999999999996625, 3.000000000000009770 ) ) ;
#726 = ADVANCED_FACE ( 'NONE', ( #921 ), #609, .T. ) ;
#727 = AXIS2_PLACEMENT_3D ( 'NONE', #2159, #1510, #917 ) ;
#728 = LINE ( 'NONE', #3082, #133 ) ;
#729 = LINE ( 'NONE', #55, #1523 ) ;
#730 = ORIENTED_EDGE ( 'NONE', *, *, #1306, .F. ) ;
#731 = CARTESIAN_POINT ( 'NONE',  ( 49.82842712474613478, -33.19999999999999574, 32.00000000000000000 ) ) ;
#732 = CARTESIAN_POINT ( 'NONE',  ( -1.413742845510024271, 12.00000000000000000, 20.88824280076620354 ) ) ;
#733 = ADVANCED_FACE ( 'NONE', ( #2255 ), #3228, .F. ) ;
#734 = CARTESIAN_POINT ( 'NONE',  ( 68.00000000000000000, 11.99999999999999645, 20.00000000000000000 ) ) ;
#735 = AXIS2_PLACEMENT_3D ( 'NONE', #236, #4142, #4188 ) ;
#736 = AXIS2_PLACEMENT_3D ( 'NONE', #1019, #2716, #3985 ) ;
#737 = DIRECTION ( 'NONE',  ( -1.000000000000000000, 0.000000000000000000, 0.000000000000000000 ) ) ;
#738 = VERTEX_POINT ( 'NONE', #246 ) ;
#739 = ORIENTED_EDGE ( 'NONE', *, *, #3308, .F. ) ;
#740 = CONICAL_SURFACE ( 'NONE', #2124, 6.999999999999985789, 0.7853981633974482790 ) ;
#741 = EDGE_CURVE ( 'NONE', #1434, #919, #505, .T. ) ;
#742 = EDGE_LOOP ( 'NONE', ( #3996, #1984, #3612, #3758, #213, #2269 ) ) ;
#743 = ORIENTED_EDGE ( 'NONE', *, *, #980, .F. ) ;
#744 = FACE_OUTER_BOUND ( 'NONE', #1480, .T. ) ;
#745 = ORIENTED_EDGE ( 'NONE', *, *, #3455, .T. ) ;
#746 = LINE ( 'NONE', #2468, #3443 ) ;
#747 = EDGE_CURVE ( 'NONE', #362, #2940, #1283, .T. ) ;
#748 = EDGE_CURVE ( 'NONE', #100, #2317, #3251, .T. ) ;
#749 = DIRECTION ( 'NONE',  ( 0.000000000000000000, -0.000000000000000000, 1.000000000000000000 ) ) ;
#750 = CARTESIAN_POINT ( 'NONE',  ( 43.00000000000000000, -6.190598923241495299, 20.00000000000000000 ) ) ;
#751 = VERTEX_POINT ( 'NONE', #1277 ) ;
#752 = LINE ( 'NONE', #4066, #104 ) ;
#753 = CARTESIAN_POINT ( 'NONE',  ( -1.329118281315113892, 12.00000000000000000, 20.57015573313448442 ) ) ;
#754 = AXIS2_PLACEMENT_3D ( 'NONE', #2208, #3853, #826 ) ;
#755 = EDGE_CURVE ( 'NONE', #1101, #2333, #928, .T. ) ;
#756 = FACE_OUTER_BOUND ( 'NONE', #328, .T. ) ;
#757 = DIRECTION ( 'NONE',  ( -1.000000000000000000, 0.000000000000000000, 0.000000000000000000 ) ) ;
#758 = ORIENTED_EDGE ( 'NONE', *, *, #1124, .F. ) ;
#759 = DIRECTION ( 'NONE',  ( 0.9999962663504128324, 0.002732633388169896770, -0.000000000000000000 ) ) ;
#760 = EDGE_CURVE ( 'NONE', #1810, #3089, #3187, .T. ) ;
#761 = AXIS2_PLACEMENT_3D ( 'NONE', #2732, #1492, #3707 ) ;
#762 = ORIENTED_EDGE ( 'NONE', *, *, #3124, .T. ) ;
#763 = ORIENTED_EDGE ( 'NONE', *, *, #304, .T. ) ;
#764 = CARTESIAN_POINT ( 'NONE',  ( 42.99999999999999289, -10.80940107675850470, 26.00000000000000355 ) ) ;
#765 = VECTOR ( 'NONE', #922, 1000.000000000000000 ) ;
#766 = VERTEX_POINT ( 'NONE', #702 ) ;
#767 = LINE ( 'NONE', #111, #1578 ) ;
#768 = DIRECTION ( 'NONE',  ( -0.8646558536549624474, -0.5023646631085910697, 0.000000000000000000 ) ) ;
#769 = FACE_OUTER_BOUND ( 'NONE', #2363, .T. ) ;
#770 = CARTESIAN_POINT ( 'NONE',  ( 71.00000000000000000, 0.000000000000000000, 10.00000000000000000 ) ) ;
#771 = VERTEX_POINT ( 'NONE', #679 ) ;
#772 = CARTESIAN_POINT ( 'NONE',  ( 18.02175051186791777, 24.84608320223867750, 26.00000000000000355 ) ) ;
#773 = CARTESIAN_POINT ( 'NONE',  ( 0.06340025921362785200, 12.00000000000000000, 22.01997476861827607 ) ) ;
#774 = VECTOR ( 'NONE', #1820, 1000.000000000000000 ) ;
#775 = CIRCLE ( 'NONE', #1338, 2.000000000000000000 ) ;
#776 = DIRECTION ( 'NONE',  ( -1.000000000000000000, 0.000000000000000000, 0.000000000000000000 ) ) ;
#777 = CARTESIAN_POINT ( 'NONE',  ( 78.00000000000000000, 11.99999999999999289, 19.16350346470272470 ) ) ;
#778 = ORIENTED_EDGE ( 'NONE', *, *, #3687, .F. ) ;
#779 = EDGE_LOOP ( 'NONE', ( #3914, #3433 ) ) ;
#780 = ORIENTED_EDGE ( 'NONE', *, *, #403, .F. ) ;
#781 = ORIENTED_EDGE ( 'NONE', *, *, #605, .F. ) ;
#782 = ORIENTED_EDGE ( 'NONE', *, *, #2731, .F. ) ;
#783 = CYLINDRICAL_SURFACE ( 'NONE', #727, 2.000000000000000000 ) ;
#784 = UNCERTAINTY_MEASURE_WITH_UNIT (LENGTH_MEASURE( 1.000000000000000082E-05 ), #2266, 'distance_accuracy_value', 'NONE');
#785 = ORIENTED_EDGE ( 'NONE', *, *, #1124, .T. ) ;
#786 = DIRECTION ( 'NONE',  ( 0.8660254037844373753, 0.5000000000000022204, 0.000000000000000000 ) ) ;
#787 = DIRECTION ( 'NONE',  ( 1.000000000000000000, 1.272130549049658483E-14, 0.000000000000000000 ) ) ;
#788 = ADVANCED_FACE ( 'NONE', ( #2012 ), #4109, .F. ) ;
#789 = DIRECTION ( 'NONE',  ( 0.5000000000000006661, -0.8660254037844382635, 0.000000000000000000 ) ) ;
#790 = DIRECTION ( 'NONE',  ( 0.000000000000000000, -1.000000000000000000, 0.000000000000000000 ) ) ;
#791 = EDGE_LOOP ( 'NONE', ( #1724, #852, #421, #1460, #2025 ) ) ;
#792 = CARTESIAN_POINT ( 'NONE',  ( 62.29857247594888747, 20.85240888332604925, 26.00000000000000355 ) ) ;
#793 = CARTESIAN_POINT ( 'NONE',  ( 79.13999205753640354, 11.99999999999999645, 20.11855682310273608 ) ) ;
#794 = EDGE_CURVE ( 'NONE', #2382, #798, #2044, .T. ) ;
#795 = DIRECTION ( 'NONE',  ( 2.886520187451643670E-17, -0.7071067811865475727, -0.7071067811865475727 ) ) ;
#796 = CARTESIAN_POINT ( 'NONE',  ( 0.000000000000000000, 0.000000000000000000, 20.00000000000000000 ) ) ;
#797 = EDGE_CURVE ( 'NONE', #2200, #3397, #1490, .T. ) ;
#798 = VERTEX_POINT ( 'NONE', #3009 ) ;
#799 = DIRECTION ( 'NONE',  ( -0.4976316032418219293, -0.8673884870431322058, -0.000000000000000000 ) ) ;
#800 = AXIS2_PLACEMENT_3D ( 'NONE', #1287, #1632, #2936 ) ;
#801 = VECTOR ( 'NONE', #1522, 1000.000000000000000 ) ;
#802 = CARTESIAN_POINT ( 'NONE',  ( 60.42928578572860943, 13.49999999999996625, 16.99999999999997868 ) ) ;
#803 = VERTEX_POINT ( 'NONE', #722 ) ;
#804 = ADVANCED_FACE ( 'NONE', ( #1335 ), #68, .F. ) ;
#805 = ORIENTED_EDGE ( 'NONE', *, *, #2535, .F. ) ;
#806 = CIRCLE ( 'NONE', #2408, 6.499999999999999112 ) ;
#807 = ORIENTED_EDGE ( 'NONE', *, *, #595, .T. ) ;
#808 = DIRECTION ( 'NONE',  ( 1.000000000000000000, 0.000000000000000000, 0.000000000000000000 ) ) ;
#809 = CIRCLE ( 'NONE', #1777, 1.500000000000001332 ) ;
#810 = EDGE_CURVE ( 'NONE', #4107, #2069, #4022, .T. ) ;
#811 = ORIENTED_EDGE ( 'NONE', *, *, #543, .F. ) ;
#812 = EDGE_CURVE ( 'NONE', #3113, #1982, #1701, .T. ) ;
#813 = DIRECTION ( 'NONE',  ( -0.000000000000000000, 1.000000000000000000, -0.000000000000000000 ) ) ;
#814 = EDGE_CURVE ( 'NONE', #3247, #2132, #2684, .T. ) ;
#815 = FACE_OUTER_BOUND ( 'NONE', #2639, .T. ) ;
#816 = CARTESIAN_POINT ( 'NONE',  ( 43.00000000000000000, 42.19059892324149530, 26.00000000000000355 ) ) ;
#817 = DIRECTION ( 'NONE',  ( -1.000000000000000000, 0.000000000000000000, 0.000000000000000000 ) ) ;
#818 = FACE_OUTER_BOUND ( 'NONE', #3157, .T. ) ;
#819 = CARTESIAN_POINT ( 'NONE',  ( -0.8281162806637789586, 12.00000000000000000, 23.36400051075578332 ) ) ;
#820 = DIRECTION ( 'NONE',  ( -0.000000000000000000, 0.000000000000000000, -1.000000000000000000 ) ) ;
#821 = CARTESIAN_POINT ( 'NONE',  ( 78.00000000000002842, 13.10289432005235533, 21.21700231200716402 ) ) ;
#822 = AXIS2_PLACEMENT_3D ( 'NONE', #1542, #484, #1815 ) ;
#823 = DIRECTION ( 'NONE',  ( 0.000000000000000000, 1.000000000000000000, -0.000000000000000000 ) ) ;
#824 = LINE ( 'NONE', #4213, #1195 ) ;
#825 = VECTOR ( 'NONE', #310, 1000.000000000000000 ) ;
#826 = DIRECTION ( 'NONE',  ( -1.000000000000000000, 3.469446951953611033E-15, 0.000000000000000000 ) ) ;
#827 = ORIENTED_EDGE ( 'NONE', *, *, #3312, .T. ) ;
#828 = ORIENTED_EDGE ( 'NONE', *, *, #3482, .F. ) ;
#829 = ORIENTED_EDGE ( 'NONE', *, *, #2665, .T. ) ;
#830 = CARTESIAN_POINT ( 'NONE',  ( 60.17157287525379417, -33.20000000000000284, 32.00000000000000000 ) ) ;
#831 = FACE_OUTER_BOUND ( 'NONE', #335, .T. ) ;
#832 = VERTEX_POINT ( 'NONE', #1723 ) ;
#833 = DIRECTION ( 'NONE',  ( 0.000000000000000000, 0.000000000000000000, -1.000000000000000000 ) ) ;
#834 = VECTOR ( 'NONE', #992, 1000.000000000000000 ) ;
#835 = LINE ( 'NONE', #134, #1120 ) ;
#836 = CARTESIAN_POINT ( 'NONE',  ( 17.00000000000023803, -35.20000000000027285, 2.000000000000001776 ) ) ;
#837 = DIRECTION ( 'NONE',  ( -0.000000000000000000, -0.000000000000000000, -1.000000000000000000 ) ) ;
#838 = CARTESIAN_POINT ( 'NONE',  ( 0.3293954284393391108, 13.45492473551937707, 20.57633554463093262 ) ) ;
#839 = CARTESIAN_POINT ( 'NONE',  ( 77.90160332920754627, 13.44690428778170954, 21.03507786672080115 ) ) ;
#840 = CARTESIAN_POINT ( 'NONE',  ( 67.09703439666033375, 24.85870469521672632, 26.00000000000000355 ) ) ;
#841 = AXIS2_PLACEMENT_3D ( 'NONE', #3626, #2649, #3585 ) ;
#842 = FACE_OUTER_BOUND ( 'NONE', #1346, .T. ) ;
#843 = DIRECTION ( 'NONE',  ( -0.000000000000000000, -0.000000000000000000, -1.000000000000000000 ) ) ;
#844 = CARTESIAN_POINT ( 'NONE',  ( 42.82842712474610636, -26.20000000000000284, 8.673617379884035472E-16 ) ) ;
#845 = CARTESIAN_POINT ( 'NONE',  ( 39.00000000000000000, 39.88119784648299060, 20.00000000000000000 ) ) ;
#846 = EDGE_LOOP ( 'NONE', ( #1530, #1107, #718, #2756 ) ) ;
#847 = ORIENTED_EDGE ( 'NONE', *, *, #4255, .F. ) ;
#848 = VERTEX_POINT ( 'NONE', #2707 ) ;
#849 = CARTESIAN_POINT ( 'NONE',  ( 77.82838243959692193, 12.00000000000014211, 22.25137005787578559 ) ) ;
#850 = CARTESIAN_POINT ( 'NONE',  ( 71.00000000000000000, 11.99999999999999645, 3.000000000000014655 ) ) ;
#851 = EDGE_CURVE ( 'NONE', #308, #2442, #1178, .T. ) ;
#852 = ORIENTED_EDGE ( 'NONE', *, *, #1134, .T. ) ;
#853 = LINE ( 'NONE', #3830, #389 ) ;
#854 = LINE ( 'NONE', #4060, #3073 ) ;
#855 = CARTESIAN_POINT ( 'NONE',  ( 77.78281830336362646, 13.45101385490013612, 20.74353747999511555 ) ) ;
#856 = FACE_OUTER_BOUND ( 'NONE', #1784, .T. ) ;
#857 = DIRECTION ( 'NONE',  ( -1.000000000000000000, 0.000000000000000000, 0.000000000000000000 ) ) ;
#858 = EDGE_CURVE ( 'NONE', #715, #1634, #1033, .T. ) ;
#859 = CARTESIAN_POINT ( 'NONE',  ( 0.7841498450026403999, 13.47136971408654382, 22.80238970061759218 ) ) ;
#860 = DIRECTION ( 'NONE',  ( 0.7071067811865398012, 0.7071067811865552333, 0.000000000000000000 ) ) ;
#861 = DIRECTION ( 'NONE',  ( 0.000000000000000000, 0.000000000000000000, 1.000000000000000000 ) ) ;
#862 = APPLICATION_CONTEXT ( 'automotive_design' ) ;
#863 = CARTESIAN_POINT ( 'NONE',  ( 78.00000000000000000, 11.99999999999999645, 18.91878671300110071 ) ) ;
#864 = CARTESIAN_POINT ( 'NONE',  ( 71.00000000000000000, 0.000000000000000000, 12.60000000000000320 ) ) ;
#865 = ADVANCED_FACE ( 'NONE', ( #1075 ), #4289, .T. ) ;
#866 = CARTESIAN_POINT ( 'NONE',  ( 42.82842712474610636, -26.20000000000000284, 8.673617379884035472E-16 ) ) ;
#867 = DIRECTION ( 'NONE',  ( 0.000000000000000000, 0.000000000000000000, 1.000000000000000000 ) ) ;
#868 = VERTEX_POINT ( 'NONE', #50 ) ;
#869 = VERTEX_POINT ( 'NONE', #4 ) ;
#870 = ORIENTED_EDGE ( 'NONE', *, *, #3577, .F. ) ;
#871 = CARTESIAN_POINT ( 'NONE',  ( -4.898587196589411843E-16, 12.00000000000000000, 18.91878671300110071 ) ) ;
#872 = AXIS2_PLACEMENT_3D ( 'NONE', #386, #3022, #737 ) ;
#873 = VERTEX_POINT ( 'NONE', #3613 ) ;
#874 = VECTOR ( 'NONE', #1057, 1000.000000000000000 ) ;
#875 = AXIS2_PLACEMENT_3D ( 'NONE', #3356, #3036, #2302 ) ;
#876 = DIRECTION ( 'NONE',  ( -1.000000000000000000, 0.000000000000000000, 0.000000000000000000 ) ) ;
#877 = ADVANCED_FACE ( 'NONE', ( #634, #25 ), #1313, .F. ) ;
#878 = ADVANCED_FACE ( 'NONE', ( #1989 ), #3289, .F. ) ;
#879 = DIRECTION ( 'NONE',  ( 1.000000000000000000, 1.272130549049658483E-14, -0.000000000000000000 ) ) ;
#880 = CARTESIAN_POINT ( 'NONE',  ( 48.41421356237304252, -34.61421356237308800, 32.00000000000000000 ) ) ;
#881 = CARTESIAN_POINT ( 'NONE',  ( 39.00000000000000000, 13.49999999999999645, 20.00000000000000000 ) ) ;
#882 = CARTESIAN_POINT ( 'NONE',  ( 0.7702224265815980075, 11.99999999999999822, 22.82678264235309840 ) ) ;
#883 = VECTOR ( 'NONE', #2527, 1000.000000000000114 ) ;
#884 = FACE_OUTER_BOUND ( 'NONE', #3341, .T. ) ;
#885 = DIRECTION ( 'NONE',  ( -1.000000000000000000, 6.938893903907227392E-16, 0.000000000000000000 ) ) ;
#886 = FACE_OUTER_BOUND ( 'NONE', #3673, .T. ) ;
#887 = AXIS2_PLACEMENT_3D ( 'NONE', #2205, #2233, #1582 ) ;
#888 = DIRECTION ( 'NONE',  ( -1.000000000000000000, 0.000000000000000000, 0.000000000000000000 ) ) ;
#889 = CARTESIAN_POINT ( 'NONE',  ( 42.57930781236332507, -26.80142722259476074, 0.06944454338287606165 ) ) ;
#890 = ADVANCED_FACE ( 'NONE', ( #330 ), #1662, .F. ) ;
#891 = DIRECTION ( 'NONE',  ( 0.8660254037844390407, 0.4999999999999993339, -0.000000000000000000 ) ) ;
#892 = VERTEX_POINT ( 'NONE', #3658 ) ;
#893 = VECTOR ( 'NONE', #4049, 1000.000000000000000 ) ;
#894 = ORIENTED_EDGE ( 'NONE', *, *, #3262, .T. ) ;
#895 = DIRECTION ( 'NONE',  ( 0.000000000000000000, 0.000000000000000000, 1.000000000000000000 ) ) ;
#896 = CARTESIAN_POINT ( 'NONE',  ( 78.00000000000000000, -18.19999999999982521, 1.999999999999998224 ) ) ;
#897 = EDGE_LOOP ( 'NONE', ( #565, #985, #1756, #1458 ) ) ;
#898 = ORIENTED_EDGE ( 'NONE', *, *, #3066, .T. ) ;
#899 = CARTESIAN_POINT ( 'NONE',  ( 77.99885651272518317, 12.32814318708494383, 22.87035767008395482 ) ) ;
#900 = CARTESIAN_POINT ( 'NONE',  ( 38.99999999999998579, -13.11880215351699697, 26.00000000000000355 ) ) ;
#901 = EDGE_CURVE ( 'NONE', #3702, #1687, #2745, .T. ) ;
#902 = AXIS2_PLACEMENT_3D ( 'NONE', #816, #789, #3445 ) ;
#903 = DIRECTION ( 'NONE',  ( -1.982541115402068857E-15, 0.000000000000000000, 1.000000000000000000 ) ) ;
#904 = LINE ( 'NONE', #202, #1927 ) ;
#905 = CARTESIAN_POINT ( 'NONE',  ( 77.95860574910861374, 13.44494564593389541, 21.27576788795842688 ) ) ;
#906 = CIRCLE ( 'NONE', #1261, 2.000000000000001776 ) ;
#907 = CARTESIAN_POINT ( 'NONE',  ( 64.00000000000000000, 11.99999999999999645, 1.500000000000001332 ) ) ;
#908 = CARTESIAN_POINT ( 'NONE',  ( 36.14213562373116417, -27.37157287525381122, 5.054190175765737579E-16 ) ) ;
#909 = CARTESIAN_POINT ( 'NONE',  ( 28.17157287525402509, -33.20000000000013074, 2.000000000000001776 ) ) ;
#910 = DIRECTION ( 'NONE',  ( 0.000000000000000000, 0.000000000000000000, 1.000000000000000000 ) ) ;
#911 = DIRECTION ( 'NONE',  ( 1.000000000000000000, 0.000000000000000000, 0.000000000000000000 ) ) ;
#912 = VECTOR ( 'NONE', #1265, 1000.000000000000000 ) ;
#913 = DIRECTION ( 'NONE',  ( 0.9999962663504128324, -0.002732633388169899372, 0.000000000000000000 ) ) ;
#914 = ORIENTED_EDGE ( 'NONE', *, *, #2220, .T. ) ;
#915 = ORIENTED_EDGE ( 'NONE', *, *, #1633, .T. ) ;
#916 = CARTESIAN_POINT ( 'NONE',  ( 77.82520468295597027, 13.44954666236746199, 22.15432929548263274 ) ) ;
#917 = DIRECTION ( 'NONE',  ( 0.000000000000000000, 0.000000000000000000, -1.000000000000000000 ) ) ;
#918 = ORIENTED_EDGE ( 'NONE', *, *, #2366, .T. ) ;
#919 = VERTEX_POINT ( 'NONE', #1785 ) ;
#920 = DIRECTION ( 'NONE',  ( 0.000000000000000000, 0.000000000000000000, 1.000000000000000000 ) ) ;
#921 = FACE_OUTER_BOUND ( 'NONE', #1072, .T. ) ;
#922 = DIRECTION ( 'NONE',  ( 0.4976316032418220958, -0.8673884870431320948, 0.000000000000000000 ) ) ;
#923 = DIRECTION ( 'NONE',  ( -4.082155997157842586E-17, 1.000000000000000000, 0.000000000000000000 ) ) ;
#924 = EDGE_CURVE ( 'NONE', #2178, #1073, #1438, .T. ) ;
#925 = CARTESIAN_POINT ( 'NONE',  ( 76.46998799039037920, 13.49999999999999645, 18.50000000000000000 ) ) ;
#926 = DIRECTION ( 'NONE',  ( 0.000000000000000000, 0.000000000000000000, 1.000000000000000000 ) ) ;
#927 = CARTESIAN_POINT ( 'NONE',  ( 60.50000000000000000, 16.99999999999998934, 20.00000000000000000 ) ) ;
#928 = CIRCLE ( 'NONE', #2598, 2.000000000000000000 ) ;
#929 = EDGE_CURVE ( 'NONE', #1634, #3026, #3143, .T. ) ;
#930 = DIRECTION ( 'NONE',  ( -0.7071067811865439090, -0.7071067811865511255, 0.000000000000000000 ) ) ;
#931 = CARTESIAN_POINT ( 'NONE',  ( 41.21469635736105630, -28.14794535231865780, 1.476504228823831033 ) ) ;
#932 = ADVANCED_FACE ( 'NONE', ( #1094 ), #130, .F. ) ;
#933 = SURFACE_STYLE_FILL_AREA ( #955 ) ;
#934 = ORIENTED_EDGE ( 'NONE', *, *, #4129, .T. ) ;
#935 = VERTEX_POINT ( 'NONE', #1486 ) ;
#936 = CARTESIAN_POINT ( 'NONE',  ( 39.00000000000000000, -8.500000000000003553, 26.00000000000000355 ) ) ;
#937 = LINE ( 'NONE', #582, #3366 ) ;
#938 = ADVANCED_FACE ( 'NONE', ( #2829 ), #2401, .F. ) ;
#939 = VECTOR ( 'NONE', #3591, 1000.000000000000000 ) ;
#940 = EDGE_LOOP ( 'NONE', ( #496, #1553, #2487, #2053 ) ) ;
#941 = ORIENTED_EDGE ( 'NONE', *, *, #225, .F. ) ;
#942 = VERTEX_POINT ( 'NONE', #2809 ) ;
#943 = DIRECTION ( 'NONE',  ( 0.7071067811865441310, 0.7071067811865510144, -0.000000000000000000 ) ) ;
#944 = AXIS2_PLACEMENT_3D ( 'NONE', #3606, #3564, #913 ) ;
#945 = VECTOR ( 'NONE', #4137, 1000.000000000000000 ) ;
#946 = CARTESIAN_POINT ( 'NONE',  ( 38.99999999999998579, -13.11880215351699697, 26.00000000000000355 ) ) ;
#947 = ADVANCED_FACE ( 'NONE', ( #744 ), #477, .F. ) ;
#948 = DIRECTION ( 'NONE',  ( 0.000000000000000000, 0.000000000000000000, 1.000000000000000000 ) ) ;
#949 = DIRECTION ( 'NONE',  ( 0.000000000000000000, -1.000000000000000000, 0.000000000000000000 ) ) ;
#950 = CARTESIAN_POINT ( 'NONE',  ( 39.00000000000000000, 18.00000000000000000, 11.00000000000000178 ) ) ;
#951 = DIRECTION ( 'NONE',  ( -0.000000000000000000, -0.000000000000000000, -1.000000000000000000 ) ) ;
#952 = VERTEX_POINT ( 'NONE', #1761 ) ;
#953 = DIRECTION ( 'NONE',  ( 1.000000000000000000, 0.000000000000000000, 0.000000000000000000 ) ) ;
#954 = CARTESIAN_POINT ( 'NONE',  ( 25.99999999999999289, 18.00000000000000000, 20.00000000000000000 ) ) ;
#955 = FILL_AREA_STYLE ('',( #599 ) ) ;
#956 = ORIENTED_EDGE ( 'NONE', *, *, #2746, .T. ) ;
#957 = DIRECTION ( 'NONE',  ( -5.782411586589358625E-16, -1.000000000000000000, 0.000000000000000000 ) ) ;
#958 = DIRECTION ( 'NONE',  ( 3.614007241618342978E-17, 1.475294133514419126E-33, -1.000000000000000000 ) ) ;
#959 = ORIENTED_EDGE ( 'NONE', *, *, #2426, .T. ) ;
#960 = VERTEX_POINT ( 'NONE', #4148 ) ;
#961 = EDGE_LOOP ( 'NONE', ( #1083, #2199, #3657, #2743, #1925, #2668 ) ) ;
#962 = CIRCLE ( 'NONE', #3394, 2.000000000000001776 ) ;
#963 = DIRECTION ( 'NONE',  ( 0.000000000000000000, -1.000000000000000000, 0.000000000000000000 ) ) ;
#964 = AXIS2_PLACEMENT_3D ( 'NONE', #2190, #1498, #861 ) ;
#965 = VECTOR ( 'NONE', #3461, 1000.000000000000000 ) ;
#966 = CARTESIAN_POINT ( 'NONE',  ( 7.000000000000000000, 0.000000000000000000, 10.00000000000000888 ) ) ;
#967 = PLANE ( 'NONE',  #875 ) ;
#968 = VECTOR ( 'NONE', #618, 1000.000000000000000 ) ;
#969 = DIRECTION ( 'NONE',  ( -0.9999962663504128324, 0.002732633388169898939, 0.000000000000000000 ) ) ;
#970 = DIRECTION ( 'NONE',  ( -0.8660254037844382635, -0.5000000000000006661, 0.000000000000000000 ) ) ;
#971 = ORIENTED_EDGE ( 'NONE', *, *, #1627, .T. ) ;
#972 = CARTESIAN_POINT ( 'NONE',  ( 78.00000000000002842, 12.00000000000053824, 23.83564034864615877 ) ) ;
#973 = ORIENTED_EDGE ( 'NONE', *, *, #1759, .F. ) ;
#974 = VECTOR ( 'NONE', #1297, 1000.000000000000000 ) ;
#975 = DIRECTION ( 'NONE',  ( 1.000000000000000000, 0.000000000000000000, 0.000000000000000000 ) ) ;
#976 = DIRECTION ( 'NONE',  ( 1.000000000000000000, 0.000000000000000000, 0.000000000000000000 ) ) ;
#977 = CARTESIAN_POINT ( 'NONE',  ( 71.00000000000000000, 14.99999999999999645, 7.399999999999996803 ) ) ;
#978 = ORIENTED_EDGE ( 'NONE', *, *, #3577, .T. ) ;
#979 = CARTESIAN_POINT ( 'NONE',  ( 7.000000000000006217, 11.99999999999999467, 10.00000000000000000 ) ) ;
#980 = EDGE_CURVE ( 'NONE', #848, #3271, #3398, .T. ) ;
#981 = AXIS2_PLACEMENT_3D ( 'NONE', #3263, #1935, #2999 ) ;
#982 = ORIENTED_EDGE ( 'NONE', *, *, #2102, .F. ) ;
#983 = ORIENTED_EDGE ( 'NONE', *, *, #73, .T. ) ;
#984 = AXIS2_PLACEMENT_3D ( 'NONE', #2832, #180, #3466 ) ;
#985 = ORIENTED_EDGE ( 'NONE', *, *, #1654, .F. ) ;
#986 = CARTESIAN_POINT ( 'NONE',  ( 39.00000000000000000, 18.00000000000000000, 20.00000000000000000 ) ) ;
#987 = VECTOR ( 'NONE', #3474, 1000.000000000000000 ) ;
#988 = ADVANCED_FACE ( 'NONE', ( #2091 ), #1464, .T. ) ;
#989 = PLANE ( 'NONE',  #2780 ) ;
#990 = CARTESIAN_POINT ( 'NONE',  ( -5.951376704711010469E-05, 12.04724333520728585, 23.57743283456485628 ) ) ;
#991 = EDGE_CURVE ( 'NONE', #2941, #3501, #435, .T. ) ;
#992 = DIRECTION ( 'NONE',  ( 0.9999962663504128324, -0.002732633388169150839, 0.000000000000000000 ) ) ;
#993 = CARTESIAN_POINT ( 'NONE',  ( 18.02175051186791777, 24.84608320223867750, 26.00000000000000355 ) ) ;
#994 = ORIENTED_EDGE ( 'NONE', *, *, #1343, .T. ) ;
#995 = CARTESIAN_POINT ( 'NONE',  ( 36.61930956678969551, -27.94757277772648862, 0.9927620417158056210 ) ) ;
#996 = ORIENTED_EDGE ( 'NONE', *, *, #794, .F. ) ;
#997 = PLANE ( 'NONE',  #2380 ) ;
#998 = CARTESIAN_POINT ( 'NONE',  ( 15.72328859115647326, 28.85237901412935102, 26.00000000000000355 ) ) ;
#999 = EDGE_CURVE ( 'NONE', #3699, #3307, #2788, .T. ) ;
#1000 = EDGE_CURVE ( 'NONE', #2228, #214, #3160, .T. ) ;
#1001 = DIRECTION ( 'NONE',  ( 1.000000000000000000, 0.000000000000000000, 0.000000000000000000 ) ) ;
#1002 = DIRECTION ( 'NONE',  ( -0.000000000000000000, -0.000000000000000000, 1.000000000000000000 ) ) ;
#1003 = EDGE_CURVE ( 'NONE', #676, #3348, #3714, .T. ) ;
#1004 = ORIENTED_EDGE ( 'NONE', *, *, #1193, .F. ) ;
#1005 = CARTESIAN_POINT ( 'NONE',  ( 39.00000000000000000, 44.50000000000000000, 40.00000000000000000 ) ) ;
#1006 = ORIENTED_EDGE ( 'NONE', *, *, #2251, .T. ) ;
#1007 = VERTEX_POINT ( 'NONE', #3803 ) ;
#1008 = ORIENTED_EDGE ( 'NONE', *, *, #2242, .T. ) ;
#1009 = CARTESIAN_POINT ( 'NONE',  ( 71.00000000000000000, 14.99999999999999645, 10.00000000000000000 ) ) ;
#1010 = DIRECTION ( 'NONE',  ( -1.000000000000000000, 0.000000000000000000, 0.000000000000000000 ) ) ;
#1011 = CARTESIAN_POINT ( 'NONE',  ( -5.350678559849258017E-16, 13.10748183943634437, 21.22389642271227217 ) ) ;
#1012 = EDGE_CURVE ( 'NONE', #3431, #2072, #1842, .T. ) ;
#1013 = CIRCLE ( 'NONE', #1988, 1.500000000000001332 ) ;
#1014 = AXIS2_PLACEMENT_3D ( 'NONE', #1302, #3943, #1548 ) ;
#1015 = EDGE_CURVE ( 'NONE', #2177, #3935, #614, .T. ) ;
#1016 = DIRECTION ( 'NONE',  ( -0.7071067811865435759, -0.7071067811865514585, 0.000000000000000000 ) ) ;
#1017 = DIRECTION ( 'NONE',  ( -1.000000000000000000, 0.000000000000000000, 0.000000000000000000 ) ) ;
#1018 = VERTEX_POINT ( 'NONE', #1420 ) ;
#1019 = CARTESIAN_POINT ( 'NONE',  ( 34.99999999999999289, -6.190598923241495299, 26.00000000000000355 ) ) ;
#1020 = EDGE_LOOP ( 'NONE', ( #3458, #3094, #2267, #3782, #399, #3845, #3767, #3828, #2066, #1649 ) ) ;
#1021 = CIRCLE ( 'NONE', #3514, 2.000000000000001776 ) ;
#1022 = CARTESIAN_POINT ( 'NONE',  ( 71.00000000000001421, 13.49999999999996625, 3.000000000000008882 ) ) ;
#1023 = CARTESIAN_POINT ( 'NONE',  ( 42.07501247726219873, -28.01890386004440003, 1.124800290107089484 ) ) ;
#1024 = CARTESIAN_POINT ( 'NONE',  ( 34.99999999999999289, 42.19059892324149530, 26.00000000000000355 ) ) ;
#1025 = LINE ( 'NONE', #83, #1774 ) ;
#1026 = ADVANCED_FACE ( 'NONE', ( #831 ), #783, .T. ) ;
#1027 = ORIENTED_EDGE ( 'NONE', *, *, #302, .F. ) ;
#1028 = SPHERICAL_SURFACE ( 'NONE', #677, 2.000000000000000000 ) ;
#1029 = EDGE_LOOP ( 'NONE', ( #3305, #1647 ) ) ;
#1030 = ORIENTED_EDGE ( 'NONE', *, *, #487, .T. ) ;
#1031 = VERTEX_POINT ( 'NONE', #850 ) ;
#1032 = AXIS2_PLACEMENT_3D ( 'NONE', #1289, #3975, #3349 ) ;
#1033 = LINE ( 'NONE', #1378, #3399 ) ;
#1034 = ORIENTED_EDGE ( 'NONE', *, *, #343, .T. ) ;
#1035 = DIRECTION ( 'NONE',  ( -1.502314598737158045E-15, -1.000000000000000000, -0.000000000000000000 ) ) ;
#1036 = AXIS2_PLACEMENT_3D ( 'NONE', #770, #159, #1100 ) ;
#1037 = CARTESIAN_POINT ( 'NONE',  ( -5.183391895698920365E-16, 12.69768205651082660, 22.31310754993169709 ) ) ;
#1038 = AXIS2_PLACEMENT_3D ( 'NONE', #3174, #3793, #1171 ) ;
#1039 = EDGE_CURVE ( 'NONE', #942, #1376, #937, .T. ) ;
#1040 = VECTOR ( 'NONE', #4078, 1000.000000000000227 ) ;
#1041 = DIRECTION ( 'NONE',  ( 0.8660254037844382635, -0.5000000000000006661, -0.000000000000000000 ) ) ;
#1042 = DIRECTION ( 'NONE',  ( -0.4976316032418220958, 0.8673884870431320948, 0.000000000000000000 ) ) ;
#1043 = ORIENTED_EDGE ( 'NONE', *, *, #1219, .T. ) ;
#1044 = DIRECTION ( 'NONE',  ( -1.000000000000000000, 0.000000000000000000, 0.000000000000000000 ) ) ;
#1045 = CARTESIAN_POINT ( 'NONE',  ( 0.004466927950459373409, 12.00000000000000000, 21.18333207826485776 ) ) ;
#1046 = DIRECTION ( 'NONE',  ( 0.7071067811865512365, -0.7071067811865439090, 0.000000000000000000 ) ) ;
#1047 = CONICAL_SURFACE ( 'NONE', #278, 5.499999999999956479, 0.7853981633974482790 ) ;
#1048 = CYLINDRICAL_SURFACE ( 'NONE', #1849, 5.000000000000000888 ) ;
#1049 = ORIENTED_EDGE ( 'NONE', *, *, #2933, .T. ) ;
#1050 = LINE ( 'NONE', #2379, #3076 ) ;
#1051 = ORIENTED_EDGE ( 'NONE', *, *, #1477, .T. ) ;
#1052 = ORIENTED_EDGE ( 'NONE', *, *, #3262, .F. ) ;
#1053 = ORIENTED_EDGE ( 'NONE', *, *, #2990, .T. ) ;
#1054 = CARTESIAN_POINT ( 'NONE',  ( 39.00000000000000000, 18.00000000000000000, 18.50000000000000000 ) ) ;
#1055 = VECTOR ( 'NONE', #1651, 1000.000000000000000 ) ;
#1056 = EDGE_LOOP ( 'NONE', ( #2593, #1999, #3677, #2308 ) ) ;
#1057 = DIRECTION ( 'NONE',  ( -0.8660254037844382635, -0.5000000000000006661, 0.000000000000000000 ) ) ;
#1058 = CARTESIAN_POINT ( 'NONE',  ( -5.393893089037688113E-16, 13.21334386239312231, 21.44279237606316357 ) ) ;
#1059 = EDGE_CURVE ( 'NONE', #1434, #1558, #3867, .T. ) ;
#1060 = CARTESIAN_POINT ( 'NONE',  ( 49.82842712474613478, -33.19999999999999574, 32.00000000000000000 ) ) ;
#1061 = DIRECTION ( 'NONE',  ( -1.224646799147353207E-16, 1.000000000000000000, 0.000000000000000000 ) ) ;
#1062 = ORIENTED_EDGE ( 'NONE', *, *, #1392, .F. ) ;
#1063 = EDGE_CURVE ( 'NONE', #942, #3269, #2608, .T. ) ;
#1064 = CARTESIAN_POINT ( 'NONE',  ( 36.00000000001107026, -28.20000000000181473, 1.783723104300890983 ) ) ;
#1065 = CARTESIAN_POINT ( 'NONE',  ( -1.139992057535218928, 12.00000000000000000, 20.11855682310302029 ) ) ;
#1066 = CARTESIAN_POINT ( 'NONE',  ( 10.00000000000017586, -28.19999999999999929, 32.00000000000000000 ) ) ;
#1067 = CARTESIAN_POINT ( 'NONE',  ( 18.02175051186791777, 24.84608320223867750, 26.00000000000000355 ) ) ;
#1068 = ORIENTED_EDGE ( 'NONE', *, *, #2615, .F. ) ;
#1069 = CARTESIAN_POINT ( 'NONE',  ( 71.00000000000000000, 0.000000000000000000, 10.00000000000000000 ) ) ;
#1070 = EDGE_CURVE ( 'NONE', #2968, #3694, #3568, .T. ) ;
#1071 = EDGE_CURVE ( 'NONE', #1901, #3717, #1919, .T. ) ;
#1072 = EDGE_LOOP ( 'NONE', ( #3763, #2440, #762, #1626, #64, #3697, #1053, #3915 ) ) ;
#1073 = VERTEX_POINT ( 'NONE', #1184 ) ;
#1074 = EDGE_CURVE ( 'NONE', #3950, #1284, #378, .T. ) ;
#1075 = FACE_OUTER_BOUND ( 'NONE', #1466, .T. ) ;
#1076 = EDGE_CURVE ( 'NONE', #3089, #3634, #446, .T. ) ;
#1077 = EDGE_LOOP ( 'NONE', ( #4285, #1141, #829, #1375 ) ) ;
#1078 = PLANE ( 'NONE',  #591 ) ;
#1079 = ADVANCED_FACE ( 'NONE', ( #3848 ), #2591, .F. ) ;
#1080 = CIRCLE ( 'NONE', #4118, 6.999999999999987566 ) ;
#1081 = DIRECTION ( 'NONE',  ( 0.000000000000000000, -0.7071067811865470176, 0.7071067811865479058 ) ) ;
#1082 = PLANE ( 'NONE',  #196 ) ;
#1083 = ORIENTED_EDGE ( 'NONE', *, *, #203, .T. ) ;
#1084 = FACE_OUTER_BOUND ( 'NONE', #3056, .T. ) ;
#1085 = CARTESIAN_POINT ( 'NONE',  ( 1.199011404134443293, 12.00000000000000000, 18.50000000622599572 ) ) ;
#1086 = AXIS2_PLACEMENT_3D ( 'NONE', #1415, #3327, #1675 ) ;
#1087 = CARTESIAN_POINT ( 'NONE',  ( 42.58578643762682958, -28.78578643762690348, 2.000000000000001776 ) ) ;
#1088 = VECTOR ( 'NONE', #2600, 1000.000000000000000 ) ;
#1089 = DIRECTION ( 'NONE',  ( -0.000000000000000000, 1.000000000000000000, -0.000000000000000000 ) ) ;
#1090 = VERTEX_POINT ( 'NONE', #1534 ) ;
#1091 = FACE_OUTER_BOUND ( 'NONE', #631, .T. ) ;
#1092 = VERTEX_POINT ( 'NONE', #2202 ) ;
#1093 = EDGE_LOOP ( 'NONE', ( #2018, #2899, #513, #630 ) ) ;
#1094 = FACE_OUTER_BOUND ( 'NONE', #3140, .T. ) ;
#1095 = AXIS2_PLACEMENT_3D ( 'NONE', #3282, #2912, #1631 ) ;
#1096 = EDGE_LOOP ( 'NONE', ( #1181, #559, #4025, #447 ) ) ;
#1097 = LINE ( 'NONE', #3703, #2620 ) ;
#1098 = LINE ( 'NONE', #1766, #3899 ) ;
#1099 = CARTESIAN_POINT ( 'NONE',  ( 39.00000000000000000, 11.99999999999999822, 21.50000000000000000 ) ) ;
#1100 = DIRECTION ( 'NONE',  ( 0.000000000000000000, 0.000000000000000000, -1.000000000000000000 ) ) ;
#1101 = VERTEX_POINT ( 'NONE', #217 ) ;
#1102 = CARTESIAN_POINT ( 'NONE',  ( 17.57071421427141544, 13.49999999999999467, 3.000000000000009770 ) ) ;
#1103 = AXIS2_PLACEMENT_3D ( 'NONE', #3133, #141, #186 ) ;
#1104 = CARTESIAN_POINT ( 'NONE',  ( 0.1928107644666464116, 12.00000000000000355, 20.71289185605010630 ) ) ;
#1105 = CARTESIAN_POINT ( 'NONE',  ( 71.00000000000001421, 11.99999999999999645, 16.99999999999997868 ) ) ;
#1106 = CARTESIAN_POINT ( 'NONE',  ( 7.000000000000006217, 14.99999999999999645, 10.00000000000000000 ) ) ;
#1107 = ORIENTED_EDGE ( 'NONE', *, *, #2664, .T. ) ;
#1108 = DIRECTION ( 'NONE',  ( 0.000000000000000000, 0.000000000000000000, 1.000000000000000000 ) ) ;
#1109 = CIRCLE ( 'NONE', #1535, 2.500000000000002220 ) ;
#1110 = ORIENTED_EDGE ( 'NONE', *, *, #1654, .T. ) ;
#1111 = EDGE_LOOP ( 'NONE', ( #65, #86, #2655, #941 ) ) ;
#1112 = PRODUCT_DEFINITION ( 'UNKNOWN', '', #3928, #2404 ) ;
#1113 = ORIENTED_EDGE ( 'NONE', *, *, #2624, .T. ) ;
#1114 = CARTESIAN_POINT ( 'NONE',  ( 59.97824948813207868, 24.84608320223867750, 20.00000000000000000 ) ) ;
#1115 = CIRCLE ( 'NONE', #3952, 2.000000000000001776 ) ;
#1116 = ORIENTED_EDGE ( 'NONE', *, *, #929, .F. ) ;
#1117 = CARTESIAN_POINT ( 'NONE',  ( 59.41742430504415751, 14.99999999999999645, 4.500000000000039080 ) ) ;
#1118 = CYLINDRICAL_SURFACE ( 'NONE', #984, 2.000000000000001776 ) ;
#1119 = ADVANCED_FACE ( 'NONE', ( #2875 ), #3165, .F. ) ;
#1120 = VECTOR ( 'NONE', #3420, 1000.000000000000000 ) ;
#1121 = DIRECTION ( 'NONE',  ( 0.000000000000000000, 0.000000000000000000, 1.000000000000000000 ) ) ;
#1122 = LINE ( 'NONE', #1769, #2703 ) ;
#1123 = ORIENTED_EDGE ( 'NONE', *, *, #2665, .F. ) ;
#1124 = EDGE_CURVE ( 'NONE', #3412, #4000, #2238, .T. ) ;
#1125 = LINE ( 'NONE', #485, #2888 ) ;
#1126 = CARTESIAN_POINT ( 'NONE',  ( -1.454071405843689435, 12.00000000000000000, 21.86805733597711310 ) ) ;
#1127 = VECTOR ( 'NONE', #3884, 1000.000000000000000 ) ;
#1128 = EDGE_CURVE ( 'NONE', #2418, #153, #4193, .T. ) ;
#1129 = DIRECTION ( 'NONE',  ( -1.000000000000000000, 0.000000000000000000, 0.000000000000000000 ) ) ;
#1130 = CARTESIAN_POINT ( 'NONE',  ( 2.000000000000000888, -17.37157287525372595, 20.00000000000000000 ) ) ;
#1131 = EDGE_CURVE ( 'NONE', #2405, #4000, #3225, .T. ) ;
#1132 = ORIENTED_EDGE ( 'NONE', *, *, #2994, .F. ) ;
#1133 = LINE ( 'NONE', #1739, #1891 ) ;
#1134 = EDGE_CURVE ( 'NONE', #1697, #1901, #1080, .T. ) ;
#1135 = CARTESIAN_POINT ( 'NONE',  ( 71.00000000000000000, 14.99999999999999645, 4.500000000000038192 ) ) ;
#1136 = EDGE_CURVE ( 'NONE', #392, #1474, #3912, .T. ) ;
#1137 = ORIENTED_EDGE ( 'NONE', *, *, #2918, .T. ) ;
#1138 = ORIENTED_EDGE ( 'NONE', *, *, #2407, .F. ) ;
#1139 = ORIENTED_EDGE ( 'NONE', *, *, #211, .T. ) ;
#1140 = CARTESIAN_POINT ( 'NONE',  ( 71.17157287525368758, -20.19999999999999929, 32.00000000000000000 ) ) ;
#1141 = ORIENTED_EDGE ( 'NONE', *, *, #3639, .F. ) ;
#1142 = DIRECTION ( 'NONE',  ( 1.000000000000000000, 0.000000000000000000, 0.000000000000000000 ) ) ;
#1143 = AXIS2_PLACEMENT_3D ( 'NONE', #1946, #963, #2857 ) ;
#1144 = FACE_BOUND ( 'NONE', #1779, .T. ) ;
#1145 = DIRECTION ( 'NONE',  ( -0.000000000000000000, -1.000000000000000000, -0.000000000000000000 ) ) ;
#1146 = CARTESIAN_POINT ( 'NONE',  ( 78.00000000000000000, -17.37157287525364069, 32.00000000000000000 ) ) ;
#1147 = ORIENTED_EDGE ( 'NONE', *, *, #1512, .T. ) ;
#1148 = CARTESIAN_POINT ( 'NONE',  ( 1.333449623483547120, 13.49221859859134476, 20.00967857368012659 ) ) ;
#1149 = CARTESIAN_POINT ( 'NONE',  ( 77.84973177610766015, 11.99999999999999645, 20.78699242865983265 ) ) ;
#1150 = AXIS2_PLACEMENT_3D ( 'NONE', #1601, #2250, #263 ) ;
#1151 = CARTESIAN_POINT ( 'NONE',  ( 17.82842712474671742, -35.20000000000025864, 32.00000000000000000 ) ) ;
#1152 = CARTESIAN_POINT ( 'NONE',  ( 78.00000000000001421, 12.92161351595227714, 20.97387917365482934 ) ) ;
#1153 = DIRECTION ( 'NONE',  ( -0.000000000000000000, -0.000000000000000000, -1.000000000000000000 ) ) ;
#1154 = EDGE_LOOP ( 'NONE', ( #2107, #1186, #106, #3136 ) ) ;
#1155 = CARTESIAN_POINT ( 'NONE',  ( 36.50000000000000000, -8.500000000000003553, 26.00000000000000355 ) ) ;
#1156 = CIRCLE ( 'NONE', #178, 2.600000000000003197 ) ;
#1157 = CIRCLE ( 'NONE', #3584, 2.000000000000001776 ) ;
#1158 = CARTESIAN_POINT ( 'NONE',  ( 3.553951398400740551E-15, -17.37157287525372595, 20.00000000000000000 ) ) ;
#1159 = ORIENTED_EDGE ( 'NONE', *, *, #4055, .T. ) ;
#1160 = ORIENTED_EDGE ( 'NONE', *, *, #1318, .F. ) ;
#1161 = AXIS2_PLACEMENT_3D ( 'NONE', #3615, #3682, #3659 ) ;
#1162 = ORIENTED_EDGE ( 'NONE', *, *, #2805, .F. ) ;
#1163 = DIRECTION ( 'NONE',  ( -0.4999999999999993339, 0.8660254037844390407, 0.000000000000000000 ) ) ;
#1164 = EDGE_LOOP ( 'NONE', ( #2248, #2961, #1966, #3524 ) ) ;
#1165 = CARTESIAN_POINT ( 'NONE',  ( 20.45000000000014495, -20.19999999999999574, 10.00000000000000000 ) ) ;
#1166 = CARTESIAN_POINT ( 'NONE',  ( 35.41421356237329121, -28.78578643762692124, 32.00000000000000000 ) ) ;
#1167 = DIRECTION ( 'NONE',  ( -1.000000000000000000, -1.272130549049658483E-14, 0.000000000000000000 ) ) ;
#1168 = CARTESIAN_POINT ( 'NONE',  ( 78.00000000000000000, -18.19999999999982521, 20.00000000000000000 ) ) ;
#1169 = CARTESIAN_POINT ( 'NONE',  ( 1.530012009609615919, 13.50000000000000355, 20.00000000000000000 ) ) ;
#1170 = CARTESIAN_POINT ( 'NONE',  ( 77.80718923553398270, 12.00000000000000000, 20.71289185605011340 ) ) ;
#1171 = DIRECTION ( 'NONE',  ( -1.502314598737158045E-15, 1.000000000000000000, 0.000000000000000000 ) ) ;
#1172 = CYLINDRICAL_SURFACE ( 'NONE', #1850, 2.000000000000000000 ) ;
#1173 = VECTOR ( 'NONE', #3061, 1000.000000000000000 ) ;
#1174 = CARTESIAN_POINT ( 'NONE',  ( 60.49999999999999289, 16.99999999999998934, 18.50000000000000000 ) ) ;
#1175 = FACE_OUTER_BOUND ( 'NONE', #1751, .T. ) ;
#1176 = ADVANCED_FACE ( 'NONE', ( #518 ), #602, .F. ) ;
#1177 = AXIS2_PLACEMENT_3D ( 'NONE', #4034, #3691, #427 ) ;
#1178 = CIRCLE ( 'NONE', #1729, 5.499999999999956479 ) ;
#1179 = CARTESIAN_POINT ( 'NONE',  ( 34.99999999999999289, 42.19059892324149530, 20.00000000000000000 ) ) ;
#1180 = ORIENTED_EDGE ( 'NONE', *, *, #659, .F. ) ;
#1181 = ORIENTED_EDGE ( 'NONE', *, *, #3812, .F. ) ;
#1182 = ORIENTED_EDGE ( 'NONE', *, *, #1402, .T. ) ;
#1183 = CARTESIAN_POINT ( 'NONE',  ( 25.55000000000014637, -20.19999999999999574, 10.00000000000000000 ) ) ;
#1184 = CARTESIAN_POINT ( 'NONE',  ( 34.99999999999999289, 42.19059892324149530, 26.00000000000000355 ) ) ;
#1185 = ADVANCED_FACE ( 'NONE', ( #1941 ), #2852, .T. ) ;
#1186 = ORIENTED_EDGE ( 'NONE', *, *, #2037, .T. ) ;
#1187 = CARTESIAN_POINT ( 'NONE',  ( 57.54999999999994742, -20.20000000000000284, 10.00000000000000000 ) ) ;
#1188 = AXIS2_PLACEMENT_3D ( 'NONE', #656, #3292, #2627 ) ;
#1189 = CARTESIAN_POINT ( 'NONE',  ( 72.58578643762679405, -23.61421356237308444, 2.000000000000001776 ) ) ;
#1190 = CARTESIAN_POINT ( 'NONE',  ( 8.784180694811425383, 24.87132618819477514, 26.00000000000000355 ) ) ;
#1191 = DIRECTION ( 'NONE',  ( 0.7071067811865510144, -0.7071067811865441310, 0.000000000000000000 ) ) ;
#1192 = CARTESIAN_POINT ( 'NONE',  ( 49.82842712474613478, -35.19999999999999574, 32.00000000000000000 ) ) ;
#1193 = EDGE_CURVE ( 'NONE', #214, #2968, #3933, .T. ) ;
#1194 = CARTESIAN_POINT ( 'NONE',  ( 77.66190119542731907, 12.00000000000000000, 20.50340838427963774 ) ) ;
#1195 = VECTOR ( 'NONE', #1225, 1000.000000000000000 ) ;
#1196 = ADVANCED_FACE ( 'NONE', ( #2614 ), #1567, .F. ) ;
#1197 = CARTESIAN_POINT ( 'NONE',  ( 23.00000000000014566, -20.19999999999999574, 10.00000000000000000 ) ) ;
#1198 = FACE_OUTER_BOUND ( 'NONE', #940, .T. ) ;
#1199 = AXIS2_PLACEMENT_3D ( 'NONE', #3946, #2285, #975 ) ;
#1200 = LINE ( 'NONE', #509, #1990 ) ;
#1201 = CARTESIAN_POINT ( 'NONE',  ( 59.97824948813207868, 24.84608320223867750, 26.00000000000000355 ) ) ;
#1202 = CIRCLE ( 'NONE', #1747, 3.499999999999999556 ) ;
#1203 = CARTESIAN_POINT ( 'NONE',  ( 43.00000000000000000, -6.190598923241495299, 26.00000000000000355 ) ) ;
#1204 = AXIS2_PLACEMENT_3D ( 'NONE', #1069, #4073, #1108 ) ;
#1205 = DIRECTION ( 'NONE',  ( -1.000000000000000000, -4.082155997157842586E-17, 0.000000000000000000 ) ) ;
#1206 = EDGE_LOOP ( 'NONE', ( #781, #1113, #2948, #2157 ) ) ;
#1207 = ORIENTED_EDGE ( 'NONE', *, *, #554, .F. ) ;
#1208 = ORIENTED_EDGE ( 'NONE', *, *, #1074, .F. ) ;
#1209 = DIRECTION ( 'NONE',  ( -1.000000000000000000, 0.000000000000000000, 0.000000000000000000 ) ) ;
#1210 = CARTESIAN_POINT ( 'NONE',  ( 18.33864055907247348, 14.44107438757757755, 16.05892561242239580 ) ) ;
#1211 = ADVANCED_FACE ( 'NONE', ( #3236 ), #576, .F. ) ;
#1212 = ORIENTED_EDGE ( 'NONE', *, *, #3769, .T. ) ;
#1213 = CARTESIAN_POINT ( 'NONE',  ( 25.99999999999999289, 18.00000000000000000, 11.00000000000000178 ) ) ;
#1214 = EDGE_CURVE ( 'NONE', #579, #2955, #9, .T. ) ;
#1215 = CARTESIAN_POINT ( 'NONE',  ( 71.00000000000000000, 14.99999999999999645, 10.00000000000000000 ) ) ;
#1216 = CARTESIAN_POINT ( 'NONE',  ( 43.00000000000000000, -6.190598923241495299, 26.00000000000000355 ) ) ;
#1217 = CARTESIAN_POINT ( 'NONE',  ( 78.00000000000000000, 9.552245033349355756E-15, 0.000000000000000000 ) ) ;
#1218 = CARTESIAN_POINT ( 'NONE',  ( 64.00000000000000000, 11.99999999999999645, 3.000000000000009770 ) ) ;
#1219 = EDGE_CURVE ( 'NONE', #1531, #22, #1913, .T. ) ;
#1220 = CARTESIAN_POINT ( 'NONE',  ( 0.6241537345376133583, 12.00000000000000178, 22.74926509694408594 ) ) ;
#1221 = DIRECTION ( 'NONE',  ( -0.9999962663504128324, 0.002732633388169898939, 0.000000000000000000 ) ) ;
#1222 = DIRECTION ( 'NONE',  ( -1.000000000000000000, -4.082155997157842586E-17, 0.000000000000000000 ) ) ;
#1223 = DIRECTION ( 'NONE',  ( -0.7071067811865489050, 0.7071067811865462405, 0.000000000000000000 ) ) ;
#1224 = CARTESIAN_POINT ( 'NONE',  ( -4.898587196589411843E-16, 12.00000000000000000, 32.00000000000000000 ) ) ;
#1225 = DIRECTION ( 'NONE',  ( 1.502314598737167117E-15, 1.000000000000000000, -0.000000000000000000 ) ) ;
#1226 = CARTESIAN_POINT ( 'NONE',  ( 17.82842712474671742, -35.20000000000025864, 32.00000000000000000 ) ) ;
#1227 = VERTEX_POINT ( 'NONE', #2822 ) ;
#1228 = ORIENTED_EDGE ( 'NONE', *, *, #2569, .F. ) ;
#1229 = DIRECTION ( 'NONE',  ( -1.000000000000000000, 0.000000000000000000, 0.000000000000000000 ) ) ;
#1230 = CARTESIAN_POINT ( 'NONE',  ( 76.00000000000000000, -17.37157287525364069, 20.00000000000000000 ) ) ;
#1231 = VECTOR ( 'NONE', #1089, 1000.000000000000000 ) ;
#1232 = AXIS2_PLACEMENT_3D ( 'NONE', #3168, #3469, #3747 ) ;
#1233 = VERTEX_POINT ( 'NONE', #3841 ) ;
#1234 = CARTESIAN_POINT ( 'NONE',  ( 39.00000000000000000, 18.00000000000000000, 11.00000000000000178 ) ) ;
#1235 = VECTOR ( 'NONE', #312, 1000.000000000000000 ) ;
#1236 = FACE_OUTER_BOUND ( 'NONE', #2747, .T. ) ;
#1237 = CARTESIAN_POINT ( 'NONE',  ( 77.22173258200280088, 13.47114012102372627, 20.19729667702490872 ) ) ;
#1238 = DIRECTION ( 'NONE',  ( 0.000000000000000000, -0.000000000000000000, 1.000000000000000000 ) ) ;
#1239 = CARTESIAN_POINT ( 'NONE',  ( 77.74909063853729663, 11.99999999999999645, 18.76585528321487217 ) ) ;
#1240 = VECTOR ( 'NONE', #2952, 1000.000000000000000 ) ;
#1241 = DIRECTION ( 'NONE',  ( -1.000000000000000000, -1.156482317317870344E-15, 0.000000000000000000 ) ) ;
#1242 = CARTESIAN_POINT ( 'NONE',  ( 58.99999999999999289, 16.99999999999998934, 0.000000000000000000 ) ) ;
#1243 = VECTOR ( 'NONE', #4283, 1000.000000000000000 ) ;
#1244 = CARTESIAN_POINT ( 'NONE',  ( 1.530012009609616364, 12.00000000000000000, 18.50000000000000000 ) ) ;
#1245 = LINE ( 'NONE', #3861, #418 ) ;
#1246 = DIRECTION ( 'NONE',  ( -3.614007241618342978E-17, 0.000000000000000000, -1.000000000000000000 ) ) ;
#1247 = AXIS2_PLACEMENT_3D ( 'NONE', #2017, #2755, #1410 ) ;
#1248 = ORIENTED_EDGE ( 'NONE', *, *, #2027, .F. ) ;
#1249 = CIRCLE ( 'NONE', #404, 2.000000000000001776 ) ;
#1250 = ORIENTED_EDGE ( 'NONE', *, *, #999, .T. ) ;
#1251 = CARTESIAN_POINT ( 'NONE',  ( 39.00000000000000000, 44.50000000000000000, 40.00000000000000000 ) ) ;
#1252 = CARTESIAN_POINT ( 'NONE',  ( 18.58257569495583184, 14.99999999999999645, 15.49999999999997868 ) ) ;
#1253 = VERTEX_POINT ( 'NONE', #1224 ) ;
#1254 = ORIENTED_EDGE ( 'NONE', *, *, #2725, .F. ) ;
#1255 =( NAMED_UNIT ( * ) SI_UNIT ( $, .STERADIAN. ) SOLID_ANGLE_UNIT ( ) );
#1256 = DIRECTION ( 'NONE',  ( 1.000000000000000000, 0.000000000000000000, 0.000000000000000000 ) ) ;
#1257 = AXIS2_PLACEMENT_3D ( 'NONE', #2865, #4207, #592 ) ;
#1258 = CARTESIAN_POINT ( 'NONE',  ( 77.97324184933701474, 13.44444444444444109, 21.50000000000000000 ) ) ;
#1259 = CARTESIAN_POINT ( 'NONE',  ( 14.00000000000000000, 13.50000000000000533, 18.50000000000000000 ) ) ;
#1260 = EDGE_CURVE ( 'NONE', #2510, #2317, #257, .T. ) ;
#1261 = AXIS2_PLACEMENT_3D ( 'NONE', #3099, #114, #2793 ) ;
#1262 = DIRECTION ( 'NONE',  ( -0.000000000000000000, -1.000000000000000000, -0.000000000000000000 ) ) ;
#1263 = CARTESIAN_POINT ( 'NONE',  ( 6.999999999999992006, 14.99999999999999645, 16.99999999999997868 ) ) ;
#1264 = CARTESIAN_POINT ( 'NONE',  ( 78.00000000000001421, 13.21184201168239447, 21.43544472336582274 ) ) ;
#1265 = DIRECTION ( 'NONE',  ( 1.000000000000000000, 4.082155997157842586E-17, 3.614007241618342978E-17 ) ) ;
#1266 = CARTESIAN_POINT ( 'NONE',  ( 42.63439541285595880, -28.26776767339756447, 0.7709065582743176437 ) ) ;
#1267 = VECTOR ( 'NONE', #3485, 1000.000000000000000 ) ;
#1268 = CYLINDRICAL_SURFACE ( 'NONE', #3719, 6.999999999999985789 ) ;
#1269 = VERTEX_POINT ( 'NONE', #3795 ) ;
#1270 = ORIENTED_EDGE ( 'NONE', *, *, #2168, .F. ) ;
#1271 = FACE_OUTER_BOUND ( 'NONE', #560, .T. ) ;
#1272 = DIRECTION ( 'NONE',  ( 0.000000000000000000, 0.000000000000000000, 1.000000000000000000 ) ) ;
#1273 = EDGE_CURVE ( 'NONE', #3950, #2510, #1549, .T. ) ;
#1274 = ORIENTED_EDGE ( 'NONE', *, *, #1393, .F. ) ;
#1275 = ORIENTED_EDGE ( 'NONE', *, *, #2283, .F. ) ;
#1276 = EDGE_LOOP ( 'NONE', ( #2850, #1782, #3479, #2396 ) ) ;
#1277 = CARTESIAN_POINT ( 'NONE',  ( 42.58578643762682958, -28.78578643762690348, 32.00000000000000000 ) ) ;
#1278 = DIRECTION ( 'NONE',  ( -0.000000000000000000, 1.000000000000000000, -0.000000000000000000 ) ) ;
#1279 = DIRECTION ( 'NONE',  ( 0.000000000000000000, 0.000000000000000000, 1.000000000000000000 ) ) ;
#1280 = CARTESIAN_POINT ( 'NONE',  ( -1.919760646747664835E-14, -33.19999999999996732, 0.000000000000000000 ) ) ;
#1281 = CARTESIAN_POINT ( 'NONE',  ( 20.45000000000018758, 51.00100000000003320, 10.00000000000000000 ) ) ;
#1282 = CARTESIAN_POINT ( 'NONE',  ( 78.00000000000002842, 13.10748183944208023, 21.77610357727912316 ) ) ;
#1283 = CIRCLE ( 'NONE', #2461, 2.000000000000000000 ) ;
#1284 = VERTEX_POINT ( 'NONE', #3817 ) ;
#1285 = CARTESIAN_POINT ( 'NONE',  ( 64.00000000000000000, 13.49999999999999645, 20.00000000000000000 ) ) ;
#1286 = CARTESIAN_POINT ( 'NONE',  ( 41.38069043321044660, -27.94757277772648862, 0.9927620417158056210 ) ) ;
#1287 = CARTESIAN_POINT ( 'NONE',  ( 78.00000000000000000, 9.552245033349355756E-15, 20.00000000000000000 ) ) ;
#1288 = ORIENTED_EDGE ( 'NONE', *, *, #1393, .T. ) ;
#1289 = CARTESIAN_POINT ( 'NONE',  ( 2.000000000000000888, -17.37157287525372595, 20.00000000000000000 ) ) ;
#1290 = CARTESIAN_POINT ( 'NONE',  ( 42.99999999999999289, -10.80940107675850470, 26.00000000000000355 ) ) ;
#1291 = AXIS2_PLACEMENT_3D ( 'NONE', #89, #3435, #2466 ) ;
#1292 = ORIENTED_EDGE ( 'NONE', *, *, #294, .T. ) ;
#1293 = ORIENTED_EDGE ( 'NONE', *, *, #413, .F. ) ;
#1294 = ORIENTED_EDGE ( 'NONE', *, *, #3037, .T. ) ;
#1295 = CARTESIAN_POINT ( 'NONE',  ( 0.000000000000000000, 0.000000000000000000, 0.000000000000000000 ) ) ;
#1296 = CIRCLE ( 'NONE', #2818, 2.000000000000001776 ) ;
#1297 = DIRECTION ( 'NONE',  ( 0.4976316032418220958, 0.8673884870431320948, -0.000000000000000000 ) ) ;
#1298 = FACE_OUTER_BOUND ( 'NONE', #2783, .T. ) ;
#1299 = LINE ( 'NONE', #31, #968 ) ;
#1300 = LINE ( 'NONE', #3965, #3118 ) ;
#1301 = EDGE_LOOP ( 'NONE', ( #758, #1248, #2744 ) ) ;
#1302 = CARTESIAN_POINT ( 'NONE',  ( 64.59703439666034797, 24.85870469521672632, 40.00000000000000000 ) ) ;
#1303 = ORIENTED_EDGE ( 'NONE', *, *, #3966, .T. ) ;
#1304 = DIRECTION ( 'NONE',  ( -1.000000000000000000, 5.782411586589358625E-16, 0.000000000000000000 ) ) ;
#1305 = CARTESIAN_POINT ( 'NONE',  ( 60.42928578572860943, 13.49999999999996625, 16.99999999999997868 ) ) ;
#1306 = EDGE_CURVE ( 'NONE', #1997, #3935, #1500, .T. ) ;
#1307 = ORIENTED_EDGE ( 'NONE', *, *, #1754, .F. ) ;
#1308 = FACE_OUTER_BOUND ( 'NONE', #846, .T. ) ;
#1309 = VERTEX_POINT ( 'NONE', #864 ) ;
#1310 = EDGE_LOOP ( 'NONE', ( #1364, #268, #4191, #70 ) ) ;
#1311 = VERTEX_POINT ( 'NONE', #1244 ) ;
#1312 = CIRCLE ( 'NONE', #2358, 2.000000000000000000 ) ;
#1313 = PLANE ( 'NONE',  #3054 ) ;
#1314 = ADVANCED_FACE ( 'NONE', ( #2843 ), #2244, .T. ) ;
#1315 = CARTESIAN_POINT ( 'NONE',  ( -1.919760646747664835E-14, -33.19999999999996732, 2.000000000000000000 ) ) ;
#1316 = CARTESIAN_POINT ( 'NONE',  ( -5.308187449281946702E-16, 13.00339196487766458, 21.07566817313483654 ) ) ;
#1317 = VECTOR ( 'NONE', #2602, 1000.000000000000000 ) ;
#1318 = EDGE_CURVE ( 'NONE', #2228, #3182, #533, .T. ) ;
#1319 = DIRECTION ( 'NONE',  ( -2.312964634635740689E-15, 1.000000000000000000, 2.312964634635740689E-15 ) ) ;
#1320 = CARTESIAN_POINT ( 'NONE',  ( 10.00000000000000000, 12.00000000000000355, 1.500000000000001332 ) ) ;
#1321 = ORIENTED_EDGE ( 'NONE', *, *, #2674, .F. ) ;
#1322 = CARTESIAN_POINT ( 'NONE',  ( 35.87596774056045490, -27.90055963709346898, 0.9016903554154308553 ) ) ;
#1323 = ORIENTED_EDGE ( 'NONE', *, *, #1469, .F. ) ;
#1324 = TOROIDAL_SURFACE ( 'NONE', #698, 6.500000000000000888, 1.500000000000000000 ) ;
#1325 = DIRECTION ( 'NONE',  ( -1.000000000000000000, 0.000000000000000000, 0.000000000000000000 ) ) ;
#1326 = CARTESIAN_POINT ( 'NONE',  ( 42.70622866956907870, -27.50225112633309976, 0.2524272223811895866 ) ) ;
#1327 = FACE_OUTER_BOUND ( 'NONE', #2588, .T. ) ;
#1328 = DIRECTION ( 'NONE',  ( -1.000000000000000000, -1.156482317317871133E-15, 0.000000000000000000 ) ) ;
#1329 = EDGE_LOOP ( 'NONE', ( #894, #3119, #3869, #2806 ) ) ;
#1330 = CYLINDRICAL_SURFACE ( 'NONE', #2003, 2.500000000000002220 ) ;
#1331 = ORIENTED_EDGE ( 'NONE', *, *, #4135, .F. ) ;
#1332 = ORIENTED_EDGE ( 'NONE', *, *, #302, .T. ) ;
#1333 = ORIENTED_EDGE ( 'NONE', *, *, #4227, .F. ) ;
#1334 = EDGE_CURVE ( 'NONE', #153, #2089, #2868, .T. ) ;
#1335 = FACE_OUTER_BOUND ( 'NONE', #3464, .T. ) ;
#1336 = EDGE_CURVE ( 'NONE', #2981, #627, #3212, .T. ) ;
#1337 = CIRCLE ( 'NONE', #3756, 1.500000000000000000 ) ;
#1338 = AXIS2_PLACEMENT_3D ( 'NONE', #409, #2460, #2441 ) ;
#1339 = CARTESIAN_POINT ( 'NONE',  ( 10.90296560333966625, 24.85870469521672632, 32.00000000000000000 ) ) ;
#1340 = CARTESIAN_POINT ( 'NONE',  ( -5.362621955206607799E-16, 13.13673940667695028, 21.73197309872994865 ) ) ;
#1341 = FACE_OUTER_BOUND ( 'NONE', #3934, .T. ) ;
#1342 = FACE_OUTER_BOUND ( 'NONE', #2680, .T. ) ;
#1343 = EDGE_CURVE ( 'NONE', #3935, #537, #3152, .T. ) ;
#1344 = ORIENTED_EDGE ( 'NONE', *, *, #694, .T. ) ;
#1345 = CARTESIAN_POINT ( 'NONE',  ( 35.41421356237648155, -28.78578643762374512, 1.738153412330249115 ) ) ;
#1346 = EDGE_LOOP ( 'NONE', ( #3732, #4241, #27, #285 ) ) ;
#1347 = CYLINDRICAL_SURFACE ( 'NONE', #4242, 2.000000000000001776 ) ;
#1348 = LINE ( 'NONE', #4301, #152 ) ;
#1349 = DIRECTION ( 'NONE',  ( -1.000000000000000000, 0.000000000000000000, 0.000000000000000000 ) ) ;
#1350 = PLANE ( 'NONE',  #3235 ) ;
#1351 = EDGE_LOOP ( 'NONE', ( #2612, #709, #307, #1388, #2854 ) ) ;
#1352 = FACE_OUTER_BOUND ( 'NONE', #1599, .T. ) ;
#1353 = ORIENTED_EDGE ( 'NONE', *, *, #3369, .T. ) ;
#1354 = ORIENTED_EDGE ( 'NONE', *, *, #1826, .F. ) ;
#1355 = VERTEX_POINT ( 'NONE', #2889 ) ;
#1356 = DIRECTION ( 'NONE',  ( 0.000000000000000000, 1.000000000000000000, 0.000000000000000000 ) ) ;
#1357 = VERTEX_POINT ( 'NONE', #1201 ) ;
#1358 = DIRECTION ( 'NONE',  ( -1.000000000000000000, 5.782411586589358625E-16, 0.000000000000000000 ) ) ;
#1359 = CARTESIAN_POINT ( 'NONE',  ( -4.916864065156130804E-16, 12.04477258727850320, 19.40660875036756750 ) ) ;
#1360 = AXIS2_PLACEMENT_3D ( 'NONE', #3325, #1328, #3672 ) ;
#1361 = CIRCLE ( 'NONE', #519, 1.500000000000000000 ) ;
#1362 = CARTESIAN_POINT ( 'NONE',  ( 11.10450368262822884, 28.86500050710739984, 26.00000000000000355 ) ) ;
#1363 = CARTESIAN_POINT ( 'NONE',  ( 7.091347039278150548E-16, -17.37157287525372595, 32.00000000000000000 ) ) ;
#1364 = ORIENTED_EDGE ( 'NONE', *, *, #1059, .F. ) ;
#1365 = VECTOR ( 'NONE', #1407, 1000.000000000000000 ) ;
#1366 = PLANE ( 'NONE',  #736 ) ;
#1367 = AXIS2_PLACEMENT_3D ( 'NONE', #3597, #1238, #2560 ) ;
#1368 = CARTESIAN_POINT ( 'NONE',  ( 66.89549631737178004, 28.86500050710740339, 20.00000000000000000 ) ) ;
#1369 = CARTESIAN_POINT ( 'NONE',  ( 0.2331778985840388119, 13.45157825434910137, 20.73686247864248955 ) ) ;
#1370 = DIRECTION ( 'NONE',  ( -0.000000000000000000, 1.000000000000000000, 0.000000000000000000 ) ) ;
#1371 = DIRECTION ( 'NONE',  ( 1.000000000000000000, 0.000000000000000000, 0.000000000000000000 ) ) ;
#1372 = ORIENTED_EDGE ( 'NONE', *, *, #3614, .F. ) ;
#1373 = DIRECTION ( 'NONE',  ( 0.000000000000000000, 0.000000000000000000, 1.000000000000000000 ) ) ;
#1374 = VERTEX_POINT ( 'NONE', #2174 ) ;
#1375 = ORIENTED_EDGE ( 'NONE', *, *, #2801, .F. ) ;
#1376 = VERTEX_POINT ( 'NONE', #4211 ) ;
#1377 = EDGE_CURVE ( 'NONE', #3717, #4275, #3554, .T. ) ;
#1378 = CARTESIAN_POINT ( 'NONE',  ( 66.89549631737178004, 28.86500050710740339, 26.00000000000000355 ) ) ;
#1379 = EDGE_CURVE ( 'NONE', #1399, #538, #1337, .T. ) ;
#1380 = ORIENTED_EDGE ( 'NONE', *, *, #2798, .T. ) ;
#1381 = FACE_OUTER_BOUND ( 'NONE', #4039, .T. ) ;
#1382 = AXIS2_PLACEMENT_3D ( 'NONE', #2039, #1017, #1387 ) ;
#1383 = VECTOR ( 'NONE', #4249, 1000.000000000000000 ) ;
#1384 = EDGE_CURVE ( 'NONE', #1801, #3280, #1202, .T. ) ;
#1385 = AXIS2_PLACEMENT_3D ( 'NONE', #414, #108, #808 ) ;
#1386 = CARTESIAN_POINT ( 'NONE',  ( 54.99999999999995026, -20.20000000000000284, 10.00000000000000000 ) ) ;
#1387 = DIRECTION ( 'NONE',  ( 0.000000000000000000, 0.000000000000000000, 1.000000000000000000 ) ) ;
#1388 = ORIENTED_EDGE ( 'NONE', *, *, #2918, .F. ) ;
#1389 = EDGE_CURVE ( 'NONE', #4120, #4030, #4173, .T. ) ;
#1390 = CARTESIAN_POINT ( 'NONE',  ( 35.98689035511066692, -28.16835051751066743, 1.566564030102953753 ) ) ;
#1391 = CARTESIAN_POINT ( 'NONE',  ( 0.07886198049843502755, 12.00000000000000178, 20.93984480851684538 ) ) ;
#1392 = EDGE_CURVE ( 'NONE', #1227, #3294, #364, .T. ) ;
#1393 = EDGE_CURVE ( 'NONE', #2770, #100, #2998, .T. ) ;
#1394 = CARTESIAN_POINT ( 'NONE',  ( 62.09703439666034797, 24.85870469521672632, 26.00000000000000355 ) ) ;
#1395 = AXIS2_PLACEMENT_3D ( 'NONE', #1386, #1952, #2016 ) ;
#1396 = CYLINDRICAL_SURFACE ( 'NONE', #654, 2.000000000000000000 ) ;
#1397 = EDGE_CURVE ( 'NONE', #1877, #1757, #703, .T. ) ;
#1398 = ORIENTED_EDGE ( 'NONE', *, *, #4226, .F. ) ;
#1399 = VERTEX_POINT ( 'NONE', #2309 ) ;
#1400 = EDGE_LOOP ( 'NONE', ( #2970, #3849, #3931, #350 ) ) ;
#1401 = VERTEX_POINT ( 'NONE', #1672 ) ;
#1402 = EDGE_CURVE ( 'NONE', #3307, #3247, #689, .T. ) ;
#1403 = ORIENTED_EDGE ( 'NONE', *, *, #1951, .F. ) ;
#1404 = DIRECTION ( 'NONE',  ( -1.000000000000000000, 0.000000000000000000, 0.000000000000000000 ) ) ;
#1405 = EDGE_CURVE ( 'NONE', #3945, #3372, #557, .T. ) ;
#1406 = ORIENTED_EDGE ( 'NONE', *, *, #1260, .F. ) ;
#1407 = DIRECTION ( 'NONE',  ( 1.000000000000000000, 0.000000000000000000, 0.000000000000000000 ) ) ;
#1408 = DIRECTION ( 'NONE',  ( 1.000000000000000000, 0.000000000000000000, -0.000000000000000000 ) ) ;
#1409 = LINE ( 'NONE', #4044, #4233 ) ;
#1410 = DIRECTION ( 'NONE',  ( 1.000000000000000000, 0.000000000000000000, -0.000000000000000000 ) ) ;
#1411 = ORIENTED_EDGE ( 'NONE', *, *, #4210, .F. ) ;
#1412 = CARTESIAN_POINT ( 'NONE',  ( 35.36560458714433253, -28.26776767339680774, 0.7709065582738933164 ) ) ;
#1413 = CARTESIAN_POINT ( 'NONE',  ( -0.02903943925032778650, 12.00000000000014211, 21.52075719217715388 ) ) ;
#1414 = CARTESIAN_POINT ( 'NONE',  ( 35.41421356237329121, -28.78578643762692124, 32.00000000000000000 ) ) ;
#1415 = CARTESIAN_POINT ( 'NONE',  ( 54.99999999999999289, 51.00100000000001188, 10.00000000000000000 ) ) ;
#1416 = ORIENTED_EDGE ( 'NONE', *, *, #336, .F. ) ;
#1417 = LINE ( 'NONE', #2129, #3963 ) ;
#1418 = ORIENTED_EDGE ( 'NONE', *, *, #2615, .T. ) ;
#1419 = VERTEX_POINT ( 'NONE', #1285 ) ;
#1420 = CARTESIAN_POINT ( 'NONE',  ( 16.41421356237360385, -34.61421356237335800, 2.000000000000001776 ) ) ;
#1421 = ORIENTED_EDGE ( 'NONE', *, *, #113, .F. ) ;
#1422 = DIRECTION ( 'NONE',  ( -1.000000000000000000, 0.000000000000000000, 0.000000000000000000 ) ) ;
#1423 = DIRECTION ( 'NONE',  ( -0.000000000000000000, -1.000000000000000000, -0.000000000000000000 ) ) ;
#1424 = FACE_BOUND ( 'NONE', #1029, .T. ) ;
#1425 = EDGE_LOOP ( 'NONE', ( #238, #1965, #1955, #785 ) ) ;
#1426 = LINE ( 'NONE', #1518, #2272 ) ;
#1427 = CARTESIAN_POINT ( 'NONE',  ( 0.04834708764905457784, 13.44518354233370516, 21.76618148083036175 ) ) ;
#1428 = AXIS2_PLACEMENT_3D ( 'NONE', #2841, #2520, #3840 ) ;
#1429 = AXIS2_PLACEMENT_3D ( 'NONE', #4246, #1278, #3290 ) ;
#1430 = CARTESIAN_POINT ( 'NONE',  ( 17.49999999999999645, 17.00000000000000355, 20.00000000000000000 ) ) ;
#1431 = AXIS2_PLACEMENT_3D ( 'NONE', #2711, #4027, #637 ) ;
#1432 = LINE ( 'NONE', #143, #2339 ) ;
#1433 = EDGE_LOOP ( 'NONE', ( #1681, #2506, #3593, #450, #3746, #3158 ) ) ;
#1434 = VERTEX_POINT ( 'NONE', #4277 ) ;
#1435 = EDGE_LOOP ( 'NONE', ( #2488, #131, #1896, #3181 ) ) ;
#1436 = EDGE_CURVE ( 'NONE', #4064, #738, #423, .T. ) ;
#1437 = ORIENTED_EDGE ( 'NONE', *, *, #2976, .T. ) ;
#1438 = LINE ( 'NONE', #4101, #3807 ) ;
#1439 = CIRCLE ( 'NONE', #4216, 6.999999999999987566 ) ;
#1440 = ORIENTED_EDGE ( 'NONE', *, *, #2110, .T. ) ;
#1441 = CIRCLE ( 'NONE', #1032, 2.000000000000000000 ) ;
#1442 = DIRECTION ( 'NONE',  ( -1.000000000000000000, 0.000000000000000000, 0.000000000000000000 ) ) ;
#1443 = LINE ( 'NONE', #2772, #3823 ) ;
#1444 = EDGE_CURVE ( 'NONE', #3717, #4076, #4252, .T. ) ;
#1445 = EDGE_CURVE ( 'NONE', #1357, #3271, #1956, .T. ) ;
#1446 = FACE_OUTER_BOUND ( 'NONE', #2621, .T. ) ;
#1447 = FACE_OUTER_BOUND ( 'NONE', #3243, .T. ) ;
#1448 = ORIENTED_EDGE ( 'NONE', *, *, #669, .F. ) ;
#1449 = DIRECTION ( 'NONE',  ( 1.000000000000000000, 0.000000000000000000, 0.000000000000000000 ) ) ;
#1450 = AXIS2_PLACEMENT_3D ( 'NONE', #531, #2147, #1866 ) ;
#1451 = ADVANCED_FACE ( 'NONE', ( #3344 ), #1347, .F. ) ;
#1452 = CARTESIAN_POINT ( 'NONE',  ( -1.476448893258599737, 12.00000000000000000, 21.54005217563203090 ) ) ;
#1453 = ADVANCED_FACE ( 'NONE', ( #1976 ), #3322, .F. ) ;
#1454 = EDGE_CURVE ( 'NONE', #2619, #494, #2444, .T. ) ;
#1455 = FACE_BOUND ( 'NONE', #3114, .T. ) ;
#1456 = LINE ( 'NONE', #3493, #2685 ) ;
#1457 = ORIENTED_EDGE ( 'NONE', *, *, #2845, .T. ) ;
#1458 = ORIENTED_EDGE ( 'NONE', *, *, #2366, .F. ) ;
#1459 = VECTOR ( 'NONE', #1749, 1000.000000000000000 ) ;
#1460 = ORIENTED_EDGE ( 'NONE', *, *, #1444, .T. ) ;
#1461 = B_SPLINE_CURVE_WITH_KNOTS ( 'NONE', 3,
 ( #1994, #3660, #2369, #3314, #1706, #684, #2014, #990, #3338, #3704 ),
 .UNSPECIFIED., .F., .F.,
 ( 4, 2, 2, 2, 4 ),
 ( -7.745966722091750844E-06, 0.0007520060051261652761, 0.001511757976974422444, 0.002271509948822679394, 0.003031261920670936562 ),
 .UNSPECIFIED. ) ;
#1462 = VERTEX_POINT ( 'NONE', #2264 ) ;
#1463 = ORIENTED_EDGE ( 'NONE', *, *, #901, .T. ) ;
#1464 = SPHERICAL_SURFACE ( 'NONE', #1385, 2.000000000000000000 ) ;
#1465 = CIRCLE ( 'NONE', #3134, 2.500000000000000444 ) ;
#1466 = EDGE_LOOP ( 'NONE', ( #287, #176, #4072, #1132 ) ) ;
#1467 = EDGE_CURVE ( 'NONE', #3412, #3777, #3970, .T. ) ;
#1468 = LINE ( 'NONE', #4042, #3032 ) ;
#1469 = EDGE_CURVE ( 'NONE', #1687, #4076, #1614, .T. ) ;
#1470 = CARTESIAN_POINT ( 'NONE',  ( 1.530012009609615919, 13.50000000000000355, 20.00000000000000000 ) ) ;
#1471 = CIRCLE ( 'NONE', #2028, 6.999999999999987566 ) ;
#1472 = FACE_OUTER_BOUND ( 'NONE', #260, .T. ) ;
#1473 = CARTESIAN_POINT ( 'NONE',  ( 39.00000000000000000, -3.881197846482990599, 26.00000000000000355 ) ) ;
#1474 = VERTEX_POINT ( 'NONE', #4234 ) ;
#1475 = CARTESIAN_POINT ( 'NONE',  ( -7.685786437626876300, -7.685786437626956236, 0.000000000000000000 ) ) ;
#1476 = CARTESIAN_POINT ( 'NONE',  ( -0.2414714297361221229, 12.00000000000000000, 23.94376408560436076 ) ) ;
#1477 = EDGE_CURVE ( 'NONE', #627, #538, #3298, .T. ) ;
#1478 = DIRECTION ( 'NONE',  ( 1.000000000000000000, 4.082155997157842586E-17, -0.000000000000000000 ) ) ;
#1479 = CARTESIAN_POINT ( 'NONE',  ( 11.08264261552286634, 20.86503037630410162, 26.00000000000000355 ) ) ;
#1480 = EDGE_LOOP ( 'NONE', ( #2182, #1160, #2807, #745 ) ) ;
#1481 = LINE ( 'NONE', #1501, #1884 ) ;
#1482 = CARTESIAN_POINT ( 'NONE',  ( 39.00000000000000000, 11.99999999999999822, 21.50000000000000000 ) ) ;
#1483 = VERTEX_POINT ( 'NONE', #3987 ) ;
#1484 = ORIENTED_EDGE ( 'NONE', *, *, #1892, .F. ) ;
#1485 = ORIENTED_EDGE ( 'NONE', *, *, #102, .F. ) ;
#1486 = CARTESIAN_POINT ( 'NONE',  ( 36.82842712474640479, -28.19999999999999929, 32.00000000000000000 ) ) ;
#1487 = ORIENTED_EDGE ( 'NONE', *, *, #2877, .F. ) ;
#1488 = EDGE_CURVE ( 'NONE', #4152, #4275, #3906, .T. ) ;
#1489 = DIRECTION ( 'NONE',  ( 0.000000000000000000, 0.000000000000000000, 1.000000000000000000 ) ) ;
#1490 = CIRCLE ( 'NONE', #373, 2.550000000000000266 ) ;
#1491 = CARTESIAN_POINT ( 'NONE',  ( 38.99999999999998579, 49.11880215351699519, 26.00000000000000355 ) ) ;
#1492 = DIRECTION ( 'NONE',  ( 3.469446951953614189E-16, -1.000000000000000000, 0.000000000000000000 ) ) ;
#1493 = FACE_BOUND ( 'NONE', #2682, .T. ) ;
#1494 = CARTESIAN_POINT ( 'NONE',  ( 34.99999999999998579, 46.80940107675847628, 26.00000000000000355 ) ) ;
#1495 = ADVANCED_FACE ( 'NONE', ( #2971 ), #997, .T. ) ;
#1496 = CARTESIAN_POINT ( 'NONE',  ( 79.27425048764065707, 11.99999999999999645, 20.41626683279617538 ) ) ;
#1497 = AXIS2_PLACEMENT_3D ( 'NONE', #2897, #2551, #2574 ) ;
#1498 = DIRECTION ( 'NONE',  ( -0.000000000000000000, 1.000000000000000000, -0.000000000000000000 ) ) ;
#1499 = DIRECTION ( 'NONE',  ( -0.000000000000000000, 1.000000000000000000, -0.000000000000000000 ) ) ;
#1500 = LINE ( 'NONE', #1846, #2450 ) ;
#1501 = CARTESIAN_POINT ( 'NONE',  ( 78.00000000000000000, 9.552245033349355756E-15, 0.000000000000000000 ) ) ;
#1502 = EDGE_CURVE ( 'NONE', #627, #1031, #1471, .T. ) ;
#1503 = CIRCLE ( 'NONE', #3923, 39.00000000000000000 ) ;
#1504 = AXIS2_PLACEMENT_3D ( 'NONE', #552, #2910, #1628 ) ;
#1505 = CARTESIAN_POINT ( 'NONE',  ( 68.00000000000000000, 11.99999999999999645, 1.500000000000001332 ) ) ;
#1506 = ORIENTED_EDGE ( 'NONE', *, *, #4135, .T. ) ;
#1507 = ORIENTED_EDGE ( 'NONE', *, *, #1379, .T. ) ;
#1508 = ORIENTED_EDGE ( 'NONE', *, *, #92, .T. ) ;
#1509 = LINE ( 'NONE', #3847, #674 ) ;
#1510 = DIRECTION ( 'NONE',  ( 1.000000000000000000, 0.000000000000000000, 0.000000000000000000 ) ) ;
#1511 = EDGE_LOOP ( 'NONE', ( #1331, #4215, #2548, #172, #870, #116 ) ) ;
#1512 = EDGE_CURVE ( 'NONE', #1376, #3801, #2164, .T. ) ;
#1513 = CARTESIAN_POINT ( 'NONE',  ( 17.57071421427141544, 13.49999999999999467, 3.000000000000009770 ) ) ;
#1514 = PLANE ( 'NONE',  #3551 ) ;
#1515 = ADVANCED_FACE ( 'NONE', ( #815 ), #1118, .F. ) ;
#1516 = CARTESIAN_POINT ( 'NONE',  ( 71.00000000000000000, 13.49999999999996625, 10.00000000000000000 ) ) ;
#1517 = DIRECTION ( 'NONE',  ( 0.002732633388169150839, 0.9999962663504128324, -0.000000000000000000 ) ) ;
#1518 = CARTESIAN_POINT ( 'NONE',  ( 3.943362693254477766E-15, -20.19999999999999929, 20.00000000000000000 ) ) ;
#1519 = CARTESIAN_POINT ( 'NONE',  ( 0.2131875019164169438, 13.45088100210596771, 22.22817961074141735 ) ) ;
#1520 = DIRECTION ( 'NONE',  ( -0.7071067811865398012, -0.7071067811865552333, 0.000000000000000000 ) ) ;
#1521 = PLANE ( 'NONE',  #539 ) ;
#1522 = DIRECTION ( 'NONE',  ( -1.000000000000000000, -1.272130549049658483E-14, -0.000000000000000000 ) ) ;
#1523 = VECTOR ( 'NONE', #3983, 1000.000000000000000 ) ;
#1524 = EDGE_CURVE ( 'NONE', #751, #1787, #3741, .T. ) ;
#1525 = CARTESIAN_POINT ( 'NONE',  ( 34.99999999999998579, -10.80940107675847806, 26.00000000000000355 ) ) ;
#1526 = DIRECTION ( 'NONE',  ( -0.000000000000000000, -0.000000000000000000, -1.000000000000000000 ) ) ;
#1527 = ADVANCED_FACE ( 'NONE', ( #1144, #2469 ), #3808, .T. ) ;
#1528 = LINE ( 'NONE', #4166, #2476 ) ;
#1529 = EDGE_CURVE ( 'NONE', #4079, #3, #835, .T. ) ;
#1530 = ORIENTED_EDGE ( 'NONE', *, *, #3456, .F. ) ;
#1531 = VERTEX_POINT ( 'NONE', #1166 ) ;
#1532 = ORIENTED_EDGE ( 'NONE', *, *, #2883, .T. ) ;
#1533 = DIRECTION ( 'NONE',  ( -0.000000000000000000, -0.000000000000000000, -1.000000000000000000 ) ) ;
#1534 = CARTESIAN_POINT ( 'NONE',  ( 16.41421356237360385, -34.61421356237335800, 32.00000000000000000 ) ) ;
#1535 = AXIS2_PLACEMENT_3D ( 'NONE', #2189, #3920, #1843 ) ;
#1536 = EDGE_CURVE ( 'NONE', #1982, #1007, #3145, .T. ) ;
#1537 = ORIENTED_EDGE ( 'NONE', *, *, #3037, .F. ) ;
#1538 = CYLINDRICAL_SURFACE ( 'NONE', #2819, 2.550000000000000266 ) ;
#1539 = AXIS2_PLACEMENT_3D ( 'NONE', #1516, #2834, #903 ) ;
#1540 = DIRECTION ( 'NONE',  ( 0.4999999999999977240, -0.8660254037844399289, 0.000000000000000000 ) ) ;
#1541 = DIRECTION ( 'NONE',  ( -0.000000000000000000, -0.000000000000000000, -1.000000000000000000 ) ) ;
#1542 = CARTESIAN_POINT ( 'NONE',  ( 71.00000000000001421, 14.99999999999999645, 16.99999999999997868 ) ) ;
#1543 = CARTESIAN_POINT ( 'NONE',  ( 60.17157287525379417, -35.20000000000000284, 32.00000000000000000 ) ) ;
#1544 = CARTESIAN_POINT ( 'NONE',  ( -0.9258948418734832542, 12.00000000000000000, 23.23329339172241603 ) ) ;
#1545 = VECTOR ( 'NONE', #1977, 999.9999999999998863 ) ;
#1546 = DIRECTION ( 'NONE',  ( -0.000000000000000000, -0.000000000000000000, -1.000000000000000000 ) ) ;
#1547 = PLANE ( 'NONE',  #4151 ) ;
#1548 = DIRECTION ( 'NONE',  ( -1.000000000000000000, 0.000000000000000000, 0.000000000000000000 ) ) ;
#1549 = LINE ( 'NONE', #491, #774 ) ;
#1550 = AXIS2_PLACEMENT_3D ( 'NONE', #3494, #234, #209 ) ;
#1551 = DIRECTION ( 'NONE',  ( 0.000000000000000000, 0.000000000000000000, 1.000000000000000000 ) ) ;
#1552 = LINE ( 'NONE', #1505, #269 ) ;
#1553 = ORIENTED_EDGE ( 'NONE', *, *, #760, .F. ) ;
#1554 = ORIENTED_EDGE ( 'NONE', *, *, #3827, .T. ) ;
#1555 = VERTEX_POINT ( 'NONE', #2116 ) ;
#1556 = CARTESIAN_POINT ( 'NONE',  ( 79.30327134322696736, 11.99999999999999645, 22.50568740247152277 ) ) ;
#1557 = DIRECTION ( 'NONE',  ( 0.000000000000000000, 0.000000000000000000, 1.000000000000000000 ) ) ;
#1558 = VERTEX_POINT ( 'NONE', #1189 ) ;
#1559 = DIRECTION ( 'NONE',  ( -0.000000000000000000, -0.000000000000000000, -1.000000000000000000 ) ) ;
#1560 = DIRECTION ( 'NONE',  ( -0.8673884870431320948, 0.4976316032418220958, 0.000000000000000000 ) ) ;
#1561 = DIRECTION ( 'NONE',  ( 0.4976316032418219848, 0.8673884870431322058, 0.000000000000000000 ) ) ;
#1562 = CARTESIAN_POINT ( 'NONE',  ( 39.00000000000000000, 44.50000000000000000, 26.00000000000000355 ) ) ;
#1563 = CARTESIAN_POINT ( 'NONE',  ( 77.25508890493473757, 13.46989198888956274, 20.21018507874023484 ) ) ;
#1564 = DIRECTION ( 'NONE',  ( 0.4976316032418209856, -0.8673884870431327609, 0.000000000000000000 ) ) ;
#1565 = CARTESIAN_POINT ( 'NONE',  ( -4.898587196589411843E-16, 12.00000000000000000, 32.00000000000000000 ) ) ;
#1566 = CARTESIAN_POINT ( 'NONE',  ( 78.00000000000001421, 12.19688719891862583, 23.13351496484532177 ) ) ;
#1567 = PLANE ( 'NONE',  #3962 ) ;
#1568 = LINE ( 'NONE', #2483, #2650 ) ;
#1569 = FACE_OUTER_BOUND ( 'NONE', #3644, .T. ) ;
#1570 = EDGE_LOOP ( 'NONE', ( #1722, #1034, #2275, #33, #2576, #2331 ) ) ;
#1571 = ORIENTED_EDGE ( 'NONE', *, *, #3570, .F. ) ;
#1572 = CARTESIAN_POINT ( 'NONE',  ( 77.96350685670961411, 11.99999999999999645, 21.93990123828482197 ) ) ;
#1573 = CARTESIAN_POINT ( 'NONE',  ( 35.17157287525400733, -26.20000000000000284, 0.000000000000000000 ) ) ;
#1574 = VECTOR ( 'NONE', #2377, 1000.000000000000000 ) ;
#1575 = AXIS2_PLACEMENT_3D ( 'NONE', #1998, #2325, #1044 ) ;
#1576 = EDGE_CURVE ( 'NONE', #1732, #3910, #2786, .T. ) ;
#1577 = ORIENTED_EDGE ( 'NONE', *, *, #4226, .T. ) ;
#1578 = VECTOR ( 'NONE', #724, 1000.000000000000000 ) ;
#1579 = ORIENTED_EDGE ( 'NONE', *, *, #1384, .F. ) ;
#1580 = LINE ( 'NONE', #2183, #521 ) ;
#1581 = VECTOR ( 'NONE', #2796, 1000.000000000000000 ) ;
#1582 = DIRECTION ( 'NONE',  ( 1.214306433183763862E-14, -1.000000000000000000, 0.000000000000000000 ) ) ;
#1583 = ADVANCED_FACE ( 'NONE', ( #2513 ), #2137, .F. ) ;
#1584 = CYLINDRICAL_SURFACE ( 'NONE', #2578, 2.000000000000001776 ) ;
#1585 = DIRECTION ( 'NONE',  ( 1.000000000000000000, 0.000000000000000000, 0.000000000000000000 ) ) ;
#1586 = ADVANCED_FACE ( 'NONE', ( #2812 ), #4154, .T. ) ;
#1587 = ADVANCED_FACE ( 'NONE', ( #156, #4084 ), #1514, .T. ) ;
#1588 = DIRECTION ( 'NONE',  ( 0.000000000000000000, 0.000000000000000000, 1.000000000000000000 ) ) ;
#1589 = DIRECTION ( 'NONE',  ( -0.000000000000000000, -0.000000000000000000, -1.000000000000000000 ) ) ;
#1590 = CYLINDRICAL_SURFACE ( 'NONE', #1504, 2.000000000000001776 ) ;
#1591 = VECTOR ( 'NONE', #628, 1000.000000000000000 ) ;
#1592 = EDGE_CURVE ( 'NONE', #2464, #848, #3442, .T. ) ;
#1593 = CARTESIAN_POINT ( 'NONE',  ( 41.17157287525374443, -28.19999999999999929, 32.00000000000000000 ) ) ;
#1594 = EDGE_CURVE ( 'NONE', #2290, #3950, #438, .T. ) ;
#1595 = CARTESIAN_POINT ( 'NONE',  ( 41.81021277877160713, -27.42909344172555564, 0.4006663169793703294 ) ) ;
#1596 = CIRCLE ( 'NONE', #2074, 2.499999999999995115 ) ;
#1597 = VERTEX_POINT ( 'NONE', #1790 ) ;
#1598 = AXIS2_PLACEMENT_3D ( 'NONE', #3858, #444, #885 ) ;
#1599 = EDGE_LOOP ( 'NONE', ( #3370, #3775, #1372 ) ) ;
#1600 = CARTESIAN_POINT ( 'NONE',  ( 77.48751998611342628, 13.46145446637819099, 22.61631045272631013 ) ) ;
#1601 = CARTESIAN_POINT ( 'NONE',  ( 64.00000000000000000, 16.99999999999999645, 18.50000000000000000 ) ) ;
#1602 = VECTOR ( 'NONE', #3635, 1000.000000000000000 ) ;
#1603 = ORIENTED_EDGE ( 'NONE', *, *, #3246, .F. ) ;
#1604 = ORIENTED_EDGE ( 'NONE', *, *, #4069, .T. ) ;
#1605 = ORIENTED_EDGE ( 'NONE', *, *, #3742, .T. ) ;
#1606 = DIRECTION ( 'NONE',  ( -1.000000000000000000, 0.000000000000000000, 0.000000000000000000 ) ) ;
#1607 = CARTESIAN_POINT ( 'NONE',  ( 78.00000000000000000, 11.99999999999999645, 20.00000000000000000 ) ) ;
#1608 = CARTESIAN_POINT ( 'NONE',  ( 41.50000000000000000, 44.50000000000000000, 32.00000000000000000 ) ) ;
#1609 = FACE_OUTER_BOUND ( 'NONE', #1720, .T. ) ;
#1610 = CARTESIAN_POINT ( 'NONE',  ( 62.27671140884352496, 28.85237901412935102, 26.00000000000000355 ) ) ;
#1611 = CARTESIAN_POINT ( 'NONE',  ( 76.73948210906108613, 11.99999999999999289, 18.50000000000000355 ) ) ;
#1612 = CARTESIAN_POINT ( 'NONE',  ( 14.00000000000000000, 12.00000000000000533, 0.000000000000000000 ) ) ;
#1613 = CARTESIAN_POINT ( 'NONE',  ( 48.99999999999994316, -35.19999999999999574, 2.000000000000001776 ) ) ;
#1614 = CIRCLE ( 'NONE', #1199, 5.000000000000000888 ) ;
#1615 = ORIENTED_EDGE ( 'NONE', *, *, #3326, .F. ) ;
#1616 = DIRECTION ( 'NONE',  ( -5.782411586589358625E-16, -1.000000000000000000, 0.000000000000000000 ) ) ;
#1617 = CARTESIAN_POINT ( 'NONE',  ( 64.00000000000000000, 16.99999999999999645, 20.00000000000000000 ) ) ;
#1618 = VERTEX_POINT ( 'NONE', #1470 ) ;
#1619 = ORIENTED_EDGE ( 'NONE', *, *, #1384, .T. ) ;
#1620 = VERTEX_POINT ( 'NONE', #3832 ) ;
#1621 = DIRECTION ( 'NONE',  ( -1.000000000000000000, 0.000000000000000000, 0.000000000000000000 ) ) ;
#1622 = DIRECTION ( 'NONE',  ( -0.000000000000000000, -0.000000000000000000, -1.000000000000000000 ) ) ;
#1623 = DIRECTION ( 'NONE',  ( 1.502314598737158045E-15, -1.000000000000000000, 0.000000000000000000 ) ) ;
#1624 = DIRECTION ( 'NONE',  ( 1.376776836308515076E-16, -1.000000000000000000, 0.000000000000000000 ) ) ;
#1625 = DIRECTION ( 'NONE',  ( 0.4976316032418220958, 0.8673884870431320948, -0.000000000000000000 ) ) ;
#1626 = ORIENTED_EDGE ( 'NONE', *, *, #102, .T. ) ;
#1627 = EDGE_CURVE ( 'NONE', #1309, #1269, #854, .T. ) ;
#1628 = DIRECTION ( 'NONE',  ( -1.000000000000000000, 0.000000000000000000, 0.000000000000000000 ) ) ;
#1629 = ORIENTED_EDGE ( 'NONE', *, *, #2477, .F. ) ;
#1630 = CARTESIAN_POINT ( 'NONE',  ( 64.59703439666034797, 24.85870469521672632, 32.00000000000000000 ) ) ;
#1631 = DIRECTION ( 'NONE',  ( -1.000000000000000000, 0.000000000000000000, 0.000000000000000000 ) ) ;
#1632 = DIRECTION ( 'NONE',  ( -1.000000000000000000, 0.000000000000000000, 0.000000000000000000 ) ) ;
#1633 = EDGE_CURVE ( 'NONE', #2290, #4007, #1098, .T. ) ;
#1634 = VERTEX_POINT ( 'NONE', #1368 ) ;
#1635 = CARTESIAN_POINT ( 'NONE',  ( 67.09703439666033375, 24.85870469521672632, 32.00000000000000000 ) ) ;
#1636 = ORIENTED_EDGE ( 'NONE', *, *, #3836, .T. ) ;
#1637 = ORIENTED_EDGE ( 'NONE', *, *, #527, .F. ) ;
#1638 = ORIENTED_EDGE ( 'NONE', *, *, #554, .T. ) ;
#1639 = DIRECTION ( 'NONE',  ( -0.000000000000000000, -0.000000000000000000, 1.000000000000000000 ) ) ;
#1640 = AXIS2_PLACEMENT_3D ( 'NONE', #2282, #2584, #3905 ) ;
#1641 = EDGE_CURVE ( 'NONE', #3633, #2464, #1443, .T. ) ;
#1642 = AXIS2_PLACEMENT_3D ( 'NONE', #3439, #1142, #1764 ) ;
#1643 = PLANE ( 'NONE',  #346 ) ;
#1644 = LINE ( 'NONE', #706, #2341 ) ;
#1645 = CARTESIAN_POINT ( 'NONE',  ( 39.00000000000000000, -8.500000000000003553, 32.00000000000000000 ) ) ;
#1646 = CARTESIAN_POINT ( 'NONE',  ( 39.00000000000000000, 11.99999999999999822, 20.00000000000000000 ) ) ;
#1647 = ORIENTED_EDGE ( 'NONE', *, *, #620, .F. ) ;
#1648 = CARTESIAN_POINT ( 'NONE',  ( 17.82842712474669966, -33.20000000000025864, 2.000000000000000000 ) ) ;
#1649 = ORIENTED_EDGE ( 'NONE', *, *, #747, .T. ) ;
#1650 =( BOUNDED_CURVE ( )  B_SPLINE_CURVE ( 3, ( #182, #2794, #4087, #3810 ),
 .UNSPECIFIED., .F., .F. ) 
 B_SPLINE_CURVE_WITH_KNOTS ( ( 4, 4 ),
 ( -8.881784197001252323E-16, 1.570796326794896558 ),
 .UNSPECIFIED. ) 
 CURVE ( )  GEOMETRIC_REPRESENTATION_ITEM ( )  RATIONAL_B_SPLINE_CURVE ( ( 1.000000000000000000, 0.8047378541243648264, 0.8047378541243648264, 1.000000000000000000 ) ) 
 REPRESENTATION_ITEM ( '' )  );
#1651 = DIRECTION ( 'NONE',  ( -0.000000000000000000, -0.000000000000000000, -1.000000000000000000 ) ) ;
#1652 = CARTESIAN_POINT ( 'NONE',  ( 42.00000000000353850, -28.20000000000181473, 1.783723104300987350 ) ) ;
#1653 = FACE_OUTER_BOUND ( 'NONE', #2789, .T. ) ;
#1654 = EDGE_CURVE ( 'NONE', #1018, #1090, #3021, .T. ) ;
#1655 = LINE ( 'NONE', #2739, #3096 ) ;
#1656 = EDGE_LOOP ( 'NONE', ( #2658, #2915, #3698, #1854 ) ) ;
#1657 = CARTESIAN_POINT ( 'NONE',  ( 38.99999999999998579, 49.11880215351699519, 26.00000000000000355 ) ) ;
#1658 = ORIENTED_EDGE ( 'NONE', *, *, #1592, .T. ) ;
#1659 = EDGE_LOOP ( 'NONE', ( #2447, #456, #371, #1807, #473, #3144, #4175, #3003, #3978, #3800, #2008, #720, #1712, #315, #915, #2740, #4240, #1508 ) ) ;
#1660 = AXIS2_PLACEMENT_3D ( 'NONE', #2628, #926, #2240 ) ;
#1661 = EDGE_LOOP ( 'NONE', ( #451, #24, #1830, #2505 ) ) ;
#1662 = PLANE ( 'NONE',  #3260 ) ;
#1663 = EDGE_CURVE ( 'NONE', #869, #4152, #2376, .T. ) ;
#1664 = CARTESIAN_POINT ( 'NONE',  ( 72.58578643762679405, -23.61421356237309155, 20.00000000000000000 ) ) ;
#1665 = CIRCLE ( 'NONE', #2502, 1.500000000000000000 ) ;
#1666 = CARTESIAN_POINT ( 'NONE',  ( 15.70142752405111608, 20.85240888332604925, 20.00000000000000000 ) ) ;
#1667 = CARTESIAN_POINT ( 'NONE',  ( 39.00000000000000000, 39.88119784648299060, 26.00000000000000355 ) ) ;
#1668 = VERTEX_POINT ( 'NONE', #366 ) ;
#1669 = CARTESIAN_POINT ( 'NONE',  ( 35.92498752273793627, -28.01890386004532374, 1.124800290106942269 ) ) ;
#1670 = EDGE_LOOP ( 'NONE', ( #2486, #2635, #1418, #934 ) ) ;
#1671 = VECTOR ( 'NONE', #2514, 1000.000000000000114 ) ;
#1672 = CARTESIAN_POINT ( 'NONE',  ( 14.00000000000000000, 12.00000000000000533, 18.50000000000000000 ) ) ;
#1673 = CARTESIAN_POINT ( 'NONE',  ( 60.00239929793272609, 13.93551132852944718, 16.56448867147049953 ) ) ;
#1674 = DIRECTION ( 'NONE',  ( 0.000000000000000000, -0.000000000000000000, 1.000000000000000000 ) ) ;
#1675 = DIRECTION ( 'NONE',  ( 1.000000000000000000, 0.000000000000000000, 0.000000000000000000 ) ) ;
#1676 = ORIENTED_EDGE ( 'NONE', *, *, #3482, .T. ) ;
#1677 = CARTESIAN_POINT ( 'NONE',  ( 78.00000000000000000, -28.19999999999999929, 32.00000000000000000 ) ) ;
#1678 = VECTOR ( 'NONE', #4014, 1000.000000000000000 ) ;
#1679 = ORIENTED_EDGE ( 'NONE', *, *, #1663, .F. ) ;
#1680 = ORIENTED_EDGE ( 'NONE', *, *, #1981, .F. ) ;
#1681 = ORIENTED_EDGE ( 'NONE', *, *, #3252, .F. ) ;
#1682 = CARTESIAN_POINT ( 'NONE',  ( 39.00000000000000000, 18.00000000000000000, 11.00000000000000178 ) ) ;
#1683 = FACE_OUTER_BOUND ( 'NONE', #2400, .T. ) ;
#1684 = CARTESIAN_POINT ( 'NONE',  ( 59.66135944092752652, 14.44107438757757045, 3.941074387577612637 ) ) ;
#1685 = CARTESIAN_POINT ( 'NONE',  ( 6.828427124746309751, -22.19999999999999574, 2.000000000000001776 ) ) ;
#1686 = CARTESIAN_POINT ( 'NONE',  ( 19.00000000000000000, 17.00000000000000355, 20.00000000000000000 ) ) ;
#1687 = VERTEX_POINT ( 'NONE', #2675 ) ;
#1688 = CARTESIAN_POINT ( 'NONE',  ( 35.17157287525400733, -26.20000000000000284, 8.673617379884035472E-16 ) ) ;
#1689 = DIRECTION ( 'NONE',  ( -0.000000000000000000, 1.000000000000000000, -0.000000000000000000 ) ) ;
#1690 = CARTESIAN_POINT ( 'NONE',  ( 0.7449110950663222486, 13.46989198888987715, 20.21018507873941772 ) ) ;
#1691 = CARTESIAN_POINT ( 'NONE',  ( 13.40296560333966802, 24.85870469521672632, 26.00000000000000355 ) ) ;
#1692 = VECTOR ( 'NONE', #393, 1000.000000000000000 ) ;
#1693 = CARTESIAN_POINT ( 'NONE',  ( 1.530012009609615919, 13.50000000000000000, 18.50000000000000355 ) ) ;
#1694 = ORIENTED_EDGE ( 'NONE', *, *, #3043, .F. ) ;
#1695 = FACE_OUTER_BOUND ( 'NONE', #2490, .T. ) ;
#1696 = EDGE_CURVE ( 'NONE', #2940, #2423, #2738, .T. ) ;
#1697 = VERTEX_POINT ( 'NONE', #3409 ) ;
#1698 = ORIENTED_EDGE ( 'NONE', *, *, #403, .T. ) ;
#1699 = ORIENTED_EDGE ( 'NONE', *, *, #203, .F. ) ;
#1700 = EDGE_CURVE ( 'NONE', #1233, #3372, #1959, .T. ) ;
#1701 = LINE ( 'NONE', #2320, #3465 ) ;
#1702 = VECTOR ( 'NONE', #283, 1000.000000000000000 ) ;
#1703 = EDGE_CURVE ( 'NONE', #2784, #540, #3618, .T. ) ;
#1704 = ORIENTED_EDGE ( 'NONE', *, *, #1981, .T. ) ;
#1705 = FACE_OUTER_BOUND ( 'NONE', #2871, .T. ) ;
#1706 = CARTESIAN_POINT ( 'NONE',  ( 0.004379366643570960400, 12.60004834617812364, 22.44549187052748707 ) ) ;
#1707 = EDGE_CURVE ( 'NONE', #715, #1762, #98, .T. ) ;
#1708 = VECTOR ( 'NONE', #2547, 1000.000000000000000 ) ;
#1709 = VECTOR ( 'NONE', #1816, 1000.000000000000000 ) ;
#1710 = DIRECTION ( 'NONE',  ( 1.000000000000000000, 0.000000000000000000, 0.000000000000000000 ) ) ;
#1711 = LINE ( 'NONE', #3641, #3669 ) ;
#1712 = ORIENTED_EDGE ( 'NONE', *, *, #810, .T. ) ;
#1713 = CARTESIAN_POINT ( 'NONE',  ( 36.49650427978713907, -27.79933368302062391, 0.7709065582744332179 ) ) ;
#1714 = CARTESIAN_POINT ( 'NONE',  ( 1.364618557523604503, 12.00000000000000178, 19.99340011887792201 ) ) ;
#1715 = CARTESIAN_POINT ( 'NONE',  ( 19.00000000000000355, 18.00000000000000355, 18.50000000000000000 ) ) ;
#1716 = DIRECTION ( 'NONE',  ( -0.000000000000000000, -0.000000000000000000, -1.000000000000000000 ) ) ;
#1717 = EDGE_CURVE ( 'NONE', #1073, #2459, #383, .T. ) ;
#1718 = EDGE_LOOP ( 'NONE', ( #3602, #411, #2373, #2709 ) ) ;
#1719 = ORIENTED_EDGE ( 'NONE', *, *, #264, .F. ) ;
#1720 = EDGE_LOOP ( 'NONE', ( #3680, #2524, #3779, #2549 ) ) ;
#1721 = EDGE_LOOP ( 'NONE', ( #63, #3437 ) ) ;
#1722 = ORIENTED_EDGE ( 'NONE', *, *, #1978, .T. ) ;
#1723 = CARTESIAN_POINT ( 'NONE',  ( 71.00000000000000000, 0.000000000000000000, 7.399999999999996803 ) ) ;
#1724 = ORIENTED_EDGE ( 'NONE', *, *, #678, .F. ) ;
#1725 = LINE ( 'NONE', #2729, #3855 ) ;
#1726 = AXIS2_PLACEMENT_3D ( 'NONE', #1837, #1517, #2860 ) ;
#1727 = PLANE ( 'NONE',  #455 ) ;
#1728 = VECTOR ( 'NONE', #3517, 1000.000000000000000 ) ;
#1729 = AXIS2_PLACEMENT_3D ( 'NONE', #1009, #1356, #651 ) ;
#1730 = DIRECTION ( 'NONE',  ( -0.5023646631085912917, 0.8646558536549622254, 0.000000000000000000 ) ) ;
#1731 = FACE_OUTER_BOUND ( 'NONE', #430, .T. ) ;
#1732 = VERTEX_POINT ( 'NONE', #1715 ) ;
#1733 = CARTESIAN_POINT ( 'NONE',  ( 35.41421356237329832, -28.78578643762692124, 2.000000000000003553 ) ) ;
#1734 = CARTESIAN_POINT ( 'NONE',  ( 1.530012009609615919, 13.50000000000000000, 20.00000000000000355 ) ) ;
#1735 = DIRECTION ( 'NONE',  ( -0.9999962663504128324, -0.002732633388169905010, -0.000000000000000000 ) ) ;
#1736 = VECTOR ( 'NONE', #1546, 1000.000000000000000 ) ;
#1737 = CARTESIAN_POINT ( 'NONE',  ( 45.00000000000001421, 18.00000000000000000, 11.00000000000000178 ) ) ;
#1738 = EDGE_LOOP ( 'NONE', ( #3452, #4019, #739, #4271 ) ) ;
#1739 = CARTESIAN_POINT ( 'NONE',  ( 66.91735738447712833, 20.86503037630410162, 20.00000000000000000 ) ) ;
#1740 = EDGE_LOOP ( 'NONE', ( #3423, #1406, #2336, #1288 ) ) ;
#1741 = ORIENTED_EDGE ( 'NONE', *, *, #1754, .T. ) ;
#1742 = DIRECTION ( 'NONE',  ( 0.000000000000000000, 0.000000000000000000, -1.000000000000000000 ) ) ;
#1743 = AXIS2_PLACEMENT_3D ( 'NONE', #3393, #1551, #911 ) ;
#1744 = VECTOR ( 'NONE', #3765, 1000.000000000000000 ) ;
#1745 = ORIENTED_EDGE ( 'NONE', *, *, #81, .F. ) ;
#1746 = DIRECTION ( 'NONE',  ( -0.4976316032418219293, -0.8673884870431322058, -0.000000000000000000 ) ) ;
#1747 = AXIS2_PLACEMENT_3D ( 'NONE', #3860, #1153, #888 ) ;
#1748 = ADVANCED_FACE ( 'NONE', ( #2719 ), #3044, .T. ) ;
#1749 = DIRECTION ( 'NONE',  ( 0.000000000000000000, -0.000000000000000000, 1.000000000000000000 ) ) ;
#1750 = CYLINDRICAL_SURFACE ( 'NONE', #1382, 2.000000000000000000 ) ;
#1751 = EDGE_LOOP ( 'NONE', ( #1923, #2252, #1332 ) ) ;
#1752 = CARTESIAN_POINT ( 'NONE',  ( 0.06676515421172229958, 13.44580680035643283, 21.10451970952966150 ) ) ;
#1753 = CARTESIAN_POINT ( 'NONE',  ( -0.003729752520397507879, 12.00000000000000355, 21.77561513907610191 ) ) ;
#1754 = EDGE_CURVE ( 'NONE', #1311, #1401, #60, .T. ) ;
#1755 = LINE ( 'NONE', #187, #801 ) ;
#1756 = ORIENTED_EDGE ( 'NONE', *, *, #2691, .F. ) ;
#1757 = VERTEX_POINT ( 'NONE', #1394 ) ;
#1758 = ORIENTED_EDGE ( 'NONE', *, *, #1318, .T. ) ;
#1759 = EDGE_CURVE ( 'NONE', #798, #2981, #3989, .T. ) ;
#1760 = EDGE_LOOP ( 'NONE', ( #2119, #1006, #3027, #3976 ) ) ;
#1761 = CARTESIAN_POINT ( 'NONE',  ( 13.99999999999999822, 11.99999999999999467, 16.99999999999997868 ) ) ;
#1762 = VERTEX_POINT ( 'NONE', #2699 ) ;
#1763 = EDGE_CURVE ( 'NONE', #3040, #1090, #4070, .T. ) ;
#1764 = DIRECTION ( 'NONE',  ( 0.000000000000000000, 0.000000000000000000, -1.000000000000000000 ) ) ;
#1765 = EDGE_CURVE ( 'NONE', #1732, #3652, #3323, .T. ) ;
#1766 = CARTESIAN_POINT ( 'NONE',  ( 78.00000000000000000, 11.99999999999999645, 32.00000000000000000 ) ) ;
#1767 = ADVANCED_FACE ( 'NONE', ( #3087 ), #3712, .F. ) ;
#1768 = CARTESIAN_POINT ( 'NONE',  ( 28.17157287525403220, -33.20000000000013074, 0.000000000000000000 ) ) ;
#1769 = CARTESIAN_POINT ( 'NONE',  ( 34.99999999999999289, 42.19059892324149530, 20.00000000000000000 ) ) ;
#1770 = ORIENTED_EDGE ( 'NONE', *, *, #1063, .F. ) ;
#1771 = DIRECTION ( 'NONE',  ( 1.000000000000000000, 0.000000000000000000, 0.000000000000000000 ) ) ;
#1772 = CARTESIAN_POINT ( 'NONE',  ( 0.1502682238932316061, 12.00000000000000000, 20.78699242866012042 ) ) ;
#1773 = CIRCLE ( 'NONE', #3784, 1.499999999999999556 ) ;
#1774 = VECTOR ( 'NONE', #2676, 1000.000000000000000 ) ;
#1775 = AXIS2_PLACEMENT_3D ( 'NONE', #52, #3764, #1422 ) ;
#1776 = LINE ( 'NONE', #2840, #2769 ) ;
#1777 = AXIS2_PLACEMENT_3D ( 'NONE', #1259, #857, #1882 ) ;
#1778 = CARTESIAN_POINT ( 'NONE',  ( 78.00000000000000000, 12.30205599332869504, 20.08043846249433173 ) ) ;
#1779 = EDGE_LOOP ( 'NONE', ( #3736, #2728 ) ) ;
#1780 = EDGE_CURVE ( 'NONE', #2132, #1092, #1249, .T. ) ;
#1781 = EDGE_CURVE ( 'NONE', #4000, #1531, #82, .T. ) ;
#1782 = ORIENTED_EDGE ( 'NONE', *, *, #2491, .T. ) ;
#1783 = ORIENTED_EDGE ( 'NONE', *, *, #1964, .F. ) ;
#1784 = EDGE_LOOP ( 'NONE', ( #1917, #1704, #2306, #723, #3549, #2630, #3284, #3062, #1, #4099 ) ) ;
#1785 = CARTESIAN_POINT ( 'NONE',  ( 60.17157287525380838, -33.20000000000000284, 0.000000000000000000 ) ) ;
#1786 = AXIS2_PLACEMENT_3D ( 'NONE', #4171, #895, #4218 ) ;
#1787 = VERTEX_POINT ( 'NONE', #1087 ) ;
#1788 = CIRCLE ( 'NONE', #4220, 2.549999999999996714 ) ;
#1789 = CARTESIAN_POINT ( 'NONE',  ( 61.58578643762689353, -34.61421356237308800, 32.00000000000000000 ) ) ;
#1790 = CARTESIAN_POINT ( 'NONE',  ( 42.99999999999999289, 46.80940107675850470, 20.00000000000000000 ) ) ;
#1791 = ADVANCED_FACE ( 'NONE', ( #756 ), #2760, .T. ) ;
#1792 = AXIS2_PLACEMENT_3D ( 'NONE', #1168, #1191, #2453 ) ;
#1793 = CARTESIAN_POINT ( 'NONE',  ( 6.828427124746308863, -22.19999999999999574, 2.000000000000000000 ) ) ;
#1794 = DIRECTION ( 'NONE',  ( 0.000000000000000000, -1.000000000000000000, 0.000000000000000000 ) ) ;
#1795 = ORIENTED_EDGE ( 'NONE', *, *, #2862, .F. ) ;
#1796 = CYLINDRICAL_SURFACE ( 'NONE', #3649, 1.499999999999999556 ) ;
#1797 = AXIS2_PLACEMENT_3D ( 'NONE', #121, #1478, #2799 ) ;
#1798 = CARTESIAN_POINT ( 'NONE',  ( 59.41742430504415751, 14.99999999999999645, 15.49999999999995204 ) ) ;
#1799 = CARTESIAN_POINT ( 'NONE',  ( 64.59703439666034797, 24.85870469521672632, 26.00000000000000355 ) ) ;
#1800 = LINE ( 'NONE', #2500, #2954 ) ;
#1801 = VERTEX_POINT ( 'NONE', #1430 ) ;
#1802 = DIRECTION ( 'NONE',  ( 0.000000000000000000, 0.000000000000000000, -1.000000000000000000 ) ) ;
#1803 = AXIS2_PLACEMENT_3D ( 'NONE', #2773, #3384, #749 ) ;
#1804 = CARTESIAN_POINT ( 'NONE',  ( 0.5857864376269107387, -18.78578643762683242, 20.00000000000000000 ) ) ;
#1805 = ORIENTED_EDGE ( 'NONE', *, *, #474, .F. ) ;
#1806 = VERTEX_POINT ( 'NONE', #1151 ) ;
#1807 = ORIENTED_EDGE ( 'NONE', *, *, #2925, .T. ) ;
#1808 = CARTESIAN_POINT ( 'NONE',  ( 41.17157287525374443, -28.19999999999999929, 2.000000000000001776 ) ) ;
#1809 = AXIS2_PLACEMENT_3D ( 'NONE', #2139, #1145, #2754 ) ;
#1810 = VERTEX_POINT ( 'NONE', #3150 ) ;
#1811 =( BOUNDED_SURFACE ( )  B_SPLINE_SURFACE ( 3, 2, ( 
 ( #3818, #844, #866 ),
 ( #2194, #3520, #2869 ),
 ( #534, #889, #3541 ),
 ( #556, #690, #1326 ),
 ( #1595, #340, #2607 ),
 ( #3927, #2672, #1266 ),
 ( #1286, #1023, #3988 ),
 ( #931, #2351, #2328 ),
 ( #3646, #1652, #2286 ),
 ( #2972, #2632, #2935 ) ),
 .UNSPECIFIED., .F., .F., .T. ) 
 B_SPLINE_SURFACE_WITH_KNOTS ( ( 4, 2, 2, 2, 4 ),
 ( 3, 3 ),
 ( 4.712388980384689674, 5.105088062083414258, 5.497787143782137953, 5.890486225480861648, 6.283185307179586232 ),
 ( 0.000000000000000000, 1.000000000000000000 ),
 .UNSPECIFIED. ) 
 GEOMETRIC_REPRESENTATION_ITEM ( )  RATIONAL_B_SPLINE_SURFACE ( (
 ( 1.000000000000000000, 1.000000000000000000, 1.000000000000000000),
 ( 1.000000000000000000, 1.000061472581879496, 1.000000000000000000),
 ( 1.000000000000000000, 0.9960699971624201732, 1.000000000000000000),
 ( 1.000000000000000000, 0.9823671543218251978, 1.000000000000000000),
 ( 1.000000000000000000, 0.9726487752111739882, 1.000000000000000000),
 ( 1.000000000000000000, 0.9527360645511399051, 1.000000000000000000),
 ( 1.000000000000000000, 0.9426598559056691418, 1.000000000000000000),
 ( 1.000000000000000000, 0.9281688374813013009, 1.000000000000000000),
 ( 1.000000000000000000, 0.9238015902858223161, 1.000000000000000000),
 ( 1.000000000000000000, 0.9238795325112871826, 1.000000000000000000) ) ) 
 REPRESENTATION_ITEM ( '' )  SURFACE ( )  );
#1812 = CARTESIAN_POINT ( 'NONE',  ( 42.58578643762682958, -28.78578643762690348, 2.000000000000001776 ) ) ;
#1813 = VECTOR ( 'NONE', #2000, 1000.000000000000000 ) ;
#1814 = CARTESIAN_POINT ( 'NONE',  ( 17.82842712474668900, -33.20000000000025864, 0.000000000000000000 ) ) ;
#1815 = DIRECTION ( 'NONE',  ( -1.000000000000000000, 0.000000000000000000, -0.000000000000000000 ) ) ;
#1816 = DIRECTION ( 'NONE',  ( -1.156482317317871133E-15, 1.000000000000000000, 0.000000000000000000 ) ) ;
#1817 = CARTESIAN_POINT ( 'NONE',  ( 0.6429447266047471077, 13.46615579608585378, 22.72188170189778589 ) ) ;
#1818 = CARTESIAN_POINT ( 'NONE',  ( 39.00000000000000000, 11.99999999999999822, 32.00000000000000000 ) ) ;
#1819 = LINE ( 'NONE', #165, #2057 ) ;
#1820 = DIRECTION ( 'NONE',  ( -0.000000000000000000, 1.000000000000000000, -0.000000000000000000 ) ) ;
#1821 = LINE ( 'NONE', #4140, #1957 ) ;
#1822 = ADVANCED_FACE ( 'NONE', ( #2480 ), #3772, .F. ) ;
#1823 = DIRECTION ( 'NONE',  ( 0.7071067811865510144, -0.7071067811865441310, 0.000000000000000000 ) ) ;
#1824 = ORIENTED_EDGE ( 'NONE', *, *, #2347, .T. ) ;
#1825 = VERTEX_POINT ( 'NONE', #2519 ) ;
#1826 = EDGE_CURVE ( 'NONE', #1757, #1877, #2362, .T. ) ;
#1827 = ORIENTED_EDGE ( 'NONE', *, *, #1260, .T. ) ;
#1828 = CARTESIAN_POINT ( 'NONE',  ( 77.95165291235095140, 13.44518354233369628, 21.76618148083032267 ) ) ;
#1829 = DIRECTION ( 'NONE',  ( -0.000000000000000000, -0.000000000000000000, -1.000000000000000000 ) ) ;
#1830 = ORIENTED_EDGE ( 'NONE', *, *, #286, .F. ) ;
#1831 = CARTESIAN_POINT ( 'NONE',  ( 7.000000000000006217, 13.49999999999999467, 10.00000000000000000 ) ) ;
#1832 = AXIS2_PLACEMENT_3D ( 'NONE', #1295, #1904, #1606 ) ;
#1833 = DIRECTION ( 'NONE',  ( 0.000000000000000000, -0.000000000000000000, 1.000000000000000000 ) ) ;
#1834 = ADVANCED_FACE ( 'NONE', ( #2538 ), #3450, .F. ) ;
#1835 = ADVANCED_FACE ( 'NONE', ( #2499, #2820, #1455, #466, #1844, #4160 ), #4136, .F. ) ;
#1836 = DIRECTION ( 'NONE',  ( 0.000000000000000000, 0.000000000000000000, 1.000000000000000000 ) ) ;
#1837 = CARTESIAN_POINT ( 'NONE',  ( 11.10450368262822884, 28.86500050710739984, 26.00000000000000355 ) ) ;
#1838 = DIRECTION ( 'NONE',  ( 0.000000000000000000, 0.000000000000000000, 1.000000000000000000 ) ) ;
#1839 = EDGE_CURVE ( 'NONE', #3048, #4152, #3670, .T. ) ;
#1840 = CARTESIAN_POINT ( 'NONE',  ( 77.80691803753731506, 13.45018212105689592, 20.80927841148853830 ) ) ;
#1841 = EDGE_CURVE ( 'NONE', #952, #3727, #3815, .T. ) ;
#1842 = CIRCLE ( 'NONE', #4267, 5.000000000000004441 ) ;
#1843 = DIRECTION ( 'NONE',  ( -1.000000000000000000, 0.000000000000000000, 0.000000000000000000 ) ) ;
#1844 = FACE_OUTER_BOUND ( 'NONE', #1659, .T. ) ;
#1845 = DIRECTION ( 'NONE',  ( 0.000000000000000000, 0.000000000000000000, 1.000000000000000000 ) ) ;
#1846 = CARTESIAN_POINT ( 'NONE',  ( 78.00000000000000000, -28.19999999999999929, 2.000000000000001776 ) ) ;
#1847 = DIRECTION ( 'NONE',  ( 1.156482317317871133E-15, -1.000000000000000000, -0.000000000000000000 ) ) ;
#1848 = EDGE_CURVE ( 'NONE', #3709, #1018, #2909, .T. ) ;
#1849 = AXIS2_PLACEMENT_3D ( 'NONE', #42, #3001, #1371 ) ;
#1850 = AXIS2_PLACEMENT_3D ( 'NONE', #1130, #2481, #3451 ) ;
#1851 = LINE ( 'NONE', #3457, #4199 ) ;
#1852 = ORIENTED_EDGE ( 'NONE', *, *, #681, .F. ) ;
#1853 = ORIENTED_EDGE ( 'NONE', *, *, #3456, .T. ) ;
#1854 = ORIENTED_EDGE ( 'NONE', *, *, #2229, .T. ) ;
#1855 = CARTESIAN_POINT ( 'NONE',  ( 77.86914484586156959, 11.99999999999999645, 22.17570157547343612 ) ) ;
#1856 = CARTESIAN_POINT ( 'NONE',  ( 13.40296560333966802, 24.85870469521672632, 40.00000000000000000 ) ) ;
#1857 = ORIENTED_EDGE ( 'NONE', *, *, #2146, .T. ) ;
#1858 = CARTESIAN_POINT ( 'NONE',  ( 77.99299391556399996, 12.75773823708656884, 22.24462153253849195 ) ) ;
#1859 = DIRECTION ( 'NONE',  ( 0.000000000000000000, 0.000000000000000000, -1.000000000000000000 ) ) ;
#1860 = VECTOR ( 'NONE', #3103, 1000.000000000000000 ) ;
#1861 = DIRECTION ( 'NONE',  ( 0.5000000000000006661, 0.8660254037844382635, -0.000000000000000000 ) ) ;
#1862 = CARTESIAN_POINT ( 'NONE',  ( 49.82842712474612767, -33.19999999999999574, 2.000000000000000000 ) ) ;
#1863 = DIRECTION ( 'NONE',  ( -1.000000000000000000, 0.000000000000000000, 0.000000000000000000 ) ) ;
#1864 = CARTESIAN_POINT ( 'NONE',  ( 76.79705743124750938, 13.48712253637931902, 20.02663404762242649 ) ) ;
#1865 = LINE ( 'NONE', #4182, #1948 ) ;
#1866 = DIRECTION ( 'NONE',  ( -0.7071067811865432429, -0.7071067811865519026, 0.000000000000000000 ) ) ;
#1867 = FACE_OUTER_BOUND ( 'NONE', #3084, .T. ) ;
#1868 = DIRECTION ( 'NONE',  ( 0.000000000000000000, 1.000000000000000000, 0.000000000000000000 ) ) ;
#1869 = CARTESIAN_POINT ( 'NONE',  ( 71.17157287525368758, -22.19999999999999574, 2.000000000000001776 ) ) ;
#1870 = ADVANCED_BREP_SHAPE_REPRESENTATION ( 'Bearing_housing_and_generator_mount', ( #2509, #660 ), #3377 ) ;
#1871 = CARTESIAN_POINT ( 'NONE',  ( 46.68578643762720048, -46.68578643762673863, 2.000000000000000000 ) ) ;
#1872 = ORIENTED_EDGE ( 'NONE', *, *, #2104, .T. ) ;
#1873 = ORIENTED_EDGE ( 'NONE', *, *, #2268, .F. ) ;
#1874 = ORIENTED_EDGE ( 'NONE', *, *, #3886, .T. ) ;
#1875 = CARTESIAN_POINT ( 'NONE',  ( 77.88866330856745890, 13.44734964181291659, 22.00284370104087373 ) ) ;
#1876 = DIRECTION ( 'NONE',  ( -1.000000000000000000, 0.000000000000000000, 0.000000000000000000 ) ) ;
#1877 = VERTEX_POINT ( 'NONE', #840 ) ;
#1878 = FACE_OUTER_BOUND ( 'NONE', #2571, .T. ) ;
#1879 = CIRCLE ( 'NONE', #3403, 2.549999999999998490 ) ;
#1880 = DIRECTION ( 'NONE',  ( 0.000000000000000000, 1.000000000000000000, 0.000000000000000000 ) ) ;
#1881 = DIRECTION ( 'NONE',  ( 1.272130549049659114E-14, -1.000000000000000000, 0.000000000000000000 ) ) ;
#1882 = DIRECTION ( 'NONE',  ( 0.000000000000000000, 0.000000000000000000, 1.000000000000000000 ) ) ;
#1883 = CARTESIAN_POINT ( 'NONE',  ( 0.1747953170441061133, 13.44954666236750640, 22.15432929548280683 ) ) ;
#1884 = VECTOR ( 'NONE', #2844, 1000.000000000000000 ) ;
#1885 = DIRECTION ( 'NONE',  ( -1.000000000000000000, 0.000000000000000000, 0.000000000000000000 ) ) ;
#1886 = CARTESIAN_POINT ( 'NONE',  ( 77.41421356237310647, -18.78578643762672939, 32.00000000000000000 ) ) ;
#1887 = DIRECTION ( 'NONE',  ( -1.000000000000000000, -3.469446951953611033E-15, 0.000000000000000000 ) ) ;
#1888 = DIRECTION ( 'NONE',  ( -0.5000000000000022204, 0.8660254037844373753, 0.000000000000000000 ) ) ;
#1889 = VECTOR ( 'NONE', #3197, 1000.000000000000000 ) ;
#1890 = SPHERICAL_SURFACE ( 'NONE', #3411, 2.000000000000000000 ) ;
#1891 = VECTOR ( 'NONE', #799, 1000.000000000000114 ) ;
#1892 = EDGE_CURVE ( 'NONE', #3348, #2222, #3472, .T. ) ;
#1893 = CARTESIAN_POINT ( 'NONE',  ( 11.10450368262822884, 28.86500050710739984, 26.00000000000000355 ) ) ;
#1894 = ORIENTED_EDGE ( 'NONE', *, *, #1343, .F. ) ;
#1895 = ADVANCED_FACE ( 'NONE', ( #2779 ), #1521, .T. ) ;
#1896 = ORIENTED_EDGE ( 'NONE', *, *, #1641, .F. ) ;
#1897 = DIRECTION ( 'NONE',  ( 0.000000000000000000, 0.000000000000000000, 1.000000000000000000 ) ) ;
#1898 = DIRECTION ( 'NONE',  ( 1.000000000000000000, 4.082155997157842586E-17, 3.614007241618342978E-17 ) ) ;
#1899 = EDGE_CURVE ( 'NONE', #3694, #1825, #488, .T. ) ;
#1900 = ORIENTED_EDGE ( 'NONE', *, *, #1070, .F. ) ;
#1901 = VERTEX_POINT ( 'NONE', #2457 ) ;
#1902 = CARTESIAN_POINT ( 'NONE',  ( 23.00000000000018829, 51.00100000000003320, 10.00000000000000000 ) ) ;
#1903 = EDGE_CURVE ( 'NONE', #431, #869, #1776, .T. ) ;
#1904 = DIRECTION ( 'NONE',  ( -0.000000000000000000, 0.000000000000000000, -1.000000000000000000 ) ) ;
#1905 = ADVANCED_FACE ( 'NONE', ( #1198 ), #1547, .F. ) ;
#1906 = CARTESIAN_POINT ( 'NONE',  ( 39.00000000000000000, -3.881197846482990599, 20.00000000000000000 ) ) ;
#1907 = EDGE_CURVE ( 'NONE', #1401, #3161, #2837, .T. ) ;
#1908 = CARTESIAN_POINT ( 'NONE',  ( 71.00000000000001421, 13.49999999999996625, 3.000000000000008882 ) ) ;
#1909 = CARTESIAN_POINT ( 'NONE',  ( 78.01115573698928074, 11.99999999999999289, 21.26780859011302738 ) ) ;
#1910 = CARTESIAN_POINT ( 'NONE',  ( 0.000000000000000000, 0.000000000000000000, 20.00000000000000000 ) ) ;
#1911 = CYLINDRICAL_SURFACE ( 'NONE', #2214, 6.000000000000012434 ) ;
#1912 = CARTESIAN_POINT ( 'NONE',  ( 78.00000000000000000, 13.00339196488451243, 21.92433182685643089 ) ) ;
#1913 = LINE ( 'NONE', #2501, #2654 ) ;
#1914 = LINE ( 'NONE', #3562, #2512 ) ;
#1915 = DIRECTION ( 'NONE',  ( 0.000000000000000000, 0.000000000000000000, 1.000000000000000000 ) ) ;
#1916 = EDGE_LOOP ( 'NONE', ( #1973, #3642 ) ) ;
#1917 = ORIENTED_EDGE ( 'NONE', *, *, #3162, .F. ) ;
#1918 = CARTESIAN_POINT ( 'NONE',  ( 79.17651788434517357, 11.99999999999999645, 22.80865859057546174 ) ) ;
#1919 = LINE ( 'NONE', #3206, #2403 ) ;
#1920 = ADVANCED_FACE ( 'NONE', ( #2213 ), #3105, .F. ) ;
#1921 = CIRCLE ( 'NONE', #872, 2.000000000000001776 ) ;
#1922 = CIRCLE ( 'NONE', #655, 13.00000000000000533 ) ;
#1923 = ORIENTED_EDGE ( 'NONE', *, *, #1015, .F. ) ;
#1924 = CIRCLE ( 'NONE', #1161, 4.999999999999997335 ) ;
#1925 = ORIENTED_EDGE ( 'NONE', *, *, #3930, .T. ) ;
#1926 = ORIENTED_EDGE ( 'NONE', *, *, #30, .T. ) ;
#1927 = VECTOR ( 'NONE', #1623, 1000.000000000000000 ) ;
#1928 = DIRECTION ( 'NONE',  ( -1.000000000000000000, 0.000000000000000000, 0.000000000000000000 ) ) ;
#1929 = PLANE ( 'NONE',  #2020 ) ;
#1930 = DIRECTION ( 'NONE',  ( 0.002732633388169905444, -0.9999962663504128324, 0.000000000000000000 ) ) ;
#1931 = DIRECTION ( 'NONE',  ( 1.000000000000000000, 1.224646799147353207E-16, 0.000000000000000000 ) ) ;
#1932 = DIRECTION ( 'NONE',  ( -4.082155997157844435E-17, 1.000000000000000000, 0.000000000000000000 ) ) ;
#1933 = CARTESIAN_POINT ( 'NONE',  ( 28.17157287525402865, -33.20000000000013074, 32.00000000000000000 ) ) ;
#1934 = DIRECTION ( 'NONE',  ( -1.000000000000000000, 0.000000000000000000, 0.000000000000000000 ) ) ;
#1935 = DIRECTION ( 'NONE',  ( 0.000000000000000000, 0.000000000000000000, 1.000000000000000000 ) ) ;
#1936 = DIRECTION ( 'NONE',  ( 0.000000000000000000, 0.000000000000000000, 1.000000000000000000 ) ) ;
#1937 = CIRCLE ( 'NONE', #1036, 2.600000000000003197 ) ;
#1938 = VECTOR ( 'NONE', #3881, 1000.000000000000000 ) ;
#1939 = EDGE_LOOP ( 'NONE', ( #1207, #391 ) ) ;
#1940 = DIRECTION ( 'NONE',  ( 0.000000000000000000, -1.000000000000000000, 0.000000000000000000 ) ) ;
#1941 = FACE_OUTER_BOUND ( 'NONE', #699, .T. ) ;
#1942 = VECTOR ( 'NONE', #1742, 1000.000000000000000 ) ;
#1943 = ORIENTED_EDGE ( 'NONE', *, *, #3639, .T. ) ;
#1944 = VERTEX_POINT ( 'NONE', #993 ) ;
#1945 = ORIENTED_EDGE ( 'NONE', *, *, #1039, .T. ) ;
#1946 = CARTESIAN_POINT ( 'NONE',  ( 68.00000000000000000, 11.99999999999999645, 20.00000000000000000 ) ) ;
#1947 = ADVANCED_FACE ( 'NONE', ( #3278 ), #2260, .F. ) ;
#1948 = VECTOR ( 'NONE', #3903, 1000.000000000000000 ) ;
#1949 = CARTESIAN_POINT ( 'NONE',  ( 42.99999999999999289, -10.80940107675850470, 20.00000000000000000 ) ) ;
#1950 = CARTESIAN_POINT ( 'NONE',  ( 57.50000000000000000, 16.99999999999998934, 0.000000000000000000 ) ) ;
#1951 = EDGE_CURVE ( 'NONE', #4076, #3046, #3217, .T. ) ;
#1952 = DIRECTION ( 'NONE',  ( -0.000000000000000000, -1.000000000000000000, -0.000000000000000000 ) ) ;
#1953 = LINE ( 'NONE', #3600, #3396 ) ;
#1954 = LINE ( 'NONE', #574, #2617 ) ;
#1955 = ORIENTED_EDGE ( 'NONE', *, *, #1467, .F. ) ;
#1956 = LINE ( 'NONE', #320, #1813 ) ;
#1957 = VECTOR ( 'NONE', #3842, 1000.000000000000000 ) ;
#1958 = LINE ( 'NONE', #301, #1240 ) ;
#1959 = CIRCLE ( 'NONE', #79, 1.500000000000000000 ) ;
#1960 = ORIENTED_EDGE ( 'NONE', *, *, #1134, .F. ) ;
#1961 = CYLINDRICAL_SURFACE ( 'NONE', #4003, 2.000000000000001776 ) ;
#1962 = EDGE_CURVE ( 'NONE', #1531, #935, #3874, .T. ) ;
#1963 = VERTEX_POINT ( 'NONE', #3942 ) ;
#1964 = EDGE_CURVE ( 'NONE', #3995, #1399, #1953, .T. ) ;
#1965 = ORIENTED_EDGE ( 'NONE', *, *, #3363, .T. ) ;
#1966 = ORIENTED_EDGE ( 'NONE', *, *, #1978, .F. ) ;
#1967 = DIRECTION ( 'NONE',  ( 1.000000000000000000, 0.000000000000000000, -0.000000000000000000 ) ) ;
#1968 = DIRECTION ( 'NONE',  ( -5.782411586589346792E-16, -1.000000000000000000, 0.000000000000000000 ) ) ;
#1969 = LINE ( 'NONE', #3291, #1235 ) ;
#1970 = EDGE_CURVE ( 'NONE', #3025, #2, #3232, .T. ) ;
#1971 = DIRECTION ( 'NONE',  ( -0.7071067811865512365, 0.7071067811865439090, 0.000000000000000000 ) ) ;
#1972 = CARTESIAN_POINT ( 'NONE',  ( 36.82842712474640479, -28.19999999999999929, 2.000000000000001776 ) ) ;
#1973 = ORIENTED_EDGE ( 'NONE', *, *, #227, .F. ) ;
#1974 = CARTESIAN_POINT ( 'NONE',  ( 35.40789827463265027, -28.71848533663178316, 1.476504228823353193 ) ) ;
#1975 = ORIENTED_EDGE ( 'NONE', *, *, #672, .T. ) ;
#1976 = FACE_OUTER_BOUND ( 'NONE', #648, .T. ) ;
#1977 = DIRECTION ( 'NONE',  ( 0.7071067811865489050, -0.7071067811865462405, -0.000000000000000000 ) ) ;
#1978 = EDGE_CURVE ( 'NONE', #1357, #1620, #2304, .T. ) ;
#1979 = CARTESIAN_POINT ( 'NONE',  ( 39.00000000000000000, 11.99999999999999822, 32.00000000000000000 ) ) ;
#1980 =( BOUNDED_CURVE ( )  B_SPLINE_CURVE ( 3, ( #296, #3537, #908, #4270 ),
 .UNSPECIFIED., .F., .T. ) 
 B_SPLINE_CURVE_WITH_KNOTS ( ( 4, 4 ),
 ( -8.881784197001252323E-16, 1.570796326794896558 ),
 .UNSPECIFIED. ) 
 CURVE ( )  GEOMETRIC_REPRESENTATION_ITEM ( )  RATIONAL_B_SPLINE_CURVE ( ( 1.000000000000000000, 0.8047378541243648264, 0.8047378541243648264, 1.000000000000000000 ) ) 
 REPRESENTATION_ITEM ( '' )  );
#1981 = EDGE_CURVE ( 'NONE', #4170, #1483, #3622, .T. ) ;
#1982 = VERTEX_POINT ( 'NONE', #619 ) ;
#1983 = LINE ( 'NONE', #2316, #1243 ) ;
#1984 = ORIENTED_EDGE ( 'NONE', *, *, #4268, .T. ) ;
#1985 = EDGE_LOOP ( 'NONE', ( #1943, #1604 ) ) ;
#1986 = ORIENTED_EDGE ( 'NONE', *, *, #1502, .T. ) ;
#1987 = ADVANCED_FACE ( 'NONE', ( #551 ), #1911, .F. ) ;
#1988 = AXIS2_PLACEMENT_3D ( 'NONE', #645, #3929, #1936 ) ;
#1989 = FACE_OUTER_BOUND ( 'NONE', #281, .T. ) ;
#1990 = VECTOR ( 'NONE', #3151, 1000.000000000000000 ) ;
#1991 = AXIS2_PLACEMENT_3D ( 'NONE', #3379, #4081, #1442 ) ;
#1992 = CIRCLE ( 'NONE', #1367, 2.500000000000000444 ) ;
#1993 = CARTESIAN_POINT ( 'NONE',  ( 64.00000000000000000, 10.49999999999999645, 0.000000000000000000 ) ) ;
#1994 = CARTESIAN_POINT ( 'NONE',  ( 0.02675815066299075395, 13.44444444444444464, 21.50000000000000000 ) ) ;
#1995 = CYLINDRICAL_SURFACE ( 'NONE', #2919, 1.500000000000001332 ) ;
#1996 = FACE_BOUND ( 'NONE', #1985, .T. ) ;
#1997 = VERTEX_POINT ( 'NONE', #1972 ) ;
#1998 = CARTESIAN_POINT ( 'NONE',  ( 39.00000000000000000, 18.00000000000000000, 20.00000000000000000 ) ) ;
#1999 = ORIENTED_EDGE ( 'NONE', *, *, #712, .F. ) ;
#2000 = DIRECTION ( 'NONE',  ( -0.000000000000000000, -0.000000000000000000, -1.000000000000000000 ) ) ;
#2001 = DIRECTION ( 'NONE',  ( 0.000000000000000000, -1.000000000000000000, 0.000000000000000000 ) ) ;
#2002 = CIRCLE ( 'NONE', #4286, 2.000000000000001776 ) ;
#2003 = AXIS2_PLACEMENT_3D ( 'NONE', #1005, #2332, #671 ) ;
#2004 = PLANE ( 'NONE',  #1360 ) ;
#2005 = DIRECTION ( 'NONE',  ( -0.000000000000000000, -0.000000000000000000, -1.000000000000000000 ) ) ;
#2006 = ORIENTED_EDGE ( 'NONE', *, *, #1397, .F. ) ;
#2007 = DIRECTION ( 'NONE',  ( 0.4999999999999977240, 0.8660254037844399289, -0.000000000000000000 ) ) ;
#2008 = ORIENTED_EDGE ( 'NONE', *, *, #1402, .F. ) ;
#2009 = ORIENTED_EDGE ( 'NONE', *, *, #1136, .F. ) ;
#2010 = VECTOR ( 'NONE', #1625, 1000.000000000000000 ) ;
#2011 = ORIENTED_EDGE ( 'NONE', *, *, #479, .T. ) ;
#2012 = FACE_OUTER_BOUND ( 'NONE', #4017, .T. ) ;
#2013 = FACE_BOUND ( 'NONE', #4168, .T. ) ;
#2014 = CARTESIAN_POINT ( 'NONE',  ( 0.0004938657308681561591, 12.21306171218082959, 23.09448817068579274 ) ) ;
#2015 = AXIS2_PLACEMENT_3D ( 'NONE', #3125, #3725, #398 ) ;
#2016 = DIRECTION ( 'NONE',  ( 0.000000000000000000, 0.000000000000000000, 1.000000000000000000 ) ) ;
#2017 = CARTESIAN_POINT ( 'NONE',  ( 0.000000000000000000, 0.000000000000000000, 26.00000000000000355 ) ) ;
#2018 = ORIENTED_EDGE ( 'NONE', *, *, #564, .F. ) ;
#2019 = CARTESIAN_POINT ( 'NONE',  ( 35.29377133043279002, -27.50225112633290081, 0.2524272223816394489 ) ) ;
#2020 = AXIS2_PLACEMENT_3D ( 'NONE', #1216, #1861, #589 ) ;
#2021 = CARTESIAN_POINT ( 'NONE',  ( 39.00000000000000000, 18.00000000000000000, 0.000000000000000000 ) ) ;
#2022 = CARTESIAN_POINT ( 'NONE',  ( -0.01115573698967180921, 12.00000000000000000, 21.26780859011217473 ) ) ;
#2023 = CARTESIAN_POINT ( 'NONE',  ( 69.21581930518857462, 24.87132618819478935, 26.00000000000000355 ) ) ;
#2024 = DIRECTION ( 'NONE',  ( 0.000000000000000000, 0.000000000000000000, 1.000000000000000000 ) ) ;
#2025 = ORIENTED_EDGE ( 'NONE', *, *, #1951, .T. ) ;
#2026 = DIRECTION ( 'NONE',  ( -1.000000000000000000, 0.000000000000000000, 0.000000000000000000 ) ) ;
#2027 = EDGE_CURVE ( 'NONE', #1997, #3412, #1980, .T. ) ;
#2028 = AXIS2_PLACEMENT_3D ( 'NONE', #2327, #3645, #3261 ) ;
#2029 = EDGE_LOOP ( 'NONE', ( #2254, #408, #4261, #3715, #3890, #3891 ) ) ;
#2030 = ORIENTED_EDGE ( 'NONE', *, *, #2037, .F. ) ;
#2031 = ORIENTED_EDGE ( 'NONE', *, *, #1780, .T. ) ;
#2032 = DIRECTION ( 'NONE',  ( -0.000000000000000000, -0.000000000000000000, -1.000000000000000000 ) ) ;
#2033 = ORIENTED_EDGE ( 'NONE', *, *, #1594, .F. ) ;
#2034 = FACE_OUTER_BOUND ( 'NONE', #48, .T. ) ;
#2035 = ADVANCED_FACE ( 'NONE', ( #3293, #255 ), #314, .T. ) ;
#2036 = CARTESIAN_POINT ( 'NONE',  ( 28.17157287525403575, -33.20000000000012363, 2.000000000000000000 ) ) ;
#2037 = EDGE_CURVE ( 'NONE', #4287, #3397, #2967, .T. ) ;
#2038 = CARTESIAN_POINT ( 'NONE',  ( 41.50000000000000000, 44.50000000000000000, 26.00000000000000355 ) ) ;
#2039 = CARTESIAN_POINT ( 'NONE',  ( 0.000000000000000000, -26.20000000000000284, 2.000000000000000000 ) ) ;
#2040 = ORIENTED_EDGE ( 'NONE', *, *, #3638, .T. ) ;
#2041 = CARTESIAN_POINT ( 'NONE',  ( 59.00000000000000000, 11.99999999999999645, 1.500000000000001332 ) ) ;
#2042 = CARTESIAN_POINT ( 'NONE',  ( -0.02779878025413149573, 11.99999999999999822, 21.43615377585753379 ) ) ;
#2043 = DIRECTION ( 'NONE',  ( 0.5023646631085912917, -0.8646558536549622254, -0.000000000000000000 ) ) ;
#2044 = CIRCLE ( 'NONE', #2256, 4.999999999999997335 ) ;
#2045 = CARTESIAN_POINT ( 'NONE',  ( 59.97824948813207868, 24.84608320223867750, 26.00000000000000355 ) ) ;
#2046 = ORIENTED_EDGE ( 'NONE', *, *, #352, .T. ) ;
#2047 = DIRECTION ( 'NONE',  ( 1.000000000000000000, 0.000000000000000000, 0.000000000000000000 ) ) ;
#2048 = ORIENTED_EDGE ( 'NONE', *, *, #1454, .F. ) ;
#2049 = ORIENTED_EDGE ( 'NONE', *, *, #3252, .T. ) ;
#2050 = ORIENTED_EDGE ( 'NONE', *, *, #465, .F. ) ;
#2051 = DIRECTION ( 'NONE',  ( -0.000000000000000000, -0.000000000000000000, -1.000000000000000000 ) ) ;
#2052 = VECTOR ( 'NONE', #339, 1000.000000000000000 ) ;
#2053 = ORIENTED_EDGE ( 'NONE', *, *, #2491, .F. ) ;
#2054 = CARTESIAN_POINT ( 'NONE',  ( 34.99999999999998579, 46.80940107675847628, 20.00000000000000000 ) ) ;
#2055 = CARTESIAN_POINT ( 'NONE',  ( -5.126531775428462678E-16, 12.55839262144257695, 20.50078683601278584 ) ) ;
#2056 = PRESENTATION_LAYER_ASSIGNMENT (  '', '', ( #4125 ) ) ;
#2057 = VECTOR ( 'NONE', #1499, 1000.000000000000000 ) ;
#2058 = LINE ( 'NONE', #3467, #693 ) ;
#2059 = CARTESIAN_POINT ( 'NONE',  ( 18.02175051186791777, 24.84608320223867750, 20.00000000000000000 ) ) ;
#2060 = ORIENTED_EDGE ( 'NONE', *, *, #3124, .F. ) ;
#2061 = VECTOR ( 'NONE', #786, 1000.000000000000000 ) ;
#2062 = DIRECTION ( 'NONE',  ( -1.000000000000000000, 0.000000000000000000, 0.000000000000000000 ) ) ;
#2063 = CARTESIAN_POINT ( 'NONE',  ( -1.274250487641815477, 12.00000000000000000, 20.41626683279589116 ) ) ;
#2064 = CARTESIAN_POINT ( 'NONE',  ( 49.82842712474613478, -33.19999999999999574, 2.000000000000001776 ) ) ;
#2065 = DIRECTION ( 'NONE',  ( 1.000000000000000000, 0.000000000000000000, 0.000000000000000000 ) ) ;
#2066 = ORIENTED_EDGE ( 'NONE', *, *, #3117, .F. ) ;
#2067 = ORIENTED_EDGE ( 'NONE', *, *, #1214, .T. ) ;
#2068 = ORIENTED_EDGE ( 'NONE', *, *, #1848, .F. ) ;
#2069 = VERTEX_POINT ( 'NONE', #1886 ) ;
#2070 = EDGE_CURVE ( 'NONE', #1253, #873, #2646, .T. ) ;
#2071 = CARTESIAN_POINT ( 'NONE',  ( 39.00000000000000000, -3.881197846482990599, 26.00000000000000355 ) ) ;
#2072 = VERTEX_POINT ( 'NONE', #2281 ) ;
#2073 = CARTESIAN_POINT ( 'NONE',  ( 39.00000000000000000, 18.00000000000000000, 32.00000000000000000 ) ) ;
#2074 = AXIS2_PLACEMENT_3D ( 'NONE', #3083, #2694, #4006 ) ;
#2075 = EDGE_CURVE ( 'NONE', #1982, #4079, #1300, .T. ) ;
#2076 = PLANE ( 'NONE',  #761 ) ;
#2077 = LINE ( 'NONE', #1686, #4149 ) ;
#2078 = ORIENTED_EDGE ( 'NONE', *, *, #2691, .T. ) ;
#2079 = CARTESIAN_POINT ( 'NONE',  ( 19.00000000000000000, 17.00000000000000355, 18.50000000000000000 ) ) ;
#2080 = CARTESIAN_POINT ( 'NONE',  ( 0.03584031774323942487, 13.44475538175791485, 21.68402866802617268 ) ) ;
#2081 = AXIS2_PLACEMENT_3D ( 'NONE', #1645, #2693, #333 ) ;
#2082 = EDGE_CURVE ( 'NONE', #4262, #4030, #2886, .T. ) ;
#2083 = DIRECTION ( 'NONE',  ( 0.000000000000000000, 0.000000000000000000, 1.000000000000000000 ) ) ;
#2084 = AXIS2_PLACEMENT_3D ( 'NONE', #291, #1622, #2986 ) ;
#2085 = DIRECTION ( 'NONE',  ( -1.000000000000000000, -2.891205793294679312E-16, 3.343628375672290111E-31 ) ) ;
#2086 = ORIENTED_EDGE ( 'NONE', *, *, #999, .F. ) ;
#2087 = EDGE_LOOP ( 'NONE', ( #107, #1579, #1873, #3761 ) ) ;
#2088 = EDGE_CURVE ( 'NONE', #3048, #3727, #4231, .T. ) ;
#2089 = VERTEX_POINT ( 'NONE', #2583 ) ;
#2090 = ORIENTED_EDGE ( 'NONE', *, *, #2692, .T. ) ;
#2091 = FACE_OUTER_BOUND ( 'NONE', #3722, .T. ) ;
#2092 = VECTOR ( 'NONE', #644, 1000.000000000000000 ) ;
#2093 = ORIENTED_EDGE ( 'NONE', *, *, #2674, .T. ) ;
#2094 = LINE ( 'NONE', #2054, #2061 ) ;
#2095 = AXIS2_PLACEMENT_3D ( 'NONE', #1174, #823, #3219 ) ;
#2096 = CARTESIAN_POINT ( 'NONE',  ( 60.17157287525379417, -33.20000000000000995, 2.000000000000000000 ) ) ;
#2097 = VECTOR ( 'NONE', #3368, 1000.000000000000000 ) ;
#2098 = DIRECTION ( 'NONE',  ( 0.000000000000000000, 0.000000000000000000, 1.000000000000000000 ) ) ;
#2099 = DIRECTION ( 'NONE',  ( 0.000000000000000000, 0.000000000000000000, 1.000000000000000000 ) ) ;
#2100 = EDGE_LOOP ( 'NONE', ( #1448, #3753, #4305 ) ) ;
#2101 = LINE ( 'NONE', #1475, #1581 ) ;
#2102 = EDGE_CURVE ( 'NONE', #3046, #4170, #59, .T. ) ;
#2103 = CARTESIAN_POINT ( 'NONE',  ( 0.8768971732932075991, 12.00000000000000000, 18.55326809245925901 ) ) ;
#2104 = EDGE_CURVE ( 'NONE', #318, #1944, #1711, .T. ) ;
#2105 = DIRECTION ( 'NONE',  ( 0.000000000000000000, -1.000000000000000000, 0.000000000000000000 ) ) ;
#2106 = CARTESIAN_POINT ( 'NONE',  ( 78.00000000000000000, 12.04326376841842716, 19.40062174881212798 ) ) ;
#2107 = ORIENTED_EDGE ( 'NONE', *, *, #3629, .F. ) ;
#2108 = ORIENTED_EDGE ( 'NONE', *, *, #37, .T. ) ;
#2109 = ORIENTED_EDGE ( 'NONE', *, *, #1841, .T. ) ;
#2110 = EDGE_CURVE ( 'NONE', #3, #3025, #729, .T. ) ;
#2111 = ORIENTED_EDGE ( 'NONE', *, *, #2210, .T. ) ;
#2112 = ORIENTED_EDGE ( 'NONE', *, *, #2429, .F. ) ;
#2113 = CARTESIAN_POINT ( 'NONE',  ( 42.82842712474610636, -26.20000000000000284, 0.000000000000000000 ) ) ;
#2114 = ORIENTED_EDGE ( 'NONE', *, *, #1765, .F. ) ;
#2115 = CARTESIAN_POINT ( 'NONE',  ( 13.99999999999999822, 17.00000000000000355, 0.000000000000000000 ) ) ;
#2116 = CARTESIAN_POINT ( 'NONE',  ( 11.08264261552286634, 20.86503037630410162, 26.00000000000000355 ) ) ;
#2117 = CARTESIAN_POINT ( 'NONE',  ( 6.828427124746308863, -20.19999999999999929, 32.00000000000000000 ) ) ;
#2118 = CARTESIAN_POINT ( 'NONE',  ( 71.17157287525368758, -22.19999999999999574, 20.00000000000000000 ) ) ;
#2119 = ORIENTED_EDGE ( 'NONE', *, *, #3966, .F. ) ;
#2120 = DIRECTION ( 'NONE',  ( -5.782411586589358625E-16, -1.000000000000000000, -0.000000000000000000 ) ) ;
#2121 = CARTESIAN_POINT ( 'NONE',  ( 77.92113801950065977, 11.99999999999999645, 20.93984480851713315 ) ) ;
#2122 = AXIS2_PLACEMENT_3D ( 'NONE', #1482, #867, #4116 ) ;
#2123 = AXIS2_PLACEMENT_3D ( 'NONE', #3688, #4009, #2062 ) ;
#2124 = AXIS2_PLACEMENT_3D ( 'NONE', #1831, #177, #833 ) ;
#2125 = CARTESIAN_POINT ( 'NONE',  ( 41.50000000000000000, -8.500000000000003553, 40.00000000000000000 ) ) ;
#2126 = CIRCLE ( 'NONE', #3654, 13.00000000000000533 ) ;
#2127 = CARTESIAN_POINT ( 'NONE',  ( 15.90296560333966802, 24.85870469521672632, 26.00000000000000355 ) ) ;
#2128 = ORIENTED_EDGE ( 'NONE', *, *, #1700, .T. ) ;
#2129 = CARTESIAN_POINT ( 'NONE',  ( 77.41421356237310647, -18.78578643762672939, 32.00000000000000000 ) ) ;
#2130 = CARTESIAN_POINT ( 'NONE',  ( 58.99999999999999289, 18.00000000000000000, 20.00000000000000000 ) ) ;
#2131 = VERTEX_POINT ( 'NONE', #750 ) ;
#2132 = VERTEX_POINT ( 'NONE', #687 ) ;
#2133 = VERTEX_POINT ( 'NONE', #2059 ) ;
#2134 = DIRECTION ( 'NONE',  ( 1.000000000000000000, 0.000000000000000000, 0.000000000000000000 ) ) ;
#2135 = ORIENTED_EDGE ( 'NONE', *, *, #347, .T. ) ;
#2136 = CARTESIAN_POINT ( 'NONE',  ( 52.44999999999994600, -35.20000000000000284, 10.00000000000000000 ) ) ;
#2137 = PLANE ( 'NONE',  #3478 ) ;
#2138 = VECTOR ( 'NONE', #3155, 1000.000000000000000 ) ;
#2139 = CARTESIAN_POINT ( 'NONE',  ( 20.50000000000000000, 17.00000000000000355, 1.500000000000001332 ) ) ;
#2140 = PLANE ( 'NONE',  #1792 ) ;
#2141 = DIRECTION ( 'NONE',  ( 1.156482317317871133E-15, -1.000000000000000000, -0.000000000000000000 ) ) ;
#2142 = AXIS2_PLACEMENT_3D ( 'NONE', #1818, #820, #1129 ) ;
#2143 = ADVANCED_FACE ( 'NONE', ( #76, #2324, #657, #3405 ), #4045, .T. ) ;
#2144 = CARTESIAN_POINT ( 'NONE',  ( 78.56132631307589520, 11.99999999999999645, 19.32244030012283886 ) ) ;
#2145 = AXIS2_PLACEMENT_3D ( 'NONE', #986, #2032, #1404 ) ;
#2146 = EDGE_CURVE ( 'NONE', #1687, #3161, #2077, .T. ) ;
#2147 = DIRECTION ( 'NONE',  ( -0.7071067811865512365, 0.7071067811865439090, 0.000000000000000000 ) ) ;
#2148 = CARTESIAN_POINT ( 'NONE',  ( 78.00000000000001421, 13.13673940667095508, 21.26802690126027429 ) ) ;
#2149 = DIRECTION ( 'NONE',  ( -0.7071067811865398012, -0.7071067811865552333, -0.000000000000000000 ) ) ;
#2150 = CARTESIAN_POINT ( 'NONE',  ( 39.00000000000000000, 18.00000000000000000, 1.500000000000001332 ) ) ;
#2151 = EDGE_CURVE ( 'NONE', #3501, #77, #420, .T. ) ;
#2152 = AXIS2_PLACEMENT_3D ( 'NONE', #3880, #1262, #507 ) ;
#2153 = CARTESIAN_POINT ( 'NONE',  ( 39.00000000000000000, -3.881197846482990599, 26.00000000000000355 ) ) ;
#2154 = ORIENTED_EDGE ( 'NONE', *, *, #2268, .T. ) ;
#2155 = ADVANCED_FACE ( 'NONE', ( #2372 ), #1750, .T. ) ;
#2156 = EDGE_LOOP ( 'NONE', ( #959, #1853 ) ) ;
#2157 = ORIENTED_EDGE ( 'NONE', *, *, #1759, .T. ) ;
#2158 = CARTESIAN_POINT ( 'NONE',  ( 52.00000000000000711, 18.00000000000000000, 0.000000000000000000 ) ) ;
#2159 = CARTESIAN_POINT ( 'NONE',  ( 0.000000000000000000, -22.19999999999999574, 2.000000000000000000 ) ) ;
#2160 = EDGE_CURVE ( 'NONE', #494, #2619, #1596, .T. ) ;
#2161 = ORIENTED_EDGE ( 'NONE', *, *, #2102, .T. ) ;
#2162 = ADVANCED_FACE ( 'NONE', ( #94, #1424 ), #2345, .F. ) ;
#2163 = DIRECTION ( 'NONE',  ( 0.5023646631085910697, -0.8646558536549624474, 0.000000000000000000 ) ) ;
#2164 = CIRCLE ( 'NONE', #3275, 6.000000000000012434 ) ;
#2165 = CARTESIAN_POINT ( 'NONE',  ( 64.00000000000000000, 16.99999999999999645, 1.500000000000001332 ) ) ;
#2166 = DIRECTION ( 'NONE',  ( -0.000000000000000000, -0.000000000000000000, -1.000000000000000000 ) ) ;
#2167 = CARTESIAN_POINT ( 'NONE',  ( 0.02675815066299688447, 13.44444444444443576, 21.30162269524953800 ) ) ;
#2168 = EDGE_CURVE ( 'NONE', #798, #803, #3385, .T. ) ;
#2169 = CARTESIAN_POINT ( 'NONE',  ( 77.94396975755489620, 13.44544701115806795, 21.19412140022953750 ) ) ;
#2170 = ADVANCED_FACE ( 'NONE', ( #1996, #3318, #3664 ), #1082, .F. ) ;
#2171 = DIRECTION ( 'NONE',  ( 0.7071067811865552333, -0.7071067811865398012, 0.000000000000000000 ) ) ;
#2172 = DIRECTION ( 'NONE',  ( 0.7071067811865489050, -0.7071067811865462405, 0.000000000000000000 ) ) ;
#2173 = CARTESIAN_POINT ( 'NONE',  ( 11.08264261552286634, 20.86503037630410162, 20.00000000000000000 ) ) ;
#2174 = CARTESIAN_POINT ( 'NONE',  ( 52.00000000000000711, 18.00000000000000000, 11.00000000000000178 ) ) ;
#2175 = DIRECTION ( 'NONE',  ( -0.000000000000000000, -0.000000000000000000, 1.000000000000000000 ) ) ;
#2176 = LINE ( 'NONE', #2153, #2562 ) ;
#2177 = VERTEX_POINT ( 'NONE', #3708 ) ;
#2178 = VERTEX_POINT ( 'NONE', #1667 ) ;
#2179 = ORIENTED_EDGE ( 'NONE', *, *, #4123, .F. ) ;
#2180 = CARTESIAN_POINT ( 'NONE',  ( 78.01708256663255270, 11.99999999999999645, 21.69058062997657288 ) ) ;
#2181 = CARTESIAN_POINT ( 'NONE',  ( 17.99760070206729168, 13.93551132852946317, 16.56448867147051018 ) ) ;
#2182 = ORIENTED_EDGE ( 'NONE', *, *, #3895, .T. ) ;
#2183 = CARTESIAN_POINT ( 'NONE',  ( 5.414213562373224597, -23.61421356237309510, 32.00000000000000000 ) ) ;
#2184 = CARTESIAN_POINT ( 'NONE',  ( 17.00000000000023803, -35.20000000000027285, 32.00000000000000000 ) ) ;
#2185 = CARTESIAN_POINT ( 'NONE',  ( 76.95361736610135495, 13.48116778921772152, 20.07633430130129071 ) ) ;
#2186 = LINE ( 'NONE', #3126, #3188 ) ;
#2187 = CARTESIAN_POINT ( 'NONE',  ( 38.99999999999998579, -13.11880215351699697, 26.00000000000000355 ) ) ;
#2188 = CARTESIAN_POINT ( 'NONE',  ( 0.1716175604033912117, 12.00000000000000000, 22.25137005787549427 ) ) ;
#2189 = CARTESIAN_POINT ( 'NONE',  ( 39.00000000000000000, 44.50000000000000000, 32.00000000000000000 ) ) ;
#2190 = CARTESIAN_POINT ( 'NONE',  ( 71.00000000000000000, 0.000000000000000000, 10.00000000000000000 ) ) ;
#2191 = DIRECTION ( 'NONE',  ( 0.000000000000000000, -1.000000000000000000, 0.000000000000000000 ) ) ;
#2192 = CIRCLE ( 'NONE', #2123, 37.50000000000000000 ) ;
#2193 = DIRECTION ( 'NONE',  ( 1.000000000000000000, -0.000000000000000000, -0.000000000000000000 ) ) ;
#2194 = CARTESIAN_POINT ( 'NONE',  ( 42.61150630883773971, -26.46184658786649635, 8.673617379884035472E-16 ) ) ;
#2195 = AXIS2_PLACEMENT_3D ( 'NONE', #4059, #2790, #417 ) ;
#2196 = AXIS2_PLACEMENT_3D ( 'NONE', #396, #2322, #2387 ) ;
#2197 = CARTESIAN_POINT ( 'NONE',  ( 19.00000000000000355, 18.00000000000000355, 20.00000000000000000 ) ) ;
#2198 = ORIENTED_EDGE ( 'NONE', *, *, #1627, .F. ) ;
#2199 = ORIENTED_EDGE ( 'NONE', *, *, #2352, .T. ) ;
#2200 = VERTEX_POINT ( 'NONE', #708 ) ;
#2201 = CARTESIAN_POINT ( 'NONE',  ( 11.08264261552286634, 20.86503037630410162, 20.00000000000000000 ) ) ;
#2202 = CARTESIAN_POINT ( 'NONE',  ( 48.41421356237304252, -34.61421356237308800, 2.000000000000001776 ) ) ;
#2203 = ORIENTED_EDGE ( 'NONE', *, *, #1903, .T. ) ;
#2204 =( LENGTH_UNIT ( ) NAMED_UNIT ( * ) SI_UNIT ( .MILLI., .METRE. ) );
#2205 = CARTESIAN_POINT ( 'NONE',  ( 28.17157287525403575, -33.20000000000012363, 2.000000000000000000 ) ) ;
#2206 = CIRCLE ( 'NONE', #1786, 6.500000000000005329 ) ;
#2207 = CARTESIAN_POINT ( 'NONE',  ( 41.17157287525374443, -28.19999999999999929, 2.000000000000001776 ) ) ;
#2208 = CARTESIAN_POINT ( 'NONE',  ( 17.82842712474669256, -33.20000000000025864, 32.00000000000000000 ) ) ;
#2209 = CARTESIAN_POINT ( 'NONE',  ( -5.124055579706239528E-16, 12.55232671968882840, 22.50805761864505428 ) ) ;
#2210 = EDGE_CURVE ( 'NONE', #1558, #2997, #1312, .T. ) ;
#2211 = CARTESIAN_POINT ( 'NONE',  ( 77.76682210141601104, 13.45157825434909427, 20.73686247864257837 ) ) ;
#2212 = CYLINDRICAL_SURFACE ( 'NONE', #3949, 1.500000000000001332 ) ;
#2213 = FACE_OUTER_BOUND ( 'NONE', #2390, .T. ) ;
#2214 = AXIS2_PLACEMENT_3D ( 'NONE', #950, #2947, #4208 ) ;
#2215 = CARTESIAN_POINT ( 'NONE',  ( 78.00000000000000000, 13.14054586542259528, 21.72571337082149157 ) ) ;
#2216 = CARTESIAN_POINT ( 'NONE',  ( 54.99999999999994316, -35.20000000000000284, 10.00000000000000000 ) ) ;
#2217 = DIRECTION ( 'NONE',  ( 1.000000000000000000, 0.000000000000000000, 0.000000000000000000 ) ) ;
#2218 = ADVANCED_FACE ( 'NONE', ( #1342 ), #3340, .F. ) ;
#2219 = CARTESIAN_POINT ( 'NONE',  ( 29.58578643762713511, -34.61421356237320879, 2.000000000000001776 ) ) ;
#2220 = EDGE_CURVE ( 'NONE', #2443, #3566, #32, .T. ) ;
#2221 = ORIENTED_EDGE ( 'NONE', *, *, #2557, .F. ) ;
#2222 = VERTEX_POINT ( 'NONE', #2714 ) ;
#2223 = CARTESIAN_POINT ( 'NONE',  ( 77.21585015499736926, 13.47136971408654027, 22.80238970061758863 ) ) ;
#2224 = DIRECTION ( 'NONE',  ( -1.000000000000000000, 0.000000000000000000, 0.000000000000000000 ) ) ;
#2225 = EDGE_CURVE ( 'NONE', #1787, #2177, #1650, .T. ) ;
#2226 = CIRCLE ( 'NONE', #1395, 2.549999999999998490 ) ;
#2227 = ADVANCED_FACE ( 'NONE', ( #1731 ), #3147, .F. ) ;
#2228 = VERTEX_POINT ( 'NONE', #1473 ) ;
#2229 = EDGE_CURVE ( 'NONE', #2132, #3846, #962, .T. ) ;
#2230 = ORIENTED_EDGE ( 'NONE', *, *, #1454, .T. ) ;
#2231 = FACE_OUTER_BOUND ( 'NONE', #742, .T. ) ;
#2232 = CIRCLE ( 'NONE', #2084, 5.000000000000000888 ) ;
#2233 = DIRECTION ( 'NONE',  ( -1.000000000000000000, -1.272130549049658483E-14, 0.000000000000000000 ) ) ;
#2234 = CARTESIAN_POINT ( 'NONE',  ( 77.38505713778374684, 13.46516299041106635, 20.30584746594449896 ) ) ;
#2235 = CARTESIAN_POINT ( 'NONE',  ( 59.97824948813207868, 24.84608320223867750, 20.00000000000000000 ) ) ;
#2236 = VECTOR ( 'NONE', #2043, 1000.000000000000227 ) ;
#2237 = CARTESIAN_POINT ( 'NONE',  ( 78.02779878025452831, 11.99999999999999645, 21.43615377585668824 ) ) ;
#2238 =( BOUNDED_CURVE ( )  B_SPLINE_CURVE ( 3, ( #1573, #542, #240, #4219 ),
 .UNSPECIFIED., .F., .T. ) 
 B_SPLINE_CURVE_WITH_KNOTS ( ( 4, 4 ),
 ( 4.712388980384689674, 6.283185307179586232 ),
 .UNSPECIFIED. ) 
 CURVE ( )  GEOMETRIC_REPRESENTATION_ITEM ( )  RATIONAL_B_SPLINE_CURVE ( ( 1.000000000000000000, 0.8047378541243649375, 0.8047378541243649375, 1.000000000000000000 ) ) 
 REPRESENTATION_ITEM ( '' )  );
#2239 = DIRECTION ( 'NONE',  ( 0.000000000000000000, 0.000000000000000000, -1.000000000000000000 ) ) ;
#2240 = DIRECTION ( 'NONE',  ( 1.000000000000000000, 0.000000000000000000, 0.000000000000000000 ) ) ;
#2241 = FACE_OUTER_BOUND ( 'NONE', #243, .T. ) ;
#2242 = EDGE_CURVE ( 'NONE', #2459, #3049, #1122, .T. ) ;
#2243 = ADVANCED_FACE ( 'NONE', ( #525 ), #2140, .T. ) ;
#2244 = PLANE ( 'NONE',  #563 ) ;
#2245 = LINE ( 'NONE', #145, #3214 ) ;
#2246 =( NAMED_UNIT ( * ) SI_UNIT ( $, .STERADIAN. ) SOLID_ANGLE_UNIT ( ) );
#2247 = ORIENTED_EDGE ( 'NONE', *, *, #2251, .F. ) ;
#2248 = ORIENTED_EDGE ( 'NONE', *, *, #3999, .T. ) ;
#2249 = CARTESIAN_POINT ( 'NONE',  ( 77.65077493713498313, 13.45565388632593695, 22.43200025507275797 ) ) ;
#2250 = DIRECTION ( 'NONE',  ( -0.000000000000000000, -0.000000000000000000, -1.000000000000000000 ) ) ;
#2251 = EDGE_CURVE ( 'NONE', #738, #2784, #2186, .T. ) ;
#2252 = ORIENTED_EDGE ( 'NONE', *, *, #2225, .F. ) ;
#2253 = EDGE_LOOP ( 'NONE', ( #1619, #807, #323, #3529, #3417, #475, #2721, #2530 ) ) ;
#2254 = ORIENTED_EDGE ( 'NONE', *, *, #810, .F. ) ;
#2255 = FACE_OUTER_BOUND ( 'NONE', #2872, .T. ) ;
#2256 = AXIS2_PLACEMENT_3D ( 'NONE', #3053, #1639, #3030 ) ;
#2257 = CARTESIAN_POINT ( 'NONE',  ( 38.99999999999998579, -13.11880215351699697, 26.00000000000000355 ) ) ;
#2258 = DIRECTION ( 'NONE',  ( -1.000000000000000000, 0.000000000000000000, 0.000000000000000000 ) ) ;
#2259 = DIRECTION ( 'NONE',  ( 0.000000000000000000, 0.000000000000000000, -1.000000000000000000 ) ) ;
#2260 = CYLINDRICAL_SURFACE ( 'NONE', #1660, 6.000000000000012434 ) ;
#2261 = ADVANCED_FACE ( 'NONE', ( #3468, #3100 ), #3190, .T. ) ;
#2262 = CARTESIAN_POINT ( 'NONE',  ( 78.00000000000001421, 12.92726730662977985, 22.01893971916747716 ) ) ;
#2263 =( BOUNDED_SURFACE ( )  B_SPLINE_SURFACE ( 3, 2, ( 
 ( #1734, #3690, #4048 ),
 ( #2415, #1714, #1085 ),
 ( #3388, #3408, #2103 ),
 ( #3042, #3020, #4067 ),
 ( #1690, #2392, #120 ),
 ( #3748, #3729, #443 ),
 ( #4090, #3711, #80 ),
 ( #1369, #1104, #2697 ),
 ( #401, #1772, #1065 ),
 ( #57, #1391, #2063 ),
 ( #3064, #711, #753 ),
 ( #4010, #1045, #732 ),
 ( #2434, #2022, #2375 ),
 ( #2717, #2042, #3770 ),
 ( #4033, #1413, #1452 ),
 ( #2080, #2737, #1126 ),
 ( #1427, #1753, #2456 ),
 ( #3086, #97, #3345 ),
 ( #2759, #773, #3513 ),
 ( #1883, #528, #184 ),
 ( #1519, #2188, #3192 ),
 ( #3470, #4181, #1544 ),
 ( #2497, #2838, #819 ),
 ( #2864, #3813, #4133 ),
 ( #1817, #1220, #1476 ),
 ( #859, #882, #140 ) ),
 .UNSPECIFIED., .F., .F., .F. ) 
 B_SPLINE_SURFACE_WITH_KNOTS ( ( 4, 2, 2, 2, 2, 2, 2, 2, 2, 2, 2, 2, 4 ),
 ( 3, 3 ),
 ( 0.009695426396596696500, 0.01067461369937900903, 0.01165380100216131982, 0.01263298830494363062, 0.01312258195633478688, 0.01361217560772594315, 0.01410176925911709941, 0.01459136291050825568, 0.01508095656189941194, 0.01557055021329056647, 0.01606014386468172100, 0.01654973751607287727, 0.01752892481885518980 ),
 ( 0.000000000000000000, 1.000000000000000000 ),
 .UNSPECIFIED. ) 
 GEOMETRIC_REPRESENTATION_ITEM ( )  RATIONAL_B_SPLINE_SURFACE ( (
 ( 1.000000000000000000, 0.7071067811865475727, 1.000000000000000000),
 ( 1.000000000000000000, 0.7086658295930358120, 1.000000000000000000),
 ( 1.000000000000000000, 0.7101369072887676603, 1.000000000000000000),
 ( 1.000000000000000000, 0.7129220298548143431, 1.000000000000000000),
 ( 1.000000000000000000, 0.7141689098963649451, 1.000000000000000000),
 ( 1.000000000000000000, 0.7163853672775840620, 1.000000000000000000),
 ( 1.000000000000000000, 0.7173110422225346117, 1.000000000000000000),
 ( 1.000000000000000000, 0.7184293429739054826, 1.000000000000000000),
 ( 1.000000000000000000, 0.7187531096473448455, 1.000000000000000000),
 ( 1.000000000000000000, 0.7192934008633357079, 1.000000000000000000),
 ( 1.000000000000000000, 0.7195127512459866814, 1.000000000000000000),
 ( 1.000000000000000000, 0.7198502331004950072, 1.000000000000000000),
 ( 1.000000000000000000, 0.7199662875297336839, 1.000000000000000000),
 ( 1.000000000000000000, 0.7200899261689779340, 1.000000000000000000),
 ( 1.000000000000000000, 0.7200991122041179304, 1.000000000000000000),
 ( 1.000000000000000000, 0.7200103295958076854, 1.000000000000000000),
 ( 1.000000000000000000, 0.7199112272351018138, 1.000000000000000000),
 ( 1.000000000000000000, 0.7196109563144372778, 1.000000000000000000),
 ( 1.000000000000000000, 0.7194096080836306362, 1.000000000000000000),
 ( 1.000000000000000000, 0.7189004409715363808, 1.000000000000000000),
 ( 1.000000000000000000, 0.7185910690070417273, 1.000000000000000000),
 ( 1.000000000000000000, 0.7178835232551249446, 1.000000000000000000),
 ( 1.000000000000000000, 0.7174832680085863057, 1.000000000000000000),
 ( 1.000000000000000000, 0.7161349866846089540, 1.000000000000000000),
 ( 1.000000000000000000, 0.7150421855798247961, 1.000000000000000000),
 ( 1.000000000000000000, 0.7138231073857295161, 1.000000000000000000) ) ) 
 REPRESENTATION_ITEM ( '' )  SURFACE ( )  );
#2264 = CARTESIAN_POINT ( 'NONE',  ( 28.17157287525405351, -35.20000000000013074, 2.000000000000001776 ) ) ;
#2265 = DIRECTION ( 'NONE',  ( -0.8660254037844373753, 0.5000000000000022204, -0.000000000000000000 ) ) ;
#2266 =( LENGTH_UNIT ( ) NAMED_UNIT ( * ) SI_UNIT ( .MILLI., .METRE. ) );
#2267 = ORIENTED_EDGE ( 'NONE', *, *, #3700, .F. ) ;
#2268 = EDGE_CURVE ( 'NONE', #3161, #1801, #58, .T. ) ;
#2269 = ORIENTED_EDGE ( 'NONE', *, *, #2543, .F. ) ;
#2270 = LINE ( 'NONE', #369, #3315 ) ;
#2271 = CARTESIAN_POINT ( 'NONE',  ( 15.70142752405111608, 20.85240888332604925, 26.00000000000000355 ) ) ;
#2272 = VECTOR ( 'NONE', #1449, 1000.000000000000000 ) ;
#2273 = ORIENTED_EDGE ( 'NONE', *, *, #3696, .T. ) ;
#2274 = ORIENTED_EDGE ( 'NONE', *, *, #2984, .F. ) ;
#2275 = ORIENTED_EDGE ( 'NONE', *, *, #1707, .T. ) ;
#2276 = CARTESIAN_POINT ( 'NONE',  ( 78.00000000000000000, 11.99999999999999645, 10.00000000000000000 ) ) ;
#2277 = ADVANCED_FACE ( 'NONE', ( #201 ), #4106, .F. ) ;
#2278 = DIRECTION ( 'NONE',  ( 1.000000000000000000, 0.000000000000000000, -3.614007241618342978E-17 ) ) ;
#2279 = CARTESIAN_POINT ( 'NONE',  ( 7.000000000000006217, 14.99999999999999645, 10.00000000000000000 ) ) ;
#2280 = CARTESIAN_POINT ( 'NONE',  ( 42.99999999999999289, -10.80940107675850470, 20.00000000000000000 ) ) ;
#2281 = CARTESIAN_POINT ( 'NONE',  ( 58.99999999999999289, 16.99999999999998934, 1.500000000000001332 ) ) ;
#2282 = CARTESIAN_POINT ( 'NONE',  ( 60.99999999999994316, -35.20000000000000284, 32.00000000000000000 ) ) ;
#2283 = EDGE_CURVE ( 'NONE', #832, #1309, #1937, .T. ) ;
#2284 = ORIENTED_EDGE ( 'NONE', *, *, #157, .T. ) ;
#2285 = DIRECTION ( 'NONE',  ( -0.000000000000000000, -0.000000000000000000, -1.000000000000000000 ) ) ;
#2286 = CARTESIAN_POINT ( 'NONE',  ( 42.58578643762727012, -28.78578643762735823, 1.738153412329788372 ) ) ;
#2287 = ADVANCED_FACE ( 'NONE', ( #137 ), #503, .F. ) ;
#2288 = VECTOR ( 'NONE', #380, 1000.000000000000000 ) ;
#2289 = AXIS2_PLACEMENT_3D ( 'NONE', #3257, #1589, #3559 ) ;
#2290 = VERTEX_POINT ( 'NONE', #1146 ) ;
#2291 = DIRECTION ( 'NONE',  ( 1.000000000000000000, 0.000000000000000000, 0.000000000000000000 ) ) ;
#2292 = DIRECTION ( 'NONE',  ( -1.000000000000000000, 0.000000000000000000, -3.614007241618342978E-17 ) ) ;
#2293 = ORIENTED_EDGE ( 'NONE', *, *, #4290, .T. ) ;
#2294 = ORIENTED_EDGE ( 'NONE', *, *, #1063, .T. ) ;
#2295 = ORIENTED_EDGE ( 'NONE', *, *, #4123, .T. ) ;
#2296 = CARTESIAN_POINT ( 'NONE',  ( 0.000000000000000000, 0.000000000000000000, 0.000000000000000000 ) ) ;
#2297 = EDGE_CURVE ( 'NONE', #4041, #2941, #2833, .T. ) ;
#2298 = ADVANCED_FACE ( 'NONE', ( #1447 ), #2494, .F. ) ;
#2299 = AXIS2_PLACEMENT_3D ( 'NONE', #2666, #1971, #1016 ) ;
#2300 = DIRECTION ( 'NONE',  ( 3.614007241618342978E-17, -0.000000000000000000, 1.000000000000000000 ) ) ;
#2301 = ADVANCED_FACE ( 'NONE', ( #3422 ), #3745, .F. ) ;
#2302 = DIRECTION ( 'NONE',  ( -1.000000000000000000, 0.000000000000000000, -0.000000000000000000 ) ) ;
#2303 = FACE_OUTER_BOUND ( 'NONE', #897, .T. ) ;
#2304 = LINE ( 'NONE', #1610, #2010 ) ;
#2305 = ADVANCED_FACE ( 'NONE', ( #856, #1493 ), #440, .F. ) ;
#2306 = ORIENTED_EDGE ( 'NONE', *, *, #4227, .T. ) ;
#2307 = CARTESIAN_POINT ( 'NONE',  ( 36.82842712474641189, -28.20000000000000284, 1.738153412329884295 ) ) ;
#2308 = ORIENTED_EDGE ( 'NONE', *, *, #814, .F. ) ;
#2309 = CARTESIAN_POINT ( 'NONE',  ( 78.00000000000000000, 10.49999999999999645, 0.000000000000000000 ) ) ;
#2310 = VECTOR ( 'NONE', #3796, 1000.000000000000114 ) ;
#2311 = LINE ( 'NONE', #3299, #3109 ) ;
#2312 = AXIS2_PLACEMENT_3D ( 'NONE', #35, #3097, #3506 ) ;
#2313 = AXIS2_PLACEMENT_3D ( 'NONE', #166, #1888, #188 ) ;
#2314 = CIRCLE ( 'NONE', #10, 2.000000000000000000 ) ;
#2315 = ORIENTED_EDGE ( 'NONE', *, *, #2436, .F. ) ;
#2316 = CARTESIAN_POINT ( 'NONE',  ( 71.00000000000001421, 14.99999999999999645, 16.99999999999997868 ) ) ;
#2317 = VERTEX_POINT ( 'NONE', #1217 ) ;
#2318 = EDGE_LOOP ( 'NONE', ( #1353, #2109, #3780, #2950, #2011, #1741 ) ) ;
#2319 = ORIENTED_EDGE ( 'NONE', *, *, #1379, .F. ) ;
#2320 = CARTESIAN_POINT ( 'NONE',  ( 34.99999999999998579, 46.80940107675847628, 26.00000000000000355 ) ) ;
#2321 = DIRECTION ( 'NONE',  ( 0.000000000000000000, 1.000000000000000000, 0.000000000000000000 ) ) ;
#2322 = DIRECTION ( 'NONE',  ( -1.000000000000000000, 0.000000000000000000, 0.000000000000000000 ) ) ;
#2323 = CARTESIAN_POINT ( 'NONE',  ( 43.00000000000000000, -6.190598923241495299, 20.00000000000000000 ) ) ;
#2324 = FACE_BOUND ( 'NONE', #1433, .T. ) ;
#2325 = DIRECTION ( 'NONE',  ( 0.000000000000000000, 0.000000000000000000, 1.000000000000000000 ) ) ;
#2326 = ORIENTED_EDGE ( 'NONE', *, *, #2146, .F. ) ;
#2327 = CARTESIAN_POINT ( 'NONE',  ( 71.00000000000000000, 11.99999999999999645, 10.00000000000000000 ) ) ;
#2328 = CARTESIAN_POINT ( 'NONE',  ( 42.59210172536637629, -28.71848533663102288, 1.476504228823960041 ) ) ;
#2329 = DIRECTION ( 'NONE',  ( 4.082155997157842586E-17, -1.000000000000000000, -0.000000000000000000 ) ) ;
#2330 = CARTESIAN_POINT ( 'NONE',  ( 34.99999999999998579, -10.80940107675847806, 20.00000000000000000 ) ) ;
#2331 = ORIENTED_EDGE ( 'NONE', *, *, #2673, .T. ) ;
#2332 = DIRECTION ( 'NONE',  ( -0.000000000000000000, -0.000000000000000000, -1.000000000000000000 ) ) ;
#2333 = VERTEX_POINT ( 'NONE', #2533 ) ;
#2334 = VERTEX_POINT ( 'NONE', #880 ) ;
#2335 = SHAPE_DEFINITION_REPRESENTATION ( #8, #1870 ) ;
#2336 = ORIENTED_EDGE ( 'NONE', *, *, #3426, .F. ) ;
#2337 = CIRCLE ( 'NONE', #3373, 2.000000000000001776 ) ;
#2338 = DIRECTION ( 'NONE',  ( -0.8646558536549626695, 0.5023646631085906256, 0.000000000000000000 ) ) ;
#2339 = VECTOR ( 'NONE', #2761, 1000.000000000000000 ) ;
#2340 = EDGE_CURVE ( 'NONE', #1090, #1806, #2906, .T. ) ;
#2341 = VECTOR ( 'NONE', #2626, 1000.000000000000000 ) ;
#2342 = DIRECTION ( 'NONE',  ( 0.000000000000000000, 0.000000000000000000, 1.000000000000000000 ) ) ;
#2343 = CARTESIAN_POINT ( 'NONE',  ( -5.348805862875297806E-16, 13.10289432005867916, 21.78299768798349234 ) ) ;
#2344 = LINE ( 'NONE', #3599, #3402 ) ;
#2345 = PLANE ( 'NONE',  #1247 ) ;
#2346 = ORIENTED_EDGE ( 'NONE', *, *, #814, .T. ) ;
#2347 = EDGE_CURVE ( 'NONE', #1073, #3113, #3200, .T. ) ;
#2348 = CARTESIAN_POINT ( 'NONE',  ( 0.5857864376269099616, -18.78578643762683242, 32.00000000000000000 ) ) ;
#2349 = EDGE_LOOP ( 'NONE', ( #1457, #918, #170, #244 ) ) ;
#2350 = CARTESIAN_POINT ( 'NONE',  ( 0.000000000000000000, 0.000000000000000000, 20.00000000000000000 ) ) ;
#2351 = CARTESIAN_POINT ( 'NONE',  ( 42.01310964488947519, -28.16835051751158758, 1.566564030102755467 ) ) ;
#2352 = EDGE_CURVE ( 'NONE', #4190, #2228, #2176, .T. ) ;
#2353 = DIRECTION ( 'NONE',  ( 1.000000000000000000, 3.469446951953614189E-16, -0.000000000000000000 ) ) ;
#2354 = LINE ( 'NONE', #1737, #4274 ) ;
#2355 = ADVANCED_FACE ( 'NONE', ( #3221 ), #146, .T. ) ;
#2356 = EDGE_LOOP ( 'NONE', ( #805, #2111, #3202 ) ) ;
#2357 = CARTESIAN_POINT ( 'NONE',  ( 6.828427124746308863, -22.19999999999999574, 2.000000000000001776 ) ) ;
#2358 = AXIS2_PLACEMENT_3D ( 'NONE', #361, #2992, #12 ) ;
#2359 = ADVANCED_FACE ( 'NONE', ( #1569 ), #536, .T. ) ;
#2360 = ORIENTED_EDGE ( 'NONE', *, *, #343, .F. ) ;
#2361 = ORIENTED_EDGE ( 'NONE', *, *, #3574, .F. ) ;
#2362 = CIRCLE ( 'NONE', #2496, 2.499999999999988454 ) ;
#2363 = EDGE_LOOP ( 'NONE', ( #193, #3954, #4260, #1440 ) ) ;
#2364 = EDGE_CURVE ( 'NONE', #2, #2459, #2804, .T. ) ;
#2365 = DIRECTION ( 'NONE',  ( -0.5023646631085906256, -0.8646558536549626695, 0.000000000000000000 ) ) ;
#2366 = EDGE_CURVE ( 'NONE', #1806, #642, #3138, .T. ) ;
#2367 = EDGE_LOOP ( 'NONE', ( #675, #4119, #3378, #3592 ) ) ;
#2368 = PLANE ( 'NONE',  #3238 ) ;
#2369 = CARTESIAN_POINT ( 'NONE',  ( 0.01490001744549856316, 13.09074299078686998, 21.86305235363916211 ) ) ;
#2370 = AXIS2_PLACEMENT_3D ( 'NONE', #2430, #2411, #1730 ) ;
#2371 = DIRECTION ( 'NONE',  ( 0.7071067811865446862, 0.7071067811865503483, 0.000000000000000000 ) ) ;
#2372 = FACE_OUTER_BOUND ( 'NONE', #3675, .T. ) ;
#2373 = ORIENTED_EDGE ( 'NONE', *, *, #1707, .F. ) ;
#2374 = CARTESIAN_POINT ( 'NONE',  ( 34.99999999999998579, 46.80940107675847628, 20.00000000000000000 ) ) ;
#2375 = CARTESIAN_POINT ( 'NONE',  ( -1.442977649986461719, 12.00000000000000000, 21.05153577595360304 ) ) ;
#2376 = LINE ( 'NONE', #3000, #4093 ) ;
#2377 = DIRECTION ( 'NONE',  ( -1.000000000000000000, -1.272130549049658483E-14, 0.000000000000000000 ) ) ;
#2378 = ORIENTED_EDGE ( 'NONE', *, *, #3122, .T. ) ;
#2379 = CARTESIAN_POINT ( 'NONE',  ( 0.000000000000000000, -22.19999999999999574, 0.000000000000000000 ) ) ;
#2380 = AXIS2_PLACEMENT_3D ( 'NONE', #2585, #930, #2951 ) ;
#2381 = ORIENTED_EDGE ( 'NONE', *, *, #2082, .T. ) ;
#2382 = VERTEX_POINT ( 'NONE', #802 ) ;
#2383 = ORIENTED_EDGE ( 'NONE', *, *, #680, .F. ) ;
#2384 = DIRECTION ( 'NONE',  ( -1.000000000000000000, 0.000000000000000000, 0.000000000000000000 ) ) ;
#2385 = ORIENTED_EDGE ( 'NONE', *, *, #1576, .T. ) ;
#2386 = DIRECTION ( 'NONE',  ( -0.4999999999999993339, -0.8660254037844390407, 0.000000000000000000 ) ) ;
#2387 = DIRECTION ( 'NONE',  ( 0.000000000000000000, 0.000000000000000000, 1.000000000000000000 ) ) ;
#2388 = DIRECTION ( 'NONE',  ( 0.000000000000000000, 0.000000000000000000, 1.000000000000000000 ) ) ;
#2389 = DIRECTION ( 'NONE',  ( -0.000000000000000000, 0.000000000000000000, 1.000000000000000000 ) ) ;
#2390 = EDGE_LOOP ( 'NONE', ( #2775, #914, #782, #2463, #827, #2040, #2894, #2161, #2979, #1274 ) ) ;
#2391 = FACE_OUTER_BOUND ( 'NONE', #3805, .T. ) ;
#2392 = CARTESIAN_POINT ( 'NONE',  ( 0.7301098143687645425, 12.00000000000000000, 20.18433484697910174 ) ) ;
#2393 = DIRECTION ( 'NONE',  ( -1.000000000000000000, 0.000000000000000000, 0.000000000000000000 ) ) ;
#2394 = CIRCLE ( 'NONE', #721, 3.500000000000003109 ) ;
#2395 = DIRECTION ( 'NONE',  ( 0.8646558536549627805, -0.5023646631085905145, 0.000000000000000000 ) ) ;
#2396 = ORIENTED_EDGE ( 'NONE', *, *, #1841, .F. ) ;
#2397 = LINE ( 'NONE', #3430, #4174 ) ;
#2398 = ORIENTED_EDGE ( 'NONE', *, *, #4150, .F. ) ;
#2399 = EDGE_CURVE ( 'NONE', #1732, #3702, #2462, .T. ) ;
#2400 = EDGE_LOOP ( 'NONE', ( #3716, #3111, #416, #1292 ) ) ;
#2401 = CYLINDRICAL_SURFACE ( 'NONE', #3603, 2.500000000000002220 ) ;
#2402 =( BOUNDED_CURVE ( )  B_SPLINE_CURVE ( 3, ( #1102, #139, #4132, #160 ),
 .UNSPECIFIED., .F., .F. ) 
 B_SPLINE_CURVE_WITH_KNOTS ( ( 4, 4 ),
 ( 3.936991483773933709, 4.300872134317199169 ),
 .UNSPECIFIED. ) 
 CURVE ( )  GEOMETRIC_REPRESENTATION_ITEM ( )  RATIONAL_B_SPLINE_CURVE ( ( 1.000000000000000000, 0.9889963102553599450, 0.9889963102553599450, 1.000000000000000000 ) ) 
 REPRESENTATION_ITEM ( '' )  );
#2403 = VECTOR ( 'NONE', #1898, 1000.000000000000000 ) ;
#2404 = PRODUCT_DEFINITION_CONTEXT ( 'detailed design', #862, 'design' ) ;
#2405 = VERTEX_POINT ( 'NONE', #2219 ) ;
#2406 = DIRECTION ( 'NONE',  ( 0.000000000000000000, 0.000000000000000000, 1.000000000000000000 ) ) ;
#2407 = EDGE_CURVE ( 'NONE', #538, #3431, #1552, .T. ) ;
#2408 = AXIS2_PLACEMENT_3D ( 'NONE', #2115, #3057, #437 ) ;
#2409 = VECTOR ( 'NONE', #190, 1000.000000000000000 ) ;
#2410 = VECTOR ( 'NONE', #2969, 1000.000000000000000 ) ;
#2411 = DIRECTION ( 'NONE',  ( 0.8646558536549623364, 0.5023646631085914027, -0.000000000000000000 ) ) ;
#2412 = DIRECTION ( 'NONE',  ( -0.000000000000000000, 0.000000000000000000, -1.000000000000000000 ) ) ;
#2413 = EDGE_LOOP ( 'NONE', ( #3400, #2454, #192, #368 ) ) ;
#2414 = DIRECTION ( 'NONE',  ( -1.000000000000000000, -3.469446951953614189E-16, 0.000000000000000000 ) ) ;
#2415 = CARTESIAN_POINT ( 'NONE',  ( 1.364246927720569103, 13.49338528690041983, 20.00000000000000355 ) ) ;
#2416 = CARTESIAN_POINT ( 'NONE',  ( 10.00000000000000000, 12.00000000000000355, 18.50000000000000000 ) ) ;
#2417 = CARTESIAN_POINT ( 'NONE',  ( 6.828427124746308863, -22.19999999999999574, 32.00000000000000000 ) ) ;
#2418 = VERTEX_POINT ( 'NONE', #1893 ) ;
#2419 = CARTESIAN_POINT ( 'NONE',  ( 78.00000000000000000, -28.19999999999999929, 32.00000000000000000 ) ) ;
#2420 = ORIENTED_EDGE ( 'NONE', *, *, #286, .T. ) ;
#2421 = EDGE_LOOP ( 'NONE', ( #701, #743, #2050, #658, #1116, #3655 ) ) ;
#2422 = CARTESIAN_POINT ( 'NONE',  ( 39.00000000000000000, -8.500000000000003553, 40.00000000000000000 ) ) ;
#2423 = VERTEX_POINT ( 'NONE', #512 ) ;
#2424 = DIRECTION ( 'NONE',  ( 1.502314598737167117E-15, 1.000000000000000000, -0.000000000000000000 ) ) ;
#2425 = AXIS2_PLACEMENT_3D ( 'NONE', #1135, #2870, #4097 ) ;
#2426 = EDGE_CURVE ( 'NONE', #1668, #3270, #3255, .T. ) ;
#2427 =( BOUNDED_CURVE ( )  B_SPLINE_CURVE ( 3, ( #357, #1684, #3012, #725 ),
 .UNSPECIFIED., .F., .F. ) 
 B_SPLINE_CURVE_WITH_KNOTS ( ( 4, 4 ),
 ( 1.982313172862385287, 2.346193823405658296 ),
 .UNSPECIFIED. ) 
 CURVE ( )  GEOMETRIC_REPRESENTATION_ITEM ( )  RATIONAL_B_SPLINE_CURVE ( ( 1.000000000000000000, 0.9889963102553593899, 0.9889963102553593899, 1.000000000000000000 ) ) 
 REPRESENTATION_ITEM ( '' )  );
#2428 = DIRECTION ( 'NONE',  ( 1.000000000000000000, 0.000000000000000000, 0.000000000000000000 ) ) ;
#2429 = EDGE_CURVE ( 'NONE', #766, #3610, #3171, .T. ) ;
#2430 = CARTESIAN_POINT ( 'NONE',  ( 69.21581930518857462, 24.87132618819478935, 26.00000000000000355 ) ) ;
#2431 = DIRECTION ( 'NONE',  ( 1.000000000000000000, 0.000000000000000000, 0.000000000000000000 ) ) ;
#2432 = ORIENTED_EDGE ( 'NONE', *, *, #4206, .F. ) ;
#2433 = PLANE ( 'NONE',  #253 ) ;
#2434 = CARTESIAN_POINT ( 'NONE',  ( 0.04139425089145021275, 13.44494564593387764, 21.27576788795791174 ) ) ;
#2435 = VECTOR ( 'NONE', #1041, 1000.000000000000000 ) ;
#2436 = EDGE_CURVE ( 'NONE', #3652, #1233, #3776, .T. ) ;
#2437 = CARTESIAN_POINT ( 'NONE',  ( 6.828427124746308863, -22.19999999999999574, 2.000000000000001776 ) ) ;
#2438 = AXIS2_PLACEMENT_3D ( 'NONE', #1060, #2388, #483 ) ;
#2439 = CARTESIAN_POINT ( 'NONE',  ( 15.72328859115647326, 28.85237901412935102, 26.00000000000000355 ) ) ;
#2440 = ORIENTED_EDGE ( 'NONE', *, *, #2618, .T. ) ;
#2441 = DIRECTION ( 'NONE',  ( 0.000000000000000000, 0.000000000000000000, 1.000000000000000000 ) ) ;
#2442 = VERTEX_POINT ( 'NONE', #3862 ) ;
#2443 = VERTEX_POINT ( 'NONE', #1158 ) ;
#2444 = CIRCLE ( 'NONE', #2723, 2.499999999999995115 ) ;
#2445 = ORIENTED_EDGE ( 'NONE', *, *, #4083, .F. ) ;
#2446 = CARTESIAN_POINT ( 'NONE',  ( 43.00000000000000000, -6.190598923241495299, 26.00000000000000355 ) ) ;
#2447 = ORIENTED_EDGE ( 'NONE', *, *, #1763, .T. ) ;
#2448 = PRODUCT_RELATED_PRODUCT_CATEGORY ( 'part', '', ( #666 ) ) ;
#2449 = DIRECTION ( 'NONE',  ( -0.000000000000000000, -0.000000000000000000, -1.000000000000000000 ) ) ;
#2450 = VECTOR ( 'NONE', #2193, 1000.000000000000000 ) ;
#2451 = DIRECTION ( 'NONE',  ( 0.000000000000000000, 0.000000000000000000, 1.000000000000000000 ) ) ;
#2452 = LINE ( 'NONE', #2117, #1459 ) ;
#2453 = DIRECTION ( 'NONE',  ( 0.000000000000000000, 0.000000000000000000, 1.000000000000000000 ) ) ;
#2454 = ORIENTED_EDGE ( 'NONE', *, *, #851, .F. ) ;
#2455 = CYLINDRICAL_SURFACE ( 'NONE', #3098, 2.000000000000001776 ) ;
#2456 = CARTESIAN_POINT ( 'NONE',  ( -1.429089607562681552, 12.00000000000000000, 22.03236296154988949 ) ) ;
#2457 = CARTESIAN_POINT ( 'NONE',  ( 6.999999999999992006, 11.99999999999999467, 3.000000000000008882 ) ) ;
#2458 = DIRECTION ( 'NONE',  ( 1.502314598737166920E-15, -1.000000000000000000, 0.000000000000000000 ) ) ;
#2459 = VERTEX_POINT ( 'NONE', #1179 ) ;
#2460 = DIRECTION ( 'NONE',  ( -1.000000000000000000, 0.000000000000000000, 0.000000000000000000 ) ) ;
#2461 = AXIS2_PLACEMENT_3D ( 'NONE', #2579, #3575, #1928 ) ;
#2462 = LINE ( 'NONE', #2197, #2138 ) ;
#2463 = ORIENTED_EDGE ( 'NONE', *, *, #2070, .T. ) ;
#2464 = VERTEX_POINT ( 'NONE', #2485 ) ;
#2465 = ORIENTED_EDGE ( 'NONE', *, *, #1436, .T. ) ;
#2466 = DIRECTION ( 'NONE',  ( -1.000000000000000000, 0.000000000000000000, 0.000000000000000000 ) ) ;
#2467 = ORIENTED_EDGE ( 'NONE', *, *, #1826, .T. ) ;
#2468 = CARTESIAN_POINT ( 'NONE',  ( 66.91735738447712833, 20.86503037630410162, 26.00000000000000355 ) ) ;
#2469 = FACE_OUTER_BOUND ( 'NONE', #2349, .T. ) ;
#2470 = EDGE_CURVE ( 'NONE', #2178, #2, #3543, .T. ) ;
#2471 = CARTESIAN_POINT ( 'NONE',  ( 6.999999999999992006, 11.99999999999999467, 16.99999999999997868 ) ) ;
#2472 = CARTESIAN_POINT ( 'NONE',  ( 17.49999999999999645, 17.00000000000000355, 18.50000000000000000 ) ) ;
#2473 = ORIENTED_EDGE ( 'NONE', *, *, #2229, .F. ) ;
#2474 = CARTESIAN_POINT ( 'NONE',  ( 1.046382633898663261, 13.48116778921772152, 20.07633430130127650 ) ) ;
#2475 = CARTESIAN_POINT ( 'NONE',  ( 78.78566607992540582, 11.99999999999999645, 19.56240054223114555 ) ) ;
#2476 = VECTOR ( 'NONE', #1205, 1000.000000000000000 ) ;
#2477 = EDGE_CURVE ( 'NONE', #22, #2405, #1851, .T. ) ;
#2478 = CIRCLE ( 'NONE', #4053, 2.600000000000003197 ) ;
#2479 = ADVANCED_FACE ( 'NONE', ( #472 ), #40, .T. ) ;
#2480 = FACE_OUTER_BOUND ( 'NONE', #2525, .T. ) ;
#2481 = DIRECTION ( 'NONE',  ( 0.000000000000000000, 0.000000000000000000, -1.000000000000000000 ) ) ;
#2482 = DIRECTION ( 'NONE',  ( 1.000000000000000000, 0.000000000000000000, 0.000000000000000000 ) ) ;
#2483 = CARTESIAN_POINT ( 'NONE',  ( 61.58578643762689353, -34.61421356237308800, 20.00000000000000000 ) ) ;
#2484 = EDGE_CURVE ( 'NONE', #3040, #2423, #3819, .T. ) ;
#2485 = CARTESIAN_POINT ( 'NONE',  ( 62.29857247594888747, 20.85240888332604925, 26.00000000000000355 ) ) ;
#2486 = ORIENTED_EDGE ( 'NONE', *, *, #1039, .F. ) ;
#2487 = ORIENTED_EDGE ( 'NONE', *, *, #3771, .T. ) ;
#2488 = ORIENTED_EDGE ( 'NONE', *, *, #465, .T. ) ;
#2489 = CARTESIAN_POINT ( 'NONE',  ( 60.17157287525379417, -35.20000000000000284, 32.00000000000000000 ) ) ;
#2490 = EDGE_LOOP ( 'NONE', ( #1344, #3822, #128, #4036 ) ) ;
#2491 = EDGE_CURVE ( 'NONE', #3634, #3048, #1528, .T. ) ;
#2492 = DIRECTION ( 'NONE',  ( 1.000000000000000000, 0.000000000000000000, 0.000000000000000000 ) ) ;
#2493 = AXIS2_PLACEMENT_3D ( 'NONE', #4029, #2412, #3726 ) ;
#2494 = CYLINDRICAL_SURFACE ( 'NONE', #2634, 2.550000000000000266 ) ;
#2495 = CARTESIAN_POINT ( 'NONE',  ( 1.141677832415301186, 13.48479810205588869, 20.04761850113654020 ) ) ;
#2496 = AXIS2_PLACEMENT_3D ( 'NONE', #1799, #164, #2866 ) ;
#2497 = CARTESIAN_POINT ( 'NONE',  ( 0.3492250628645512944, 13.45565388632590675, 22.43200025507224638 ) ) ;
#2498 = VECTOR ( 'NONE', #4121, 1000.000000000000000 ) ;
#2499 = FACE_BOUND ( 'NONE', #2156, .T. ) ;
#2500 = CARTESIAN_POINT ( 'NONE',  ( 59.41742430504415751, 14.99999999999999645, 4.500000000000038192 ) ) ;
#2501 = CARTESIAN_POINT ( 'NONE',  ( 29.00000000000023803, -35.20000000000011653, 32.00000000000000000 ) ) ;
#2502 = AXIS2_PLACEMENT_3D ( 'NONE', #379, #1319, #2645 ) ;
#2503 = DIRECTION ( 'NONE',  ( 1.000000000000000000, 0.000000000000000000, 0.000000000000000000 ) ) ;
#2504 = ORIENTED_EDGE ( 'NONE', *, *, #1765, .T. ) ;
#2505 = ORIENTED_EDGE ( 'NONE', *, *, #2225, .T. ) ;
#2506 = ORIENTED_EDGE ( 'NONE', *, *, #3886, .F. ) ;
#2507 = CARTESIAN_POINT ( 'NONE',  ( 78.00372975252042806, 11.99999999999999289, 21.77561513907610191 ) ) ;
#2508 = DIRECTION ( 'NONE',  ( -0.000000000000000000, -0.000000000000000000, -1.000000000000000000 ) ) ;
#2509 = MANIFOLD_SOLID_BREP ( 'Fillet9', #219 ) ;
#2510 = VERTEX_POINT ( 'NONE', #322 ) ;
#2511 = CARTESIAN_POINT ( 'NONE',  ( 77.99950611387700405, 12.21306610370603352, 23.09447783208791805 ) ) ;
#2512 = VECTOR ( 'NONE', #1526, 1000.000000000000000 ) ;
#2513 = FACE_OUTER_BOUND ( 'NONE', #3565, .T. ) ;
#2514 = DIRECTION ( 'NONE',  ( -0.8660254037844399289, -0.4999999999999977240, -0.000000000000000000 ) ) ;
#2515 = DIRECTION ( 'NONE',  ( -1.000000000000000000, 0.000000000000000000, 0.000000000000000000 ) ) ;
#2516 = CARTESIAN_POINT ( 'NONE',  ( 36.82842712474640479, -30.19999999999999929, 2.000000000000001776 ) ) ;
#2517 = CARTESIAN_POINT ( 'NONE',  ( 76.46998799039037920, 11.99999999999999645, 18.50000000000000355 ) ) ;
#2518 = DIRECTION ( 'NONE',  ( 0.000000000000000000, -1.000000000000000000, 0.000000000000000000 ) ) ;
#2519 = CARTESIAN_POINT ( 'NONE',  ( 38.99999999999998579, -13.11880215351699697, 20.00000000000000000 ) ) ;
#2520 = DIRECTION ( 'NONE',  ( 0.000000000000000000, 1.000000000000000000, -0.000000000000000000 ) ) ;
#2521 = DIRECTION ( 'NONE',  ( -0.5000000000000022204, -0.8660254037844373753, 0.000000000000000000 ) ) ;
#2522 = CARTESIAN_POINT ( 'NONE',  ( 34.99999999999998579, -10.80940107675847806, 20.00000000000000000 ) ) ;
#2523 = CARTESIAN_POINT ( 'NONE',  ( 34.99999999999999289, 42.19059892324149530, 26.00000000000000355 ) ) ;
#2524 = ORIENTED_EDGE ( 'NONE', *, *, #2677, .F. ) ;
#2525 = EDGE_LOOP ( 'NONE', ( #1275, #348, #1294, #2198 ) ) ;
#2526 = ORIENTED_EDGE ( 'NONE', *, *, #1397, .T. ) ;
#2527 = DIRECTION ( 'NONE',  ( -0.9999962663504128324, -0.002732633388169905010, -0.000000000000000000 ) ) ;
#2528 = CARTESIAN_POINT ( 'NONE',  ( 17.57071421427141544, 13.49999999999999467, 16.99999999999997868 ) ) ;
#2529 = ADVANCED_FACE ( 'NONE', ( #1653 ), #3522, .F. ) ;
#2530 = ORIENTED_EDGE ( 'NONE', *, *, #543, .T. ) ;
#2531 = DIRECTION ( 'NONE',  ( -0.000000000000000000, -0.000000000000000000, -1.000000000000000000 ) ) ;
#2532 = DIRECTION ( 'NONE',  ( 0.000000000000000000, 1.000000000000000000, -0.000000000000000000 ) ) ;
#2533 = CARTESIAN_POINT ( 'NONE',  ( 6.828427124746311527, -22.19999999999999574, 0.000000000000000000 ) ) ;
#2534 = CARTESIAN_POINT ( 'NONE',  ( -4.978345995666140238E-16, 12.19538400573682146, 23.13666180770469438 ) ) ;
#2535 = EDGE_CURVE ( 'NONE', #1558, #3501, #2337, .T. ) ;
#2536 = CARTESIAN_POINT ( 'NONE',  ( 15.70142752405111608, 20.85240888332604925, 26.00000000000000355 ) ) ;
#2537 = PLANE ( 'NONE',  #3740 ) ;
#2538 = FACE_OUTER_BOUND ( 'NONE', #1329, .T. ) ;
#2539 = LINE ( 'NONE', #2041, #2410 ) ;
#2540 = ADVANCED_FACE ( 'NONE', ( #2953 ), #3888, .F. ) ;
#2541 = VECTOR ( 'NONE', #1002, 1000.000000000000000 ) ;
#2542 = DIRECTION ( 'NONE',  ( 0.000000000000000000, 0.000000000000000000, 1.000000000000000000 ) ) ;
#2543 = EDGE_CURVE ( 'NONE', #4007, #1253, #1503, .T. ) ;
#2544 = CARTESIAN_POINT ( 'NONE',  ( 42.99999999999999289, 46.80940107675850470, 26.00000000000000355 ) ) ;
#2545 = ADVANCED_FACE ( 'NONE', ( #578 ), #3264, .F. ) ;
#2546 = VECTOR ( 'NONE', #3407, 1000.000000000000000 ) ;
#2547 = DIRECTION ( 'NONE',  ( -0.000000000000000000, -0.000000000000000000, -1.000000000000000000 ) ) ;
#2548 = ORIENTED_EDGE ( 'NONE', *, *, #1899, .F. ) ;
#2549 = ORIENTED_EDGE ( 'NONE', *, *, #2862, .T. ) ;
#2550 = CARTESIAN_POINT ( 'NONE',  ( 0.4820150320320191750, 12.00000000000000178, 18.67607188906625737 ) ) ;
#2551 = DIRECTION ( 'NONE',  ( 0.000000000000000000, 0.000000000000000000, 1.000000000000000000 ) ) ;
#2552 = ORIENTED_EDGE ( 'NONE', *, *, #352, .F. ) ;
#2553 = CARTESIAN_POINT ( 'NONE',  ( 77.97978316994537806, 13.26794996515551794, 21.68000476085617123 ) ) ;
#2554 = DIRECTION ( 'NONE',  ( -0.4976316032418220958, -0.8673884870431320948, 0.000000000000000000 ) ) ;
#2555 = CIRCLE ( 'NONE', #2764, 2.000000000000001776 ) ;
#2556 = CIRCLE ( 'NONE', #2903, 2.550000000000000266 ) ;
#2557 = EDGE_CURVE ( 'NONE', #803, #1419, #1013, .T. ) ;
#2558 = EDGE_CURVE ( 'NONE', #2589, #3977, #1156, .T. ) ;
#2559 = CARTESIAN_POINT ( 'NONE',  ( 76.56908941320014605, 13.49604544289401709, 20.00000000000000000 ) ) ;
#2560 = DIRECTION ( 'NONE',  ( -1.000000000000000000, 0.000000000000000000, 0.000000000000000000 ) ) ;
#2561 = CARTESIAN_POINT ( 'NONE',  ( 77.51720188079231377, 13.46037970119941107, 20.41122014896639669 ) ) ;
#2562 = VECTOR ( 'NONE', #891, 1000.000000000000000 ) ;
#2563 = FACE_OUTER_BOUND ( 'NONE', #2825, .T. ) ;
#2564 = CARTESIAN_POINT ( 'NONE',  ( 57.54999999999999005, 51.00100000000001188, 10.00000000000000000 ) ) ;
#2565 = AXIS2_PLACEMENT_3D ( 'NONE', #713, #3671, #2393 ) ;
#2566 = CARTESIAN_POINT ( 'NONE',  ( 76.46998799039037920, 11.99999999999999645, 18.50000000000000000 ) ) ;
#2567 = DIRECTION ( 'NONE',  ( 0.8660254037844373753, -0.5000000000000022204, 0.000000000000000000 ) ) ;
#2568 = DIRECTION ( 'NONE',  ( 0.000000000000000000, 0.000000000000000000, -1.000000000000000000 ) ) ;
#2569 = EDGE_CURVE ( 'NONE', #3242, #1227, #3234, .T. ) ;
#2570 = DIRECTION ( 'NONE',  ( -0.000000000000000000, -0.000000000000000000, 1.000000000000000000 ) ) ;
#2571 = EDGE_LOOP ( 'NONE', ( #3265, #4088, #338, #1603 ) ) ;
#2572 = ORIENTED_EDGE ( 'NONE', *, *, #2558, .F. ) ;
#2573 = CARTESIAN_POINT ( 'NONE',  ( 18.58257569495583184, 14.99999999999999645, 4.500000000000010658 ) ) ;
#2574 = DIRECTION ( 'NONE',  ( 1.000000000000000000, 0.000000000000000000, 0.000000000000000000 ) ) ;
#2575 = AXIS2_PLACEMENT_3D ( 'NONE', #1793, #3146, #1121 ) ;
#2576 = ORIENTED_EDGE ( 'NONE', *, *, #1641, .T. ) ;
#2577 = ORIENTED_EDGE ( 'NONE', *, *, #3112, .F. ) ;
#2578 = AXIS2_PLACEMENT_3D ( 'NONE', #4130, #1167, #1881 ) ;
#2579 = CARTESIAN_POINT ( 'NONE',  ( 6.828427124746308863, -22.19999999999999574, 20.00000000000000000 ) ) ;
#2580 = CARTESIAN_POINT ( 'NONE',  ( 77.46244278150291507, 13.46236892199666713, 20.36906786403769942 ) ) ;
#2581 = CARTESIAN_POINT ( 'NONE',  ( -4.898587196589630752E-16, 12.00000000000054357, 23.83649653529669976 ) ) ;
#2582 = CARTESIAN_POINT ( 'NONE',  ( 71.00000000000000000, 14.99999999999999645, 10.00000000000000000 ) ) ;
#2583 = CARTESIAN_POINT ( 'NONE',  ( 15.72328859115647326, 28.85237901412935102, 20.00000000000000000 ) ) ;
#2584 = DIRECTION ( 'NONE',  ( -5.782411586589358625E-16, -1.000000000000000000, 0.000000000000000000 ) ) ;
#2585 = CARTESIAN_POINT ( 'NONE',  ( 10.00000000000017586, -28.19999999999999929, 32.00000000000000000 ) ) ;
#2586 = DIRECTION ( 'NONE',  ( -0.000000000000000000, -0.000000000000000000, 1.000000000000000000 ) ) ;
#2587 = SURFACE_SIDE_STYLE ('',( #933 ) ) ;
#2588 = EDGE_LOOP ( 'NONE', ( #3017, #3476, #95, #1960, #1637 ) ) ;
#2589 = VERTEX_POINT ( 'NONE', #3241 ) ;
#2590 = DIRECTION ( 'NONE',  ( 0.000000000000000000, 1.000000000000000000, 0.000000000000000000 ) ) ;
#2591 = CYLINDRICAL_SURFACE ( 'NONE', #171, 5.000000000000004441 ) ;
#2592 = ORIENTED_EDGE ( 'NONE', *, *, #3311, .F. ) ;
#2593 = ORIENTED_EDGE ( 'NONE', *, *, #3797, .F. ) ;
#2594 = APPLICATION_PROTOCOL_DEFINITION ( 'draft international standard', 'automotive_design', 1998, #862 ) ;
#2595 = VERTEX_POINT ( 'NONE', #977 ) ;
#2596 = CARTESIAN_POINT ( 'NONE',  ( -4.898587196589411843E-16, 12.00000000000000000, 20.00000000000000000 ) ) ;
#2597 = ADVANCED_FACE ( 'NONE', ( #303 ), #3628, .T. ) ;
#2598 = AXIS2_PLACEMENT_3D ( 'NONE', #3272, #523, #1859 ) ;
#2599 = LINE ( 'NONE', #1949, #3303 ) ;
#2600 = DIRECTION ( 'NONE',  ( -0.000000000000000000, -0.000000000000000000, -1.000000000000000000 ) ) ;
#2601 = ADVANCED_FACE ( 'NONE', ( #1327 ), #1268, .T. ) ;
#2602 = DIRECTION ( 'NONE',  ( -1.000000000000000000, 5.782411586589358625E-16, 0.000000000000000000 ) ) ;
#2603 = DIRECTION ( 'NONE',  ( 0.8660254037844399289, -0.4999999999999977240, 0.000000000000000000 ) ) ;
#2604 = FACE_BOUND ( 'NONE', #1939, .T. ) ;
#2605 = ORIENTED_EDGE ( 'NONE', *, *, #1071, .F. ) ;
#2606 = DIRECTION ( 'NONE',  ( -0.000000000000000000, -0.000000000000000000, -1.000000000000000000 ) ) ;
#2607 = CARTESIAN_POINT ( 'NONE',  ( 42.67931308612863717, -27.78908657609480315, 0.4006663169794867918 ) ) ;
#2608 = CIRCLE ( 'NONE', #1497, 6.000000000000012434 ) ;
#2609 = ADVANCED_FACE ( 'NONE', ( #667 ), #2004, .F. ) ;
#2610 = CARTESIAN_POINT ( 'NONE',  ( 39.00000000000000000, 13.49999999999999645, 18.50000000000000000 ) ) ;
#2611 = ADVANCED_FACE ( 'NONE', ( #668 ), #1048, .F. ) ;
#2612 = ORIENTED_EDGE ( 'NONE', *, *, #3441, .T. ) ;
#2613 = CARTESIAN_POINT ( 'NONE',  ( 58.99999999999999289, 16.99999999999998934, 18.50000000000000000 ) ) ;
#2614 = FACE_OUTER_BOUND ( 'NONE', #1400, .T. ) ;
#2615 = EDGE_CURVE ( 'NONE', #3269, #3801, #2354, .T. ) ;
#2616 = AXIS2_PLACEMENT_3D ( 'NONE', #4302, #2652, #1001 ) ;
#2617 = VECTOR ( 'NONE', #951, 1000.000000000000000 ) ;
#2618 = EDGE_CURVE ( 'NONE', #3777, #3709, #4016, .T. ) ;
#2619 = VERTEX_POINT ( 'NONE', #2700 ) ;
#2620 = VECTOR ( 'NONE', #3120, 1000.000000000000000 ) ;
#2621 = EDGE_LOOP ( 'NONE', ( #983, #2726, #2398, #88 ) ) ;
#2622 = EDGE_LOOP ( 'NONE', ( #2637, #3974 ) ) ;
#2623 = CARTESIAN_POINT ( 'NONE',  ( 49.82842712474612057, -33.19999999999999574, 2.000000000000000000 ) ) ;
#2624 = EDGE_CURVE ( 'NONE', #2977, #2382, #4050, .T. ) ;
#2625 = CARTESIAN_POINT ( 'NONE',  ( 20.50000000000000000, 18.00000000000000000, 0.000000000000000000 ) ) ;
#2626 = DIRECTION ( 'NONE',  ( 0.000000000000000000, 0.000000000000000000, -1.000000000000000000 ) ) ;
#2627 = DIRECTION ( 'NONE',  ( 0.000000000000000000, 0.000000000000000000, 1.000000000000000000 ) ) ;
#2628 = CARTESIAN_POINT ( 'NONE',  ( 39.00000000000000000, 18.00000000000000000, 11.00000000000000178 ) ) ;
#2629 = CARTESIAN_POINT ( 'NONE',  ( 5.414213562373223709, -23.61421356237309510, 20.00000000000000000 ) ) ;
#2630 = ORIENTED_EDGE ( 'NONE', *, *, #3104, .T. ) ;
#2631 = DIRECTION ( 'NONE',  ( 0.000000000000000000, 0.000000000000000000, 1.000000000000000000 ) ) ;
#2632 = CARTESIAN_POINT ( 'NONE',  ( 41.99999999999990052, -28.19999999999999929, 2.000000000000002220 ) ) ;
#2633 = DIRECTION ( 'NONE',  ( -1.000000000000000000, 0.000000000000000000, 0.000000000000000000 ) ) ;
#2634 = AXIS2_PLACEMENT_3D ( 'NONE', #2774, #3446, #2431 ) ;
#2635 = ORIENTED_EDGE ( 'NONE', *, *, #4281, .F. ) ;
#2636 = CARTESIAN_POINT ( 'NONE',  ( 7.000000000000000000, 0.000000000000000000, 7.400000000000008349 ) ) ;
#2637 = ORIENTED_EDGE ( 'NONE', *, *, #4129, .F. ) ;
#2638 = ORIENTED_EDGE ( 'NONE', *, *, #1003, .F. ) ;
#2639 = EDGE_LOOP ( 'NONE', ( #478, #1894, #1027, #3573 ) ) ;
#2640 = DIRECTION ( 'NONE',  ( 3.310311596460238040E-18, -0.7071067811865475727, 0.7071067811865475727 ) ) ;
#2641 = VECTOR ( 'NONE', #1624, 1000.000000000000000 ) ;
#2642 = CIRCLE ( 'NONE', #2438, 2.000000000000001776 ) ;
#2643 = CARTESIAN_POINT ( 'NONE',  ( 35.41421356237329121, -28.78578643762692124, 2.000000000000001776 ) ) ;
#2644 = CARTESIAN_POINT ( 'NONE',  ( -4.898587196589412829E-16, 12.00000000000000178, 19.16435965134887098 ) ) ;
#2645 = DIRECTION ( 'NONE',  ( 0.000000000000000000, -2.312964634635742661E-15, 1.000000000000000000 ) ) ;
#2646 = LINE ( 'NONE', #1565, #685 ) ;
#2647 = CARTESIAN_POINT ( 'NONE',  ( 36.82842712474641189, -28.20000000000000284, 2.000000000000003553 ) ) ;
#2648 = ORIENTED_EDGE ( 'NONE', *, *, #3381, .F. ) ;
#2649 = DIRECTION ( 'NONE',  ( -0.000000000000000000, -0.000000000000000000, -1.000000000000000000 ) ) ;
#2650 = VECTOR ( 'NONE', #2568, 1000.000000000000000 ) ;
#2651 = DIRECTION ( 'NONE',  ( -1.000000000000000000, 0.000000000000000000, 3.614007241618342978E-17 ) ) ;
#2652 = DIRECTION ( 'NONE',  ( 0.000000000000000000, 1.000000000000000000, 0.000000000000000000 ) ) ;
#2653 = CARTESIAN_POINT ( 'NONE',  ( 8.784180694811425383, 24.87132618819477514, 26.00000000000000355 ) ) ;
#2654 = VECTOR ( 'NONE', #2149, 1000.000000000000000 ) ;
#2655 = ORIENTED_EDGE ( 'NONE', *, *, #620, .T. ) ;
#2656 = FACE_OUTER_BOUND ( 'NONE', #325, .T. ) ;
#2657 = ORIENTED_EDGE ( 'NONE', *, *, #4281, .T. ) ;
#2658 = ORIENTED_EDGE ( 'NONE', *, *, #3436, .F. ) ;
#2659 = ORIENTED_EDGE ( 'NONE', *, *, #1696, .F. ) ;
#2660 = DIRECTION ( 'NONE',  ( -1.156482317317871133E-15, 1.000000000000000000, 0.000000000000000000 ) ) ;
#2661 = ADVANCED_FACE ( 'NONE', ( #367 ), #1396, .T. ) ;
#2662 = FACE_OUTER_BOUND ( 'NONE', #3544, .T. ) ;
#2663 = CARTESIAN_POINT ( 'NONE',  ( -5.393280010150113471E-16, 13.21184201168482275, 21.56455527662367189 ) ) ;
#2664 = EDGE_CURVE ( 'NONE', #3270, #3656, #1655, .T. ) ;
#2665 = EDGE_CURVE ( 'NONE', #4095, #2589, #3693, .T. ) ;
#2666 = CARTESIAN_POINT ( 'NONE',  ( -7.685786437626876300, -7.685786437626956236, 2.000000000000000000 ) ) ;
#2667 = DIRECTION ( 'NONE',  ( 0.8673884870431320948, 0.4976316032418220958, -0.000000000000000000 ) ) ;
#2668 = ORIENTED_EDGE ( 'NONE', *, *, #293, .T. ) ;
#2669 = CARTESIAN_POINT ( 'NONE',  ( -4.898587196589411843E-16, 12.00000000000000000, 1.500000000000001332 ) ) ;
#2670 = EDGE_LOOP ( 'NONE', ( #1043, #3460, #4144, #585 ) ) ;
#2671 = DIRECTION ( 'NONE',  ( 1.000000000000000000, 0.000000000000000000, 0.000000000000000000 ) ) ;
#2672 = CARTESIAN_POINT ( 'NONE',  ( 42.12403225943968010, -27.90055963709250619, 0.9016903554156961986 ) ) ;
#2673 = EDGE_CURVE ( 'NONE', #2464, #1357, #714, .T. ) ;
#2674 = EDGE_CURVE ( 'NONE', #1311, #1618, #1773, .T. ) ;
#2675 = CARTESIAN_POINT ( 'NONE',  ( 19.00000000000000000, 17.00000000000000355, 1.500000000000001332 ) ) ;
#2676 = DIRECTION ( 'NONE',  ( 1.376776836308515076E-16, -1.000000000000000000, 0.000000000000000000 ) ) ;
#2677 = EDGE_CURVE ( 'NONE', #892, #3288, #4304, .T. ) ;
#2678 = ORIENTED_EDGE ( 'NONE', *, *, #1488, .F. ) ;
#2679 = LINE ( 'NONE', #4257, #1591 ) ;
#2680 = EDGE_LOOP ( 'NONE', ( #1874, #780, #3204, #2942 ) ) ;
#2681 = ORIENTED_EDGE ( 'NONE', *, *, #3629, .T. ) ;
#2682 = EDGE_LOOP ( 'NONE', ( #110, #3967 ) ) ;
#2683 = AXIS2_PLACEMENT_3D ( 'NONE', #3497, #3179, #2503 ) ;
#2684 = LINE ( 'NONE', #3353, #1602 ) ;
#2685 = VECTOR ( 'NONE', #3473, 1000.000000000000000 ) ;
#2686 = CIRCLE ( 'NONE', #3993, 2.600000000000001421 ) ;
#2687 = ORIENTED_EDGE ( 'NONE', *, *, #3821, .F. ) ;
#2688 = AXIS2_PLACEMENT_3D ( 'NONE', #292, #1279, #1585 ) ;
#2689 = DIRECTION ( 'NONE',  ( -0.000000000000000000, -0.000000000000000000, -1.000000000000000000 ) ) ;
#2690 = FACE_OUTER_BOUND ( 'NONE', #3090, .T. ) ;
#2691 = EDGE_CURVE ( 'NONE', #642, #1018, #1921, .T. ) ;
#2692 = EDGE_CURVE ( 'NONE', #124, #2222, #2749, .T. ) ;
#2693 = DIRECTION ( 'NONE',  ( -0.000000000000000000, -0.000000000000000000, -1.000000000000000000 ) ) ;
#2694 = DIRECTION ( 'NONE',  ( -0.000000000000000000, -0.000000000000000000, -1.000000000000000000 ) ) ;
#2695 = ORIENTED_EDGE ( 'NONE', *, *, #3489, .T. ) ;
#2696 = DIRECTION ( 'NONE',  ( 0.000000000000000000, 0.000000000000000000, -1.000000000000000000 ) ) ;
#2697 = CARTESIAN_POINT ( 'NONE',  ( -1.059904567935247233, 12.00000000000000000, 19.97372495799817216 ) ) ;
#2698 = CIRCLE ( 'NONE', #329, 2.500000000000002220 ) ;
#2699 = CARTESIAN_POINT ( 'NONE',  ( 69.21581930518857462, 24.87132618819478935, 26.00000000000000355 ) ) ;
#2700 = CARTESIAN_POINT ( 'NONE',  ( 62.09703439666034797, 24.85870469521672632, 32.00000000000000000 ) ) ;
#2701 = VERTEX_POINT ( 'NONE', #3045 ) ;
#2702 = DIRECTION ( 'NONE',  ( -1.000000000000000000, 0.000000000000000000, 0.000000000000000000 ) ) ;
#2703 = VECTOR ( 'NONE', #3788, 1000.000000000000000 ) ;
#2704 = ORIENTED_EDGE ( 'NONE', *, *, #1848, .T. ) ;
#2705 = ORIENTED_EDGE ( 'NONE', *, *, #1633, .F. ) ;
#2706 = ORIENTED_EDGE ( 'NONE', *, *, #1763, .F. ) ;
#2707 = CARTESIAN_POINT ( 'NONE',  ( 62.29857247594888747, 20.85240888332604925, 20.00000000000000000 ) ) ;
#2708 = AXIS2_PLACEMENT_3D ( 'NONE', #2962, #2660, #374 ) ;
#2709 = ORIENTED_EDGE ( 'NONE', *, *, #858, .T. ) ;
#2710 = PLANE ( 'NONE',  #1642 ) ;
#2711 = CARTESIAN_POINT ( 'NONE',  ( 13.99999999999999822, 17.00000000000000355, 18.50000000000000000 ) ) ;
#2712 = CIRCLE ( 'NONE', #2081, 2.500000000000002220 ) ;
#2713 = CYLINDRICAL_SURFACE ( 'NONE', #2299, 2.000000000000000444 ) ;
#2714 = CARTESIAN_POINT ( 'NONE',  ( 41.50000000000000000, -8.500000000000003553, 26.00000000000000355 ) ) ;
#2715 = ORIENTED_EDGE ( 'NONE', *, *, #3178, .F. ) ;
#2716 = DIRECTION ( 'NONE',  ( -1.000000000000000000, 1.502314598737166920E-15, 0.000000000000000000 ) ) ;
#2717 = CARTESIAN_POINT ( 'NONE',  ( 0.02579873589057934957, 13.44441150614771985, 21.43837656365918676 ) ) ;
#2718 = ADVANCED_FACE ( 'NONE', ( #62 ), #4035, .F. ) ;
#2719 = FACE_OUTER_BOUND ( 'NONE', #1661, .T. ) ;
#2720 = CARTESIAN_POINT ( 'NONE',  ( 59.41742430504415751, 13.49999999999996625, 16.99999999999997868 ) ) ;
#2721 = ORIENTED_EDGE ( 'NONE', *, *, #3016, .T. ) ;
#2722 = LINE ( 'NONE', #2741, #3759 ) ;
#2723 = AXIS2_PLACEMENT_3D ( 'NONE', #1630, #279, #1934 ) ;
#2724 = ORIENTED_EDGE ( 'NONE', *, *, #991, .F. ) ;
#2725 = EDGE_CURVE ( 'NONE', #1558, #4041, #3973, .T. ) ;
#2726 = ORIENTED_EDGE ( 'NONE', *, *, #2927, .F. ) ;
#2727 = DIRECTION ( 'NONE',  ( 0.8660254037844373753, 0.5000000000000022204, 0.000000000000000000 ) ) ;
#2728 = ORIENTED_EDGE ( 'NONE', *, *, #553, .F. ) ;
#2729 = CARTESIAN_POINT ( 'NONE',  ( 59.41742430504415751, 14.99999999999999645, 20.00000000000000000 ) ) ;
#2730 = FACE_OUTER_BOUND ( 'NONE', #2670, .T. ) ;
#2731 = EDGE_CURVE ( 'NONE', #1253, #3566, #1025, .T. ) ;
#2732 = CARTESIAN_POINT ( 'NONE',  ( 10.00000000000000000, 12.00000000000000355, 20.00000000000000000 ) ) ;
#2733 = CARTESIAN_POINT ( 'NONE',  ( 64.00000000000000000, 11.99999999999999645, 20.00000000000000000 ) ) ;
#2734 = VERTEX_POINT ( 'NONE', #2330 ) ;
#2735 = ADVANCED_FACE ( 'NONE', ( #342 ), #3650, .F. ) ;
#2736 = CARTESIAN_POINT ( 'NONE',  ( 6.999999999999992006, 13.49999999999999467, 16.99999999999997868 ) ) ;
#2737 = CARTESIAN_POINT ( 'NONE',  ( -0.01708256663334658393, 11.99999999999985612, 21.69058062997656577 ) ) ;
#2738 = LINE ( 'NONE', #692, #489 ) ;
#2739 = CARTESIAN_POINT ( 'NONE',  ( 41.50000000000000000, 44.50000000000000000, 40.00000000000000000 ) ) ;
#2740 = ORIENTED_EDGE ( 'NONE', *, *, #2543, .T. ) ;
#2741 = CARTESIAN_POINT ( 'NONE',  ( 7.000000000000000000, 0.000000000000000000, 7.400000000000008349 ) ) ;
#2742 = ADVANCED_FACE ( 'NONE', ( #19 ), #1350, .F. ) ;
#2743 = ORIENTED_EDGE ( 'NONE', *, *, #1193, .T. ) ;
#2744 = ORIENTED_EDGE ( 'NONE', *, *, #3308, .T. ) ;
#2745 = LINE ( 'NONE', #498, #965 ) ;
#2746 = EDGE_CURVE ( 'NONE', #1309, #832, #4200, .T. ) ;
#2747 = EDGE_LOOP ( 'NONE', ( #3371, #2445, #4098, #3142 ) ) ;
#2748 = LINE ( 'NONE', #376, #874 ) ;
#2749 = CIRCLE ( 'NONE', #4276, 2.500000000000002220 ) ;
#2750 = DIRECTION ( 'NONE',  ( 0.000000000000000000, 1.000000000000000000, 0.000000000000000000 ) ) ;
#2751 = ADVANCED_FACE ( 'NONE', ( #842 ), #2781, .T. ) ;
#2752 = CIRCLE ( 'NONE', #1991, 2.000000000000001776 ) ;
#2753 = VECTOR ( 'NONE', #526, 1000.000000000000000 ) ;
#2754 = DIRECTION ( 'NONE',  ( 0.000000000000000000, 0.000000000000000000, -1.000000000000000000 ) ) ;
#2755 = DIRECTION ( 'NONE',  ( 0.000000000000000000, 0.000000000000000000, 1.000000000000000000 ) ) ;
#2756 = ORIENTED_EDGE ( 'NONE', *, *, #487, .F. ) ;
#2757 = LINE ( 'NONE', #504, #2546 ) ;
#2758 = EDGE_CURVE ( 'NONE', #1762, #3026, #1456, .T. ) ;
#2759 = CARTESIAN_POINT ( 'NONE',  ( 0.1113366914324698115, 13.44734964181287928, 22.00284370104069964 ) ) ;
#2760 = SPHERICAL_SURFACE ( 'NONE', #471, 2.000000000000000000 ) ;
#2761 = DIRECTION ( 'NONE',  ( 4.082155997157842586E-17, -1.000000000000000000, -0.000000000000000000 ) ) ;
#2762 = ORIENTED_EDGE ( 'NONE', *, *, #2297, .F. ) ;
#2763 = CYLINDRICAL_SURFACE ( 'NONE', #1204, 2.600000000000003197 ) ;
#2764 = AXIS2_PLACEMENT_3D ( 'NONE', #830, #1897, #1209 ) ;
#2765 = VECTOR ( 'NONE', #876, 1000.000000000000000 ) ;
#2766 = ORIENTED_EDGE ( 'NONE', *, *, #3432, .F. ) ;
#2767 = ORIENTED_EDGE ( 'NONE', *, *, #2075, .T. ) ;
#2768 = CARTESIAN_POINT ( 'NONE',  ( 69.21581930518857462, 24.87132618819478935, 20.00000000000000000 ) ) ;
#2769 = VECTOR ( 'NONE', #4111, 1000.000000000000000 ) ;
#2770 = VERTEX_POINT ( 'NONE', #796 ) ;
#2771 = CARTESIAN_POINT ( 'NONE',  ( 7.000000000000000000, 0.000000000000000000, 12.60000000000001030 ) ) ;
#2772 = CARTESIAN_POINT ( 'NONE',  ( 62.29857247594888747, 20.85240888332604925, 26.00000000000000355 ) ) ;
#2773 = CARTESIAN_POINT ( 'NONE',  ( 78.00000000000000000, -20.19999999999999929, 32.00000000000000000 ) ) ;
#2774 = CARTESIAN_POINT ( 'NONE',  ( 23.00000000000018829, 51.00100000000003320, 10.00000000000000000 ) ) ;
#2775 = ORIENTED_EDGE ( 'NONE', *, *, #3700, .T. ) ;
#2776 = CARTESIAN_POINT ( 'NONE',  ( 0.2171816966363737944, 13.45101385490013790, 20.74353747999511910 ) ) ;
#2777 = CARTESIAN_POINT ( 'NONE',  ( 7.000000000000000000, 0.000000000000000000, 10.00000000000000888 ) ) ;
#2778 = CIRCLE ( 'NONE', #2575, 2.000000000000000000 ) ;
#2779 = FACE_OUTER_BOUND ( 'NONE', #3824, .T. ) ;
#2780 = AXIS2_PLACEMENT_3D ( 'NONE', #2963, #2300, #2278 ) ;
#2781 = CYLINDRICAL_SURFACE ( 'NONE', #3508, 1.500000000000000000 ) ;
#2782 = ORIENTED_EDGE ( 'NONE', *, *, #755, .F. ) ;
#2783 = EDGE_LOOP ( 'NONE', ( #2802, #2767, #44, #3738, #215, #1824 ) ) ;
#2784 = VERTEX_POINT ( 'NONE', #2127 ) ;
#2785 = ORIENTED_EDGE ( 'NONE', *, *, #1717, .T. ) ;
#2786 = CIRCLE ( 'NONE', #2312, 1.500000000000001332 ) ;
#2787 = ORIENTED_EDGE ( 'NONE', *, *, #2801, .T. ) ;
#2788 = LINE ( 'NONE', #2489, #61 ) ;
#2789 = EDGE_LOOP ( 'NONE', ( #2705, #3033, #2826, #1827, #3499, #1507, #4221, #3208, #1137, #20 ) ) ;
#2790 = DIRECTION ( 'NONE',  ( -5.782411586589358625E-16, -1.000000000000000000, -0.000000000000000000 ) ) ;
#2791 = CARTESIAN_POINT ( 'NONE',  ( 59.97824948813207868, 24.84608320223867750, 26.00000000000000355 ) ) ;
#2792 = EDGE_CURVE ( 'NONE', #2997, #919, #1200, .T. ) ;
#2793 = DIRECTION ( 'NONE',  ( 0.000000000000000000, 1.000000000000000000, -1.734723475976805517E-15 ) ) ;
#2794 = CARTESIAN_POINT ( 'NONE',  ( 42.58578643762682248, -28.78578643762689993, 0.8284271247461914012 ) ) ;
#2795 = EDGE_LOOP ( 'NONE', ( #1008, #3185, #261, #2785 ) ) ;
#2796 = DIRECTION ( 'NONE',  ( -0.7071067811865512365, 0.7071067811865439090, 0.000000000000000000 ) ) ;
#2797 = CARTESIAN_POINT ( 'NONE',  ( 77.11998006841866982, 11.99999999999999645, 20.11040109599128201 ) ) ;
#2798 = EDGE_CURVE ( 'NONE', #431, #3089, #2800, .T. ) ;
#2799 = DIRECTION ( 'NONE',  ( -4.082155997157842586E-17, 1.000000000000000000, 0.000000000000000000 ) ) ;
#2800 = LINE ( 'NONE', #3135, #41 ) ;
#2801 = EDGE_CURVE ( 'NONE', #3977, #2589, #3172, .T. ) ;
#2802 = ORIENTED_EDGE ( 'NONE', *, *, #812, .T. ) ;
#2803 = VECTOR ( 'NONE', #199, 1000.000000000000000 ) ;
#2804 = LINE ( 'NONE', #845, #4223 ) ;
#2805 = EDGE_CURVE ( 'NONE', #832, #2595, #1819, .T. ) ;
#2806 = ORIENTED_EDGE ( 'NONE', *, *, #161, .T. ) ;
#2807 = ORIENTED_EDGE ( 'NONE', *, *, #2352, .F. ) ;
#2808 = EDGE_LOOP ( 'NONE', ( #4021, #583, #390, #1719 ) ) ;
#2809 = CARTESIAN_POINT ( 'NONE',  ( 32.99999999999998579, 18.00000000000000000, 11.00000000000000178 ) ) ;
#2810 = ORIENTED_EDGE ( 'NONE', *, *, #2898, .F. ) ;
#2811 = DIRECTION ( 'NONE',  ( 0.5023646631085905145, 0.8646558536549626695, 0.000000000000000000 ) ) ;
#2812 = FACE_OUTER_BOUND ( 'NONE', #349, .T. ) ;
#2813 = VECTOR ( 'NONE', #2508, 1000.000000000000000 ) ;
#2814 = LINE ( 'NONE', #2257, #1671 ) ;
#2815 = DIRECTION ( 'NONE',  ( 0.000000000000000000, 0.000000000000000000, -1.000000000000000000 ) ) ;
#2816 = CARTESIAN_POINT ( 'NONE',  ( 77.87413421047911299, 13.44785122935518018, 20.95813341646091743 ) ) ;
#2817 =( GEOMETRIC_REPRESENTATION_CONTEXT ( 3 ) GLOBAL_UNCERTAINTY_ASSIGNED_CONTEXT ( ( #784 ) ) GLOBAL_UNIT_ASSIGNED_CONTEXT ( ( #2266, #4214, #2246 ) ) REPRESENTATION_CONTEXT ( 'NONE', 'WORKASPACE' ) );
#2818 = AXIS2_PLACEMENT_3D ( 'NONE', #1933, #532, #1887 ) ;
#2819 = AXIS2_PLACEMENT_3D ( 'NONE', #1902, #522, #3186 ) ;
#2820 = FACE_BOUND ( 'NONE', #434, .T. ) ;
#2821 = DIRECTION ( 'NONE',  ( -1.000000000000000000, 0.000000000000000000, -0.000000000000000000 ) ) ;
#2822 = CARTESIAN_POINT ( 'NONE',  ( 60.42928578572860943, 13.49999999999996625, 3.000000000000009770 ) ) ;
#2823 = DIRECTION ( 'NONE',  ( 0.000000000000000000, 0.000000000000000000, 1.000000000000000000 ) ) ;
#2824 = DIRECTION ( 'NONE',  ( 0.000000000000000000, 0.000000000000000000, -1.000000000000000000 ) ) ;
#2825 = EDGE_LOOP ( 'NONE', ( #2154, #811, #2848, #3071 ) ) ;
#2826 = ORIENTED_EDGE ( 'NONE', *, *, #1273, .T. ) ;
#2827 = VERTEX_POINT ( 'NONE', #2173 ) ;
#2828 = DIRECTION ( 'NONE',  ( -0.4976316032418209856, 0.8673884870431327609, 0.000000000000000000 ) ) ;
#2829 = FACE_OUTER_BOUND ( 'NONE', #1111, .T. ) ;
#2830 = VERTEX_POINT ( 'NONE', #863 ) ;
#2831 = DIRECTION ( 'NONE',  ( 1.000000000000000000, 0.000000000000000000, 0.000000000000000000 ) ) ;
#2832 = CARTESIAN_POINT ( 'NONE',  ( 41.17157287525374443, -30.19999999999999929, 32.00000000000000000 ) ) ;
#2833 = CIRCLE ( 'NONE', #608, 2.000000000000001776 ) ;
#2834 = DIRECTION ( 'NONE',  ( 0.000000000000000000, -1.000000000000000000, 0.000000000000000000 ) ) ;
#2835 = CARTESIAN_POINT ( 'NONE',  ( 0.000000000000000000, 0.000000000000000000, 26.00000000000000355 ) ) ;
#2836 = CARTESIAN_POINT ( 'NONE',  ( 0.5375572184970943690, 13.46236892199667246, 20.36906786403769942 ) ) ;
#2837 = CIRCLE ( 'NONE', #1598, 5.000000000000000888 ) ;
#2838 = CARTESIAN_POINT ( 'NONE',  ( 0.3155177883108475911, 12.00000000000014211, 22.45887787590476492 ) ) ;
#2839 = PLANE ( 'NONE',  #4023 ) ;
#2840 = CARTESIAN_POINT ( 'NONE',  ( 7.000000000000006217, 14.99999999999999645, 4.500000000000009770 ) ) ;
#2841 = CARTESIAN_POINT ( 'NONE',  ( 71.00000000000000000, 0.000000000000000000, 10.00000000000000000 ) ) ;
#2842 = VECTOR ( 'NONE', #1931, 1000.000000000000000 ) ;
#2843 = FACE_OUTER_BOUND ( 'NONE', #147, .T. ) ;
#2844 = DIRECTION ( 'NONE',  ( 0.000000000000000000, 1.000000000000000000, 0.000000000000000000 ) ) ;
#2845 = EDGE_CURVE ( 'NONE', #3287, #1806, #1755, .T. ) ;
#2846 = AXIS2_PLACEMENT_3D ( 'NONE', #1685, #638, #2371 ) ;
#2847 = DIRECTION ( 'NONE',  ( -1.000000000000000000, 0.000000000000000000, 0.000000000000000000 ) ) ;
#2848 = ORIENTED_EDGE ( 'NONE', *, *, #1576, .F. ) ;
#2849 = EDGE_LOOP ( 'NONE', ( #4189, #85, #4243, #4237, #973, #344 ) ) ;
#2850 = ORIENTED_EDGE ( 'NONE', *, *, #3960, .F. ) ;
#2851 = CARTESIAN_POINT ( 'NONE',  ( 78.82811628066268383, 11.99999999999999645, 23.36400051075549555 ) ) ;
#2852 = PLANE ( 'NONE',  #218 ) ;
#2853 = EDGE_CURVE ( 'NONE', #4076, #1483, #1361, .T. ) ;
#2854 = ORIENTED_EDGE ( 'NONE', *, *, #2987, .F. ) ;
#2855 = CARTESIAN_POINT ( 'NONE',  ( 77.99562046861895226, 12.60005959602735714, 22.44547624849797884 ) ) ;
#2856 = VECTOR ( 'NONE', #492, 1000.000000000000000 ) ;
#2857 = DIRECTION ( 'NONE',  ( 0.000000000000000000, -0.000000000000000000, -1.000000000000000000 ) ) ;
#2858 = VECTOR ( 'NONE', #4104, 1000.000000000000000 ) ;
#2859 = CARTESIAN_POINT ( 'NONE',  ( 77.93323484578827731, 13.44580680035642750, 21.10451970952966505 ) ) ;
#2860 = DIRECTION ( 'NONE',  ( -0.9999962663504128324, 0.002732633388169150839, 0.000000000000000000 ) ) ;
#2861 = AXIS2_PLACEMENT_3D ( 'NONE', #1856, #3184, #2224 ) ;
#2862 = EDGE_CURVE ( 'NONE', #1555, #2827, #467, .T. ) ;
#2863 = DIRECTION ( 'NONE',  ( 0.000000000000000000, 0.000000000000000000, 1.000000000000000000 ) ) ;
#2864 = CARTESIAN_POINT ( 'NONE',  ( 0.5124800138874797684, 13.46145446637826204, 22.61631045272734752 ) ) ;
#2865 = CARTESIAN_POINT ( 'NONE',  ( 64.00000000000000000, 10.49999999999999645, 1.500000000000001332 ) ) ;
#2866 = DIRECTION ( 'NONE',  ( 1.000000000000000000, 0.000000000000000000, 0.000000000000000000 ) ) ;
#2867 = LINE ( 'NONE', #4184, #3440 ) ;
#2868 = LINE ( 'NONE', #510, #1127 ) ;
#2869 = CARTESIAN_POINT ( 'NONE',  ( 42.79665980675375891, -26.53853967782115575, 8.673617379884035472E-16 ) ) ;
#2870 = DIRECTION ( 'NONE',  ( -2.555489027805619866E-17, 0.7071067811865475727, -0.7071067811865475727 ) ) ;
#2871 = EDGE_LOOP ( 'NONE', ( #3997, #1421, #2878, #1629 ) ) ;
#2872 = EDGE_LOOP ( 'NONE', ( #1051, #3429, #2046, #2914, #3075 ) ) ;
#2873 = ORIENTED_EDGE ( 'NONE', *, *, #924, .F. ) ;
#2874 = CARTESIAN_POINT ( 'NONE',  ( 79.09983318602547797, 11.99999999999999645, 22.95635922118181682 ) ) ;
#2875 = FACE_OUTER_BOUND ( 'NONE', #3005, .T. ) ;
#2876 = ADVANCED_FACE ( 'NONE', ( #3773 ), #1172, .T. ) ;
#2877 = EDGE_CURVE ( 'NONE', #318, #2089, #428, .T. ) ;
#2878 = ORIENTED_EDGE ( 'NONE', *, *, #2939, .F. ) ;
#2879 = CARTESIAN_POINT ( 'NONE',  ( 78.00005951614949140, 12.04724434016898194, 23.57742745601867895 ) ) ;
#2880 = CARTESIAN_POINT ( 'NONE',  ( 38.99999999999998579, 49.11880215351699519, 20.00000000000000000 ) ) ;
#2881 = CARTESIAN_POINT ( 'NONE',  ( 76.66655037651646865, 13.49221859859134121, 20.00967857368013370 ) ) ;
#2882 = CARTESIAN_POINT ( 'NONE',  ( 39.00000000000000000, 18.00000000000000000, 0.000000000000000000 ) ) ;
#2883 = EDGE_CURVE ( 'NONE', #2442, #4222, #1800, .T. ) ;
#2884 = CARTESIAN_POINT ( 'NONE',  ( 6.828427124746308863, -20.19999999999999929, 20.00000000000000000 ) ) ;
#2885 = CYLINDRICAL_SURFACE ( 'NONE', #410, 6.999999999999985789 ) ;
#2886 = LINE ( 'NONE', #2564, #1938 ) ;
#2887 = DIRECTION ( 'NONE',  ( -1.000000000000000000, 0.000000000000000000, 0.000000000000000000 ) ) ;
#2888 = VECTOR ( 'NONE', #2141, 1000.000000000000000 ) ;
#2889 = CARTESIAN_POINT ( 'NONE',  ( 76.46998799039037920, 11.99999999999999645, 18.50000000000000000 ) ) ;
#2890 = DIRECTION ( 'NONE',  ( -1.000000000000000000, 0.000000000000000000, 0.000000000000000000 ) ) ;
#2891 = VECTOR ( 'NONE', #636, 1000.000000000000000 ) ;
#2892 = CIRCLE ( 'NONE', #3240, 2.000000000000000000 ) ;
#2893 = SURFACE_STYLE_USAGE ( .BOTH. , #2587 ) ;
#2894 = ORIENTED_EDGE ( 'NONE', *, *, #678, .T. ) ;
#2895 = ORIENTED_EDGE ( 'NONE', *, *, #2399, .F. ) ;
#2896 = CARTESIAN_POINT ( 'NONE',  ( 79.35371310160870451, 11.99999999999999645, 22.35040698150429961 ) ) ;
#2897 = CARTESIAN_POINT ( 'NONE',  ( 39.00000000000000000, 18.00000000000000000, 11.00000000000000178 ) ) ;
#2898 = EDGE_CURVE ( 'NONE', #4152, #1901, #1432, .T. ) ;
#2899 = ORIENTED_EDGE ( 'NONE', *, *, #2484, .F. ) ;
#2900 = ORIENTED_EDGE ( 'NONE', *, *, #3129, .F. ) ;
#2901 =( NAMED_UNIT ( * ) PLANE_ANGLE_UNIT ( ) SI_UNIT ( $, .RADIAN. ) );
#2902 = CARTESIAN_POINT ( 'NONE',  ( 60.17157287525380127, -33.20000000000000995, 2.000000000000000000 ) ) ;
#2903 = AXIS2_PLACEMENT_3D ( 'NONE', #3631, #1616, #2938 ) ;
#2904 = CARTESIAN_POINT ( 'NONE',  ( 77.97324184933701474, 13.44444444444444464, 21.30162269524955931 ) ) ;
#2905 = FACE_OUTER_BOUND ( 'NONE', #649, .T. ) ;
#2906 = CIRCLE ( 'NONE', #754, 2.000000000000001776 ) ;
#2907 = CARTESIAN_POINT ( 'NONE',  ( 30.68578643762738878, -30.68578643762672087, 2.000000000000000000 ) ) ;
#2908 = DIRECTION ( 'NONE',  ( -1.000000000000000000, 0.000000000000000000, 0.000000000000000000 ) ) ;
#2909 = CIRCLE ( 'NONE', #1450, 2.000000000000000000 ) ;
#2910 = DIRECTION ( 'NONE',  ( 0.000000000000000000, 0.000000000000000000, -1.000000000000000000 ) ) ;
#2911 = CARTESIAN_POINT ( 'NONE',  ( 30.68578643762738878, -30.68578643762672087, 0.000000000000000000 ) ) ;
#2912 = DIRECTION ( 'NONE',  ( -0.000000000000000000, -0.000000000000000000, 1.000000000000000000 ) ) ;
#2913 = B_SPLINE_CURVE_WITH_KNOTS ( 'NONE', 3,
 ( #1258, #2904, #2859, #855, #181, #2580, #2234, #1237, #502, #2185, #3553, #2881, #2559, #226 ),
 .UNSPECIFIED., .F., .F.,
 ( 4, 2, 2, 2, 2, 2, 4 ),
 ( 0.000000000000000000, 0.0005914965158386359693, 0.001182993031677271939, 0.001478741289596575232, 0.001774489547515878309, 0.002070237805435181603, 0.002365986063354484897 ),
 .UNSPECIFIED. ) ;
#2914 = ORIENTED_EDGE ( 'NONE', *, *, #294, .F. ) ;
#2915 = ORIENTED_EDGE ( 'NONE', *, *, #336, .T. ) ;
#2916 = CARTESIAN_POINT ( 'NONE',  ( 77.22977757341841709, 11.99999999999999645, 22.82678264235309840 ) ) ;
#2917 = DIRECTION ( 'NONE',  ( 0.7071067811865398012, 0.7071067811865552333, -0.000000000000000000 ) ) ;
#2918 = EDGE_CURVE ( 'NONE', #2830, #3483, #3535, .T. ) ;
#2919 = AXIS2_PLACEMENT_3D ( 'NONE', #686, #949, #3982 ) ;
#2920 = ORIENTED_EDGE ( 'NONE', *, *, #4210, .T. ) ;
#2921 = ADVANCED_FACE ( 'NONE', ( #886 ), #1590, .T. ) ;
#2922 = ORIENTED_EDGE ( 'NONE', *, *, #3755, .F. ) ;
#2923 = ORIENTED_EDGE ( 'NONE', *, *, #1012, .F. ) ;
#2924 = FACE_OUTER_BOUND ( 'NONE', #1164, .T. ) ;
#2925 = EDGE_CURVE ( 'NONE', #3287, #22, #1296, .T. ) ;
#2926 = LINE ( 'NONE', #2625, #452 ) ;
#2927 = EDGE_CURVE ( 'NONE', #3633, #1963, #1954, .T. ) ;
#2928 = VECTOR ( 'NONE', #1304, 1000.000000000000000 ) ;
#2929 = ADVANCED_FACE ( 'NONE', ( #2604, #1867 ), #4232, .T. ) ;
#2930 = CARTESIAN_POINT ( 'NONE',  ( 20.45000000000013785, -35.19999999999998153, 10.00000000000000000 ) ) ;
#2931 = DIRECTION ( 'NONE',  ( -0.000000000000000000, 0.000000000000000000, -1.000000000000000000 ) ) ;
#2932 = CARTESIAN_POINT ( 'NONE',  ( 78.00000000000002842, 13.21334386239549197, 21.55720762392377665 ) ) ;
#2933 = EDGE_CURVE ( 'NONE', #935, #1997, #3922, .T. ) ;
#2934 = CARTESIAN_POINT ( 'NONE',  ( 64.59703439666034797, 24.85870469521672632, 40.00000000000000000 ) ) ;
#2935 = CARTESIAN_POINT ( 'NONE',  ( 42.58578643762681537, -28.78578643762690348, 2.000000000000003553 ) ) ;
#2936 = DIRECTION ( 'NONE',  ( 0.000000000000000000, 0.000000000000000000, 1.000000000000000000 ) ) ;
#2937 = ORIENTED_EDGE ( 'NONE', *, *, #694, .F. ) ;
#2938 = DIRECTION ( 'NONE',  ( -1.000000000000000000, 0.000000000000000000, 0.000000000000000000 ) ) ;
#2939 = EDGE_CURVE ( 'NONE', #2405, #1462, #3375, .T. ) ;
#2940 = VERTEX_POINT ( 'NONE', #2629 ) ;
#2941 = VERTEX_POINT ( 'NONE', #3601 ) ;
#2942 = ORIENTED_EDGE ( 'NONE', *, *, #2877, .T. ) ;
#2943 = DIRECTION ( 'NONE',  ( -0.7071067811865487940, 0.7071067811865462405, 0.000000000000000000 ) ) ;
#2944 = CARTESIAN_POINT ( 'NONE',  ( 57.54999999999994031, -35.20000000000000284, 10.00000000000000000 ) ) ;
#2945 = DIRECTION ( 'NONE',  ( 0.7071067811865398012, 0.7071067811865552333, -0.000000000000000000 ) ) ;
#2946 = CARTESIAN_POINT ( 'NONE',  ( 19.00000000000000355, 18.00000000000000355, 1.500000000000001332 ) ) ;
#2947 = DIRECTION ( 'NONE',  ( 0.000000000000000000, 0.000000000000000000, 1.000000000000000000 ) ) ;
#2948 = ORIENTED_EDGE ( 'NONE', *, *, #794, .T. ) ;
#2949 = CARTESIAN_POINT ( 'NONE',  ( 78.00000000000000000, 11.99999999999999645, 18.91878671300110071 ) ) ;
#2950 = ORIENTED_EDGE ( 'NONE', *, *, #3638, .F. ) ;
#2951 = DIRECTION ( 'NONE',  ( 0.000000000000000000, 0.000000000000000000, 1.000000000000000000 ) ) ;
#2952 = DIRECTION ( 'NONE',  ( 0.9999962663504128324, 0.002732633388169896770, -0.000000000000000000 ) ) ;
#2953 = FACE_OUTER_BOUND ( 'NONE', #650, .T. ) ;
#2954 = VECTOR ( 'NONE', #3751, 1000.000000000000000 ) ;
#2955 = VERTEX_POINT ( 'NONE', #927 ) ;
#2956 = FACE_OUTER_BOUND ( 'NONE', #15, .T. ) ;
#2957 = VECTOR ( 'NONE', #813, 1000.000000000000000 ) ;
#2958 = AXIS2_PLACEMENT_3D ( 'NONE', #3919, #228, #4247 ) ;
#2959 = ORIENTED_EDGE ( 'NONE', *, *, #2364, .F. ) ;
#2960 = ORIENTED_EDGE ( 'NONE', *, *, #433, .F. ) ;
#2961 = ORIENTED_EDGE ( 'NONE', *, *, #3295, .F. ) ;
#2962 = CARTESIAN_POINT ( 'NONE',  ( 57.49999999999999289, 11.99999999999999467, 1.500000000000001332 ) ) ;
#2963 = CARTESIAN_POINT ( 'NONE',  ( 71.00000000000001421, 14.99999999999999645, 3.000000000000008882 ) ) ;
#2964 = FACE_OUTER_BOUND ( 'NONE', #1570, .T. ) ;
#2965 = CIRCLE ( 'NONE', #3864, 2.000000000000001776 ) ;
#2966 = CYLINDRICAL_SURFACE ( 'NONE', #69, 2.000000000000001776 ) ;
#2967 = LINE ( 'NONE', #1281, #3804 ) ;
#2968 = VERTEX_POINT ( 'NONE', #3582 ) ;
#2969 = DIRECTION ( 'NONE',  ( -1.156482317317871133E-15, 1.000000000000000000, 0.000000000000000000 ) ) ;
#2970 = ORIENTED_EDGE ( 'NONE', *, *, #241, .T. ) ;
#2971 = FACE_OUTER_BOUND ( 'NONE', #3611, .T. ) ;
#2972 = CARTESIAN_POINT ( 'NONE',  ( 41.17157287525373022, -28.20000000000000284, 2.000000000000003553 ) ) ;
#2973 = VECTOR ( 'NONE', #2353, 1000.000000000000000 ) ;
#2974 = CARTESIAN_POINT ( 'NONE',  ( 71.17157287525368758, -22.19999999999999574, 2.000000000000001776 ) ) ;
#2975 = DIRECTION ( 'NONE',  ( 2.891205793294679312E-16, -1.000000000000000000, 0.000000000000000000 ) ) ;
#2976 = EDGE_CURVE ( 'NONE', #2132, #3699, #621, .T. ) ;
#2977 = VERTEX_POINT ( 'NONE', #3859 ) ;
#2978 = CARTESIAN_POINT ( 'NONE',  ( 78.00000000000000000, 11.99999999999999645, 1.500000000000001332 ) ) ;
#2979 = ORIENTED_EDGE ( 'NONE', *, *, #3162, .T. ) ;
#2980 = EDGE_LOOP ( 'NONE', ( #237, #4167, #3774, #4102, #1986 ) ) ;
#2981 = VERTEX_POINT ( 'NONE', #3279 ) ;
#2982 = CARTESIAN_POINT ( 'NONE',  ( 8.784180694811425383, 24.87132618819477514, 26.00000000000000355 ) ) ;
#2983 = AXIS2_PLACEMENT_3D ( 'NONE', #925, #1885, #1588 ) ;
#2984 = EDGE_CURVE ( 'NONE', #579, #2072, #594, .T. ) ;
#2985 = CIRCLE ( 'NONE', #1539, 6.999999999999987566 ) ;
#2986 = DIRECTION ( 'NONE',  ( 1.000000000000000000, -6.938893903907227392E-16, 0.000000000000000000 ) ) ;
#2987 = EDGE_CURVE ( 'NONE', #1355, #2830, #3276, .T. ) ;
#2988 = CARTESIAN_POINT ( 'NONE',  ( -5.023492112830570310E-16, 12.30597781252877532, 20.08797221186281945 ) ) ;
#2989 = ADVANCED_FACE ( 'NONE', ( #2241 ), #4273, .F. ) ;
#2990 = EDGE_CURVE ( 'NONE', #3846, #2177, #2867, .T. ) ;
#2991 = CARTESIAN_POINT ( 'NONE',  ( 66.91735738447712833, 20.86503037630410162, 26.00000000000000355 ) ) ;
#2992 = DIRECTION ( 'NONE',  ( 0.7071067811865432429, 0.7071067811865519026, -2.453269466693413609E-15 ) ) ;
#2993 = ORIENTED_EDGE ( 'NONE', *, *, #3207, .F. ) ;
#2994 = EDGE_CURVE ( 'NONE', #2072, #1233, #2539, .T. ) ;
#2995 = CARTESIAN_POINT ( 'NONE',  ( 35.17157287525400733, -26.20000000000000284, 8.673617379884035472E-16 ) ) ;
#2996 = AXIS2_PLACEMENT_3D ( 'NONE', #2934, #2606, #1325 ) ;
#2997 = VERTEX_POINT ( 'NONE', #14 ) ;
#2998 = LINE ( 'NONE', #2350, #353 ) ;
#2999 = DIRECTION ( 'NONE',  ( 1.000000000000000000, 0.000000000000000000, -0.000000000000000000 ) ) ;
#3000 = CARTESIAN_POINT ( 'NONE',  ( 6.999999999999994671, 14.99999999999999645, 4.500000000000009770 ) ) ;
#3001 = DIRECTION ( 'NONE',  ( -0.000000000000000000, 0.000000000000000000, 1.000000000000000000 ) ) ;
#3002 = VECTOR ( 'NONE', #4258, 1000.000000000000000 ) ;
#3003 = ORIENTED_EDGE ( 'NONE', *, *, #3889, .T. ) ;
#3004 = CARTESIAN_POINT ( 'NONE',  ( 0.9970873761059386720, 12.00000000000000178, 18.53561201105229728 ) ) ;
#3005 = EDGE_LOOP ( 'NONE', ( #2067, #1852, #2221, #673 ) ) ;
#3006 = VERTEX_POINT ( 'NONE', #3968 ) ;
#3007 = ORIENTED_EDGE ( 'NONE', *, *, #595, .F. ) ;
#3008 = ADVANCED_FACE ( 'NONE', ( #337 ), #3123, .F. ) ;
#3009 = CARTESIAN_POINT ( 'NONE',  ( 64.00000000000000000, 11.99999999999999645, 16.99999999999997868 ) ) ;
#3010 = ADVANCED_FACE ( 'NONE', ( #2391 ), #1366, .F. ) ;
#3011 = CARTESIAN_POINT ( 'NONE',  ( 78.00000000000000000, 11.99999999999999645, 32.00000000000000000 ) ) ;
#3012 = CARTESIAN_POINT ( 'NONE',  ( 60.00239929793272609, 13.93551132852944363, 3.435511328529486708 ) ) ;
#3013 = AXIS2_PLACEMENT_3D ( 'NONE', #224, #1560, #2554 ) ;
#3014 = CARTESIAN_POINT ( 'NONE',  ( 17.57071421427141544, 13.49999999999999467, 16.99999999999997868 ) ) ;
#3015 = CARTESIAN_POINT ( 'NONE',  ( 15.72328859115647326, 28.85237901412935102, 26.00000000000000355 ) ) ;
#3016 = EDGE_CURVE ( 'NONE', #3896, #3910, #385, .T. ) ;
#3017 = ORIENTED_EDGE ( 'NONE', *, *, #2088, .F. ) ;
#3018 = CARTESIAN_POINT ( 'NONE',  ( 35.42069218763099769, -26.80142722259476074, 0.06944454338254675563 ) ) ;
#3019 = DIRECTION ( 'NONE',  ( -0.000000000000000000, 1.000000000000000000, -0.000000000000000000 ) ) ;
#3020 = CARTESIAN_POINT ( 'NONE',  ( 0.8800199315815898649, 12.00000000000000000, 20.11040109599128201 ) ) ;
#3021 = LINE ( 'NONE', #405, #1678 ) ;
#3022 = DIRECTION ( 'NONE',  ( 0.000000000000000000, -0.000000000000000000, -1.000000000000000000 ) ) ;
#3023 = EDGE_LOOP ( 'NONE', ( #4054, #2378, #1380, #13, #4297, #3916, #4075, #2326, #3227, #3352 ) ) ;
#3024 = CARTESIAN_POINT ( 'NONE',  ( 17.49999999999999645, 11.99999999999999822, 20.00000000000000000 ) ) ;
#3025 = VERTEX_POINT ( 'NONE', #3296 ) ;
#3026 = VERTEX_POINT ( 'NONE', #3710 ) ;
#3027 = ORIENTED_EDGE ( 'NONE', *, *, #3248, .F. ) ;
#3028 = ADVANCED_FACE ( 'NONE', ( #3063 ), #317, .T. ) ;
#3029 = AXIS2_PLACEMENT_3D ( 'NONE', #3283, #1246, #3948 ) ;
#3030 = DIRECTION ( 'NONE',  ( -1.000000000000000000, 6.938893903907232322E-16, 0.000000000000000000 ) ) ;
#3031 = VECTOR ( 'NONE', #277, 1000.000000000000000 ) ;
#3032 = VECTOR ( 'NONE', #2424, 1000.000000000000000 ) ;
#3033 = ORIENTED_EDGE ( 'NONE', *, *, #1594, .T. ) ;
#3034 = APPLICATION_CONTEXT ( 'automotive_design' ) ;
#3035 = CYLINDRICAL_SURFACE ( 'NONE', #1775, 2.000000000000001776 ) ;
#3036 = DIRECTION ( 'NONE',  ( 0.000000000000000000, 0.000000000000000000, -1.000000000000000000 ) ) ;
#3037 = EDGE_CURVE ( 'NONE', #2595, #1269, #2478, .T. ) ;
#3038 = DIRECTION ( 'NONE',  ( 0.000000000000000000, 0.000000000000000000, 1.000000000000000000 ) ) ;
#3039 = DIRECTION ( 'NONE',  ( 0.4976316032418220958, -0.8673884870431320948, 0.000000000000000000 ) ) ;
#3040 = VERTEX_POINT ( 'NONE', #2348 ) ;
#3041 = CARTESIAN_POINT ( 'NONE',  ( 71.00000000000000000, 14.99999999999999645, 10.00000000000000000 ) ) ;
#3042 = CARTESIAN_POINT ( 'NONE',  ( 0.8894846379007971260, 13.47523235574434430, 20.13292764021477410 ) ) ;
#3043 = EDGE_CURVE ( 'NONE', #1618, #3863, #2192, .T. ) ;
#3044 = CYLINDRICAL_SURFACE ( 'NONE', #1177, 2.000000000000000444 ) ;
#3045 = CARTESIAN_POINT ( 'NONE',  ( 25.99999999999999289, 18.00000000000000000, 0.000000000000000000 ) ) ;
#3046 = VERTEX_POINT ( 'NONE', #2669 ) ;
#3047 = CARTESIAN_POINT ( 'NONE',  ( 43.00000000000000000, 42.19059892324149530, 26.00000000000000355 ) ) ;
#3048 = VERTEX_POINT ( 'NONE', #2736 ) ;
#3049 = VERTEX_POINT ( 'NONE', #2374 ) ;
#3050 = VECTOR ( 'NONE', #3364, 1000.000000000000000 ) ;
#3051 = ORIENTED_EDGE ( 'NONE', *, *, #3574, .T. ) ;
#3052 = EDGE_CURVE ( 'NONE', #642, #3709, #1157, .T. ) ;
#3053 = CARTESIAN_POINT ( 'NONE',  ( 64.00000000000000000, 16.99999999999999645, 16.99999999999997868 ) ) ;
#3054 = AXIS2_PLACEMENT_3D ( 'NONE', #1682, #3979, #1967 ) ;
#3055 = EDGE_CURVE ( 'NONE', #436, #2701, #1922, .T. ) ;
#3056 = EDGE_LOOP ( 'NONE', ( #670, #1745, #1208, #2033 ) ) ;
#3057 = DIRECTION ( 'NONE',  ( 0.000000000000000000, 0.000000000000000000, 1.000000000000000000 ) ) ;
#3058 = DIRECTION ( 'NONE',  ( 0.000000000000000000, 0.000000000000000000, 1.000000000000000000 ) ) ;
#3059 = CIRCLE ( 'NONE', #1188, 2.549999999999998490 ) ;
#3060 = CARTESIAN_POINT ( 'NONE',  ( 54.99999999999995026, -20.20000000000000284, 10.00000000000000000 ) ) ;
#3061 = DIRECTION ( 'NONE',  ( -0.000000000000000000, -0.000000000000000000, 1.000000000000000000 ) ) ;
#3062 = ORIENTED_EDGE ( 'NONE', *, *, #1964, .T. ) ;
#3063 = FACE_OUTER_BOUND ( 'NONE', #1056, .T. ) ;
#3064 = CARTESIAN_POINT ( 'NONE',  ( 0.09839667079248454185, 13.44690428778173441, 21.03507786672064128 ) ) ;
#3065 = EDGE_CURVE ( 'NONE', #2955, #3896, #3448, .T. ) ;
#3066 = EDGE_CURVE ( 'NONE', #453, #2200, #752, .T. ) ;
#3067 = DIRECTION ( 'NONE',  ( -1.000000000000000000, 0.000000000000000000, 0.000000000000000000 ) ) ;
#3068 = CARTESIAN_POINT ( 'NONE',  ( 72.58578643762679405, -23.61421356237308444, 20.00000000000000000 ) ) ;
#3069 = VECTOR ( 'NONE', #1847, 1000.000000000000000 ) ;
#3070 = ADVANCED_FACE ( 'NONE', ( #3790 ), #1796, .F. ) ;
#3071 = ORIENTED_EDGE ( 'NONE', *, *, #4091, .F. ) ;
#3072 = CARTESIAN_POINT ( 'NONE',  ( 6.828427124746308863, -20.19999999999999929, 2.000000000000001776 ) ) ;
#3073 = VECTOR ( 'NONE', #1689, 1000.000000000000000 ) ;
#3074 = B_SPLINE_CURVE_WITH_KNOTS ( 'NONE', 3,
 ( #1169, #4108, #1148, #2495, #2474, #3811, #3424, #3102, #2836, #838, #2776, #1752, #2167, #4089 ),
 .UNSPECIFIED., .F., .F.,
 ( 4, 2, 2, 2, 2, 2, 4 ),
 ( 0.000000000000000000, 0.0002933381429257013060, 0.0005866762858514026121, 0.0008800144287771039181, 0.001173352571702805224, 0.001760028857554214558, 0.002346705143405624326 ),
 .UNSPECIFIED. ) ;
#3075 = ORIENTED_EDGE ( 'NONE', *, *, #1502, .F. ) ;
#3076 = VECTOR ( 'NONE', #2047, 1000.000000000000000 ) ;
#3077 = ADVANCED_FACE ( 'NONE', ( #818 ), #3148, .F. ) ;
#3078 = ORIENTED_EDGE ( 'NONE', *, *, #4091, .T. ) ;
#3079 = DIRECTION ( 'NONE',  ( 1.000000000000000000, -1.502314598737158045E-15, 0.000000000000000000 ) ) ;
#3080 = EDGE_LOOP ( 'NONE', ( #2315, #2284, #4051, #3623 ) ) ;
#3081 = CARTESIAN_POINT ( 'NONE',  ( 34.99999999999999289, -6.190598923241495299, 26.00000000000000355 ) ) ;
#3082 = CARTESIAN_POINT ( 'NONE',  ( 71.00000000000001421, 13.49999999999996625, 16.99999999999998579 ) ) ;
#3083 = CARTESIAN_POINT ( 'NONE',  ( 64.59703439666034797, 24.85870469521672632, 32.00000000000000000 ) ) ;
#3084 = EDGE_LOOP ( 'NONE', ( #1437, #1250, #1182, #2346 ) ) ;
#3085 = DIRECTION ( 'NONE',  ( 0.000000000000000000, 0.000000000000000000, 1.000000000000000000 ) ) ;
#3086 = CARTESIAN_POINT ( 'NONE',  ( 0.08608349762977515751, 13.44648028226944803, 21.92520349069673458 ) ) ;
#3087 = FACE_OUTER_BOUND ( 'NONE', #2849, .T. ) ;
#3088 = DIRECTION ( 'NONE',  ( -0.000000000000000000, -0.000000000000000000, -1.000000000000000000 ) ) ;
#3089 = VERTEX_POINT ( 'NONE', #3128 ) ;
#3090 = EDGE_LOOP ( 'NONE', ( #2319, #1783, #3548, #1138 ) ) ;
#3091 = ORIENTED_EDGE ( 'NONE', *, *, #741, .F. ) ;
#3092 = ORIENTED_EDGE ( 'NONE', *, *, #2399, .T. ) ;
#3093 = DIRECTION ( 'NONE',  ( -0.000000000000000000, -0.000000000000000000, 1.000000000000000000 ) ) ;
#3094 = ORIENTED_EDGE ( 'NONE', *, *, #564, .T. ) ;
#3095 = FACE_OUTER_BOUND ( 'NONE', #4288, .T. ) ;
#3096 = VECTOR ( 'NONE', #2005, 1000.000000000000000 ) ;
#3097 = DIRECTION ( 'NONE',  ( 0.000000000000000000, -1.000000000000000000, 0.000000000000000000 ) ) ;
#3098 = AXIS2_PLACEMENT_3D ( 'NONE', #3728, #3085, #3488 ) ;
#3099 = CARTESIAN_POINT ( 'NONE',  ( 60.17157287525379417, -33.20000000000000284, 1.999999999999998224 ) ) ;
#3100 = FACE_BOUND ( 'NONE', #779, .T. ) ;
#3101 = EDGE_LOOP ( 'NONE', ( #2112, #604, #1694, #127 ) ) ;
#3102 = CARTESIAN_POINT ( 'NONE',  ( 0.6149428622162519398, 13.46516299041106635, 20.30584746594449541 ) ) ;
#3103 = DIRECTION ( 'NONE',  ( -0.7071067811865441310, -0.7071067811865510144, 0.000000000000000000 ) ) ;
#3104 = EDGE_CURVE ( 'NONE', #3372, #3297, #1125, .T. ) ;
#3105 = PLANE ( 'NONE',  #1797 ) ;
#3106 = DIRECTION ( 'NONE',  ( 0.000000000000000000, 0.000000000000000000, 1.000000000000000000 ) ) ;
#3107 = EDGE_LOOP ( 'NONE', ( #3434, #1676, #763, #1636, #3051, #1872 ) ) ;
#3108 = SPHERICAL_SURFACE ( 'NONE', #3416, 2.000000000000000000 ) ;
#3109 = VECTOR ( 'NONE', #3668, 1000.000000000000000 ) ;
#3110 = CIRCLE ( 'NONE', #887, 2.000000000000001776 ) ;
#3111 = ORIENTED_EDGE ( 'NONE', *, *, #1392, .T. ) ;
#3112 = EDGE_CURVE ( 'NONE', #1944, #392, #3768, .T. ) ;
#3113 = VERTEX_POINT ( 'NONE', #1494 ) ;
#3114 = EDGE_LOOP ( 'NONE', ( #2230, #4282 ) ) ;
#3115 = DIRECTION ( 'NONE',  ( -0.8660254037844390407, -0.4999999999999993339, 0.000000000000000000 ) ) ;
#3116 = AXIS2_PLACEMENT_3D ( 'NONE', #3581, #593, #1932 ) ;
#3117 = EDGE_CURVE ( 'NONE', #362, #2941, #1426, .T. ) ;
#3118 = VECTOR ( 'NONE', #2603, 1000.000000000000114 ) ;
#3119 = ORIENTED_EDGE ( 'NONE', *, *, #2110, .F. ) ;
#3120 = DIRECTION ( 'NONE',  ( -0.000000000000000000, -0.000000000000000000, -1.000000000000000000 ) ) ;
#3121 = CARTESIAN_POINT ( 'NONE',  ( 39.00000000000000000, 18.00000000000000000, 32.00000000000000000 ) ) ;
#3122 = EDGE_CURVE ( 'NONE', #4275, #431, #2402, .T. ) ;
#3123 =( BOUNDED_SURFACE ( )  B_SPLINE_SURFACE ( 3, 2, ( 
 ( #1688, #3665, #2995 ),
 ( #641, #3643, #4047 ),
 ( #4031, #3018, #688 ),
 ( #2019, #400, #3320 ),
 ( #363, #661, #4298 ),
 ( #1412, #1322, #1713 ),
 ( #3342, #1669, #995 ),
 ( #1974, #1390, #34 ),
 ( #1345, #1064, #2307 ),
 ( #1733, #3624, #2647 ) ),
 .UNSPECIFIED., .F., .F., .F. ) 
 B_SPLINE_SURFACE_WITH_KNOTS ( ( 4, 2, 2, 2, 4 ),
 ( 3, 3 ),
 ( 4.712388980384689674, 5.105088062083414258, 5.497787143782137953, 5.890486225480861648, 6.283185307179586232 ),
 ( 0.000000000000000000, 1.000000000000000000 ),
 .UNSPECIFIED. ) 
 GEOMETRIC_REPRESENTATION_ITEM ( )  RATIONAL_B_SPLINE_SURFACE ( (
 ( 1.000000000000000000, 1.000000000000000000, 1.000000000000000000),
 ( 1.000000000000000000, 1.000061472581879496, 1.000000000000000000),
 ( 1.000000000000000000, 0.9960699971624200622, 1.000000000000000000),
 ( 1.000000000000000000, 0.9823671543218250868, 1.000000000000000000),
 ( 1.000000000000000000, 0.9726487752111727669, 1.000000000000000000),
 ( 1.000000000000000000, 0.9527360645511386839, 1.000000000000000000),
 ( 1.000000000000000000, 0.9426598559057555171, 1.000000000000000000),
 ( 1.000000000000000000, 0.9281688374812111508, 1.000000000000000000),
 ( 1.000000000000000000, 0.9238015902858865980, 1.000000000000000000),
 ( 1.000000000000000000, 0.9238795325112846291, 1.000000000000000000) ) ) 
 REPRESENTATION_ITEM ( '' )  SURFACE ( )  );
#3124 = EDGE_CURVE ( 'NONE', #3709, #2333, #2101, .T. ) ;
#3125 = CARTESIAN_POINT ( 'NONE',  ( 39.00000000000000000, 18.00000000000000000, 11.00000000000000178 ) ) ;
#3126 = CARTESIAN_POINT ( 'NONE',  ( 15.90296560333966802, 24.85870469521672632, 40.00000000000000000 ) ) ;
#3127 = EDGE_LOOP ( 'NONE', ( #1354, #2006 ) ) ;
#3128 = CARTESIAN_POINT ( 'NONE',  ( 18.58257569495583184, 14.99999999999999645, 15.49999999999997868 ) ) ;
#3129 = EDGE_CURVE ( 'NONE', #1618, #3610, #3074, .T. ) ;
#3130 = CARTESIAN_POINT ( 'NONE',  ( 76.46998799039037920, 13.49999999999999645, 20.00000000000000355 ) ) ;
#3131 = AXIS2_PLACEMENT_3D ( 'NONE', #1197, #4230, #4248 ) ;
#3132 = ADVANCED_FACE ( 'NONE', ( #1084 ), #2455, .T. ) ;
#3133 = CARTESIAN_POINT ( 'NONE',  ( 7.000000000000006217, 13.49999999999999467, 10.00000000000000000 ) ) ;
#3134 = AXIS2_PLACEMENT_3D ( 'NONE', #3596, #3939, #1010 ) ;
#3135 = CARTESIAN_POINT ( 'NONE',  ( 18.58257569495583184, 14.99999999999999645, 20.00000000000000000 ) ) ;
#3136 = ORIENTED_EDGE ( 'NONE', *, *, #3066, .F. ) ;
#3137 = CARTESIAN_POINT ( 'NONE',  ( 2.000000000000000888, -17.37157287525372595, 32.00000000000000000 ) ) ;
#3138 = LINE ( 'NONE', #1226, #3462 ) ;
#3139 = ORIENTED_EDGE ( 'NONE', *, *, #2664, .F. ) ;
#3140 = EDGE_LOOP ( 'NONE', ( #1159, #1900, #1004, #499 ) ) ;
#3141 = AXIS2_PLACEMENT_3D ( 'NONE', #664, #4300, #596 ) ;
#3142 = ORIENTED_EDGE ( 'NONE', *, *, #1070, .T. ) ;
#3143 = LINE ( 'NONE', #2768, #1040 ) ;
#3144 = ORIENTED_EDGE ( 'NONE', *, *, #1962, .T. ) ;
#3145 = LINE ( 'NONE', #1491, #1267 ) ;
#3146 = DIRECTION ( 'NONE',  ( -1.000000000000000000, 0.000000000000000000, 0.000000000000000000 ) ) ;
#3147 = CYLINDRICAL_SURFACE ( 'NONE', #3734, 2.500000000000002220 ) ;
#3148 = PLANE ( 'NONE',  #1232 ) ;
#3149 = FACE_OUTER_BOUND ( 'NONE', #1351, .T. ) ;
#3150 = CARTESIAN_POINT ( 'NONE',  ( 6.999999999999992006, 14.99999999999999645, 15.49999999999998401 ) ) ;
#3151 = DIRECTION ( 'NONE',  ( -0.7071067811865441310, -0.7071067811865510144, 0.000000000000000000 ) ) ;
#3152 = LINE ( 'NONE', #1593, #1889 ) ;
#3153 = CARTESIAN_POINT ( 'NONE',  ( 11.10450368262822884, 28.86500050710739984, 20.00000000000000000 ) ) ;
#3154 = AXIS2_PLACEMENT_3D ( 'NONE', #900, #1540, #568 ) ;
#3155 = DIRECTION ( 'NONE',  ( -0.000000000000000000, -0.000000000000000000, -1.000000000000000000 ) ) ;
#3156 = ORIENTED_EDGE ( 'NONE', *, *, #1136, .T. ) ;
#3157 = EDGE_LOOP ( 'NONE', ( #56, #370, #2360, #3330 ) ) ;
#3158 = ORIENTED_EDGE ( 'NONE', *, *, #3620, .F. ) ;
#3159 = CARTESIAN_POINT ( 'NONE',  ( 78.24147142973320967, 11.99999999999999645, 23.94376408560172464 ) ) ;
#3160 = LINE ( 'NONE', #2446, #406 ) ;
#3161 = VERTEX_POINT ( 'NONE', #2079 ) ;
#3162 = EDGE_CURVE ( 'NONE', #4170, #100, #2757, .T. ) ;
#3163 = CARTESIAN_POINT ( 'NONE',  ( 77.98509946988521335, 13.09076168722147138, 21.86303222236873722 ) ) ;
#3164 = CARTESIAN_POINT ( 'NONE',  ( 78.00000000000000000, -17.37157287525364069, 20.00000000000000000 ) ) ;
#3165 = TOROIDAL_SURFACE ( 'NONE', #1150, 3.500000000000000000, 1.500000000000000000 ) ;
#3166 = DIRECTION ( 'NONE',  ( 1.000000000000000000, 0.000000000000000000, 0.000000000000000000 ) ) ;
#3167 = DIRECTION ( 'NONE',  ( -1.000000000000000000, 5.204170427930416550E-15, 0.000000000000000000 ) ) ;
#3168 = CARTESIAN_POINT ( 'NONE',  ( 66.89549631737178004, 28.86500050710740339, 26.00000000000000355 ) ) ;
#3169 = ADVANCED_FACE ( 'NONE', ( #422 ), #2433, .F. ) ;
#3170 = CARTESIAN_POINT ( 'NONE',  ( 79.32911828131567233, 11.99999999999999645, 20.57015573313447732 ) ) ;
#3171 = CIRCLE ( 'NONE', #2122, 39.00000000000000000 ) ;
#3172 = CIRCLE ( 'NONE', #3721, 2.600000000000003197 ) ;
#3173 = CYLINDRICAL_SURFACE ( 'NONE', #481, 1.999999999999995337 ) ;
#3174 = CARTESIAN_POINT ( 'NONE',  ( 42.99999999999999289, 46.80940107675850470, 26.00000000000000355 ) ) ;
#3175 = DIRECTION ( 'NONE',  ( 4.082155997157842586E-17, -1.000000000000000000, -0.000000000000000000 ) ) ;
#3176 = DIRECTION ( 'NONE',  ( 1.000000000000000000, -0.000000000000000000, -0.000000000000000000 ) ) ;
#3177 = LINE ( 'NONE', #4163, #3069 ) ;
#3178 = EDGE_CURVE ( 'NONE', #3656, #3666, #4057, .T. ) ;
#3179 = DIRECTION ( 'NONE',  ( 0.000000000000000000, 0.000000000000000000, 1.000000000000000000 ) ) ;
#3180 = VERTEX_POINT ( 'NONE', #2187 ) ;
#3181 = ORIENTED_EDGE ( 'NONE', *, *, #2927, .T. ) ;
#3182 = VERTEX_POINT ( 'NONE', #4157 ) ;
#3183 = DIRECTION ( 'NONE',  ( -0.000000000000000000, -0.000000000000000000, -1.000000000000000000 ) ) ;
#3184 = DIRECTION ( 'NONE',  ( -0.000000000000000000, -0.000000000000000000, -1.000000000000000000 ) ) ;
#3185 = ORIENTED_EDGE ( 'NONE', *, *, #3749, .F. ) ;
#3186 = DIRECTION ( 'NONE',  ( 1.000000000000000000, 0.000000000000000000, 0.000000000000000000 ) ) ;
#3187 = LINE ( 'NONE', #4040, #1692 ) ;
#3188 = VECTOR ( 'NONE', #2166, 1000.000000000000000 ) ;
#3189 = CARTESIAN_POINT ( 'NONE',  ( 66.91735738447712833, 20.86503037630410162, 26.00000000000000355 ) ) ;
#3190 = PLANE ( 'NONE',  #4011 ) ;
#3191 = DIRECTION ( 'NONE',  ( -0.5023646631085905145, -0.8646558536549627805, 0.000000000000000000 ) ) ;
#3192 = CARTESIAN_POINT ( 'NONE',  ( -1.099833186025319209, 12.00000000000000000, 22.95635922118153616 ) ) ;
#3193 = DIRECTION ( 'NONE',  ( 0.7071067811865553443, -0.7071067811865398012, 0.000000000000000000 ) ) ;
#3194 = CARTESIAN_POINT ( 'NONE',  ( 6.999999999999992006, 11.99999999999999467, 16.99999999999997868 ) ) ;
#3195 = CARTESIAN_POINT ( 'NONE',  ( 78.00000000000000000, 11.99999999999999645, 24.08121328699938601 ) ) ;
#3196 = EDGE_CURVE ( 'NONE', #2701, #436, #2126, .T. ) ;
#3197 = DIRECTION ( 'NONE',  ( -0.000000000000000000, -0.000000000000000000, 1.000000000000000000 ) ) ;
#3198 = FACE_OUTER_BOUND ( 'NONE', #2808, .T. ) ;
#3199 = VECTOR ( 'NONE', #879, 1000.000000000000000 ) ;
#3200 = LINE ( 'NONE', #2523, #3872 ) ;
#3201 = ADVANCED_FACE ( 'NONE', ( #4202 ), #3876, .T. ) ;
#3202 = ORIENTED_EDGE ( 'NONE', *, *, #30, .F. ) ;
#3203 = ORIENTED_EDGE ( 'NONE', *, *, #1488, .T. ) ;
#3204 = ORIENTED_EDGE ( 'NONE', *, *, #2104, .F. ) ;
#3205 = DIRECTION ( 'NONE',  ( -0.000000000000000000, -0.000000000000000000, -1.000000000000000000 ) ) ;
#3206 = CARTESIAN_POINT ( 'NONE',  ( 6.999999999999992006, 11.99999999999999467, 3.000000000000008882 ) ) ;
#3207 = EDGE_CURVE ( 'NONE', #1401, #3280, #809, .T. ) ;
#3208 = ORIENTED_EDGE ( 'NONE', *, *, #4004, .F. ) ;
#3209 = DIRECTION ( 'NONE',  ( -0.000000000000000000, -0.000000000000000000, -1.000000000000000000 ) ) ;
#3210 = LINE ( 'NONE', #2596, #162 ) ;
#3211 = FACE_OUTER_BOUND ( 'NONE', #150, .T. ) ;
#3212 = CIRCLE ( 'NONE', #3619, 6.999999999999987566 ) ;
#3214 = VECTOR ( 'NONE', #2175, 1000.000000000000000 ) ;
#3213 = CARTESIAN_POINT ( 'NONE',  ( 45.00000000000001421, 18.00000000000000000, 11.00000000000000178 ) ) ;
#3215 = CARTESIAN_POINT ( 'NONE',  ( 77.99553307204843122, 11.99999999999999822, 21.18333207826485776 ) ) ;
#3216 = LINE ( 'NONE', #254, #1736 ) ;
#3217 = LINE ( 'NONE', #1320, #1383 ) ;
#3218 = CARTESIAN_POINT ( 'NONE',  ( 36.82842712474640479, -28.19999999999999929, 2.000000000000001776 ) ) ;
#3219 = DIRECTION ( 'NONE',  ( 0.000000000000000000, 0.000000000000000000, 1.000000000000000000 ) ) ;
#3220 = CARTESIAN_POINT ( 'NONE',  ( 39.00000000000000000, 18.00000000000000000, 20.00000000000000000 ) ) ;
#3221 = FACE_OUTER_BOUND ( 'NONE', #1310, .T. ) ;
#3222 = ORIENTED_EDGE ( 'NONE', *, *, #2798, .F. ) ;
#3223 = ORIENTED_EDGE ( 'NONE', *, *, #4141, .T. ) ;
#3224 = CARTESIAN_POINT ( 'NONE',  ( 77.78681249808334996, 13.45088100210595172, 22.22817961074178328 ) ) ;
#3225 = LINE ( 'NONE', #4239, #3507 ) ;
#3226 = ORIENTED_EDGE ( 'NONE', *, *, #3455, .F. ) ;
#3227 = ORIENTED_EDGE ( 'NONE', *, *, #1469, .T. ) ;
#3228 = PLANE ( 'NONE',  #1143 ) ;
#3229 = CARTESIAN_POINT ( 'NONE',  ( 60.49999999999999289, 18.00000000000000000, 20.00000000000000000 ) ) ;
#3230 = LINE ( 'NONE', #881, #2753 ) ;
#3231 = CARTESIAN_POINT ( 'NONE',  ( 71.00000000000000000, 14.99999999999999645, 10.00000000000000000 ) ) ;
#3232 = LINE ( 'NONE', #232, #3258 ) ;
#3233 = CARTESIAN_POINT ( 'NONE',  ( 78.00000000000001421, 12.30597781253763578, 22.91202778812097662 ) ) ;
#3234 = CIRCLE ( 'NONE', #3029, 5.000000000000004441 ) ;
#3235 = AXIS2_PLACEMENT_3D ( 'NONE', #3990, #4094, #2458 ) ;
#3236 = FACE_OUTER_BOUND ( 'NONE', #2367, .T. ) ;
#3237 = CARTESIAN_POINT ( 'NONE',  ( 59.66135944092752652, 14.44107438757757400, 16.05892561242237448 ) ) ;
#3238 = AXIS2_PLACEMENT_3D ( 'NONE', #28, #4001, #3980 ) ;
#3239 = EDGE_CURVE ( 'NONE', #1101, #868, #2892, .T. ) ;
#3240 = AXIS2_PLACEMENT_3D ( 'NONE', #590, #948, #274 ) ;
#3241 = CARTESIAN_POINT ( 'NONE',  ( 7.000000000000006217, 14.99999999999999645, 12.60000000000000320 ) ) ;
#3242 = VERTEX_POINT ( 'NONE', #1218 ) ;
#3243 = EDGE_LOOP ( 'NONE', ( #2030, #2766, #898, #4058 ) ) ;
#3244 = CARTESIAN_POINT ( 'NONE',  ( 77.37584626545718436, 11.99999999999943334, 22.74926509693863608 ) ) ;
#3245 = DIRECTION ( 'NONE',  ( 0.000000000000000000, 0.000000000000000000, 1.000000000000000000 ) ) ;
#3246 = EDGE_CURVE ( 'NONE', #869, #1810, #46, .T. ) ;
#3247 = VERTEX_POINT ( 'NONE', #1192 ) ;
#3248 = EDGE_CURVE ( 'NONE', #540, #2784, #1992, .T. ) ;
#3249 = EDGE_LOOP ( 'NONE', ( #2049, #2009, #2577, #1698 ) ) ;
#3250 = ORIENTED_EDGE ( 'NONE', *, *, #169, .F. ) ;
#3251 = LINE ( 'NONE', #2296, #3569 ) ;
#3252 = EDGE_CURVE ( 'NONE', #2133, #1474, #3555, .T. ) ;
#3253 = LINE ( 'NONE', #836, #3199 ) ;
#3254 = DIRECTION ( 'NONE',  ( 0.9999962663504128324, 0.002732633388169905444, 0.000000000000000000 ) ) ;
#3255 = CIRCLE ( 'NONE', #735, 2.500000000000002220 ) ;
#3256 = CARTESIAN_POINT ( 'NONE',  ( 71.17157287525368758, -20.19999999999999929, 2.000000000000001776 ) ) ;
#3257 = CARTESIAN_POINT ( 'NONE',  ( 36.82842712474640479, -30.19999999999999929, 32.00000000000000000 ) ) ;
#3258 = VECTOR ( 'NONE', #970, 1000.000000000000000 ) ;
#3259 = DIRECTION ( 'NONE',  ( 0.000000000000000000, 0.000000000000000000, -1.000000000000000000 ) ) ;
#3260 = AXIS2_PLACEMENT_3D ( 'NONE', #2982, #2338, #2365 ) ;
#3261 = DIRECTION ( 'NONE',  ( 0.000000000000000000, 0.000000000000000000, 1.000000000000000000 ) ) ;
#3262 = EDGE_CURVE ( 'NONE', #1597, #3025, #904, .T. ) ;
#3263 = CARTESIAN_POINT ( 'NONE',  ( 6.999999999999992006, 14.99999999999999645, 16.99999999999997868 ) ) ;
#3264 = CYLINDRICAL_SURFACE ( 'NONE', #449, 1.500000000000001332 ) ;
#3265 = ORIENTED_EDGE ( 'NONE', *, *, #1663, .T. ) ;
#3266 = DIRECTION ( 'NONE',  ( -0.8660254037844399289, 0.4999999999999977240, 0.000000000000000000 ) ) ;
#3267 = DIRECTION ( 'NONE',  ( 0.7071067811865441310, 0.7071067811865510144, -0.000000000000000000 ) ) ;
#3268 = CIRCLE ( 'NONE', #2152, 1.500000000000000000 ) ;
#3269 = VERTEX_POINT ( 'NONE', #3213 ) ;
#3270 = VERTEX_POINT ( 'NONE', #1608 ) ;
#3271 = VERTEX_POINT ( 'NONE', #2235 ) ;
#3272 = CARTESIAN_POINT ( 'NONE',  ( 6.828427124746308863, -22.19999999999999574, 2.000000000000001776 ) ) ;
#3273 = CARTESIAN_POINT ( 'NONE',  ( 19.00000000000000000, 12.00000000000000178, 18.50000000000000000 ) ) ;
#3274 = DIRECTION ( 'NONE',  ( -0.000000000000000000, -0.000000000000000000, 1.000000000000000000 ) ) ;
#3275 = AXIS2_PLACEMENT_3D ( 'NONE', #3121, #2451, #2428 ) ;
#3276 = B_SPLINE_CURVE_WITH_KNOTS ( 'NONE', 3,
 ( #2566, #1611, #3882, #297, #4251, #2949 ),
 .UNSPECIFIED., .F., .F.,
 ( 4, 2, 4 ),
 ( 0.000000000000000000, 0.0007970116722129526494, 0.001594023344425905299 ),
 .UNSPECIFIED. ) ;
#3277 = CARTESIAN_POINT ( 'NONE',  ( 60.17157287525379417, -35.20000000000000284, 2.000000000000001776 ) ) ;
#3278 = FACE_OUTER_BOUND ( 'NONE', #469, .T. ) ;
#3279 = CARTESIAN_POINT ( 'NONE',  ( 71.00000000000001421, 11.99999999999999645, 16.99999999999997868 ) ) ;
#3280 = VERTEX_POINT ( 'NONE', #617 ) ;
#3281 = DIRECTION ( 'NONE',  ( -0.000000000000000000, -0.000000000000000000, -1.000000000000000000 ) ) ;
#3282 = CARTESIAN_POINT ( 'NONE',  ( 39.00000000000000000, 44.50000000000000000, 26.00000000000000355 ) ) ;
#3283 = CARTESIAN_POINT ( 'NONE',  ( 64.00000000000000000, 16.99999999999999645, 3.000000000000009770 ) ) ;
#3284 = ORIENTED_EDGE ( 'NONE', *, *, #413, .T. ) ;
#3285 = CARTESIAN_POINT ( 'NONE',  ( 10.90296560333966625, 24.85870469521672632, 26.00000000000000355 ) ) ;
#3286 = EDGE_LOOP ( 'NONE', ( #1615, #2900, #1321, #266, #516 ) ) ;
#3287 = VERTEX_POINT ( 'NONE', #3854 ) ;
#3288 = VERTEX_POINT ( 'NONE', #570 ) ;
#3289 = PLANE ( 'NONE',  #613 ) ;
#3290 = DIRECTION ( 'NONE',  ( 0.000000000000000000, 0.000000000000000000, 1.000000000000000000 ) ) ;
#3291 = CARTESIAN_POINT ( 'NONE',  ( 68.00000000000000000, 11.99999999999999645, 18.50000000000000000 ) ) ;
#3292 = DIRECTION ( 'NONE',  ( -0.000000000000000000, -1.000000000000000000, -0.000000000000000000 ) ) ;
#3293 = FACE_BOUND ( 'NONE', #1511, .T. ) ;
#3294 = VERTEX_POINT ( 'NONE', #1908 ) ;
#3295 = EDGE_CURVE ( 'NONE', #1620, #3799, #4229, .T. ) ;
#3296 = CARTESIAN_POINT ( 'NONE',  ( 43.00000000000000000, 42.19059892324149530, 20.00000000000000000 ) ) ;
#3297 = VERTEX_POINT ( 'NONE', #1950 ) ;
#3298 = LINE ( 'NONE', #3604, #1055 ) ;
#3299 = CARTESIAN_POINT ( 'NONE',  ( 11.08264261552286634, 20.86503037630410162, 26.00000000000000355 ) ) ;
#3300 = ADVANCED_FACE ( 'NONE', ( #2905 ), #3444, .T. ) ;
#3301 = EDGE_LOOP ( 'NONE', ( #2922, #3969, #3789, #847, #47 ) ) ;
#3302 = CARTESIAN_POINT ( 'NONE',  ( 39.00000000000000000, 18.00000000000000000, 20.00000000000000000 ) ) ;
#3303 = VECTOR ( 'NONE', #1035, 1000.000000000000000 ) ;
#3304 = TOROIDAL_SURFACE ( 'NONE', #1431, 3.500000000000000000, 1.500000000000000000 ) ;
#3305 = ORIENTED_EDGE ( 'NONE', *, *, #2692, .F. ) ;
#3306 = ORIENTED_EDGE ( 'NONE', *, *, #3620, .T. ) ;
#3307 = VERTEX_POINT ( 'NONE', #1543 ) ;
#3308 = EDGE_CURVE ( 'NONE', #1997, #4000, #1021, .T. ) ;
#3309 = DIRECTION ( 'NONE',  ( 1.000000000000000000, 4.082155997157842586E-17, 3.614007241618342978E-17 ) ) ;
#3310 =( BOUNDED_CURVE ( )  B_SPLINE_CURVE ( 3, ( #1305, #1673, #3237, #17 ),
 .UNSPECIFIED., .F., .T. ) 
 B_SPLINE_CURVE_WITH_KNOTS ( ( 4, 4 ),
 ( 0.7953988301841355968, 1.159279480727409162 ),
 .UNSPECIFIED. ) 
 CURVE ( )  GEOMETRIC_REPRESENTATION_ITEM ( )  RATIONAL_B_SPLINE_CURVE ( ( 1.000000000000000000, 0.9889963102553593899, 0.9889963102553593899, 1.000000000000000000 ) ) 
 REPRESENTATION_ITEM ( '' )  );
#3311 = EDGE_CURVE ( 'NONE', #3863, #1419, #3230, .T. ) ;
#3312 = EDGE_CURVE ( 'NONE', #873, #3686, #464, .T. ) ;
#3313 = CARTESIAN_POINT ( 'NONE',  ( 42.99999999999999289, 46.80940107675850470, 26.00000000000000355 ) ) ;
#3314 = CARTESIAN_POINT ( 'NONE',  ( 0.007005826361730480359, 12.75772441978178229, 22.24463865671484442 ) ) ;
#3315 = VECTOR ( 'NONE', #647, 1000.000000000000000 ) ;
#3316 = CIRCLE ( 'NONE', #3662, 2.600000000000003197 ) ;
#3317 = CARTESIAN_POINT ( 'NONE',  ( 17.82842712474669256, -33.20000000000025864, 32.00000000000000000 ) ) ;
#3318 = FACE_BOUND ( 'NONE', #412, .T. ) ;
#3319 = ORIENTED_EDGE ( 'NONE', *, *, #2673, .F. ) ;
#3320 = CARTESIAN_POINT ( 'NONE',  ( 36.00599612118753612, -27.20723795854430449, 0.2524272223812523142 ) ) ;
#3321 = ORIENTED_EDGE ( 'NONE', *, *, #3122, .F. ) ;
#3322 = CYLINDRICAL_SURFACE ( 'NONE', #2996, 2.499999999999995115 ) ;
#3323 = CIRCLE ( 'NONE', #2565, 19.99999999999999645 ) ;
#3324 = ADVANCED_FACE ( 'NONE', ( #2690 ), #3683, .T. ) ;
#3325 = CARTESIAN_POINT ( 'NONE',  ( 59.00000000000000000, 11.99999999999999645, 20.00000000000000000 ) ) ;
#3326 = EDGE_CURVE ( 'NONE', #3610, #873, #1461, .T. ) ;
#3327 = DIRECTION ( 'NONE',  ( -5.782411586589358625E-16, -1.000000000000000000, -0.000000000000000000 ) ) ;
#3328 = ORIENTED_EDGE ( 'NONE', *, *, #672, .F. ) ;
#3329 = CARTESIAN_POINT ( 'NONE',  ( 71.17157287525368758, -22.19999999999999574, 32.00000000000000000 ) ) ;
#3330 = ORIENTED_EDGE ( 'NONE', *, *, #3295, .T. ) ;
#3331 = ORIENTED_EDGE ( 'NONE', *, *, #264, .T. ) ;
#3332 = VERTEX_POINT ( 'NONE', #7 ) ;
#3333 = CARTESIAN_POINT ( 'NONE',  ( 78.00000000000000000, -18.19999999999982521, 32.00000000000000000 ) ) ;
#3334 = CIRCLE ( 'NONE', #2983, 1.500000000000001332 ) ;
#3335 = EDGE_CURVE ( 'NONE', #4222, #1227, #2427, .T. ) ;
#3336 = TOROIDAL_SURFACE ( 'NONE', #3681, 37.50000000000000000, 1.500000000000000000 ) ;
#3337 = DIRECTION ( 'NONE',  ( 0.000000000000000000, 0.000000000000000000, 1.000000000000000000 ) ) ;
#3338 = CARTESIAN_POINT ( 'NONE',  ( -4.898613218375783072E-16, 12.00000000000056311, 23.82517234981968102 ) ) ;
#3339 = DIRECTION ( 'NONE',  ( 0.000000000000000000, 0.000000000000000000, -1.000000000000000000 ) ) ;
#3340 = PLANE ( 'NONE',  #123 ) ;
#3341 = EDGE_LOOP ( 'NONE', ( #580, #49, #622, #3395 ) ) ;
#3342 = CARTESIAN_POINT ( 'NONE',  ( 35.38358900504334059, -28.45942499370578460, 0.9927620417162840161 ) ) ;
#3343 = VECTOR ( 'NONE', #3926, 1000.000000000000000 ) ;
#3344 = FACE_OUTER_BOUND ( 'NONE', #1738, .T. ) ;
#3345 = CARTESIAN_POINT ( 'NONE',  ( -1.353713101608361891, 12.00000000000000000, 22.35040698150430316 ) ) ;
#3346 = DIRECTION ( 'NONE',  ( 1.000000000000000000, -0.000000000000000000, -0.000000000000000000 ) ) ;
#3347 = CARTESIAN_POINT ( 'NONE',  ( 4.223473422844927765E-13, -33.20000000000048601, 0.000000000000000000 ) ) ;
#3348 = VERTEX_POINT ( 'NONE', #3380 ) ;
#3349 = DIRECTION ( 'NONE',  ( -1.000000000000000000, 0.000000000000000000, 0.000000000000000000 ) ) ;
#3350 = EDGE_LOOP ( 'NONE', ( #544, #2681 ) ) ;
#3351 = ORIENTED_EDGE ( 'NONE', *, *, #3246, .T. ) ;
#3352 = ORIENTED_EDGE ( 'NONE', *, *, #1444, .F. ) ;
#3353 = CARTESIAN_POINT ( 'NONE',  ( 49.82842712474613478, -35.19999999999999574, 32.00000000000000000 ) ) ;
#3354 = ORIENTED_EDGE ( 'NONE', *, *, #1000, .F. ) ;
#3355 = CYLINDRICAL_SURFACE ( 'NONE', #1429, 2.600000000000001421 ) ;
#3356 = CARTESIAN_POINT ( 'NONE',  ( 0.000000000000000000, 0.000000000000000000, 26.00000000000000355 ) ) ;
#3357 = AXIS2_PLACEMENT_3D ( 'NONE', #1054, #3956, #2384 ) ;
#3358 = CARTESIAN_POINT ( 'NONE',  ( 36.50000000000000000, 44.50000000000000000, 26.00000000000000355 ) ) ;
#3359 = CARTESIAN_POINT ( 'NONE',  ( 78.00000000000000000, -20.19999999999999929, 2.000000000000001776 ) ) ;
#3360 = ORIENTED_EDGE ( 'NONE', *, *, #1128, .T. ) ;
#3361 = DIRECTION ( 'NONE',  ( -1.000000000000000000, 0.000000000000000000, 0.000000000000000000 ) ) ;
#3362 = DIRECTION ( 'NONE',  ( 0.000000000000000000, 0.000000000000000000, 1.000000000000000000 ) ) ;
#3363 = EDGE_CURVE ( 'NONE', #2405, #3777, #4205, .T. ) ;
#3364 = DIRECTION ( 'NONE',  ( -0.000000000000000000, -0.000000000000000000, -1.000000000000000000 ) ) ;
#3365 = CARTESIAN_POINT ( 'NONE',  ( 7.000000000000000000, 0.000000000000000000, 12.60000000000001030 ) ) ;
#3366 = VECTOR ( 'NONE', #3245, 1000.000000000000000 ) ;
#3367 = EDGE_LOOP ( 'NONE', ( #2657, #2294 ) ) ;
#3368 = DIRECTION ( 'NONE',  ( -0.000000000000000000, -1.000000000000000000, -0.000000000000000000 ) ) ;
#3369 = EDGE_CURVE ( 'NONE', #1401, #952, #1644, .T. ) ;
#3370 = ORIENTED_EDGE ( 'NONE', *, *, #3239, .F. ) ;
#3371 = ORIENTED_EDGE ( 'NONE', *, *, #1899, .T. ) ;
#3372 = VERTEX_POINT ( 'NONE', #4002 ) ;
#3373 = AXIS2_PLACEMENT_3D ( 'NONE', #2974, #2570, #2633 ) ;
#3374 = ADVANCED_FACE ( 'NONE', ( #1298, #29 ), #967, .T. ) ;
#3375 = CIRCLE ( 'NONE', #248, 1.999999999999998224 ) ;
#3376 = ADVANCED_FACE ( 'NONE', ( #53 ), #3304, .F. ) ;
#3377 =( GEOMETRIC_REPRESENTATION_CONTEXT ( 3 ) GLOBAL_UNCERTAINTY_ASSIGNED_CONTEXT ( ( #354 ) ) GLOBAL_UNIT_ASSIGNED_CONTEXT ( ( #2204, #2901, #1255 ) ) REPRESENTATION_CONTEXT ( 'NONE', 'WORKASPACE' ) );
#3378 = ORIENTED_EDGE ( 'NONE', *, *, #812, .F. ) ;
#3379 = CARTESIAN_POINT ( 'NONE',  ( 76.00000000000000000, -17.37157287525364069, 32.00000000000000000 ) ) ;
#3380 = CARTESIAN_POINT ( 'NONE',  ( 41.50000000000000000, -8.500000000000003553, 32.00000000000000000 ) ) ;
#3381 = EDGE_CURVE ( 'NONE', #803, #1355, #1969, .T. ) ;
#3382 = ADVANCED_FACE ( 'NONE', ( #2964, #72 ), #1727, .F. ) ;
#3383 = ADVANCED_FACE ( 'NONE', ( #2730 ), #2537, .T. ) ;
#3384 = DIRECTION ( 'NONE',  ( 0.000000000000000000, 1.000000000000000000, 0.000000000000000000 ) ) ;
#3385 = LINE ( 'NONE', #2733, #1173 ) ;
#3386 = ORIENTED_EDGE ( 'NONE', *, *, #3178, .T. ) ;
#3387 = DIRECTION ( 'NONE',  ( 0.000000000000000000, 1.000000000000000000, 0.000000000000000000 ) ) ;
#3388 = CARTESIAN_POINT ( 'NONE',  ( 1.202942568752872088, 13.48712253637932434, 20.02663404762229149 ) ) ;
#3389 = ADVANCED_FACE ( 'NONE', ( #185 ), #2885, .T. ) ;
#3390 = DIRECTION ( 'NONE',  ( 0.000000000000000000, -0.000000000000000000, -1.000000000000000000 ) ) ;
#3391 = DIRECTION ( 'NONE',  ( -0.000000000000000000, -0.000000000000000000, -1.000000000000000000 ) ) ;
#3392 = ORIENTED_EDGE ( 'NONE', *, *, #2364, .T. ) ;
#3393 = CARTESIAN_POINT ( 'NONE',  ( 39.00000000000000000, 18.00000000000000000, 11.00000000000000178 ) ) ;
#3394 = AXIS2_PLACEMENT_3D ( 'NONE', #1862, #3487, #790 ) ;
#3395 = ORIENTED_EDGE ( 'NONE', *, *, #157, .F. ) ;
#3396 = VECTOR ( 'NONE', #639, 1000.000000000000000 ) ;
#3397 = VERTEX_POINT ( 'NONE', #2930 ) ;
#3398 = LINE ( 'NONE', #1114, #2498 ) ;
#3399 = VECTOR ( 'NONE', #2051, 1000.000000000000000 ) ;
#3400 = ORIENTED_EDGE ( 'NONE', *, *, #169, .T. ) ;
#3401 = LINE ( 'NONE', #3723, #1365 ) ;
#3402 = VECTOR ( 'NONE', #3663, 1000.000000000000000 ) ;
#3403 = AXIS2_PLACEMENT_3D ( 'NONE', #3060, #1423, #2098 ) ;
#3404 = CARTESIAN_POINT ( 'NONE',  ( 62.27671140884352496, 28.85237901412935457, 20.00000000000000000 ) ) ;
#3405 = FACE_OUTER_BOUND ( 'NONE', #2253, .T. ) ;
#3406 = ORIENTED_EDGE ( 'NONE', *, *, #3441, .F. ) ;
#3407 = DIRECTION ( 'NONE',  ( 4.082155997157842586E-17, -1.000000000000000000, 0.000000000000000000 ) ) ;
#3408 = CARTESIAN_POINT ( 'NONE',  ( 1.201081228210455043, 12.00000000000000000, 20.01377032025353486 ) ) ;
#3409 = CARTESIAN_POINT ( 'NONE',  ( 2.081668171172168513E-14, 11.99999999999999467, 10.00000000000000000 ) ) ;
#3410 = DIRECTION ( 'NONE',  ( -0.5023646631085910697, 0.8646558536549624474, -0.000000000000000000 ) ) ;
#3411 = AXIS2_PLACEMENT_3D ( 'NONE', #1869, #235, #2890 ) ;
#3412 = VERTEX_POINT ( 'NONE', #530 ) ;
#3413 = FACE_OUTER_BOUND ( 'NONE', #2100, .T. ) ;
#3414 = VECTOR ( 'NONE', #843, 1000.000000000000000 ) ;
#3415 = ORIENTED_EDGE ( 'NONE', *, *, #2283, .T. ) ;
#3416 = AXIS2_PLACEMENT_3D ( 'NONE', #125, #4052, #4096 ) ;
#3417 = ORIENTED_EDGE ( 'NONE', *, *, #681, .T. ) ;
#3418 = ORIENTED_EDGE ( 'NONE', *, *, #3556, .T. ) ;
#3419 = DIRECTION ( 'NONE',  ( 0.7071067811865512365, -0.7071067811865439090, -0.000000000000000000 ) ) ;
#3420 = DIRECTION ( 'NONE',  ( 1.502314598737158045E-15, -1.000000000000000000, 0.000000000000000000 ) ) ;
#3421 = PLANE ( 'NONE',  #2370 ) ;
#3422 = FACE_OUTER_BOUND ( 'NONE', #4217, .T. ) ;
#3423 = ORIENTED_EDGE ( 'NONE', *, *, #748, .T. ) ;
#3424 = CARTESIAN_POINT ( 'NONE',  ( 0.7782674179972115525, 13.47114012102372271, 20.19729667702489806 ) ) ;
#3425 = DIRECTION ( 'NONE',  ( -0.000000000000000000, 1.000000000000000000, -0.000000000000000000 ) ) ;
#3426 = EDGE_CURVE ( 'NONE', #2770, #2510, #3558, .T. ) ;
#3427 = CARTESIAN_POINT ( 'NONE',  ( 57.49999999999998579, 18.00000000000000000, 1.500000000000001332 ) ) ;
#3428 = CARTESIAN_POINT ( 'NONE',  ( 20.50000000000000000, 12.00000000000000178, 1.500000000000001332 ) ) ;
#3429 = ORIENTED_EDGE ( 'NONE', *, *, #2407, .T. ) ;
#3430 = CARTESIAN_POINT ( 'NONE',  ( 66.89549631737178004, 28.86500050710740339, 20.00000000000000000 ) ) ;
#3431 = VERTEX_POINT ( 'NONE', #907 ) ;
#3432 = EDGE_CURVE ( 'NONE', #453, #4287, #623, .T. ) ;
#3433 = ORIENTED_EDGE ( 'NONE', *, *, #1703, .T. ) ;
#3434 = ORIENTED_EDGE ( 'NONE', *, *, #3112, .T. ) ;
#3435 = DIRECTION ( 'NONE',  ( -0.000000000000000000, -0.000000000000000000, -1.000000000000000000 ) ) ;
#3436 = EDGE_CURVE ( 'NONE', #919, #3846, #3857, .T. ) ;
#3437 = ORIENTED_EDGE ( 'NONE', *, *, #3812, .T. ) ;
#3438 = ADVANCED_FACE ( 'NONE', ( #4159 ), #1047, .T. ) ;
#3439 = CARTESIAN_POINT ( 'NONE',  ( 19.00000000000000000, 12.00000000000000178, 20.00000000000000000 ) ) ;
#3440 = VECTOR ( 'NONE', #1223, 999.9999999999998863 ) ;
#3441 = EDGE_CURVE ( 'NONE', #1355, #3863, #3334, .T. ) ;
#3442 = LINE ( 'NONE', #112, #288 ) ;
#3443 = VECTOR ( 'NONE', #1746, 1000.000000000000114 ) ;
#3444 = TOROIDAL_SURFACE ( 'NONE', #2688, 6.500000000000000888, 1.500000000000000000 ) ;
#3445 = DIRECTION ( 'NONE',  ( 0.8660254037844382635, 0.5000000000000006661, 0.000000000000000000 ) ) ;
#3446 = DIRECTION ( 'NONE',  ( -5.782411586589358625E-16, -1.000000000000000000, -0.000000000000000000 ) ) ;
#3447 = ORIENTED_EDGE ( 'NONE', *, *, #4255, .T. ) ;
#3448 = LINE ( 'NONE', #462, #1709 ) ;
#3449 = CARTESIAN_POINT ( 'NONE',  ( 76.63538144247655737, 11.99999999999999822, 19.99340011887784030 ) ) ;
#3450 = PLANE ( 'NONE',  #1038 ) ;
#3451 = DIRECTION ( 'NONE',  ( -1.000000000000000000, 0.000000000000000000, 0.000000000000000000 ) ) ;
#3452 = ORIENTED_EDGE ( 'NONE', *, *, #1962, .F. ) ;
#3453 = DIRECTION ( 'NONE',  ( -0.000000000000000000, -0.000000000000000000, 1.000000000000000000 ) ) ;
#3454 = AXIS2_PLACEMENT_3D ( 'NONE', #1657, #2007, #3266 ) ;
#3455 = EDGE_CURVE ( 'NONE', #4190, #771, #1865, .T. ) ;
#3456 = EDGE_CURVE ( 'NONE', #3270, #1668, #1109, .T. ) ;
#3457 = CARTESIAN_POINT ( 'NONE',  ( 29.58578643762713511, -34.61421356237320879, 32.00000000000000000 ) ) ;
#3458 = ORIENTED_EDGE ( 'NONE', *, *, #1696, .T. ) ;
#3459 = EDGE_LOOP ( 'NONE', ( #640, #1680, #982, #1403 ) ) ;
#3460 = ORIENTED_EDGE ( 'NONE', *, *, #2477, .T. ) ;
#3461 = DIRECTION ( 'NONE',  ( 0.000000000000000000, -1.000000000000000000, 0.000000000000000000 ) ) ;
#3462 = VECTOR ( 'NONE', #2824, 1000.000000000000000 ) ;
#3463 = VECTOR ( 'NONE', #3839, 1000.000000000000114 ) ;
#3464 = EDGE_LOOP ( 'NONE', ( #1805, #3718, #3331, #3625 ) ) ;
#3465 = VECTOR ( 'NONE', #2727, 1000.000000000000000 ) ;
#3466 = DIRECTION ( 'NONE',  ( 1.000000000000000000, 0.000000000000000000, 0.000000000000000000 ) ) ;
#3467 = CARTESIAN_POINT ( 'NONE',  ( 6.999999999999992006, 14.99999999999999645, 15.49999999999998401 ) ) ;
#3468 = FACE_OUTER_BOUND ( 'NONE', #3107, .T. ) ;
#3469 = DIRECTION ( 'NONE',  ( -0.002732633388169896770, 0.9999962663504128324, 0.000000000000000000 ) ) ;
#3470 = CARTESIAN_POINT ( 'NONE',  ( 0.3002709795064965048, 13.45393011657189497, 22.36664669571056407 ) ) ;
#3471 = VECTOR ( 'NONE', #1221, 1000.000000000000114 ) ;
#3472 = LINE ( 'NONE', #2125, #3531 ) ;
#3473 = DIRECTION ( 'NONE',  ( -0.000000000000000000, -0.000000000000000000, -1.000000000000000000 ) ) ;
#3474 = DIRECTION ( 'NONE',  ( -0.000000000000000000, -0.000000000000000000, -1.000000000000000000 ) ) ;
#3475 = FACE_OUTER_BOUND ( 'NONE', #2356, .T. ) ;
#3476 = ORIENTED_EDGE ( 'NONE', *, *, #1839, .T. ) ;
#3477 = ORIENTED_EDGE ( 'NONE', *, *, #3821, .T. ) ;
#3478 = AXIS2_PLACEMENT_3D ( 'NONE', #2791, #768, #2163 ) ;
#3479 = ORIENTED_EDGE ( 'NONE', *, *, #2088, .T. ) ;
#3480 = LINE ( 'NONE', #3527, #883 ) ;
#3481 = DIRECTION ( 'NONE',  ( 0.8660254037844382635, -0.5000000000000006661, -0.000000000000000000 ) ) ;
#3482 = EDGE_CURVE ( 'NONE', #392, #1555, #3491, .T. ) ;
#3483 = VERTEX_POINT ( 'NONE', #3516 ) ;
#3484 = APPLICATION_PROTOCOL_DEFINITION ( 'draft international standard', 'automotive_design', 1998, #3034 ) ;
#3485 = DIRECTION ( 'NONE',  ( -0.000000000000000000, -0.000000000000000000, -1.000000000000000000 ) ) ;
#3486 = CARTESIAN_POINT ( 'NONE',  ( 41.17157287525374443, -30.19999999999999929, 32.00000000000000000 ) ) ;
#3487 = DIRECTION ( 'NONE',  ( 1.000000000000000000, -5.782411586589358625E-16, -0.000000000000000000 ) ) ;
#3488 = DIRECTION ( 'NONE',  ( 1.000000000000000000, 0.000000000000000000, 0.000000000000000000 ) ) ;
#3489 = EDGE_CURVE ( 'NONE', #3332, #2734, #3216, .T. ) ;
#3490 = CARTESIAN_POINT ( 'NONE',  ( 76.46998799039037920, 11.99999999999999645, 20.00000000000000355 ) ) ;
#3491 = LINE ( 'NONE', #3580, #3471 ) ;
#3492 = DIRECTION ( 'NONE',  ( -0.000000000000000000, -0.000000000000000000, -1.000000000000000000 ) ) ;
#3493 = CARTESIAN_POINT ( 'NONE',  ( 69.21581930518857462, 24.87132618819478935, 26.00000000000000355 ) ) ;
#3494 = CARTESIAN_POINT ( 'NONE',  ( 13.99999999999999822, 17.00000000000000355, 3.000000000000009770 ) ) ;
#3495 = DIRECTION ( 'NONE',  ( -0.000000000000000000, -0.000000000000000000, -1.000000000000000000 ) ) ;
#3496 = EDGE_CURVE ( 'NONE', #3431, #3995, #4303, .T. ) ;
#3497 = CARTESIAN_POINT ( 'NONE',  ( 39.00000000000000000, 18.00000000000000000, 1.500000000000001332 ) ) ;
#3498 = ORIENTED_EDGE ( 'NONE', *, *, #2484, .T. ) ;
#3499 = ORIENTED_EDGE ( 'NONE', *, *, #229, .T. ) ;
#3500 = EDGE_CURVE ( 'NONE', #3702, #3945, #3268, .T. ) ;
#3501 = VERTEX_POINT ( 'NONE', #3256 ) ;
#3502 = CARTESIAN_POINT ( 'NONE',  ( 78.50204449315725697, 11.99999999999999645, 23.73262090423258641 ) ) ;
#3503 = DIRECTION ( 'NONE',  ( 4.082155997157842586E-17, -1.000000000000000000, -0.000000000000000000 ) ) ;
#3504 = ORIENTED_EDGE ( 'NONE', *, *, #298, .T. ) ;
#3505 = DIRECTION ( 'NONE',  ( -0.000000000000000000, -0.000000000000000000, -1.000000000000000000 ) ) ;
#3506 = DIRECTION ( 'NONE',  ( 0.000000000000000000, 0.000000000000000000, -1.000000000000000000 ) ) ;
#3507 = VECTOR ( 'NONE', #2917, 1000.000000000000000 ) ;
#3508 = AXIS2_PLACEMENT_3D ( 'NONE', #3428, #2191, #99 ) ;
#3509 = ADVANCED_FACE ( 'NONE', ( #275 ), #3173, .T. ) ;
#3510 = LINE ( 'NONE', #1190, #3542 ) ;
#3511 = DIRECTION ( 'NONE',  ( 0.000000000000000000, 0.000000000000000000, 1.000000000000000000 ) ) ;
#3512 = DIRECTION ( 'NONE',  ( 1.000000000000000000, 0.000000000000000000, 0.000000000000000000 ) ) ;
#3513 = CARTESIAN_POINT ( 'NONE',  ( -1.303271343227424550, 12.00000000000000000, 22.50568740247152988 ) ) ;
#3514 = AXIS2_PLACEMENT_3D ( 'NONE', #2516, #3835, #3512 ) ;
#3515 = ADVANCED_FACE ( 'NONE', ( #1609 ), #2839, .F. ) ;
#3516 = CARTESIAN_POINT ( 'NONE',  ( 78.00000000000000000, 11.99999999999999645, 24.08121328699938601 ) ) ;
#3517 = DIRECTION ( 'NONE',  ( -1.000000000000000000, -4.082155997157842586E-17, 0.000000000000000000 ) ) ;
#3518 = CARTESIAN_POINT ( 'NONE',  ( 78.00000000000002842, 13.19379867231371861, 21.61719810585463009 ) ) ;
#3519 = CARTESIAN_POINT ( 'NONE',  ( 39.00000000000000000, -3.881197846482990599, 26.00000000000000355 ) ) ;
#3520 = CARTESIAN_POINT ( 'NONE',  ( 42.70398726106851228, -26.50042440660557475, 8.619291689692416046E-13 ) ) ;
#3521 = ADVANCED_FACE ( 'NONE', ( #884 ), #2212, .F. ) ;
#3522 = PLANE ( 'NONE',  #800 ) ;
#3523 = ORIENTED_EDGE ( 'NONE', *, *, #2746, .F. ) ;
#3524 = ORIENTED_EDGE ( 'NONE', *, *, #1445, .T. ) ;
#3525 = CIRCLE ( 'NONE', #1095, 2.500000000000002220 ) ;
#3526 = EDGE_LOOP ( 'NONE', ( #1411, #3223, #299, #1532 ) ) ;
#3527 = CARTESIAN_POINT ( 'NONE',  ( 62.29857247594888747, 20.85240888332604925, 20.00000000000000000 ) ) ;
#3528 = ADVANCED_FACE ( 'NONE', ( #2563 ), #1995, .F. ) ;
#3529 = ORIENTED_EDGE ( 'NONE', *, *, #3311, .T. ) ;
#3530 = DIRECTION ( 'NONE',  ( -0.000000000000000000, -0.000000000000000000, -1.000000000000000000 ) ) ;
#3531 = VECTOR ( 'NONE', #3492, 1000.000000000000000 ) ;
#3532 = FACE_OUTER_BOUND ( 'NONE', #441, .T. ) ;
#3533 = DIRECTION ( 'NONE',  ( 1.000000000000000000, 0.000000000000000000, 0.000000000000000000 ) ) ;
#3534 = CARTESIAN_POINT ( 'NONE',  ( 77.95039125516967715, 11.99999999999999822, 21.01912821304403778 ) ) ;
#3535 = B_SPLINE_CURVE_WITH_KNOTS ( 'NONE', 3,
 ( #4071, #777, #2106, #445, #1778, #122, #4112, #1152, #3794, #821, #2148, #3816, #1264, #2932, #3518, #2215, #1282, #1912, #2262, #3560, #256, #3233, #1566, #3538, #972, #3195 ),
 .UNSPECIFIED., .F., .F.,
 ( 4, 2, 2, 2, 2, 2, 2, 2, 2, 2, 2, 2, 4 ),
 ( 0.000000000000000000, 0.0007230827347400486417, 0.001446165469480097283, 0.002169248204220145925, 0.002530789571590174366, 0.002711560255275192923, 0.002892330938960211480, 0.003073101622645229604, 0.003253872306330248595, 0.003615413673700285709, 0.004338496408440350831, 0.005061579143180416386, 0.005784661877920481941 ),
 .UNSPECIFIED. ) ;
#3536 = CARTESIAN_POINT ( 'NONE',  ( 60.50000000000000000, 12.00000000000002309, 18.50000000000000000 ) ) ;
#3537 = CARTESIAN_POINT ( 'NONE',  ( 36.82842712474641189, -28.20000000000000284, 0.8284271247461914012 ) ) ;
#3538 = CARTESIAN_POINT ( 'NONE',  ( 78.00000000000002842, 12.04477258727711941, 23.59339124963497270 ) ) ;
#3539 = VECTOR ( 'NONE', #969, 1000.000000000000114 ) ;
#3540 = CARTESIAN_POINT ( 'NONE',  ( 78.00000000000000000, 9.552245033349355756E-15, 20.00000000000000000 ) ) ;
#3541 = CARTESIAN_POINT ( 'NONE',  ( 42.76491643796667574, -26.87682413229521927, 0.05205464757366327216 ) ) ;
#3542 = VECTOR ( 'NONE', #3875, 1000.000000000000114 ) ;
#3543 = LINE ( 'NONE', #3798, #587 ) ;
#3544 = EDGE_LOOP ( 'NONE', ( #3351, #90, #3222, #2203 ) ) ;
#3545 = ORIENTED_EDGE ( 'NONE', *, *, #3614, .T. ) ;
#3546 = CARTESIAN_POINT ( 'NONE',  ( 77.97536264335857936, 13.44437181169997508, 21.52002608777835491 ) ) ;
#3547 = DIRECTION ( 'NONE',  ( -0.000000000000000000, -0.000000000000000000, -1.000000000000000000 ) ) ;
#3548 = ORIENTED_EDGE ( 'NONE', *, *, #3496, .F. ) ;
#3549 = ORIENTED_EDGE ( 'NONE', *, *, #1405, .T. ) ;
#3550 = CARTESIAN_POINT ( 'NONE',  ( 39.00000000000000000, 11.99999999999999822, 32.00000000000000000 ) ) ;
#3551 = AXIS2_PLACEMENT_3D ( 'NONE', #482, #2750, #1833 ) ;
#3552 = DIRECTION ( 'NONE',  ( 0.000000000000000000, 0.000000000000000000, 1.000000000000000000 ) ) ;
#3553 = CARTESIAN_POINT ( 'NONE',  ( 76.85832216758470281, 13.48479810205588691, 20.04761850113655086 ) ) ;
#3554 = CIRCLE ( 'NONE', #1550, 5.000000000000000888 ) ;
#3555 = LINE ( 'NONE', #4180, #109 ) ;
#3556 = EDGE_CURVE ( 'NONE', #3348, #676, #2712, .T. ) ;
#3557 = CARTESIAN_POINT ( 'NONE',  ( 77.97420126410938224, 13.44441150614769498, 21.43837656365867517 ) ) ;
#3558 = LINE ( 'NONE', #1910, #2842 ) ;
#3559 = DIRECTION ( 'NONE',  ( -1.000000000000000000, 0.000000000000000000, 0.000000000000000000 ) ) ;
#3560 = CARTESIAN_POINT ( 'NONE',  ( 78.00000000000000000, 12.70353168589962145, 22.30548871535950184 ) ) ;
#3561 = DIRECTION ( 'NONE',  ( -5.782411586589358625E-16, -1.000000000000000000, 0.000000000000000000 ) ) ;
#3562 = CARTESIAN_POINT ( 'NONE',  ( 36.50000000000000000, -8.500000000000003553, 40.00000000000000000 ) ) ;
#3563 = ADVANCED_FACE ( 'NONE', ( #2303 ), #2966, .T. ) ;
#3564 = DIRECTION ( 'NONE',  ( -0.002732633388169899372, -0.9999962663504128324, 0.000000000000000000 ) ) ;
#3565 = EDGE_LOOP ( 'NONE', ( #600, #704, #3319, #1658 ) ) ;
#3566 = VERTEX_POINT ( 'NONE', #3941 ) ;
#3567 = CARTESIAN_POINT ( 'NONE',  ( 77.69972902049372010, 13.45393011657190385, 22.36664669571019459 ) ) ;
#3568 = LINE ( 'NONE', #4172, #1702 ) ;
#3569 = VECTOR ( 'NONE', #270, 1000.000000000000000 ) ;
#3570 = EDGE_CURVE ( 'NONE', #2072, #3297, #1665, .T. ) ;
#3571 = ORIENTED_EDGE ( 'NONE', *, *, #2618, .F. ) ;
#3572 = ORIENTED_EDGE ( 'NONE', *, *, #3052, .F. ) ;
#3573 = ORIENTED_EDGE ( 'NONE', *, *, #1524, .F. ) ;
#3574 = EDGE_CURVE ( 'NONE', #2418, #318, #360, .T. ) ;
#3575 = DIRECTION ( 'NONE',  ( 0.000000000000000000, 0.000000000000000000, 1.000000000000000000 ) ) ;
#3576 = CARTESIAN_POINT ( 'NONE',  ( 76.46998799039037920, 13.49999999999999645, 20.00000000000000000 ) ) ;
#3577 = EDGE_CURVE ( 'NONE', #3182, #2131, #4005, .T. ) ;
#3578 = CARTESIAN_POINT ( 'NONE',  ( 62.27671140884352496, 28.85237901412935102, 26.00000000000000355 ) ) ;
#3579 = VECTOR ( 'NONE', #3267, 1000.000000000000000 ) ;
#3580 = CARTESIAN_POINT ( 'NONE',  ( 15.70142752405111608, 20.85240888332604925, 26.00000000000000355 ) ) ;
#3581 = CARTESIAN_POINT ( 'NONE',  ( 0.000000000000000000, 10.50000000000000000, 1.500000000000001332 ) ) ;
#3582 = CARTESIAN_POINT ( 'NONE',  ( 42.99999999999999289, -10.80940107675850470, 26.00000000000000355 ) ) ;
#3583 = VECTOR ( 'NONE', #3391, 1000.000000000000000 ) ;
#3584 = AXIS2_PLACEMENT_3D ( 'NONE', #1648, #710, #382 ) ;
#3585 = DIRECTION ( 'NONE',  ( 1.000000000000000000, 0.000000000000000000, 0.000000000000000000 ) ) ;
#3586 = LINE ( 'NONE', #954, #2092 ) ;
#3587 = AXIS2_PLACEMENT_3D ( 'NONE', #2073, #2406, #457 ) ;
#3588 = CARTESIAN_POINT ( 'NONE',  ( 7.000000000000006217, 14.99999999999999645, 10.00000000000000000 ) ) ;
#3589 = ORIENTED_EDGE ( 'NONE', *, *, #1003, .T. ) ;
#3590 = CARTESIAN_POINT ( 'NONE',  ( 1.530012009609616364, 12.00000000000000000, 18.50000000000000000 ) ) ;
#3591 = DIRECTION ( 'NONE',  ( -0.000000000000000000, -0.000000000000000000, -1.000000000000000000 ) ) ;
#3592 = ORIENTED_EDGE ( 'NONE', *, *, #3749, .T. ) ;
#3593 = ORIENTED_EDGE ( 'NONE', *, *, #1334, .F. ) ;
#3594 = ORIENTED_EDGE ( 'NONE', *, *, #4245, .F. ) ;
#3595 = DIRECTION ( 'NONE',  ( 0.8660254037844399289, -0.4999999999999977240, 0.000000000000000000 ) ) ;
#3596 = CARTESIAN_POINT ( 'NONE',  ( 13.40296560333966802, 24.85870469521672632, 32.00000000000000000 ) ) ;
#3597 = CARTESIAN_POINT ( 'NONE',  ( 13.40296560333966802, 24.85870469521672632, 26.00000000000000355 ) ) ;
#3598 = AXIS2_PLACEMENT_3D ( 'NONE', #2472, #1794, #115 ) ;
#3599 = CARTESIAN_POINT ( 'NONE',  ( 48.99999999999994316, -35.19999999999999574, 32.00000000000000000 ) ) ;
#3600 = CARTESIAN_POINT ( 'NONE',  ( 39.00000000000000000, 10.49999999999999645, 0.000000000000000000 ) ) ;
#3601 = CARTESIAN_POINT ( 'NONE',  ( 71.17157287525368758, -20.19999999999999929, 20.00000000000000000 ) ) ;
#3602 = ORIENTED_EDGE ( 'NONE', *, *, #929, .T. ) ;
#3603 = AXIS2_PLACEMENT_3D ( 'NONE', #2422, #1829, #3720 ) ;
#3604 = CARTESIAN_POINT ( 'NONE',  ( 78.00000000000000000, 11.99999999999999645, 20.00000000000000000 ) ) ;
#3605 = DIRECTION ( 'NONE',  ( 0.000000000000000000, 0.000000000000000000, 1.000000000000000000 ) ) ;
#3606 = CARTESIAN_POINT ( 'NONE',  ( 15.70142752405111608, 20.85240888332604925, 26.00000000000000355 ) ) ;
#3607 = ORIENTED_EDGE ( 'NONE', *, *, #3894, .F. ) ;
#3608 = PLANE ( 'NONE',  #3454 ) ;
#3609 = CIRCLE ( 'NONE', #3679, 2.600000000000001421 ) ;
#3610 = VERTEX_POINT ( 'NONE', #3621 ) ;
#3611 = EDGE_LOOP ( 'NONE', ( #1577, #1110, #2706, #3498, #2659, #3447 ) ) ;
#3612 = ORIENTED_EDGE ( 'NONE', *, *, #2429, .T. ) ;
#3613 = CARTESIAN_POINT ( 'NONE',  ( -4.898587196589411843E-16, 12.00000000000000000, 24.08121328699938601 ) ) ;
#3614 = EDGE_CURVE ( 'NONE', #868, #2333, #4158, .T. ) ;
#3615 = CARTESIAN_POINT ( 'NONE',  ( 64.00000000000000000, 16.99999999999999645, 18.50000000000000000 ) ) ;
#3616 = CIRCLE ( 'NONE', #1743, 13.00000000000000533 ) ;
#3617 = CARTESIAN_POINT ( 'NONE',  ( -5.277112176265325277E-16, 12.92726730663761181, 20.98106028081387819 ) ) ;
#3618 = CIRCLE ( 'NONE', #142, 2.500000000000000444 ) ;
#3619 = AXIS2_PLACEMENT_3D ( 'NONE', #4113, #1868, #910 ) ;
#3620 = EDGE_CURVE ( 'NONE', #1474, #2827, #3640, .T. ) ;
#3621 = CARTESIAN_POINT ( 'NONE',  ( 0.02675815066299075395, 13.44444444444444464, 21.50000000000000000 ) ) ;
#3622 = LINE ( 'NONE', #573, #4012 ) ;
#3623 = ORIENTED_EDGE ( 'NONE', *, *, #2994, .T. ) ;
#3624 = CARTESIAN_POINT ( 'NONE',  ( 36.00000000000019895, -28.19999999999999929, 2.000000000000002665 ) ) ;
#3625 = ORIENTED_EDGE ( 'NONE', *, *, #3055, .F. ) ;
#3626 = CARTESIAN_POINT ( 'NONE',  ( 64.59703439666034797, 24.85870469521672632, 26.00000000000000355 ) ) ;
#3627 = CARTESIAN_POINT ( 'NONE',  ( 71.00000000000001421, 14.99999999999999645, 15.49999999999995737 ) ) ;
#3628 = SPHERICAL_SURFACE ( 'NONE', #2616, 2.000000000000000000 ) ;
#3629 = EDGE_CURVE ( 'NONE', #4287, #453, #3059, .T. ) ;
#3630 = ORIENTED_EDGE ( 'NONE', *, *, #2160, .F. ) ;
#3631 = CARTESIAN_POINT ( 'NONE',  ( 23.00000000000013856, -35.19999999999998153, 10.00000000000000000 ) ) ;
#3632 = ORIENTED_EDGE ( 'NONE', *, *, #2535, .T. ) ;
#3633 = VERTEX_POINT ( 'NONE', #2991 ) ;
#3634 = VERTEX_POINT ( 'NONE', #3014 ) ;
#3635 = DIRECTION ( 'NONE',  ( 0.000000000000000000, 0.000000000000000000, -1.000000000000000000 ) ) ;
#3636 = CARTESIAN_POINT ( 'NONE',  ( 62.27671140884352496, 28.85237901412935102, 20.00000000000000000 ) ) ;
#3637 = CARTESIAN_POINT ( 'NONE',  ( -5.274804210712534544E-16, 12.92161351595837893, 22.02612082633734047 ) ) ;
#3638 = EDGE_CURVE ( 'NONE', #3686, #1697, #1299, .T. ) ;
#3639 = EDGE_CURVE ( 'NONE', #4095, #495, #3609, .T. ) ;
#3640 = LINE ( 'NONE', #1666, #3539 ) ;
#3641 = CARTESIAN_POINT ( 'NONE',  ( 15.72328859115647326, 28.85237901412935102, 26.00000000000000355 ) ) ;
#3642 = ORIENTED_EDGE ( 'NONE', *, *, #3757, .F. ) ;
#3643 = CARTESIAN_POINT ( 'NONE',  ( 35.29601273893223379, -26.50042440660712018, 8.619291689736663949E-13 ) ) ;
#3644 = EDGE_LOOP ( 'NONE', ( #23, #305, #3250, #1062 ) ) ;
#3645 = DIRECTION ( 'NONE',  ( 0.000000000000000000, 1.000000000000000000, 0.000000000000000000 ) ) ;
#3646 = CARTESIAN_POINT ( 'NONE',  ( 41.17157287525373022, -28.20000000000000284, 1.738153412329884295 ) ) ;
#3647 = DIRECTION ( 'NONE',  ( 1.000000000000000000, 0.000000000000000000, 0.000000000000000000 ) ) ;
#3648 = VECTOR ( 'NONE', #3410, 1000.000000000000000 ) ;
#3649 = AXIS2_PLACEMENT_3D ( 'NONE', #96, #2414, #442 ) ;
#3650 = CYLINDRICAL_SURFACE ( 'NONE', #1086, 2.549999999999996714 ) ;
#3651 = EDGE_CURVE ( 'NONE', #77, #1101, #4082, .T. ) ;
#3652 = VERTEX_POINT ( 'NONE', #11 ) ;
#3653 = LINE ( 'NONE', #3024, #3868 ) ;
#3654 = AXIS2_PLACEMENT_3D ( 'NONE', #2882, #2863, #3533 ) ;
#3655 = ORIENTED_EDGE ( 'NONE', *, *, #38, .F. ) ;
#3656 = VERTEX_POINT ( 'NONE', #2038 ) ;
#3657 = ORIENTED_EDGE ( 'NONE', *, *, #1000, .T. ) ;
#3658 = CARTESIAN_POINT ( 'NONE',  ( 8.784180694811425383, 24.87132618819477514, 26.00000000000000355 ) ) ;
#3659 = DIRECTION ( 'NONE',  ( -1.000000000000000000, -2.081668171172169697E-15, 0.000000000000000000 ) ) ;
#3660 = CARTESIAN_POINT ( 'NONE',  ( 0.02018906083390591133, 13.26720071061807005, 21.68076891725190691 ) ) ;
#3661 = VECTOR ( 'NONE', #2586, 1000.000000000000000 ) ;
#3662 = AXIS2_PLACEMENT_3D ( 'NONE', #1215, #1880, #3552 ) ;
#3663 = DIRECTION ( 'NONE',  ( -0.7071067811865487940, 0.7071067811865463515, 0.000000000000000000 ) ) ;
#3664 = FACE_OUTER_BOUND ( 'NONE', #1740, .T. ) ;
#3665 = CARTESIAN_POINT ( 'NONE',  ( 35.17157287525400733, -26.20000000000000284, 8.673617379884035472E-16 ) ) ;
#3666 = VERTEX_POINT ( 'NONE', #3358 ) ;
#3667 = DIRECTION ( 'NONE',  ( -0.000000000000000000, -0.000000000000000000, -1.000000000000000000 ) ) ;
#3668 = DIRECTION ( 'NONE',  ( -0.4976316032418209856, 0.8673884870431327609, 0.000000000000000000 ) ) ;
#3669 = VECTOR ( 'NONE', #3039, 1000.000000000000000 ) ;
#3670 = CIRCLE ( 'NONE', #1103, 6.999999999999987566 ) ;
#3671 = DIRECTION ( 'NONE',  ( -0.000000000000000000, -0.000000000000000000, -1.000000000000000000 ) ) ;
#3672 = DIRECTION ( 'NONE',  ( 1.156482317317871133E-15, -1.000000000000000000, 0.000000000000000000 ) ) ;
#3673 = EDGE_LOOP ( 'NONE', ( #2960, #2086, #2687, #129 ) ) ;
#3674 = CARTESIAN_POINT ( 'NONE',  ( 54.99999999999994316, -35.20000000000000284, 10.00000000000000000 ) ) ;
#3675 = EDGE_LOOP ( 'NONE', ( #730, #3760, #1180, #4122 ) ) ;
#3676 = ORIENTED_EDGE ( 'NONE', *, *, #3651, .F. ) ;
#3677 = ORIENTED_EDGE ( 'NONE', *, *, #1780, .F. ) ;
#3678 = DIRECTION ( 'NONE',  ( -5.782411586589358625E-16, -1.000000000000000000, 0.000000000000000000 ) ) ;
#3679 = AXIS2_PLACEMENT_3D ( 'NONE', #4269, #3684, #3038 ) ;
#3680 = ORIENTED_EDGE ( 'NONE', *, *, #429, .T. ) ;
#3681 = AXIS2_PLACEMENT_3D ( 'NONE', #1099, #3744, #439 ) ;
#3682 = DIRECTION ( 'NONE',  ( 0.000000000000000000, 0.000000000000000000, 1.000000000000000000 ) ) ;
#3683 = CYLINDRICAL_SURFACE ( 'NONE', #2196, 1.500000000000000000 ) ;
#3684 = DIRECTION ( 'NONE',  ( 0.000000000000000000, 1.000000000000000000, 0.000000000000000000 ) ) ;
#3685 = DIRECTION ( 'NONE',  ( 0.000000000000000000, 0.000000000000000000, 1.000000000000000000 ) ) ;
#3686 = VERTEX_POINT ( 'NONE', #54 ) ;
#3687 = EDGE_CURVE ( 'NONE', #4262, #960, #2226, .T. ) ;
#3688 = CARTESIAN_POINT ( 'NONE',  ( 39.00000000000000000, 11.99999999999999822, 20.00000000000000000 ) ) ;
#3689 = AXIS2_PLACEMENT_3D ( 'NONE', #2096, #4127, #2492 ) ;
#3690 = CARTESIAN_POINT ( 'NONE',  ( 1.530012009609616364, 12.00000000000000000, 20.00000000000000355 ) ) ;
#3691 = DIRECTION ( 'NONE',  ( -0.7071067811865487940, 0.7071067811865462405, 0.000000000000000000 ) ) ;
#3692 = ADVANCED_FACE ( 'NONE', ( #1341 ), #2713, .T. ) ;
#3693 = LINE ( 'NONE', #3365, #1231 ) ;
#3694 = VERTEX_POINT ( 'NONE', #2280 ) ;
#3695 = LINE ( 'NONE', #716, #2097 ) ;
#3696 = EDGE_CURVE ( 'NONE', #2334, #751, #2344, .T. ) ;
#3697 = ORIENTED_EDGE ( 'NONE', *, *, #3436, .T. ) ;
#3698 = ORIENTED_EDGE ( 'NONE', *, *, #2976, .F. ) ;
#3699 = VERTEX_POINT ( 'NONE', #3277 ) ;
#3700 = EDGE_CURVE ( 'NONE', #2770, #2443, #295, .T. ) ;
#3701 = DIRECTION ( 'NONE',  ( -1.000000000000000000, 0.000000000000000000, 0.000000000000000000 ) ) ;
#3702 = VERTEX_POINT ( 'NONE', #2946 ) ;
#3703 = CARTESIAN_POINT ( 'NONE',  ( 67.09703439666033375, 24.85870469521672632, 40.00000000000000000 ) ) ;
#3704 = CARTESIAN_POINT ( 'NONE',  ( -4.898587196589411843E-16, 12.00000000000000000, 24.08121328699938601 ) ) ;
#3705 = CIRCLE ( 'NONE', #575, 1.999999999999997780 ) ;
#3706 = ADVANCED_FACE ( 'NONE', ( #3787 ), #2076, .F. ) ;
#3707 = DIRECTION ( 'NONE',  ( 1.000000000000000000, 3.469446951953614189E-16, 0.000000000000000000 ) ) ;
#3708 = CARTESIAN_POINT ( 'NONE',  ( 42.82842712474610636, -26.20000000000000284, 0.000000000000000000 ) ) ;
#3709 = VERTEX_POINT ( 'NONE', #1814 ) ;
#3710 = CARTESIAN_POINT ( 'NONE',  ( 69.21581930518857462, 24.87132618819478935, 20.00000000000000000 ) ) ;
#3711 = CARTESIAN_POINT ( 'NONE',  ( 0.3380988045714096168, 12.00000000000000355, 20.50340838427963419 ) ) ;
#3712 = PLANE ( 'NONE',  #4074 ) ;
#3713 = DIRECTION ( 'NONE',  ( 0.5023646631085905145, 0.8646558536549627805, 0.000000000000000000 ) ) ;
#3714 = CIRCLE ( 'NONE', #1291, 2.500000000000002220 ) ;
#3715 = ORIENTED_EDGE ( 'NONE', *, *, #2725, .T. ) ;
#3716 = ORIENTED_EDGE ( 'NONE', *, *, #2569, .T. ) ;
#3717 = VERTEX_POINT ( 'NONE', #4086 ) ;
#3718 = ORIENTED_EDGE ( 'NONE', *, *, #3757, .T. ) ;
#3719 = AXIS2_PLACEMENT_3D ( 'NONE', #259, #3908, #3647 ) ;
#3720 = DIRECTION ( 'NONE',  ( -1.000000000000000000, 0.000000000000000000, 0.000000000000000000 ) ) ;
#3721 = AXIS2_PLACEMENT_3D ( 'NONE', #1106, #3175, #1845 ) ;
#3722 = EDGE_LOOP ( 'NONE', ( #2383, #2473, #2031 ) ) ;
#3723 = CARTESIAN_POINT ( 'NONE',  ( 71.00000000000001421, 14.99999999999999645, 15.49999999999995204 ) ) ;
#3724 = B_SPLINE_CURVE_WITH_KNOTS ( 'NONE', 3,
 ( #4153, #198, #2879, #2511, #899, #2855, #1858, #3163, #2553, #4124 ),
 .UNSPECIFIED., .F., .F.,
 ( 4, 2, 2, 2, 4 ),
 ( 0.000000000000000000, 0.0007565403061786705151, 0.001513080612357341030, 0.002269620918536011545, 0.003026161224714682060 ),
 .UNSPECIFIED. ) ;
#3725 = DIRECTION ( 'NONE',  ( 0.000000000000000000, 0.000000000000000000, 1.000000000000000000 ) ) ;
#3726 = DIRECTION ( 'NONE',  ( -1.000000000000000000, 0.000000000000000000, 0.000000000000000000 ) ) ;
#3727 = VERTEX_POINT ( 'NONE', #2471 ) ;
#3728 = CARTESIAN_POINT ( 'NONE',  ( 76.00000000000000000, -17.37157287525364069, 20.00000000000000000 ) ) ;
#3729 = CARTESIAN_POINT ( 'NONE',  ( 0.4565264490998940938, 12.00000000000000000, 20.38273364801405663 ) ) ;
#3730 = DIRECTION ( 'NONE',  ( 0.000000000000000000, -0.000000000000000000, -1.000000000000000000 ) ) ;
#3731 = DIRECTION ( 'NONE',  ( 1.000000000000000000, 0.000000000000000000, 0.000000000000000000 ) ) ;
#3732 = ORIENTED_EDGE ( 'NONE', *, *, #3500, .T. ) ;
#3733 = DIRECTION ( 'NONE',  ( 0.000000000000000000, -1.000000000000000000, -0.000000000000000000 ) ) ;
#3734 = AXIS2_PLACEMENT_3D ( 'NONE', #3766, #837, #2515 ) ;
#3735 = ORIENTED_EDGE ( 'NONE', *, *, #3877, .F. ) ;
#3736 = ORIENTED_EDGE ( 'NONE', *, *, #797, .F. ) ;
#3737 = DIRECTION ( 'NONE',  ( 1.502314598737158045E-15, 1.000000000000000000, 0.000000000000000000 ) ) ;
#3738 = ORIENTED_EDGE ( 'NONE', *, *, #4134, .T. ) ;
#3739 = CYLINDRICAL_SURFACE ( 'NONE', #2195, 2.549999999999996714 ) ;
#3740 = AXIS2_PLACEMENT_3D ( 'NONE', #550, #2171, #860 ) ;
#3741 = LINE ( 'NONE', #1812, #1744 ) ;
#3742 = EDGE_CURVE ( 'NONE', #77, #2333, #2778, .T. ) ;
#3743 = VECTOR ( 'NONE', #2689, 1000.000000000000000 ) ;
#3744 = DIRECTION ( 'NONE',  ( -0.000000000000000000, -0.000000000000000000, -1.000000000000000000 ) ) ;
#3745 = CYLINDRICAL_SURFACE ( 'NONE', #4294, 2.500000000000000444 ) ;
#3746 = ORIENTED_EDGE ( 'NONE', *, *, #429, .F. ) ;
#3747 = DIRECTION ( 'NONE',  ( -0.9999962663504128324, -0.002732633388169896770, 0.000000000000000000 ) ) ;
#3748 = CARTESIAN_POINT ( 'NONE',  ( 0.4827981192066153060, 13.46037970119910376, 20.41122014896720671 ) ) ;
#3749 = EDGE_CURVE ( 'NONE', #3113, #3049, #1409, .T. ) ;
#3750 = DIRECTION ( 'NONE',  ( 0.000000000000000000, 1.000000000000000000, 0.000000000000000000 ) ) ;
#3751 = DIRECTION ( 'NONE',  ( -1.000000000000000000, 0.000000000000000000, 3.614007241618342978E-17 ) ) ;
#3752 = ADVANCED_FACE ( 'NONE', ( #769 ), #419, .F. ) ;
#3753 = ORIENTED_EDGE ( 'NONE', *, *, #3363, .F. ) ;
#3754 = CARTESIAN_POINT ( 'NONE',  ( 29.58578643762713511, -34.61421356237320879, 32.00000000000000000 ) ) ;
#3755 = EDGE_CURVE ( 'NONE', #77, #362, #2452, .T. ) ;
#3756 = AXIS2_PLACEMENT_3D ( 'NONE', #4185, #3176, #2542 ) ;
#3757 = EDGE_CURVE ( 'NONE', #1374, #4256, #3883, .T. ) ;
#3758 = ORIENTED_EDGE ( 'NONE', *, *, #3326, .T. ) ;
#3759 = VECTOR ( 'NONE', #4037, 1000.000000000000000 ) ;
#3760 = ORIENTED_EDGE ( 'NONE', *, *, #2027, .T. ) ;
#3761 = ORIENTED_EDGE ( 'NONE', *, *, #1907, .F. ) ;
#3762 = CARTESIAN_POINT ( 'NONE',  ( 64.00000000000000000, 16.99999999999999645, 1.500000000000001332 ) ) ;
#3763 = ORIENTED_EDGE ( 'NONE', *, *, #1467, .T. ) ;
#3764 = DIRECTION ( 'NONE',  ( 0.000000000000000000, 0.000000000000000000, -1.000000000000000000 ) ) ;
#3765 = DIRECTION ( 'NONE',  ( 0.000000000000000000, 0.000000000000000000, -1.000000000000000000 ) ) ;
#3766 = CARTESIAN_POINT ( 'NONE',  ( 39.00000000000000000, -8.500000000000003553, 40.00000000000000000 ) ) ;
#3767 = ORIENTED_EDGE ( 'NONE', *, *, #358, .T. ) ;
#3768 = LINE ( 'NONE', #772, #4126 ) ;
#3769 = EDGE_CURVE ( 'NONE', #2977, #308, #728, .T. ) ;
#3770 = CARTESIAN_POINT ( 'NONE',  ( -1.474129074330112754, 12.00000000000000000, 21.37675312728060106 ) ) ;
#3771 = EDGE_CURVE ( 'NONE', #1810, #3048, #2058, .T. ) ;
#3772 = CYLINDRICAL_SURFACE ( 'NONE', #964, 2.600000000000003197 ) ;
#3773 = FACE_OUTER_BOUND ( 'NONE', #1093, .T. ) ;
#3774 = ORIENTED_EDGE ( 'NONE', *, *, #605, .T. ) ;
#3775 = ORIENTED_EDGE ( 'NONE', *, *, #755, .T. ) ;
#3776 = LINE ( 'NONE', #2130, #1708 ) ;
#3777 = VERTEX_POINT ( 'NONE', #1768 ) ;
#3778 = ADVANCED_FACE ( 'NONE', ( #136, #4062, #1472 ), #4028, .T. ) ;
#3779 = ORIENTED_EDGE ( 'NONE', *, *, #304, .F. ) ;
#3780 = ORIENTED_EDGE ( 'NONE', *, *, #527, .T. ) ;
#3781 = CARTESIAN_POINT ( 'NONE',  ( 41.17157287525373022, -28.19999999999999929, 0.8284271247461902909 ) ) ;
#3782 = ORIENTED_EDGE ( 'NONE', *, *, #3426, .T. ) ;
#3783 = CARTESIAN_POINT ( 'NONE',  ( 39.00000000000000000, 39.88119784648299060, 26.00000000000000355 ) ) ;
#3784 = AXIS2_PLACEMENT_3D ( 'NONE', #1693, #2085, #2975 ) ;
#3785 = VECTOR ( 'NONE', #208, 1000.000000000000000 ) ;
#3786 = VECTOR ( 'NONE', #4196, 1000.000000000000000 ) ;
#3787 = FACE_OUTER_BOUND ( 'NONE', #791, .T. ) ;
#3788 = DIRECTION ( 'NONE',  ( -1.502314598737167117E-15, 1.000000000000000000, 0.000000000000000000 ) ) ;
#3789 = ORIENTED_EDGE ( 'NONE', *, *, #3239, .T. ) ;
#3790 = FACE_OUTER_BOUND ( 'NONE', #3953, .T. ) ;
#3791 = ADVANCED_FACE ( 'NONE', ( #93 ), #3421, .F. ) ;
#3792 = CARTESIAN_POINT ( 'NONE',  ( 78.03782650138117560, 11.99999999999999645, 18.92037015529041000 ) ) ;
#3793 = DIRECTION ( 'NONE',  ( 1.000000000000000000, 1.502314598737158045E-15, -0.000000000000000000 ) ) ;
#3794 = CARTESIAN_POINT ( 'NONE',  ( 77.99999999999998579, 12.99774557683140586, 21.06843333995779943 ) ) ;
#3795 = CARTESIAN_POINT ( 'NONE',  ( 71.00000000000000000, 14.99999999999999645, 12.60000000000000320 ) ) ;
#3796 = DIRECTION ( 'NONE',  ( 0.000000000000000000, 0.7071067811865474617, 0.7071067811865474617 ) ) ;
#3797 = EDGE_CURVE ( 'NONE', #2334, #3247, #2642, .T. ) ;
#3798 = CARTESIAN_POINT ( 'NONE',  ( 39.00000000000000000, 39.88119784648299060, 26.00000000000000355 ) ) ;
#3799 = VERTEX_POINT ( 'NONE', #3404 ) ;
#3800 = ORIENTED_EDGE ( 'NONE', *, *, #3797, .T. ) ;
#3801 = VERTEX_POINT ( 'NONE', #459 ) ;
#3802 = CYLINDRICAL_SURFACE ( 'NONE', #4065, 2.500000000000002220 ) ;
#3803 = CARTESIAN_POINT ( 'NONE',  ( 38.99999999999998579, 49.11880215351699519, 20.00000000000000000 ) ) ;
#3804 = VECTOR ( 'NONE', #4296, 1000.000000000000000 ) ;
#3805 = EDGE_LOOP ( 'NONE', ( #1506, #3226, #1699, #2695 ) ) ;
#3806 = DIRECTION ( 'NONE',  ( 1.000000000000000000, 0.000000000000000000, 0.000000000000000000 ) ) ;
#3807 = VECTOR ( 'NONE', #151, 1000.000000000000000 ) ;
#3808 = PLANE ( 'NONE',  #632 ) ;
#3809 = CARTESIAN_POINT ( 'NONE',  ( 20.50000000000000355, 18.00000000000000355, 0.000000000000000000 ) ) ;
#3810 = CARTESIAN_POINT ( 'NONE',  ( 42.82842712474610636, -26.20000000000000284, 0.000000000000000000 ) ) ;
#3811 = CARTESIAN_POINT ( 'NONE',  ( 0.8645405579837992516, 13.47433440524060622, 20.15136682802499379 ) ) ;
#3812 = EDGE_CURVE ( 'NONE', #960, #4262, #1879, .T. ) ;
#3813 = CARTESIAN_POINT ( 'NONE',  ( 0.4874651250821371851, 11.99999999999971756, 22.64473949004677422 ) ) ;
#3814 = ADVANCED_FACE ( 'NONE', ( #4105 ), #3336, .T. ) ;
#3815 = LINE ( 'NONE', #3194, #1728 ) ;
#3816 = CARTESIAN_POINT ( 'NONE',  ( 78.00000000000000000, 13.19134358458172684, 21.37646736217019239 ) ) ;
#3817 = CARTESIAN_POINT ( 'NONE',  ( 77.41421356237312068, -18.78578643762673650, 20.00000000000000000 ) ) ;
#3818 = CARTESIAN_POINT ( 'NONE',  ( 42.82842712474610636, -26.20000000000000284, 8.673617379884035472E-16 ) ) ;
#3819 = LINE ( 'NONE', #1804, #2409 ) ;
#3820 = ORIENTED_EDGE ( 'NONE', *, *, #3496, .T. ) ;
#3821 = EDGE_CURVE ( 'NONE', #1434, #3699, #906, .T. ) ;
#3822 = ORIENTED_EDGE ( 'NONE', *, *, #161, .F. ) ;
#3823 = VECTOR ( 'NONE', #1735, 1000.000000000000114 ) ;
#3824 = EDGE_LOOP ( 'NONE', ( #2420, #520, #2273, #4195 ) ) ;
#3825 = CARTESIAN_POINT ( 'NONE',  ( 77.93659974078578045, 11.99999999999999645, 22.01997476861799186 ) ) ;
#3826 = CARTESIAN_POINT ( 'NONE',  ( 7.000000000000006217, 11.99999999999999467, 10.00000000000000000 ) ) ;
#3827 = EDGE_CURVE ( 'NONE', #1687, #3006, #4307, .T. ) ;
#3828 = ORIENTED_EDGE ( 'NONE', *, *, #2297, .T. ) ;
#3829 = ADVANCED_FACE ( 'NONE', ( #1446 ), #4201, .F. ) ;
#3830 = CARTESIAN_POINT ( 'NONE',  ( 10.90296560333966625, 24.85870469521672632, 40.00000000000000000 ) ) ;
#3831 = EDGE_CURVE ( 'NONE', #766, #3863, #2913, .T. ) ;
#3832 = CARTESIAN_POINT ( 'NONE',  ( 62.27671140884352496, 28.85237901412935102, 26.00000000000000355 ) ) ;
#3833 = CARTESIAN_POINT ( 'NONE',  ( 15.72328859115647326, 28.85237901412935102, 20.00000000000000000 ) ) ;
#3834 = DIRECTION ( 'NONE',  ( -1.000000000000000000, 0.000000000000000000, 0.000000000000000000 ) ) ;
#3835 = DIRECTION ( 'NONE',  ( 0.000000000000000000, -0.000000000000000000, 1.000000000000000000 ) ) ;
#3836 = EDGE_CURVE ( 'NONE', #892, #2418, #3510, .T. ) ;
#3837 = CARTESIAN_POINT ( 'NONE',  ( 77.12310282670547679, 11.99999999999999645, 18.55326809245925901 ) ) ;
#3838 = CARTESIAN_POINT ( 'NONE',  ( 11.08264261552286634, 20.86503037630410162, 26.00000000000000355 ) ) ;
#3839 = DIRECTION ( 'NONE',  ( -0.8660254037844399289, -0.4999999999999977240, -0.000000000000000000 ) ) ;
#3840 = DIRECTION ( 'NONE',  ( 0.000000000000000000, 0.000000000000000000, -1.000000000000000000 ) ) ;
#3841 = CARTESIAN_POINT ( 'NONE',  ( 58.99999999999999289, 18.00000000000000000, 1.500000000000001332 ) ) ;
#3842 = DIRECTION ( 'NONE',  ( -0.000000000000000000, -0.000000000000000000, -1.000000000000000000 ) ) ;
#3843 = DIRECTION ( 'NONE',  ( 0.000000000000000000, 0.000000000000000000, -1.000000000000000000 ) ) ;
#3844 = EDGE_LOOP ( 'NONE', ( #3589, #3418 ) ) ;
#3845 = ORIENTED_EDGE ( 'NONE', *, *, #1074, .T. ) ;
#3846 = VERTEX_POINT ( 'NONE', #4228 ) ;
#3847 = CARTESIAN_POINT ( 'NONE',  ( 52.00000000000000711, 18.00000000000000000, 20.00000000000000000 ) ) ;
#3848 = FACE_OUTER_BOUND ( 'NONE', #607, .T. ) ;
#3849 = ORIENTED_EDGE ( 'NONE', *, *, #3489, .F. ) ;
#3850 = LINE ( 'NONE', #2880, #4259 ) ;
#3851 = AXIS2_PLACEMENT_3D ( 'NONE', #731, #2696, #3361 ) ;
#3852 = DIRECTION ( 'NONE',  ( -1.000000000000000000, 0.000000000000000000, 0.000000000000000000 ) ) ;
#3853 = DIRECTION ( 'NONE',  ( 0.000000000000000000, 0.000000000000000000, 1.000000000000000000 ) ) ;
#3854 = CARTESIAN_POINT ( 'NONE',  ( 28.17157287525405351, -35.20000000000013074, 32.00000000000000000 ) ) ;
#3855 = VECTOR ( 'NONE', #2449, 1000.000000000000000 ) ;
#3856 = CARTESIAN_POINT ( 'NONE',  ( 77.62952203765168235, 13.45639627353630452, 20.53120027182860241 ) ) ;
#3857 = LINE ( 'NONE', #1280, #1317 ) ;
#3858 = CARTESIAN_POINT ( 'NONE',  ( 13.99999999999999822, 17.00000000000000355, 18.50000000000000000 ) ) ;
#3859 = CARTESIAN_POINT ( 'NONE',  ( 71.00000000000001421, 13.49999999999996625, 16.99999999999997868 ) ) ;
#3860 = CARTESIAN_POINT ( 'NONE',  ( 13.99999999999999822, 17.00000000000000355, 20.00000000000000000 ) ) ;
#3861 = CARTESIAN_POINT ( 'NONE',  ( 52.44999999999999574, 51.00100000000001188, 10.00000000000000000 ) ) ;
#3862 = CARTESIAN_POINT ( 'NONE',  ( 71.00000000000001421, 14.99999999999999645, 4.500000000000038192 ) ) ;
#3863 = VERTEX_POINT ( 'NONE', #3576 ) ;
#3864 = AXIS2_PLACEMENT_3D ( 'NONE', #625, #321, #2001 ) ;
#3865 = ORIENTED_EDGE ( 'NONE', *, *, #2558, .T. ) ;
#3866 = CARTESIAN_POINT ( 'NONE',  ( 79.42908960756236070, 11.99999999999999645, 22.03236296154988594 ) ) ;
#3867 = LINE ( 'NONE', #896, #3579 ) ;
#3868 = VECTOR ( 'NONE', #1940, 1000.000000000000000 ) ;
#3869 = ORIENTED_EDGE ( 'NONE', *, *, #1529, .F. ) ;
#3870 = ADVANCED_FACE ( 'NONE', ( #4178 ), #1929, .F. ) ;
#3871 = CARTESIAN_POINT ( 'NONE',  ( 43.00000000000000000, -6.190598923241495299, 26.00000000000000355 ) ) ;
#3872 = VECTOR ( 'NONE', #212, 1000.000000000000000 ) ;
#3873 = CARTESIAN_POINT ( 'NONE',  ( 66.89549631737178004, 28.86500050710740339, 26.00000000000000355 ) ) ;
#3874 = CIRCLE ( 'NONE', #2289, 2.000000000000001776 ) ;
#3875 = DIRECTION ( 'NONE',  ( 0.5023646631085905145, 0.8646558536549626695, 0.000000000000000000 ) ) ;
#3876 = CYLINDRICAL_SURFACE ( 'NONE', #2958, 1.499999999999999556 ) ;
#3877 = EDGE_CURVE ( 'NONE', #3652, #3896, #549, .T. ) ;
#3878 = CARTESIAN_POINT ( 'NONE',  ( 79.47412907433121632, 11.99999999999999645, 21.37675312728003263 ) ) ;
#3879 = EDGE_CURVE ( 'NONE', #3294, #2977, #2985, .T. ) ;
#3880 = CARTESIAN_POINT ( 'NONE',  ( 20.50000000000000355, 18.00000000000000355, 1.500000000000001332 ) ) ;
#3881 = DIRECTION ( 'NONE',  ( -5.782411586589358625E-16, -1.000000000000000000, -0.000000000000000000 ) ) ;
#3882 = CARTESIAN_POINT ( 'NONE',  ( 77.00291262389406199, 11.99999999999999645, 18.53561201105230438 ) ) ;
#3883 = CIRCLE ( 'NONE', #2015, 13.00000000000000533 ) ;
#3884 = DIRECTION ( 'NONE',  ( 0.9999962663504128324, -0.002732633388169150839, 0.000000000000000000 ) ) ;
#3885 = DIRECTION ( 'NONE',  ( -1.000000000000000000, 0.000000000000000000, 0.000000000000000000 ) ) ;
#3886 = EDGE_CURVE ( 'NONE', #2089, #2133, #524, .T. ) ;
#3887 = AXIS2_PLACEMENT_3D ( 'NONE', #1315, #1358, #1968 ) ;
#3888 = PLANE ( 'NONE',  #944 ) ;
#3889 = EDGE_CURVE ( 'NONE', #537, #751, #1115, .T. ) ;
#3890 = ORIENTED_EDGE ( 'NONE', *, *, #358, .F. ) ;
#3891 = ORIENTED_EDGE ( 'NONE', *, *, #81, .T. ) ;
#3892 = CARTESIAN_POINT ( 'NONE',  ( 77.73620336004643150, 11.99999999999985434, 22.39257279994237493 ) ) ;
#3893 = CARTESIAN_POINT ( 'NONE',  ( 11.10450368262822884, 28.86500050710739984, 26.00000000000000355 ) ) ;
#3894 = EDGE_CURVE ( 'NONE', #642, #1462, #3253, .T. ) ;
#3895 = EDGE_CURVE ( 'NONE', #771, #3182, #273, .T. ) ;
#3896 = VERTEX_POINT ( 'NONE', #3229 ) ;
#3897 = ORIENTED_EDGE ( 'NONE', *, *, #4141, .F. ) ;
#3898 = DIRECTION ( 'NONE',  ( -1.000000000000000000, 0.000000000000000000, 0.000000000000000000 ) ) ;
#3899 = VECTOR ( 'NONE', #3019, 1000.000000000000000 ) ;
#3900 = CARTESIAN_POINT ( 'NONE',  ( 36.50000000000000000, -8.500000000000003553, 32.00000000000000000 ) ) ;
#3901 = CARTESIAN_POINT ( 'NONE',  ( 60.50000000000000000, 18.00000000000000000, 18.50000000000000000 ) ) ;
#3902 = CARTESIAN_POINT ( 'NONE',  ( -5.021891165054794503E-16, 12.30205599333105404, 22.91956153750107461 ) ) ;
#3903 = DIRECTION ( 'NONE',  ( -0.000000000000000000, -0.000000000000000000, -1.000000000000000000 ) ) ;
#3904 = DIRECTION ( 'NONE',  ( -0.000000000000000000, -0.000000000000000000, -1.000000000000000000 ) ) ;
#3905 = DIRECTION ( 'NONE',  ( 1.000000000000000000, -5.782411586589358625E-16, 0.000000000000000000 ) ) ;
#3906 = LINE ( 'NONE', #624, #912 ) ;
#3907 = CARTESIAN_POINT ( 'NONE',  ( 34.99999999999998579, -10.80940107675847806, 26.00000000000000355 ) ) ;
#3908 = DIRECTION ( 'NONE',  ( 4.082155997157842586E-17, -1.000000000000000000, -0.000000000000000000 ) ) ;
#3909 = ORIENTED_EDGE ( 'NONE', *, *, #1377, .F. ) ;
#3910 = VERTEX_POINT ( 'NONE', #249 ) ;
#3911 = DIRECTION ( 'NONE',  ( -1.000000000000000000, 0.000000000000000000, 0.000000000000000000 ) ) ;
#3912 = LINE ( 'NONE', #2271, #939 ) ;
#3913 = AXIS2_PLACEMENT_3D ( 'NONE', #2902, #943, #4224 ) ;
#3914 = ORIENTED_EDGE ( 'NONE', *, *, #3248, .T. ) ;
#3915 = ORIENTED_EDGE ( 'NONE', *, *, #659, .T. ) ;
#3916 = ORIENTED_EDGE ( 'NONE', *, *, #3369, .F. ) ;
#3917 = CARTESIAN_POINT ( 'NONE',  ( 48.41421356237304252, -34.61421356237308800, 32.00000000000000000 ) ) ;
#3918 = LINE ( 'NONE', #946, #2891 ) ;
#3919 = CARTESIAN_POINT ( 'NONE',  ( 10.00000000000000000, 10.50000000000000355, 1.500000000000001332 ) ) ;
#3920 = DIRECTION ( 'NONE',  ( -0.000000000000000000, -0.000000000000000000, -1.000000000000000000 ) ) ;
#3921 = DIRECTION ( 'NONE',  ( 4.082155997157842586E-17, -1.000000000000000000, -0.000000000000000000 ) ) ;
#3922 = LINE ( 'NONE', #3218, #588 ) ;
#3923 = AXIS2_PLACEMENT_3D ( 'NONE', #1979, #341, #4254 ) ;
#3924 = ORIENTED_EDGE ( 'NONE', *, *, #3755, .T. ) ;
#3925 = AXIS2_PLACEMENT_3D ( 'NONE', #1067, #2395, #3713 ) ;
#3926 = DIRECTION ( 'NONE',  ( -0.7071067811865398012, -0.7071067811865552333, 0.000000000000000000 ) ) ;
#3927 = CARTESIAN_POINT ( 'NONE',  ( 41.50349572021299593, -27.79933368302062391, 0.7709065582744332179 ) ) ;
#3928 = PRODUCT_DEFINITION_FORMATION_WITH_SPECIFIED_SOURCE ( 'ANY', '', #666, .NOT_KNOWN. ) ;
#3929 = DIRECTION ( 'NONE',  ( -1.000000000000000000, 0.000000000000000000, 0.000000000000000000 ) ) ;
#3930 = EDGE_CURVE ( 'NONE', #2968, #3180, #2814, .T. ) ;
#3931 = ORIENTED_EDGE ( 'NONE', *, *, #293, .F. ) ;
#3932 = CARTESIAN_POINT ( 'NONE',  ( 1.260517890938935626, 12.00000000000000178, 18.50000000000000355 ) ) ;
#3933 = LINE ( 'NONE', #1290, #3002 ) ;
#3934 = EDGE_LOOP ( 'NONE', ( #2060, #2704, #1398, #3545 ) ) ;
#3935 = VERTEX_POINT ( 'NONE', #2207 ) ;
#3936 = ORIENTED_EDGE ( 'NONE', *, *, #223, .F. ) ;
#3937 = CARTESIAN_POINT ( 'NONE',  ( 0.000000000000000000, -26.20000000000000284, 0.000000000000000000 ) ) ;
#3938 = ADVANCED_FACE ( 'NONE', ( #3532 ), #1584, .T. ) ;
#3939 = DIRECTION ( 'NONE',  ( -0.000000000000000000, -0.000000000000000000, -1.000000000000000000 ) ) ;
#3940 = CARTESIAN_POINT ( 'NONE',  ( -4.898587196589411843E-16, 12.00000000000000000, 18.91878671300110071 ) ) ;
#3941 = CARTESIAN_POINT ( 'NONE',  ( 3.553951398400740551E-15, -17.37157287525372595, 32.00000000000000000 ) ) ;
#3942 = CARTESIAN_POINT ( 'NONE',  ( 66.91735738447712833, 20.86503037630410162, 20.00000000000000000 ) ) ;
#3943 = DIRECTION ( 'NONE',  ( -0.000000000000000000, -0.000000000000000000, -1.000000000000000000 ) ) ;
#3944 = ADVANCED_FACE ( 'NONE', ( #3211 ), #1324, .T. ) ;
#3945 = VERTEX_POINT ( 'NONE', #3809 ) ;
#3946 = CARTESIAN_POINT ( 'NONE',  ( 13.99999999999999822, 17.00000000000000355, 1.500000000000001332 ) ) ;
#3947 = CARTESIAN_POINT ( 'NONE',  ( 41.17157287525374443, -30.20000000000000284, 2.000000000000001776 ) ) ;
#3948 = DIRECTION ( 'NONE',  ( 1.000000000000000000, 0.000000000000000000, 0.000000000000000000 ) ) ;
#3949 = AXIS2_PLACEMENT_3D ( 'NONE', #3536, #231, #1241 ) ;
#3950 = VERTEX_POINT ( 'NONE', #4155 ) ;
#3951 = DIRECTION ( 'NONE',  ( -0.000000000000000000, -0.000000000000000000, -1.000000000000000000 ) ) ;
#3952 = AXIS2_PLACEMENT_3D ( 'NONE', #3486, #1541, #3852 ) ;
#3953 = EDGE_LOOP ( 'NONE', ( #2093, #3007, #2993, #1307 ) ) ;
#3954 = ORIENTED_EDGE ( 'NONE', *, *, #2470, .F. ) ;
#3955 = ORIENTED_EDGE ( 'NONE', *, *, #2677, .T. ) ;
#3956 = DIRECTION ( 'NONE',  ( -0.000000000000000000, -0.000000000000000000, -1.000000000000000000 ) ) ;
#3957 = ADVANCED_FACE ( 'NONE', ( #1683 ), #989, .F. ) ;
#3958 = FACE_OUTER_BOUND ( 'NONE', #1656, .T. ) ;
#3959 = CIRCLE ( 'NONE', #4165, 19.99999999999999645 ) ;
#3960 = EDGE_CURVE ( 'NONE', #3634, #952, #2232, .T. ) ;
#3961 = CARTESIAN_POINT ( 'NONE',  ( -5.385914437546191531E-16, 13.19379867230962056, 21.38280189413464427 ) ) ;
#3962 = AXIS2_PLACEMENT_3D ( 'NONE', #1525, #2521, #2567 ) ;
#3963 = VECTOR ( 'NONE', #3453, 1000.000000000000000 ) ;
#3964 = CARTESIAN_POINT ( 'NONE',  ( 6.828427124746308863, -22.19999999999999574, 2.000000000000001776 ) ) ;
#3965 = CARTESIAN_POINT ( 'NONE',  ( 38.99999999999998579, 49.11880215351699519, 26.00000000000000355 ) ) ;
#3966 = EDGE_CURVE ( 'NONE', #738, #4064, #1465, .T. ) ;
#3967 = ORIENTED_EDGE ( 'NONE', *, *, #3055, .T. ) ;
#3968 = CARTESIAN_POINT ( 'NONE',  ( 20.50000000000000000, 17.00000000000000355, 0.000000000000000000 ) ) ;
#3969 = ORIENTED_EDGE ( 'NONE', *, *, #3651, .T. ) ;
#3970 = LINE ( 'NONE', #2911, #3343 ) ;
#3971 = FACE_OUTER_BOUND ( 'NONE', #1276, .T. ) ;
#3972 = PRESENTATION_STYLE_ASSIGNMENT (( #2893 ) ) ;
#3973 = LINE ( 'NONE', #3068, #2541 ) ;
#3974 = ORIENTED_EDGE ( 'NONE', *, *, #1512, .F. ) ;
#3975 = DIRECTION ( 'NONE',  ( -0.000000000000000000, -0.000000000000000000, -1.000000000000000000 ) ) ;
#3976 = ORIENTED_EDGE ( 'NONE', *, *, #4290, .F. ) ;
#3977 = VERTEX_POINT ( 'NONE', #4265 ) ;
#3978 = ORIENTED_EDGE ( 'NONE', *, *, #3696, .F. ) ;
#3979 = DIRECTION ( 'NONE',  ( 0.000000000000000000, 0.000000000000000000, 1.000000000000000000 ) ) ;
#3980 = DIRECTION ( 'NONE',  ( 1.000000000000000000, 3.469446951953614189E-16, 0.000000000000000000 ) ) ;
#3981 = CARTESIAN_POINT ( 'NONE',  ( -4.978959622570324209E-16, 12.19688719891369111, 19.86648503514142661 ) ) ;
#3982 = DIRECTION ( 'NONE',  ( 0.000000000000000000, 0.000000000000000000, -1.000000000000000000 ) ) ;
#3983 = DIRECTION ( 'NONE',  ( -0.000000000000000000, -0.000000000000000000, -1.000000000000000000 ) ) ;
#3984 = EDGE_LOOP ( 'NONE', ( #2128, #4038, #700, #633 ) ) ;
#3985 = DIRECTION ( 'NONE',  ( -1.502314598737166920E-15, -1.000000000000000000, 0.000000000000000000 ) ) ;
#3986 = EDGE_LOOP ( 'NONE', ( #3504, #3386 ) ) ;
#3987 = CARTESIAN_POINT ( 'NONE',  ( 14.00000000000000000, 10.50000000000000355, 0.000000000000000000 ) ) ;
#3988 = CARTESIAN_POINT ( 'NONE',  ( 42.61641099495788154, -28.45942499370650935, 0.9927620417156757249 ) ) ;
#3989 = LINE ( 'NONE', #1105, #126 ) ;
#3990 = CARTESIAN_POINT ( 'NONE',  ( 34.99999999999999289, 42.19059892324149530, 26.00000000000000355 ) ) ;
#3991 = EDGE_LOOP ( 'NONE', ( #3328, #1537 ) ) ;
#3992 = DIRECTION ( 'NONE',  ( -0.000000000000000000, -0.000000000000000000, -1.000000000000000000 ) ) ;
#3993 = AXIS2_PLACEMENT_3D ( 'NONE', #966, #2321, #3337 ) ;
#3994 = AXIS2_PLACEMENT_3D ( 'NONE', #1562, #3274, #1863 ) ;
#3995 = VERTEX_POINT ( 'NONE', #1993 ) ;
#3996 = ORIENTED_EDGE ( 'NONE', *, *, #242, .T. ) ;
#3997 = ORIENTED_EDGE ( 'NONE', *, *, #2925, .F. ) ;
#3998 = CARTESIAN_POINT ( 'NONE',  ( 6.999999999999992006, 13.49999999999999467, 3.000000000000008882 ) ) ;
#3999 = EDGE_CURVE ( 'NONE', #3271, #3799, #682, .T. ) ;
#4000 = VERTEX_POINT ( 'NONE', #2643 ) ;
#4001 = DIRECTION ( 'NONE',  ( 3.469446951953614189E-16, -1.000000000000000000, 0.000000000000000000 ) ) ;
#4002 = CARTESIAN_POINT ( 'NONE',  ( 57.49999999999998579, 18.00000000000000000, 0.000000000000000000 ) ) ;
#4003 = AXIS2_PLACEMENT_3D ( 'NONE', #3329, #306, #4306 ) ;
#4004 = EDGE_CURVE ( 'NONE', #2830, #627, #615, .T. ) ;
#4005 = LINE ( 'NONE', #2323, #2435 ) ;
#4006 = DIRECTION ( 'NONE',  ( -1.000000000000000000, 0.000000000000000000, 0.000000000000000000 ) ) ;
#4007 = VERTEX_POINT ( 'NONE', #3011 ) ;
#4008 = ADVANCED_FACE ( 'NONE', ( #3958 ), #5, .T. ) ;
#4009 = DIRECTION ( 'NONE',  ( -0.000000000000000000, -0.000000000000000000, -1.000000000000000000 ) ) ;
#4010 = CARTESIAN_POINT ( 'NONE',  ( 0.05603024244504232337, 13.44544701115805019, 21.19412140022970448 ) ) ;
#4011 = AXIS2_PLACEMENT_3D ( 'NONE', #2835, #2815, #3834 ) ;
#4012 = VECTOR ( 'NONE', #276, 1000.000000000000000 ) ;
#4013 = ADVANCED_FACE ( 'NONE', ( #2013, #2662 ), #1643, .T. ) ;
#4014 = DIRECTION ( 'NONE',  ( -0.000000000000000000, -0.000000000000000000, 1.000000000000000000 ) ) ;
#4015 = AXIS2_PLACEMENT_3D ( 'NONE', #764, #3079, #3737 ) ;
#4016 = LINE ( 'NONE', #3347, #1574 ) ;
#4017 = EDGE_LOOP ( 'NONE', ( #2385, #4117, #3735, #2114 ) ) ;
#4018 = CARTESIAN_POINT ( 'NONE',  ( 0.000000000000000000, 0.000000000000000000, 0.000000000000000000 ) ) ;
#4019 = ORIENTED_EDGE ( 'NONE', *, *, #1781, .F. ) ;
#4020 = ORIENTED_EDGE ( 'NONE', *, *, #1717, .F. ) ;
#4021 = ORIENTED_EDGE ( 'NONE', *, *, #227, .T. ) ;
#4022 = LINE ( 'NONE', #3333, #825 ) ;
#4023 = AXIS2_PLACEMENT_3D ( 'NONE', #3838, #206, #1564 ) ;
#4024 = ADVANCED_FACE ( 'NONE', ( #331 ), #2368, .F. ) ;
#4025 = ORIENTED_EDGE ( 'NONE', *, *, #1389, .T. ) ;
#4026 = DIRECTION ( 'NONE',  ( 0.8660254037844390407, -0.4999999999999993339, 0.000000000000000000 ) ) ;
#4027 = DIRECTION ( 'NONE',  ( -0.000000000000000000, -0.000000000000000000, -1.000000000000000000 ) ) ;
#4028 = PLANE ( 'NONE',  #1803 ) ;
#4029 = CARTESIAN_POINT ( 'NONE',  ( 39.00000000000000000, 11.99999999999999822, 20.00000000000000000 ) ) ;
#4030 = VERTEX_POINT ( 'NONE', #2944 ) ;
#4031 = CARTESIAN_POINT ( 'NONE',  ( 35.23508356203170422, -26.87682413229543243, 0.05205464757321334041 ) ) ;
#4032 = AXIS2_PLACEMENT_3D ( 'NONE', #2021, #3667, #953 ) ;
#4033 = CARTESIAN_POINT ( 'NONE',  ( 0.02463735664142215759, 13.44437181170014561, 21.52002608777840464 ) ) ;
#4034 = CARTESIAN_POINT ( 'NONE',  ( 8.314213562372975375, 8.314213562373005573, 2.000000000000000000 ) ) ;
#4035 = PLANE ( 'NONE',  #3925 ) ;
#4036 = ORIENTED_EDGE ( 'NONE', *, *, #1536, .T. ) ;
#4037 = DIRECTION ( 'NONE',  ( -0.000000000000000000, 1.000000000000000000, -0.000000000000000000 ) ) ;
#4038 = ORIENTED_EDGE ( 'NONE', *, *, #1405, .F. ) ;
#4039 = EDGE_LOOP ( 'NONE', ( #1857, #3078, #3092, #1463 ) ) ;
#4040 = CARTESIAN_POINT ( 'NONE',  ( 7.000000000000006217, 14.99999999999999645, 15.49999999999997868 ) ) ;
#4041 = VERTEX_POINT ( 'NONE', #1664 ) ;
#4042 = CARTESIAN_POINT ( 'NONE',  ( 34.99999999999999289, -6.190598923241495299, 20.00000000000000000 ) ) ;
#4043 = CARTESIAN_POINT ( 'NONE',  ( 0.000000000000000000, 0.000000000000000000, 26.00000000000000355 ) ) ;
#4044 = CARTESIAN_POINT ( 'NONE',  ( 34.99999999999998579, 46.80940107675847628, 26.00000000000000355 ) ) ;
#4045 = PLANE ( 'NONE',  #2493 ) ;
#4046 = ORIENTED_EDGE ( 'NONE', *, *, #1012, .T. ) ;
#4047 = CARTESIAN_POINT ( 'NONE',  ( 35.38849369116295662, -26.46184658786719979, 8.673617379884035472E-16 ) ) ;
#4048 = CARTESIAN_POINT ( 'NONE',  ( 1.530012009609616364, 12.00000000000000000, 18.50000000000000355 ) ) ;
#4049 = DIRECTION ( 'NONE',  ( -0.000000000000000000, -0.000000000000000000, 1.000000000000000000 ) ) ;
#4050 = LINE ( 'NONE', #2720, #247 ) ;
#4051 = ORIENTED_EDGE ( 'NONE', *, *, #2984, .T. ) ;
#4052 = DIRECTION ( 'NONE',  ( 0.000000000000000000, 1.000000000000000000, 0.000000000000000000 ) ) ;
#4053 = AXIS2_PLACEMENT_3D ( 'NONE', #3041, #3387, #78 ) ;
#4054 = ORIENTED_EDGE ( 'NONE', *, *, #1377, .T. ) ;
#4055 = EDGE_CURVE ( 'NONE', #2131, #3694, #2599, .T. ) ;
#4056 = EDGE_LOOP ( 'NONE', ( #978, #3594, #3354, #1758 ) ) ;
#4057 = CIRCLE ( 'NONE', #3994, 2.500000000000002220 ) ;
#4058 = ORIENTED_EDGE ( 'NONE', *, *, #797, .T. ) ;
#4059 = CARTESIAN_POINT ( 'NONE',  ( 54.99999999999999289, 51.00100000000001188, 10.00000000000000000 ) ) ;
#4060 = CARTESIAN_POINT ( 'NONE',  ( 71.00000000000000000, 0.000000000000000000, 12.60000000000000320 ) ) ;
#4061 = EDGE_CURVE ( 'NONE', #579, #803, #1924, .T. ) ;
#4062 = FACE_BOUND ( 'NONE', #3350, .T. ) ;
#4063 = CARTESIAN_POINT ( 'NONE',  ( 0.000000000000000000, 0.000000000000000000, 20.00000000000000000 ) ) ;
#4064 = VERTEX_POINT ( 'NONE', #1339 ) ;
#4065 = AXIS2_PLACEMENT_3D ( 'NONE', #1251, #3183, #1229 ) ;
#4066 = CARTESIAN_POINT ( 'NONE',  ( 25.55000000000018545, 51.00100000000003320, 10.00000000000000000 ) ) ;
#4067 = CARTESIAN_POINT ( 'NONE',  ( 0.2509093614640088288, 12.00000000000000000, 18.76585528321487217 ) ) ;
#4068 = EDGE_CURVE ( 'NONE', #3006, #3945, #2926, .T. ) ;
#4069 = EDGE_CURVE ( 'NONE', #495, #4095, #2686, .T. ) ;
#4070 = LINE ( 'NONE', #1066, #611 ) ;
#4071 = CARTESIAN_POINT ( 'NONE',  ( 78.00000000000000000, 11.99999999999999645, 18.91878671300110071 ) ) ;
#4072 = ORIENTED_EDGE ( 'NONE', *, *, #1700, .F. ) ;
#4073 = DIRECTION ( 'NONE',  ( -0.000000000000000000, 1.000000000000000000, -0.000000000000000000 ) ) ;
#4074 = AXIS2_PLACEMENT_3D ( 'NONE', #734, #2105, #3730 ) ;
#4075 = ORIENTED_EDGE ( 'NONE', *, *, #1907, .T. ) ;
#4076 = VERTEX_POINT ( 'NONE', #652 ) ;
#4077 = ORIENTED_EDGE ( 'NONE', *, *, #2557, .T. ) ;
#4078 = DIRECTION ( 'NONE',  ( 0.5023646631085912917, -0.8646558536549622254, -0.000000000000000000 ) ) ;
#4079 = VERTEX_POINT ( 'NONE', #3313 ) ;
#4080 = ADVANCED_FACE ( 'NONE', ( #2034 ), #3355, .F. ) ;
#4081 = DIRECTION ( 'NONE',  ( 0.000000000000000000, 0.000000000000000000, 1.000000000000000000 ) ) ;
#4082 = CIRCLE ( 'NONE', #415, 2.000000000000000000 ) ;
#4083 = EDGE_CURVE ( 'NONE', #3180, #1825, #3918, .T. ) ;
#4084 = FACE_OUTER_BOUND ( 'NONE', #3526, .T. ) ;
#4085 = AXIS2_PLACEMENT_3D ( 'NONE', #3189, #200, #1561 ) ;
#4086 = CARTESIAN_POINT ( 'NONE',  ( 13.99999999999999822, 11.99999999999999467, 3.000000000000009326 ) ) ;
#4087 = CARTESIAN_POINT ( 'NONE',  ( 42.68629150101515535, -27.71471862576142797, 5.054190175765737579E-16 ) ) ;
#4088 = ORIENTED_EDGE ( 'NONE', *, *, #1839, .F. ) ;
#4089 = CARTESIAN_POINT ( 'NONE',  ( 0.02675815066299075395, 13.44444444444444464, 21.50000000000000000 ) ) ;
#4090 = CARTESIAN_POINT ( 'NONE',  ( 0.3704779623482098994, 13.45639627353629919, 20.53120027182875518 ) ) ;
#4091 = EDGE_CURVE ( 'NONE', #3161, #1732, #311, .T. ) ;
#4092 = DIRECTION ( 'NONE',  ( -0.7071067811865462405, -0.7071067811865489050, 0.000000000000000000 ) ) ;
#4093 = VECTOR ( 'NONE', #18, 1000.000000000000114 ) ;
#4094 = DIRECTION ( 'NONE',  ( -1.000000000000000000, -1.502314598737166920E-15, 0.000000000000000000 ) ) ;
#4095 = VERTEX_POINT ( 'NONE', #2771 ) ;
#4096 = DIRECTION ( 'NONE',  ( 1.000000000000000000, 0.000000000000000000, 0.000000000000000000 ) ) ;
#4097 = DIRECTION ( 'NONE',  ( 1.000000000000000000, 0.000000000000000000, -3.614007241618342978E-17 ) ) ;
#4098 = ORIENTED_EDGE ( 'NONE', *, *, #3930, .F. ) ;
#4099 = ORIENTED_EDGE ( 'NONE', *, *, #748, .F. ) ;
#4100 = ORIENTED_EDGE ( 'NONE', *, *, #3335, .T. ) ;
#4101 = CARTESIAN_POINT ( 'NONE',  ( 39.00000000000000000, 39.88119784648299060, 26.00000000000000355 ) ) ;
#4102 = ORIENTED_EDGE ( 'NONE', *, *, #1336, .T. ) ;
#4103 = CARTESIAN_POINT ( 'NONE',  ( -4.286263797015735609E-16, 10.50000000000000000, 0.000000000000000000 ) ) ;
#4104 = DIRECTION ( 'NONE',  ( 0.000000000000000000, 0.000000000000000000, -1.000000000000000000 ) ) ;
#4105 = FACE_OUTER_BOUND ( 'NONE', #3101, .T. ) ;
#4106 = PLANE ( 'NONE',  #822 ) ;
#4107 = VERTEX_POINT ( 'NONE', #1789 ) ;
#4108 = CARTESIAN_POINT ( 'NONE',  ( 1.430910586799845952, 13.49604544289402419, 19.99999999999999645 ) ) ;
#4109 = TOROIDAL_SURFACE ( 'NONE', #3357, 21.50000000000000000, 1.500000000000000000 ) ;
#4110 = CARTESIAN_POINT ( 'NONE',  ( 79.05990456793570331, 11.99999999999999645, 19.97372495799818282 ) ) ;
#4111 = DIRECTION ( 'NONE',  ( -1.000000000000000000, -4.082155997157842586E-17, -3.614007241618342978E-17 ) ) ;
#4112 = CARTESIAN_POINT ( 'NONE',  ( 78.00000000000002842, 12.69768205650566095, 20.68689245006174460 ) ) ;
#4113 = CARTESIAN_POINT ( 'NONE',  ( 71.00000000000000000, 11.99999999999999645, 10.00000000000000000 ) ) ;
#4114 = ORIENTED_EDGE ( 'NONE', *, *, #3836, .F. ) ;
#4115 = LINE ( 'NONE', #2522, #2856 ) ;
#4116 = DIRECTION ( 'NONE',  ( -1.000000000000000000, 0.000000000000000000, 0.000000000000000000 ) ) ;
#4117 = ORIENTED_EDGE ( 'NONE', *, *, #3016, .F. ) ;
#4118 = AXIS2_PLACEMENT_3D ( 'NONE', #3826, #3503, #1272 ) ;
#4119 = ORIENTED_EDGE ( 'NONE', *, *, #1536, .F. ) ;
#4120 = VERTEX_POINT ( 'NONE', #2136 ) ;
#4121 = DIRECTION ( 'NONE',  ( -0.5023646631085910697, 0.8646558536549624474, -0.000000000000000000 ) ) ;
#4122 = ORIENTED_EDGE ( 'NONE', *, *, #1015, .T. ) ;
#4123 = EDGE_CURVE ( 'NONE', #494, #1877, #1097, .T. ) ;
#4124 = CARTESIAN_POINT ( 'NONE',  ( 77.97324184933701474, 13.44444444444444109, 21.50000000000000000 ) ) ;
#4125 = STYLED_ITEM ( 'NONE', ( #3972 ), #2509 ) ;
#4126 = VECTOR ( 'NONE', #183, 1000.000000000000000 ) ;
#4127 = DIRECTION ( 'NONE',  ( 0.000000000000000000, 1.000000000000000000, 0.000000000000000000 ) ) ;
#4128 = AXIS2_PLACEMENT_3D ( 'NONE', #3550, #3209, #3898 ) ;
#4129 = EDGE_CURVE ( 'NONE', #3801, #1376, #4279, .T. ) ;
#4130 = CARTESIAN_POINT ( 'NONE',  ( 4.223473422844927765E-13, -33.20000000000048601, 2.000000000000000000 ) ) ;
#4131 = CARTESIAN_POINT ( 'NONE',  ( 39.00000000000000000, 18.00000000000000000, 0.000000000000000000 ) ) ;
#4132 = CARTESIAN_POINT ( 'NONE',  ( 18.33864055907247348, 14.44107438757757755, 3.941074387577593541 ) ) ;
#4133 = CARTESIAN_POINT ( 'NONE',  ( -0.5020444931550557266, 12.00000000000000000, 23.73262090423201798 ) ) ;
#4134 = EDGE_CURVE ( 'NONE', #3, #2178, #2748, .T. ) ;
#4135 = EDGE_CURVE ( 'NONE', #2734, #771, #1468, .T. ) ;
#4136 = PLANE ( 'NONE',  #2142 ) ;
#4137 = DIRECTION ( 'NONE',  ( -0.000000000000000000, -0.000000000000000000, -1.000000000000000000 ) ) ;
#4138 = ADVANCED_FACE ( 'NONE', ( #132 ), #3739, .F. ) ;
#4139 = DIRECTION ( 'NONE',  ( -1.000000000000000000, 0.000000000000000000, 0.000000000000000000 ) ) ;
#4140 = CARTESIAN_POINT ( 'NONE',  ( 78.00000000000000000, 11.99999999999999645, 32.00000000000000000 ) ) ;
#4141 = EDGE_CURVE ( 'NONE', #387, #308, #3401, .T. ) ;
#4142 = DIRECTION ( 'NONE',  ( -0.000000000000000000, -0.000000000000000000, -1.000000000000000000 ) ) ;
#4143 = ADVANCED_FACE ( 'NONE', ( #1705 ), #3035, .T. ) ;
#4144 = ORIENTED_EDGE ( 'NONE', *, *, #1131, .T. ) ;
#4145 = ORIENTED_EDGE ( 'NONE', *, *, #2151, .F. ) ;
#4146 = ORIENTED_EDGE ( 'NONE', *, *, #4250, .T. ) ;
#4147 = LINE ( 'NONE', #4238, #529 ) ;
#4148 = CARTESIAN_POINT ( 'NONE',  ( 52.44999999999995310, -20.20000000000000284, 10.00000000000000000 ) ) ;
#4149 = VECTOR ( 'NONE', #2389, 1000.000000000000000 ) ;
#4150 = EDGE_CURVE ( 'NONE', #1762, #3633, #746, .T. ) ;
#4151 = AXIS2_PLACEMENT_3D ( 'NONE', #4183, #795, #1222 ) ;
#4152 = VERTEX_POINT ( 'NONE', #71 ) ;
#4153 = CARTESIAN_POINT ( 'NONE',  ( 78.00000000000000000, 11.99999999999999645, 24.08121328699938601 ) ) ;
#4154 = SPHERICAL_SURFACE ( 'NONE', #3689, 2.000000000000000000 ) ;
#4155 = CARTESIAN_POINT ( 'NONE',  ( 78.00000000000000000, -17.37157287525364069, 20.00000000000000000 ) ) ;
#4156 = CARTESIAN_POINT ( 'NONE',  ( 13.40296560333966802, 24.85870469521672632, 40.00000000000000000 ) ) ;
#4157 = CARTESIAN_POINT ( 'NONE',  ( 39.00000000000000000, -3.881197846482990599, 20.00000000000000000 ) ) ;
#4158 = CIRCLE ( 'NONE', #2846, 1.999999999999999778 ) ;
#4159 = FACE_OUTER_BOUND ( 'NONE', #2413, .T. ) ;
#4160 = FACE_BOUND ( 'NONE', #2622, .T. ) ;
#4161 = CARTESIAN_POINT ( 'NONE',  ( 14.00000000000000000, 10.50000000000000533, 1.500000000000001332 ) ) ;
#4162 = DIRECTION ( 'NONE',  ( 0.000000000000000000, 0.7071067811865475727, 0.7071067811865475727 ) ) ;
#4163 = CARTESIAN_POINT ( 'NONE',  ( 59.00000000000000000, 11.99999999999999645, 18.50000000000000000 ) ) ;
#4164 =( BOUNDED_SURFACE ( )  B_SPLINE_SURFACE ( 3, 2, ( 
 ( #2517, #3490, #3130 ),
 ( #4204, #3449, #506 ),
 ( #3837, #463, #1864 ),
 ( #1239, #2797, #163 ),
 ( #3792, #204, #1563 ),
 ( #2144, #486, #2561 ),
 ( #2475, #1194, #3856 ),
 ( #4110, #1170, #2211 ),
 ( #793, #1149, #1840 ),
 ( #1496, #2121, #2816 ),
 ( #3170, #3534, #839 ),
 ( #548, #3215, #2169 ),
 ( #230, #1909, #905 ),
 ( #3878, #2237, #3557 ),
 ( #571, #239, #3546 ),
 ( #497, #2180, #262 ),
 ( #3866, #2507, #1828 ),
 ( #2896, #1572, #561 ),
 ( #1556, #3825, #1875 ),
 ( #1918, #1855, #916 ),
 ( #2874, #849, #3224 ),
 ( #194, #3892, #3567 ),
 ( #2851, #4192, #2249 ),
 ( #3502, #581, #1600 ),
 ( #3159, #3244, #517 ),
 ( #174, #2916, #2223 ) ),
 .UNSPECIFIED., .F., .F., .T. ) 
 B_SPLINE_SURFACE_WITH_KNOTS ( ( 4, 2, 2, 2, 2, 2, 2, 2, 2, 2, 2, 2, 4 ),
 ( 3, 3 ),
 ( 0.009695426396596696500, 0.01067461369937901076, 0.01165380100216132503, 0.01263298830494363929, 0.01312258195633479729, 0.01361217560772595356, 0.01410176925911710982, 0.01459136291050826782, 0.01508095656189942582, 0.01557055021329058209, 0.01606014386468173835, 0.01654973751607289462, 0.01752892481885521062 ),
 ( 0.000000000000000000, 1.000000000000000000 ),
 .UNSPECIFIED. ) 
 GEOMETRIC_REPRESENTATION_ITEM ( )  RATIONAL_B_SPLINE_SURFACE ( (
 ( 1.000000000000000000, 0.7071067811865475727, 1.000000000000000000),
 ( 1.000000000000000000, 0.7086658295930355900, 1.000000000000000000),
 ( 1.000000000000000000, 0.7101369072887676603, 1.000000000000000000),
 ( 1.000000000000000000, 0.7129220298548143431, 1.000000000000000000),
 ( 1.000000000000000000, 0.7141689098964564275, 1.000000000000000000),
 ( 1.000000000000000000, 0.7163853672774923576, 1.000000000000000000),
 ( 1.000000000000000000, 0.7173110422225343896, 1.000000000000000000),
 ( 1.000000000000000000, 0.7184293429739052605, 1.000000000000000000),
 ( 1.000000000000000000, 0.7187531096473447345, 1.000000000000000000),
 ( 1.000000000000000000, 0.7192934008633355969, 1.000000000000000000),
 ( 1.000000000000000000, 0.7195127512459866814, 1.000000000000000000),
 ( 1.000000000000000000, 0.7198502331004950072, 1.000000000000000000),
 ( 1.000000000000000000, 0.7199662875297426767, 1.000000000000000000),
 ( 1.000000000000000000, 0.7200899261689687192, 1.000000000000000000),
 ( 1.000000000000000000, 0.7200991122041452419, 1.000000000000000000),
 ( 1.000000000000000000, 0.7200103295957801519, 1.000000000000000000),
 ( 1.000000000000000000, 0.7199112272351105846, 1.000000000000000000),
 ( 1.000000000000000000, 0.7196109563144278409, 1.000000000000000000),
 ( 1.000000000000000000, 0.7194096080836213103, 1.000000000000000000),
 ( 1.000000000000000000, 0.7189004409715452626, 1.000000000000000000),
 ( 1.000000000000000000, 0.7185910690070688167, 1.000000000000000000),
 ( 1.000000000000000000, 0.7178835232550976331, 1.000000000000000000),
 ( 1.000000000000000000, 0.7174832680085498904, 1.000000000000000000),
 ( 1.000000000000000000, 0.7161349866846817847, 1.000000000000000000),
 ( 1.000000000000000000, 0.7150421855797698401, 1.000000000000000000),
 ( 1.000000000000000000, 0.7138231073857295161, 1.000000000000000000) ) ) 
 REPRESENTATION_ITEM ( '' )  SURFACE ( )  );
#4165 = AXIS2_PLACEMENT_3D ( 'NONE', #2150, #2823, #2217 ) ;
#4166 = CARTESIAN_POINT ( 'NONE',  ( 6.999999999999992006, 13.49999999999999467, 16.99999999999997868 ) ) ;
#4167 = ORIENTED_EDGE ( 'NONE', *, *, #3879, .T. ) ;
#4168 = EDGE_LOOP ( 'NONE', ( #3865, #2787 ) ) ;
#4169 = VECTOR ( 'NONE', #643, 1000.000000000000000 ) ;
#4170 = VERTEX_POINT ( 'NONE', #4103 ) ;
#4171 = CARTESIAN_POINT ( 'NONE',  ( 64.00000000000000000, 16.99999999999999645, 0.000000000000000000 ) ) ;
#4172 = CARTESIAN_POINT ( 'NONE',  ( 42.99999999999999289, -10.80940107675850470, 26.00000000000000355 ) ) ;
#4173 = CIRCLE ( 'NONE', #426, 2.549999999999996714 ) ;
#4174 = VECTOR ( 'NONE', #759, 1000.000000000000000 ) ;
#4175 = ORIENTED_EDGE ( 'NONE', *, *, #612, .F. ) ;
#4176 = CYLINDRICAL_SURFACE ( 'NONE', #4128, 39.00000000000000000 ) ;
#4177 = DIRECTION ( 'NONE',  ( -0.7071067811865457964, -0.7071067811865492381, 0.000000000000000000 ) ) ;
#4178 = FACE_OUTER_BOUND ( 'NONE', #4056, .T. ) ;
#4179 = DIRECTION ( 'NONE',  ( 1.000000000000000000, 0.000000000000000000, -0.000000000000000000 ) ) ;
#4180 = CARTESIAN_POINT ( 'NONE',  ( 18.02175051186791777, 24.84608320223867750, 20.00000000000000000 ) ) ;
#4181 = CARTESIAN_POINT ( 'NONE',  ( 0.2637966399532228334, 12.00000000000000178, 22.39257279994265204 ) ) ;
#4182 = CARTESIAN_POINT ( 'NONE',  ( 34.99999999999999289, -6.190598923241495299, 26.00000000000000355 ) ) ;
#4183 = CARTESIAN_POINT ( 'NONE',  ( 6.999999999999992006, 13.49999999999999467, 16.99999999999997868 ) ) ;
#4184 = CARTESIAN_POINT ( 'NONE',  ( 8.314213562372973598, 8.314213562373003796, 0.000000000000000000 ) ) ;
#4185 = CARTESIAN_POINT ( 'NONE',  ( 78.00000000000000000, 10.49999999999999645, 1.500000000000001332 ) ) ;
#4186 = CARTESIAN_POINT ( 'NONE',  ( 71.00000000000001421, 13.49999999999996625, 3.000000000000008882 ) ) ;
#4187 = ADVANCED_FACE ( 'NONE', ( #1381 ), #2710, .F. ) ;
#4188 = DIRECTION ( 'NONE',  ( -1.000000000000000000, 0.000000000000000000, 0.000000000000000000 ) ) ;
#4189 = ORIENTED_EDGE ( 'NONE', *, *, #3381, .T. ) ;
#4190 = VERTEX_POINT ( 'NONE', #3081 ) ;
#4191 = ORIENTED_EDGE ( 'NONE', *, *, #2792, .F. ) ;
#4192 = CARTESIAN_POINT ( 'NONE',  ( 77.68448221168762302, 11.99999999999985434, 22.45887787590476137 ) ) ;
#4193 = LINE ( 'NONE', #3893, #2813 ) ;
#4194 = ADVANCED_FACE ( 'NONE', ( #3095 ), #1078, .F. ) ;
#4195 = ORIENTED_EDGE ( 'NONE', *, *, #1524, .T. ) ;
#4196 = DIRECTION ( 'NONE',  ( -0.000000000000000000, -0.000000000000000000, -1.000000000000000000 ) ) ;
#4197 = B_SPLINE_CURVE_WITH_KNOTS ( 'NONE', 3,
 ( #871, #216, #2550, #3004, #3932, #3590 ),
 .UNSPECIFIED., .F., .F.,
 ( 4, 2, 4 ),
 ( 0.000000000000000000, 0.0008045633854220990769, 0.001609126770844198154 ),
 .UNSPECIFIED. ) ;
#4198 = LINE ( 'NONE', #3917, #2803 ) ;
#4199 = VECTOR ( 'NONE', #3843, 1000.000000000000000 ) ;
#4200 = CIRCLE ( 'NONE', #1428, 2.600000000000003197 ) ;
#4201 = PLANE ( 'NONE',  #4085 ) ;
#4202 = FACE_OUTER_BOUND ( 'NONE', #3459, .T. ) ;
#4203 = EDGE_CURVE ( 'NONE', #2619, #1757, #767, .T. ) ;
#4204 = CARTESIAN_POINT ( 'NONE',  ( 76.80098859586652793, 11.99999999999999645, 18.50000000622599572 ) ) ;
#4205 = CIRCLE ( 'NONE', #319, 2.000000000000002665 ) ;
#4206 = EDGE_CURVE ( 'NONE', #3049, #1007, #2094, .T. ) ;
#4207 = DIRECTION ( 'NONE',  ( -1.000000000000000000, 0.000000000000000000, 0.000000000000000000 ) ) ;
#4208 = DIRECTION ( 'NONE',  ( 1.000000000000000000, 0.000000000000000000, 0.000000000000000000 ) ) ;
#4209 = CARTESIAN_POINT ( 'NONE',  ( 60.99999999999994316, -35.20000000000000284, 2.000000000000001776 ) ) ;
#4210 = EDGE_CURVE ( 'NONE', #387, #4222, #1725, .T. ) ;
#4211 = CARTESIAN_POINT ( 'NONE',  ( 32.99999999999998579, 18.00000000000000000, 32.00000000000000000 ) ) ;
#4212 = EDGE_CURVE ( 'NONE', #2069, #2290, #2752, .T. ) ;
#4213 = CARTESIAN_POINT ( 'NONE',  ( 34.99999999999999289, -6.190598923241495299, 26.00000000000000355 ) ) ;
#4214 =( NAMED_UNIT ( * ) PLANE_ANGLE_UNIT ( ) SI_UNIT ( $, .RADIAN. ) );
#4215 = ORIENTED_EDGE ( 'NONE', *, *, #241, .F. ) ;
#4216 = AXIS2_PLACEMENT_3D ( 'NONE', #979, #601, #345 ) ;
#4217 = EDGE_LOOP ( 'NONE', ( #2247, #51, #2293, #515 ) ) ;
#4218 = DIRECTION ( 'NONE',  ( 1.000000000000000000, 0.000000000000000000, 0.000000000000000000 ) ) ;
#4219 = CARTESIAN_POINT ( 'NONE',  ( 35.41421356237329121, -28.78578643762692124, 2.000000000000001776 ) ) ;
#4220 = AXIS2_PLACEMENT_3D ( 'NONE', #3674, #957, #2291 ) ;
#4221 = ORIENTED_EDGE ( 'NONE', *, *, #1477, .F. ) ;
#4222 = VERTEX_POINT ( 'NONE', #1117 ) ;
#4223 = VECTOR ( 'NONE', #558, 1000.000000000000000 ) ;
#4224 = DIRECTION ( 'NONE',  ( 0.7071067811865510144, -0.7071067811865441310, -8.673617379884023639E-16 ) ) ;
#4225 = VECTOR ( 'NONE', #3921, 1000.000000000000000 ) ;
#4226 = EDGE_CURVE ( 'NONE', #868, #1018, #91, .T. ) ;
#4227 = EDGE_CURVE ( 'NONE', #1483, #3006, #806, .T. ) ;
#4228 = CARTESIAN_POINT ( 'NONE',  ( 49.82842712474612057, -33.19999999999999574, 0.000000000000000000 ) ) ;
#4229 = LINE ( 'NONE', #3578, #1088 ) ;
#4230 = DIRECTION ( 'NONE',  ( -0.000000000000000000, -1.000000000000000000, -0.000000000000000000 ) ) ;
#4231 = LINE ( 'NONE', #1263, #4225 ) ;
#4232 = PLANE ( 'NONE',  #1640 ) ;
#4233 = VECTOR ( 'NONE', #158, 1000.000000000000000 ) ;
#4234 = CARTESIAN_POINT ( 'NONE',  ( 15.70142752405111963, 20.85240888332604925, 20.00000000000000000 ) ) ;
#4235 = CARTESIAN_POINT ( 'NONE',  ( 64.00000000000000000, 11.99999999999999645, 20.00000000000000000 ) ) ;
#4236 = EDGE_LOOP ( 'NONE', ( #4077, #2592, #3406, #2648 ) ) ;
#4237 = ORIENTED_EDGE ( 'NONE', *, *, #1336, .F. ) ;
#4238 = CARTESIAN_POINT ( 'NONE',  ( 18.02175051186791777, 24.84608320223867750, 26.00000000000000355 ) ) ;
#4239 = CARTESIAN_POINT ( 'NONE',  ( 29.00000000000023803, -35.20000000000011653, 2.000000000000001776 ) ) ;
#4240 = ORIENTED_EDGE ( 'NONE', *, *, #2731, .T. ) ;
#4241 = ORIENTED_EDGE ( 'NONE', *, *, #4068, .F. ) ;
#4242 = AXIS2_PLACEMENT_3D ( 'NONE', #300, #2631, #2671 ) ;
#4243 = ORIENTED_EDGE ( 'NONE', *, *, #4004, .T. ) ;
#4244 = LINE ( 'NONE', #3937, #2765 ) ;
#4245 = EDGE_CURVE ( 'NONE', #214, #2131, #222, .T. ) ;
#4246 = CARTESIAN_POINT ( 'NONE',  ( 7.000000000000000000, 0.000000000000000000, 10.00000000000000888 ) ) ;
#4247 = DIRECTION ( 'NONE',  ( 0.000000000000000000, -1.000000000000000000, 0.000000000000000000 ) ) ;
#4248 = DIRECTION ( 'NONE',  ( 0.000000000000000000, 0.000000000000000000, 1.000000000000000000 ) ) ;
#4249 = DIRECTION ( 'NONE',  ( -1.000000000000000000, -3.469446951953614189E-16, 0.000000000000000000 ) ) ;
#4250 = EDGE_CURVE ( 'NONE', #3288, #153, #500, .T. ) ;
#4251 = CARTESIAN_POINT ( 'NONE',  ( 77.76808047254208134, 11.99999999999999645, 18.78152380485217421 ) ) ;
#4252 = LINE ( 'NONE', #1612, #4169 ) ;
#4253 = LINE ( 'NONE', #3907, #629 ) ;
#4254 = DIRECTION ( 'NONE',  ( -1.000000000000000000, 0.000000000000000000, 0.000000000000000000 ) ) ;
#4255 = EDGE_CURVE ( 'NONE', #2940, #868, #1580, .T. ) ;
#4256 = VERTEX_POINT ( 'NONE', #1213 ) ;
#4257 = CARTESIAN_POINT ( 'NONE',  ( 39.00000000000000000, 13.50000000000001599, 20.00000000000000000 ) ) ;
#4258 = DIRECTION ( 'NONE',  ( -1.502314598737158045E-15, -1.000000000000000000, -0.000000000000000000 ) ) ;
#4259 = VECTOR ( 'NONE', #3595, 1000.000000000000114 ) ;
#4260 = ORIENTED_EDGE ( 'NONE', *, *, #4134, .F. ) ;
#4261 = ORIENTED_EDGE ( 'NONE', *, *, #1059, .T. ) ;
#4262 = VERTEX_POINT ( 'NONE', #1187 ) ;
#4263 = CARTESIAN_POINT ( 'NONE',  ( 64.00000000000000000, 16.99999999999999645, 20.00000000000000000 ) ) ;
#4264 = ADVANCED_FACE ( 'NONE', ( #1878 ), #740, .T. ) ;
#4265 = CARTESIAN_POINT ( 'NONE',  ( 7.000000000000000000, 14.99999999999999645, 7.399999999999996803 ) ) ;
#4266 = DIRECTION ( 'NONE',  ( 0.7071067811865545671, -0.7071067811865406894, 0.000000000000000000 ) ) ;
#4267 = AXIS2_PLACEMENT_3D ( 'NONE', #3762, #175, #2134 ) ;
#4268 = EDGE_CURVE ( 'NONE', #3483, #766, #3724, .T. ) ;
#4269 = CARTESIAN_POINT ( 'NONE',  ( 7.000000000000000000, 0.000000000000000000, 10.00000000000000888 ) ) ;
#4270 = CARTESIAN_POINT ( 'NONE',  ( 35.17157287525400733, -26.20000000000000284, 0.000000000000000000 ) ) ;
#4271 = ORIENTED_EDGE ( 'NONE', *, *, #2933, .F. ) ;
#4272 = VECTOR ( 'NONE', #3419, 1000.000000000000000 ) ;
#4273 = CYLINDRICAL_SURFACE ( 'NONE', #1014, 2.499999999999995115 ) ;
#4274 = VECTOR ( 'NONE', #2024, 1000.000000000000000 ) ;
#4275 = VERTEX_POINT ( 'NONE', #1513 ) ;
#4276 = AXIS2_PLACEMENT_3D ( 'NONE', #407, #1716, #2065 ) ;
#4277 = CARTESIAN_POINT ( 'NONE',  ( 61.58578643762689353, -34.61421356237308800, 1.999999999999998224 ) ) ;
#4278 = FACE_OUTER_BOUND ( 'NONE', #1077, .T. ) ;
#4279 = CIRCLE ( 'NONE', #3587, 6.000000000000012434 ) ;
#4280 = DIRECTION ( 'NONE',  ( -1.000000000000000000, 0.000000000000000000, 0.000000000000000000 ) ) ;
#4281 = EDGE_CURVE ( 'NONE', #3269, #942, #252, .T. ) ;
#4282 = ORIENTED_EDGE ( 'NONE', *, *, #2160, .T. ) ;
#4283 = DIRECTION ( 'NONE',  ( -0.000000000000000000, -1.000000000000000000, -0.000000000000000000 ) ) ;
#4284 = ADVANCED_FACE ( 'NONE', ( #2231 ), #4176, .T. ) ;
#4285 = ORIENTED_EDGE ( 'NONE', *, *, #37, .F. ) ;
#4286 = AXIS2_PLACEMENT_3D ( 'NONE', #3947, #3605, #976 ) ;
#4287 = VERTEX_POINT ( 'NONE', #1165 ) ;
#4288 = EDGE_LOOP ( 'NONE', ( #3392, #4020, #2873, #606 ) ) ;
#4289 = CYLINDRICAL_SURFACE ( 'NONE', #2708, 1.500000000000001332 ) ;
#4290 = EDGE_CURVE ( 'NONE', #4064, #540, #853, .T. ) ;
#4291 = DIRECTION ( 'NONE',  ( -4.082155997157842586E-17, 1.000000000000000000, 0.000000000000000000 ) ) ;
#4292 = CARTESIAN_POINT ( 'NONE',  ( -5.384912232438728348E-16, 13.19134358458597411, 21.62353263781909618 ) ) ;
#4293 = ADVANCED_FACE ( 'NONE', ( #567 ), #1538, .F. ) ;
#4294 = AXIS2_PLACEMENT_3D ( 'NONE', #4156, #460, #817 ) ;
#4295 = DIRECTION ( 'NONE',  ( -1.000000000000000000, 0.000000000000000000, 0.000000000000000000 ) ) ;
#4296 = DIRECTION ( 'NONE',  ( -5.782411586589358625E-16, -1.000000000000000000, -0.000000000000000000 ) ) ;
#4297 = ORIENTED_EDGE ( 'NONE', *, *, #3960, .T. ) ;
#4298 = CARTESIAN_POINT ( 'NONE',  ( 36.18978722122852076, -27.42909344172555564, 0.4006663169793703294 ) ) ;
#4299 = ORIENTED_EDGE ( 'NONE', *, *, #2436, .T. ) ;
#4300 = DIRECTION ( 'NONE',  ( -0.000000000000000000, -0.000000000000000000, -1.000000000000000000 ) ) ;
#4301 = CARTESIAN_POINT ( 'NONE',  ( 71.00000000000001421, 11.99999999999999645, 3.000000000000008882 ) ) ;
#4302 = CARTESIAN_POINT ( 'NONE',  ( 17.82842712474669966, -33.20000000000026574, 2.000000000000000000 ) ) ;
#4303 = CIRCLE ( 'NONE', #1257, 1.500000000000000000 ) ;
#4304 = LINE ( 'NONE', #2653, #3583 ) ;
#4305 = ORIENTED_EDGE ( 'NONE', *, *, #2939, .T. ) ;
#4306 = DIRECTION ( 'NONE',  ( -1.000000000000000000, 0.000000000000000000, 0.000000000000000000 ) ) ;
#4307 = CIRCLE ( 'NONE', #1809, 1.500000000000000000 ) ;
ENDSEC;
END-ISO-10303-21;
