ISO-10303-21;
HEADER;
FILE_DESCRIPTION (( 'STEP AP214' ),
    '1' );
FILE_NAME ('Bearing_housing.STEP',
    '2025-11-19T14:15:53',
    ( '' ),
    ( '' ),
    'SwSTEP 2.0',
    'SolidWorks 2024',
    '' );
FILE_SCHEMA (( 'AUTOMOTIVE_DESIGN' ));
ENDSEC;

DATA;
#1 = EDGE_CURVE ( 'NONE', #224, #575, #171, .T. ) ;
#2 = EDGE_LOOP ( 'NONE', ( #692, #2480, #1434, #669, #283, #985 ) ) ;
#3 = CARTESIAN_POINT ( 'NONE',  ( 39.00000000000000000, 18.00000000000000000, 1.499999999999999556 ) ) ;
#4 = CARTESIAN_POINT ( 'NONE',  ( 14.00000000000000000, 12.00000000000000533, 1.499999999999999556 ) ) ;
#5 = AXIS2_PLACEMENT_3D ( 'NONE', #2090, #2749, #2346 ) ;
#6 = CARTESIAN_POINT ( 'NONE',  ( 18.24228584207942205, 14.33606317571968525, 13.19128138957893093 ) ) ;
#7 = VERTEX_POINT ( 'NONE', #127 ) ;
#8 = DIRECTION ( 'NONE',  ( -0.9993908270190957621, -0.03489949670250104552, 0.000000000000000000 ) ) ;
#9 = DIRECTION ( 'NONE',  ( -4.082155997157842586E-17, 1.000000000000000000, -0.000000000000000000 ) ) ;
#10 = DIRECTION ( 'NONE',  ( 0.000000000000000000, 0.000000000000000000, 1.000000000000000000 ) ) ;
#11 = CARTESIAN_POINT ( 'NONE',  ( 17.94810064542568995, 14.37323851454640078, 2.908836532740099123 ) ) ;
#12 = DIRECTION ( 'NONE',  ( 1.156482317317871133E-15, -1.000000000000000000, -0.000000000000000000 ) ) ;
#13 = VECTOR ( 'NONE', #2387, 1000.000000000000000 ) ;
#14 = AXIS2_PLACEMENT_3D ( 'NONE', #685, #1581, #1757 ) ;
#15 = CARTESIAN_POINT ( 'NONE',  ( 32.99999999999998579, 18.00000000000000000, 9.000000000000001776 ) ) ;
#16 = EDGE_LOOP ( 'NONE', ( #612, #1453, #2042, #662 ) ) ;
#17 = EDGE_CURVE ( 'NONE', #1590, #2163, #2768, .T. ) ;
#18 = CARTESIAN_POINT ( 'NONE',  ( 71.00000000000000000, 14.25524984140835549, 13.50000000000000711 ) ) ;
#19 = CARTESIAN_POINT ( 'NONE',  ( 17.93968184686960399, 13.91561975256230888, 13.54456667548891602 ) ) ;
#20 = ORIENTED_EDGE ( 'NONE', *, *, #1055, .F. ) ;
#21 = ORIENTED_EDGE ( 'NONE', *, *, #2270, .F. ) ;
#22 = CARTESIAN_POINT ( 'NONE',  ( 71.02597557244186532, 14.25615692838601412, 13.00000000000000711 ) ) ;
#23 = CARTESIAN_POINT ( 'NONE',  ( 76.00000000000000000, 18.00000000000000000, 0.000000000000000000 ) ) ;
#24 = DIRECTION ( 'NONE',  ( 0.000000000000000000, 0.000000000000000000, 1.000000000000000000 ) ) ;
#25 = CARTESIAN_POINT ( 'NONE',  ( 64.00000000000000000, 16.99999999999999645, 13.50000000000000711 ) ) ;
#26 = CARTESIAN_POINT ( 'NONE',  ( 60.05189935457431005, 14.37323851454640078, 13.09116346725991420 ) ) ;
#27 = EDGE_CURVE ( 'NONE', #2069, #2841, #164, .T. ) ;
#28 = VECTOR ( 'NONE', #2080, 1000.000000000000000 ) ;
#29 = DIRECTION ( 'NONE',  ( 0.000000000000000000, 0.000000000000000000, 1.000000000000000000 ) ) ;
#30 = ORIENTED_EDGE ( 'NONE', *, *, #81, .T. ) ;
#31 = AXIS2_PLACEMENT_3D ( 'NONE', #2247, #1527, #2191 ) ;
#32 = TOROIDAL_SURFACE ( 'NONE', #1352, 6.000000000000000000, 0.5000000000000000000 ) ;
#33 = CARTESIAN_POINT ( 'NONE',  ( 1.538038212085598655, 12.44859149081464622, 8.747778976377350801 ) ) ;
#34 = ORIENTED_EDGE ( 'NONE', *, *, #2395, .F. ) ;
#35 = AXIS2_PLACEMENT_3D ( 'NONE', #205, #883, #1333 ) ;
#36 = DIRECTION ( 'NONE',  ( 1.000000000000000000, 0.000000000000000000, 0.000000000000000000 ) ) ;
#37 = DIRECTION ( 'NONE',  ( 0.000000000000000000, 0.000000000000000000, 1.000000000000000000 ) ) ;
#38 = CARTESIAN_POINT ( 'NONE',  ( 78.00000000000000000, 9.552245033349355756E-15, 16.00000000000000000 ) ) ;
#39 = LINE ( 'NONE', #2431, #1247 ) ;
#40 = CARTESIAN_POINT ( 'NONE',  ( 71.00000000000000000, 15.00000000000000355, 2.500000000000007550 ) ) ;
#41 = AXIS2_PLACEMENT_3D ( 'NONE', #2076, #1655, #2784 ) ;
#42 = CARTESIAN_POINT ( 'NONE',  ( 71.00000000000000000, 14.75555461355776643, 5.399999999999996803 ) ) ;
#43 = CARTESIAN_POINT ( 'NONE',  ( 1.376302902725488941, 12.00000000000000000, 10.01962388520971459 ) ) ;
#44 = B_SPLINE_CURVE_WITH_KNOTS ( 'NONE', 3,
 ( #1704, #1256, #1045, #2564, #2816, #1459, #2579, #773, #1500, #1906 ),
 .UNSPECIFIED., .F., .F.,
 ( 4, 2, 2, 2, 4 ),
 ( 0.000000000000000000, 0.001125179887975134418, 0.002250359775950268836, 0.003375539663925403253, 0.004500719551900537671 ),
 .UNSPECIFIED. ) ;
#45 = VERTEX_POINT ( 'NONE', #1214 ) ;
#46 = VERTEX_POINT ( 'NONE', #1446 ) ;
#47 = LINE ( 'NONE', #682, #252 ) ;
#48 = CARTESIAN_POINT ( 'NONE',  ( 71.00000000000000000, 11.99999999999999645, 8.000000000000008882 ) ) ;
#49 = DIRECTION ( 'NONE',  ( 0.000000000000000000, 0.000000000000000000, -1.000000000000000000 ) ) ;
#50 = CARTESIAN_POINT ( 'NONE',  ( 17.77368922203145019, 14.22179114772253428, 2.630427326347061445 ) ) ;
#51 = EDGE_CURVE ( 'NONE', #540, #756, #1890, .T. ) ;
#52 = CARTESIAN_POINT ( 'NONE',  ( 60.16221477241511195, 13.79131414804881750, 13.98245871170010801 ) ) ;
#53 = ORIENTED_EDGE ( 'NONE', *, *, #111, .T. ) ;
#54 = EDGE_CURVE ( 'NONE', #1462, #1231, #2036, .T. ) ;
#55 = AXIS2_PLACEMENT_3D ( 'NONE', #461, #872, #1090 ) ;
#56 = CARTESIAN_POINT ( 'NONE',  ( 17.56893938211003814, 14.07566796782863605, 13.46557425359728555 ) ) ;
#57 = ORIENTED_EDGE ( 'NONE', *, *, #1030, .F. ) ;
#58 = ORIENTED_EDGE ( 'NONE', *, *, #2234, .F. ) ;
#59 = VECTOR ( 'NONE', #1046, 1000.000000000000000 ) ;
#60 = ORIENTED_EDGE ( 'NONE', *, *, #2686, .T. ) ;
#61 = EDGE_CURVE ( 'NONE', #2296, #1322, #2826, .T. ) ;
#62 = CARTESIAN_POINT ( 'NONE',  ( 18.31304103604602318, 14.46951069394271983, 2.449166783803900849 ) ) ;
#63 = FACE_OUTER_BOUND ( 'NONE', #892, .T. ) ;
#64 = CARTESIAN_POINT ( 'NONE',  ( 68.00000000000000000, 12.49999999999999645, 2.000000000000007105 ) ) ;
#65 = CIRCLE ( 'NONE', #1943, 0.5000000000000000000 ) ;
#66 = DIRECTION ( 'NONE',  ( -0.000000000000000000, -1.000000000000000000, -0.000000000000000000 ) ) ;
#67 = AXIS2_PLACEMENT_3D ( 'NONE', #847, #440, #2447 ) ;
#68 = ADVANCED_FACE ( 'NONE', ( #863 ), #1979, .T. ) ;
#69 = CARTESIAN_POINT ( 'NONE',  ( 76.62694807318337098, 12.00000000000133404, 10.00968171625598124 ) ) ;
#70 = ORIENTED_EDGE ( 'NONE', *, *, #595, .T. ) ;
#71 = CARTESIAN_POINT ( 'NONE',  ( 17.62115986686752933, 13.55221792762537270, 2.000000000000007105 ) ) ;
#72 = CARTESIAN_POINT ( 'NONE',  ( 1.542690653979260196, 12.05223340826632317, 7.222035742454571583 ) ) ;
#73 = EDGE_LOOP ( 'NONE', ( #375, #1433, #1970, #74, #1726, #297 ) ) ;
#74 = ORIENTED_EDGE ( 'NONE', *, *, #1787, .T. ) ;
#75 = EDGE_LOOP ( 'NONE', ( #361, #2391, #1786, #2743 ) ) ;
#76 = CARTESIAN_POINT ( 'NONE',  ( 18.24251052115047145, 14.33639765672138644, 2.809250693624638195 ) ) ;
#77 = DIRECTION ( 'NONE',  ( -0.000000000000000000, 0.000000000000000000, 1.000000000000000000 ) ) ;
#78 = CIRCLE ( 'NONE', #625, 4.500000000000000888 ) ;
#79 = DIRECTION ( 'NONE',  ( -1.000000000000000000, 0.000000000000000000, 0.000000000000000000 ) ) ;
#80 = DIRECTION ( 'NONE',  ( -0.3996526269427269629, 0.000000000000000000, 0.9166666666666665186 ) ) ;
#81 = EDGE_CURVE ( 'NONE', #561, #916, #788, .T. ) ;
#82 = EDGE_CURVE ( 'NONE', #2424, #441, #1080, .T. ) ;
#83 = CIRCLE ( 'NONE', #1686, 0.5000000000000000000 ) ;
#84 = DIRECTION ( 'NONE',  ( -1.000000000000000000, -3.469446951953614189E-16, 0.000000000000000000 ) ) ;
#85 = CARTESIAN_POINT ( 'NONE',  ( 17.25904388018077640, 13.89699613486283525, 13.50000000000000711 ) ) ;
#86 = EDGE_CURVE ( 'NONE', #2053, #2424, #2327, .T. ) ;
#87 = ORIENTED_EDGE ( 'NONE', *, *, #399, .T. ) ;
#88 = VERTEX_POINT ( 'NONE', #2233 ) ;
#89 = ORIENTED_EDGE ( 'NONE', *, *, #2487, .T. ) ;
#90 = EDGE_CURVE ( 'NONE', #1618, #441, #2792, .T. ) ;
#91 = CARTESIAN_POINT ( 'NONE',  ( 76.46189299565291719, 12.44860895135115086, 7.251780838941950691 ) ) ;
#92 = LINE ( 'NONE', #2298, #1642 ) ;
#93 = CARTESIAN_POINT ( 'NONE',  ( 7.000000000000000000, 14.75555461355776465, 10.60000000000000853 ) ) ;
#94 = TOROIDAL_SURFACE ( 'NONE', #1695, 14.50000000000000711, 1.500000000000000000 ) ;
#95 = DIRECTION ( 'NONE',  ( 0.9166666666666664076, 0.000000000000000000, 0.3996526269427272959 ) ) ;
#96 = LINE ( 'NONE', #2033, #2428 ) ;
#97 = CARTESIAN_POINT ( 'NONE',  ( 18.40616710419660507, 14.63659325339549611, 3.000000000000007994 ) ) ;
#98 = VERTEX_POINT ( 'NONE', #15 ) ;
#99 = VERTEX_POINT ( 'NONE', #1341 ) ;
#100 = ORIENTED_EDGE ( 'NONE', *, *, #769, .T. ) ;
#101 = ADVANCED_FACE ( 'NONE', ( #1124 ), #2005, .T. ) ;
#102 = AXIS2_PLACEMENT_3D ( 'NONE', #1280, #959, #1228 ) ;
#103 = CARTESIAN_POINT ( 'NONE',  ( 18.38747074296113837, 14.60087524577249241, 2.708740813030066530 ) ) ;
#104 = DIRECTION ( 'NONE',  ( -1.000000000000000000, 0.000000000000000000, 0.000000000000000000 ) ) ;
#105 = CARTESIAN_POINT ( 'NONE',  ( 39.00000000000000000, 18.00000000000000000, 1.499999999999999556 ) ) ;
#106 = AXIS2_PLACEMENT_3D ( 'NONE', #830, #598, #412 ) ;
#107 = CARTESIAN_POINT ( 'NONE',  ( 76.18107320828694640, 12.03643892419696826, 6.121661550691169573 ) ) ;
#108 = CARTESIAN_POINT ( 'NONE',  ( 3.630405526322103782, 14.87322344545344421, 3.593757969502183958 ) ) ;
#109 = CARTESIAN_POINT ( 'NONE',  ( 14.00000000000000000, 12.00000000000000533, 2.000000000000007550 ) ) ;
#110 = TOROIDAL_SURFACE ( 'NONE', #1342, 4.500000000000000888, 0.5000000000000000000 ) ;
#111 = EDGE_CURVE ( 'NONE', #2020, #1041, #839, .T. ) ;
#112 = CARTESIAN_POINT ( 'NONE',  ( 60.30510666242020790, 14.16249246095713588, 2.580806870932174313 ) ) ;
#113 = CARTESIAN_POINT ( 'NONE',  ( 76.50000000000000000, 10.49999999999999645, 16.00000000000000000 ) ) ;
#114 = ORIENTED_EDGE ( 'NONE', *, *, #383, .T. ) ;
#115 = EDGE_LOOP ( 'NONE', ( #1846, #1468, #1544, #1154 ) ) ;
#116 = EDGE_LOOP ( 'NONE', ( #1965, #2537, #2670, #494 ) ) ;
#117 = FACE_OUTER_BOUND ( 'NONE', #526, .T. ) ;
#118 = TOROIDAL_SURFACE ( 'NONE', #1720, 6.500000000000000888, 1.500000000000000000 ) ;
#119 = DIRECTION ( 'NONE',  ( -1.000000000000000000, 0.000000000000000000, 0.000000000000000000 ) ) ;
#120 = ORIENTED_EDGE ( 'NONE', *, *, #2492, .F. ) ;
#121 = LINE ( 'NONE', #2798, #2112 ) ;
#122 = CARTESIAN_POINT ( 'NONE',  ( 7.017449748351250349, 14.75494525491790121, 3.000000000000009770 ) ) ;
#123 = TOROIDAL_SURFACE ( 'NONE', #984, 0.5000000000000000000, 1.500000000000000000 ) ;
#124 = DIRECTION ( 'NONE',  ( 4.082155997157842586E-17, -1.000000000000000000, 0.000000000000000000 ) ) ;
#125 = CARTESIAN_POINT ( 'NONE',  ( 1.499999999999999556, 12.00000000000000000, 16.00000000000000000 ) ) ;
#126 = DIRECTION ( 'NONE',  ( -0.9993908270190956511, -0.03489949670250104552, -0.000000000000000000 ) ) ;
#127 = CARTESIAN_POINT ( 'NONE',  ( 1.499999999999999556, 12.00000000000000000, 10.39791576165636755 ) ) ;
#128 = EDGE_LOOP ( 'NONE', ( #1557, #324, #1111, #2583 ) ) ;
#129 = EDGE_LOOP ( 'NONE', ( #2025, #2294, #89, #53, #241 ) ) ;
#130 = DIRECTION ( 'NONE',  ( -0.000000000000000000, -0.000000000000000000, -1.000000000000000000 ) ) ;
#131 = CARTESIAN_POINT ( 'NONE',  ( 74.98088446055677991, 14.89457016217814989, 11.07273360295801368 ) ) ;
#132 = LINE ( 'NONE', #2123, #861 ) ;
#133 = AXIS2_PLACEMENT_3D ( 'NONE', #2526, #2732, #2057 ) ;
#134 = ORIENTED_EDGE ( 'NONE', *, *, #111, .F. ) ;
#135 = CARTESIAN_POINT ( 'NONE',  ( 76.84387782648654763, 11.96144361551076685, 7.184241116539270777 ) ) ;
#136 = CARTESIAN_POINT ( 'NONE',  ( 6.295817329278891705, 14.78014521428093531, 13.50228976346149246 ) ) ;
#137 = ADVANCED_FACE ( 'NONE', ( #627 ), #413, .T. ) ;
#138 = VECTOR ( 'NONE', #1306, 1000.000000000000000 ) ;
#139 = CARTESIAN_POINT ( 'NONE',  ( 59.59383289580339493, 14.63659325339550321, 2.921512491811264933 ) ) ;
#140 = LINE ( 'NONE', #1888, #1896 ) ;
#141 = EDGE_CURVE ( 'NONE', #714, #811, #1285, .T. ) ;
#142 = CARTESIAN_POINT ( 'NONE',  ( 17.62115986686752933, 13.55221792762537092, 14.00000000000000711 ) ) ;
#143 = ORIENTED_EDGE ( 'NONE', *, *, #566, .T. ) ;
#144 = ADVANCED_FACE ( 'NONE', ( #2619 ), #32, .F. ) ;
#145 = ORIENTED_EDGE ( 'NONE', *, *, #2640, .F. ) ;
#146 = VERTEX_POINT ( 'NONE', #1064 ) ;
#147 = CARTESIAN_POINT ( 'NONE',  ( 74.98088446055677991, 14.89457016217814989, 4.927266397041998758 ) ) ;
#148 = DIRECTION ( 'NONE',  ( 1.000000000000000000, -6.938893903907222461E-16, 0.000000000000000000 ) ) ;
#149 = EDGE_CURVE ( 'NONE', #2055, #2625, #639, .T. ) ;
#150 = ORIENTED_EDGE ( 'NONE', *, *, #620, .T. ) ;
#151 = CARTESIAN_POINT ( 'NONE',  ( 76.30879106779762822, 12.48048367809536607, 6.513750569850053296 ) ) ;
#152 = AXIS2_PLACEMENT_3D ( 'NONE', #336, #2758, #1498 ) ;
#153 = CARTESIAN_POINT ( 'NONE',  ( 2.198229521301862555, 14.92323613359634571, 10.77733506189224144 ) ) ;
#154 = DIRECTION ( 'NONE',  ( 0.000000000000000000, 0.000000000000000000, 1.000000000000000000 ) ) ;
#155 = FACE_OUTER_BOUND ( 'NONE', #369, .T. ) ;
#156 = AXIS2_PLACEMENT_3D ( 'NONE', #40, #1514, #1351 ) ;
#157 = DIRECTION ( 'NONE',  ( -0.000000000000000000, -0.000000000000000000, 1.000000000000000000 ) ) ;
#158 = ORIENTED_EDGE ( 'NONE', *, *, #2317, .T. ) ;
#159 = ORIENTED_EDGE ( 'NONE', *, *, #1397, .F. ) ;
#160 = ORIENTED_EDGE ( 'NONE', *, *, #2446, .F. ) ;
#161 = FACE_OUTER_BOUND ( 'NONE', #792, .T. ) ;
#162 = CARTESIAN_POINT ( 'NONE',  ( 60.07834071669994103, 14.34764271989555873, 2.820815274922396032 ) ) ;
#163 = CYLINDRICAL_SURFACE ( 'NONE', #1740, 5.500000000000005329 ) ;
#164 =( BOUNDED_CURVE ( )  B_SPLINE_CURVE ( 3, ( #993, #1875, #2759, #569 ),
 .UNSPECIFIED., .F., .T. ) 
 B_SPLINE_CURVE_WITH_KNOTS ( ( 4, 4 ),
 ( 1.570796326794896558, 4.712388980384689674 ),
 .UNSPECIFIED. ) 
 CURVE ( )  GEOMETRIC_REPRESENTATION_ITEM ( )  RATIONAL_B_SPLINE_CURVE ( ( 1.000000000000000000, 0.3333333333333333703, 0.3333333333333333703, 1.000000000000000000 ) ) 
 REPRESENTATION_ITEM ( '' )  );
#165 = ORIENTED_EDGE ( 'NONE', *, *, #2395, .T. ) ;
#166 = VECTOR ( 'NONE', #2628, 1000.000000000000000 ) ;
#167 = FACE_OUTER_BOUND ( 'NONE', #704, .T. ) ;
#168 = DIRECTION ( 'NONE',  ( -4.082155997157842586E-17, 1.000000000000000000, -0.000000000000000000 ) ) ;
#169 = CYLINDRICAL_SURFACE ( 'NONE', #656, 1.500000000000000000 ) ;
#170 = DIRECTION ( 'NONE',  ( 0.000000000000000000, -1.000000000000000000, 0.000000000000000000 ) ) ;
#171 = LINE ( 'NONE', #2102, #59 ) ;
#172 = EDGE_LOOP ( 'NONE', ( #600, #1475, #582, #1535 ) ) ;
#173 = DIRECTION ( 'NONE',  ( -0.9993908270190956511, 0.03489949670250099695, 0.000000000000000000 ) ) ;
#174 = CARTESIAN_POINT ( 'NONE',  ( 70.98255025164874610, 14.75494525491790299, 13.00000000000000888 ) ) ;
#175 = EDGE_CURVE ( 'NONE', #946, #1200, #667, .T. ) ;
#176 = DIRECTION ( 'NONE',  ( 5.046468293750711404E-15, 0.000000000000000000, -1.000000000000000000 ) ) ;
#177 = VERTEX_POINT ( 'NONE', #453 ) ;
#178 = CIRCLE ( 'NONE', #1774, 1.499999999999999556 ) ;
#179 = ADVANCED_FACE ( 'NONE', ( #1329 ), #2412, .T. ) ;
#180 = DIRECTION ( 'NONE',  ( 0.000000000000000000, 0.000000000000000000, 1.000000000000000000 ) ) ;
#181 = DIRECTION ( 'NONE',  ( 1.000000000000000000, -0.000000000000000000, -0.000000000000000000 ) ) ;
#182 = FACE_BOUND ( 'NONE', #1199, .T. ) ;
#183 = CARTESIAN_POINT ( 'NONE',  ( 7.000000000000000000, 0.000000000000000000, 8.000000000000008882 ) ) ;
#184 = ORIENTED_EDGE ( 'NONE', *, *, #1292, .T. ) ;
#185 = ORIENTED_EDGE ( 'NONE', *, *, #1876, .F. ) ;
#186 = LINE ( 'NONE', #2777, #1630 ) ;
#187 = DIRECTION ( 'NONE',  ( 0.000000000000000000, 0.000000000000000000, 1.000000000000000000 ) ) ;
#188 = CARTESIAN_POINT ( 'NONE',  ( 18.31340158775826055, 14.47014408274269393, 13.54964398547283544 ) ) ;
#189 = ORIENTED_EDGE ( 'NONE', *, *, #2270, .T. ) ;
#190 = LINE ( 'NONE', #1309, #1842 ) ;
#191 = CIRCLE ( 'NONE', #870, 6.000000000000000888 ) ;
#192 = CARTESIAN_POINT ( 'NONE',  ( 64.00000000000000000, 11.99999999999999645, 16.00000000000000000 ) ) ;
#193 = LINE ( 'NONE', #549, #1981 ) ;
#194 = VECTOR ( 'NONE', #1402, 1000.000000000000000 ) ;
#195 = FACE_OUTER_BOUND ( 'NONE', #1909, .T. ) ;
#196 = DIRECTION ( 'NONE',  ( 0.3996526269427220224, 3.180326372624150547E-15, 0.9166666666666687391 ) ) ;
#197 = DIRECTION ( 'NONE',  ( 0.000000000000000000, 0.000000000000000000, -1.000000000000000000 ) ) ;
#198 = ORIENTED_EDGE ( 'NONE', *, *, #924, .F. ) ;
#199 = DIRECTION ( 'NONE',  ( 0.000000000000000000, 0.000000000000000000, 1.000000000000000000 ) ) ;
#200 = DIRECTION ( 'NONE',  ( 0.000000000000000000, 0.000000000000000000, 1.000000000000000000 ) ) ;
#201 = CIRCLE ( 'NONE', #1156, 1.500000000000001332 ) ;
#202 = CARTESIAN_POINT ( 'NONE',  ( 17.62115986686752933, 13.55221792762537270, 13.50000000000000533 ) ) ;
#203 = AXIS2_PLACEMENT_3D ( 'NONE', #676, #2418, #1315 ) ;
#204 = ORIENTED_EDGE ( 'NONE', *, *, #2725, .T. ) ;
#205 = CARTESIAN_POINT ( 'NONE',  ( 39.00000000000000000, 18.00000000000000000, 9.000000000000001776 ) ) ;
#206 = DIRECTION ( 'NONE',  ( 1.000000000000000000, 3.154042683594194134E-16, 0.000000000000000000 ) ) ;
#207 = CARTESIAN_POINT ( 'NONE',  ( 20.50000000000000000, 17.00000000000000355, 16.00000000000000000 ) ) ;
#208 = CARTESIAN_POINT ( 'NONE',  ( 78.00000000000000000, 1.040834085586084257E-14, 14.00000000000000000 ) ) ;
#209 = CARTESIAN_POINT ( 'NONE',  ( 59.98884290420407694, 14.00785477157483605, 13.51931593436290591 ) ) ;
#210 = DIRECTION ( 'NONE',  ( 0.000000000000000000, 1.000000000000000000, -0.000000000000000000 ) ) ;
#211 = ORIENTED_EDGE ( 'NONE', *, *, #2007, .T. ) ;
#212 = CIRCLE ( 'NONE', #2152, 6.000000000000000888 ) ;
#213 = CARTESIAN_POINT ( 'NONE',  ( 6.999999999999999112, 14.25524984140835372, 13.00000000000000888 ) ) ;
#214 = DIRECTION ( 'NONE',  ( 0.03489949670250176716, 0.9993908270190957621, 0.000000000000000000 ) ) ;
#215 = FACE_OUTER_BOUND ( 'NONE', #116, .T. ) ;
#216 = VERTEX_POINT ( 'NONE', #1225 ) ;
#217 = DIRECTION ( 'NONE',  ( 0.03489949670248963798, -0.9993908270190960952, 0.000000000000000000 ) ) ;
#218 = CARTESIAN_POINT ( 'NONE',  ( 39.00000000000000000, 18.00000000000000000, 16.00000000000000000 ) ) ;
#219 = CARTESIAN_POINT ( 'NONE',  ( 76.00000000000000000, 9.552245033349355756E-15, 2.000000000000000000 ) ) ;
#220 = FACE_OUTER_BOUND ( 'NONE', #1367, .T. ) ;
#221 = CARTESIAN_POINT ( 'NONE',  ( 80.98255025164874610, 15.10415294983538104, 3.000000000000011546 ) ) ;
#222 = ADVANCED_FACE ( 'NONE', ( #367 ), #1905, .F. ) ;
#223 = CARTESIAN_POINT ( 'NONE',  ( 71.00000000000000000, 14.75555461355776643, 10.60000000000000320 ) ) ;
#224 = VERTEX_POINT ( 'NONE', #2563 ) ;
#225 = CARTESIAN_POINT ( 'NONE',  ( 76.50000000000000000, 11.99999999999999645, 10.39791576165635512 ) ) ;
#226 = VECTOR ( 'NONE', #1838, 1000.000000000000000 ) ;
#227 = CARTESIAN_POINT ( 'NONE',  ( 18.25908226947498392, 14.36237877442700395, 13.09504284773901261 ) ) ;
#228 = EDGE_CURVE ( 'NONE', #400, #994, #455, .T. ) ;
#229 = ORIENTED_EDGE ( 'NONE', *, *, #2822, .T. ) ;
#230 = PRODUCT_DEFINITION_CONTEXT ( 'detailed design', #2171, 'design' ) ;
#231 = EDGE_LOOP ( 'NONE', ( #1712, #70, #713, #766, #1101, #1135 ) ) ;
#232 = CARTESIAN_POINT ( 'NONE',  ( 14.00000000000000000, 12.50000000000000355, 2.500000000000007550 ) ) ;
#233 = EDGE_CURVE ( 'NONE', #729, #216, #2006, .T. ) ;
#234 = DIRECTION ( 'NONE',  ( 1.000000000000000000, 0.000000000000000000, 0.000000000000000000 ) ) ;
#235 = DIRECTION ( 'NONE',  ( -3.061231352237829869E-16, -1.000000000000000000, -0.000000000000000000 ) ) ;
#236 = CARTESIAN_POINT ( 'NONE',  ( 59.88433746971841032, 14.15775314123435713, 13.83913744443846383 ) ) ;
#237 = AXIS2_PLACEMENT_3D ( 'NONE', #245, #673, #2444 ) ;
#238 = AXIS2_PLACEMENT_3D ( 'NONE', #1087, #2440, #2214 ) ;
#239 = VERTEX_POINT ( 'NONE', #2160 ) ;
#240 = DIRECTION ( 'NONE',  ( 4.082155997157842586E-17, -1.000000000000000000, 0.000000000000000000 ) ) ;
#241 = ORIENTED_EDGE ( 'NONE', *, *, #2572, .T. ) ;
#242 = DIRECTION ( 'NONE',  ( 0.000000000000000000, -1.000000000000000000, 0.000000000000000000 ) ) ;
#243 = DIRECTION ( 'NONE',  ( 1.000000000000000000, 0.000000000000000000, -0.000000000000000000 ) ) ;
#244 = CARTESIAN_POINT ( 'NONE',  ( 1.499999999999999556, 12.00000000000000000, 2.000000000000000000 ) ) ;
#245 = CARTESIAN_POINT ( 'NONE',  ( 7.000000000000000000, 12.50000000000000178, 2.000000000000009326 ) ) ;
#246 = CARTESIAN_POINT ( 'NONE',  ( 60.58277490810623789, 13.98241001640378123, 13.49431339491819415 ) ) ;
#247 = CIRCLE ( 'NONE', #971, 2.000000000000000000 ) ;
#248 = DIRECTION ( 'NONE',  ( 0.000000000000000000, 0.000000000000000000, -1.000000000000000000 ) ) ;
#249 = DIRECTION ( 'NONE',  ( 1.000000000000000000, 0.000000000000000000, 0.000000000000000000 ) ) ;
#250 = ORIENTED_EDGE ( 'NONE', *, *, #1584, .F. ) ;
#251 = ORIENTED_EDGE ( 'NONE', *, *, #1576, .F. ) ;
#252 = VECTOR ( 'NONE', #2200, 1000.000000000000000 ) ;
#253 = ADVANCED_FACE ( 'NONE', ( #155 ), #2578, .F. ) ;
#254 = FACE_OUTER_BOUND ( 'NONE', #1230, .T. ) ;
#255 = DIRECTION ( 'NONE',  ( 0.000000000000000000, 0.000000000000000000, 1.000000000000000000 ) ) ;
#256 = LINE ( 'NONE', #684, #1035 ) ;
#257 = CARTESIAN_POINT ( 'NONE',  ( 7.000000000000000000, 0.000000000000000000, 5.400000000000008349 ) ) ;
#258 = EDGE_CURVE ( 'NONE', #1115, #741, #2065, .T. ) ;
#259 = CARTESIAN_POINT ( 'NONE',  ( 60.35851405611018095, 14.12450361763081297, 13.44270283561689716 ) ) ;
#260 = CIRCLE ( 'NONE', #492, 5.000000000000004441 ) ;
#261 = ORIENTED_EDGE ( 'NONE', *, *, #1787, .F. ) ;
#262 = EDGE_CURVE ( 'NONE', #146, #2069, #2788, .T. ) ;
#263 = EDGE_CURVE ( 'NONE', #728, #798, #1183, .T. ) ;
#264 = CARTESIAN_POINT ( 'NONE',  ( 1.124964295228380706, 11.95235953589618738, 8.409374745477306234 ) ) ;
#265 = EDGE_LOOP ( 'NONE', ( #356, #730, #2063, #2040 ) ) ;
#266 = ORIENTED_EDGE ( 'NONE', *, *, #363, .F. ) ;
#267 = ORIENTED_EDGE ( 'NONE', *, *, #1113, .T. ) ;
#268 = AXIS2_PLACEMENT_3D ( 'NONE', #2808, #2141, #1421 ) ;
#269 = CARTESIAN_POINT ( 'NONE',  ( 60.03444960622304905, 14.87293392805595005, 3.000000000000007550 ) ) ;
#270 = DIRECTION ( 'NONE',  ( 0.000000000000000000, 0.000000000000000000, 1.000000000000000000 ) ) ;
#271 = DIRECTION ( 'NONE',  ( 0.000000000000000000, -1.000000000000000000, 0.000000000000000000 ) ) ;
#272 = DIRECTION ( 'NONE',  ( 0.000000000000000000, -0.000000000000000000, 1.000000000000000000 ) ) ;
#273 = CARTESIAN_POINT ( 'NONE',  ( 1.643150280160641907, 14.42530921801615129, 6.560386631590557016 ) ) ;
#274 = CARTESIAN_POINT ( 'NONE',  ( 71.00000000000000000, 14.25524984140835549, 13.50000000000000711 ) ) ;
#275 = ORIENTED_EDGE ( 'NONE', *, *, #2786, .F. ) ;
#276 = ADVANCED_FACE ( 'NONE', ( #182, #2366, #2172 ), #1267, .F. ) ;
#277 = AXIS2_PLACEMENT_3D ( 'NONE', #2616, #1213, #973 ) ;
#278 = CARTESIAN_POINT ( 'NONE',  ( 60.13272502783415518, 14.29970113038163682, 2.725178009235730947 ) ) ;
#279 = CARTESIAN_POINT ( 'NONE',  ( 17.83480592647585183, 14.27180772332878789, 13.31707505878287989 ) ) ;
#280 = ORIENTED_EDGE ( 'NONE', *, *, #1576, .T. ) ;
#281 = ORIENTED_EDGE ( 'NONE', *, *, #1538, .F. ) ;
#282 = AXIS2_PLACEMENT_3D ( 'NONE', #337, #1229, #1719 ) ;
#283 = ORIENTED_EDGE ( 'NONE', *, *, #1882, .T. ) ;
#284 = CARTESIAN_POINT ( 'NONE',  ( 17.62115986686752933, 13.55221792762537092, 2.000000000000007550 ) ) ;
#285 = CARTESIAN_POINT ( 'NONE',  ( 60.03444960622305615, 14.87293392805594827, 13.00000000000000711 ) ) ;
#286 = DIRECTION ( 'NONE',  ( 1.000000000000000000, 0.000000000000000000, 0.000000000000000000 ) ) ;
#287 = CARTESIAN_POINT ( 'NONE',  ( 1.499999999999999556, 12.50000000000000000, 5.602084238343650213 ) ) ;
#288 = ORIENTED_EDGE ( 'NONE', *, *, #1061, .F. ) ;
#289 = ADVANCED_FACE ( 'NONE', ( #195 ), #169, .T. ) ;
#290 = CARTESIAN_POINT ( 'NONE',  ( 76.62686914074362221, 11.99999999999999822, 5.990076891656802793 ) ) ;
#291 = EDGE_LOOP ( 'NONE', ( #2342, #513, #2694, #1661 ) ) ;
#292 = AXIS2_PLACEMENT_3D ( 'NONE', #2601, #180, #234 ) ;
#293 = CARTESIAN_POINT ( 'NONE',  ( 17.72864423172822868, 13.66510733309792869, 2.000000000000007994 ) ) ;
#294 = LINE ( 'NONE', #680, #717 ) ;
#295 = ORIENTED_EDGE ( 'NONE', *, *, #1754, .F. ) ;
#296 = EDGE_LOOP ( 'NONE', ( #1649, #2648, #2248, #368 ) ) ;
#297 = ORIENTED_EDGE ( 'NONE', *, *, #263, .T. ) ;
#298 = CARTESIAN_POINT ( 'NONE',  ( 39.00000000000000000, 18.00000000000000000, 16.00000000000000000 ) ) ;
#299 = CARTESIAN_POINT ( 'NONE',  ( 76.50000000000000000, 14.42985368886709452, 7.280051688352360273 ) ) ;
#300 = DIRECTION ( 'NONE',  ( 1.000000000000000000, 0.000000000000000000, 0.000000000000000000 ) ) ;
#301 = CARTESIAN_POINT ( 'NONE',  ( 71.02597557244186532, 14.25615692838601412, 2.500000000000007550 ) ) ;
#302 = DIRECTION ( 'NONE',  ( -1.000000000000000000, 0.000000000000000000, 0.000000000000000000 ) ) ;
#303 = ORIENTED_EDGE ( 'NONE', *, *, #620, .F. ) ;
#304 = CARTESIAN_POINT ( 'NONE',  ( 7.000000000000000000, 12.00000000000000178, 8.000000000000008882 ) ) ;
#305 = EDGE_CURVE ( 'NONE', #441, #1618, #2692, .T. ) ;
#306 = VECTOR ( 'NONE', #1794, 1000.000000000000000 ) ;
#307 = CARTESIAN_POINT ( 'NONE',  ( 76.04166666666665719, 12.49999999999999645, 5.801910551815023354 ) ) ;
#308 = FACE_OUTER_BOUND ( 'NONE', #1663, .T. ) ;
#309 = VERTEX_POINT ( 'NONE', #2800 ) ;
#310 = ORIENTED_EDGE ( 'NONE', *, *, #1112, .T. ) ;
#311 = EDGE_LOOP ( 'NONE', ( #338, #1418, #280, #1860, #1529, #2135 ) ) ;
#312 = CARTESIAN_POINT ( 'NONE',  ( 76.30872917069405048, 12.48049342615843749, 6.513560764390739166 ) ) ;
#313 = CARTESIAN_POINT ( 'NONE',  ( 75.98255025164876031, 14.92954910237664201, 8.654498465134228269 ) ) ;
#314 = CARTESIAN_POINT ( 'NONE',  ( 13.99999999999999822, 17.00000000000000355, 16.00000000000000000 ) ) ;
#315 = B_SPLINE_CURVE_WITH_KNOTS ( 'NONE', 3,
 ( #97, #991, #2081, #321, #2726, #754, #1431, #548, #335, #726, #293, #71 ),
 .UNSPECIFIED., .F., .F.,
 ( 4, 2, 2, 2, 2, 4 ),
 ( 0.000000000000000000, 0.0002349887647139569193, 0.0004699775294279138387, 0.0009399550588558314721, 0.001409932588283748997, 0.001879910117711666630 ),
 .UNSPECIFIED. ) ;
#316 = EDGE_CURVE ( 'NONE', #2772, #2020, #2274, .T. ) ;
#317 = CARTESIAN_POINT ( 'NONE',  ( 76.46196178791440445, 12.44859149081464267, 7.252221023622746898 ) ) ;
#318 = CIRCLE ( 'NONE', #1829, 2.600000000000003197 ) ;
#319 = CARTESIAN_POINT ( 'NONE',  ( 4.499354850523487492, 14.84287906640328991, 3.631068056560792900 ) ) ;
#320 = LINE ( 'NONE', #1871, #1764 ) ;
#321 = CARTESIAN_POINT ( 'NONE',  ( 18.37961851621092890, 14.58765175308785800, 2.694183038570681976 ) ) ;
#322 = DIRECTION ( 'NONE',  ( 0.000000000000000000, 0.000000000000000000, -1.000000000000000000 ) ) ;
#323 = ORIENTED_EDGE ( 'NONE', *, *, #2686, .F. ) ;
#324 = ORIENTED_EDGE ( 'NONE', *, *, #2399, .T. ) ;
#325 = ORIENTED_EDGE ( 'NONE', *, *, #1969, .F. ) ;
#326 = VECTOR ( 'NONE', #1540, 1000.000000000000000 ) ;
#327 = CARTESIAN_POINT ( 'NONE',  ( 17.35829923343682779, 13.94842528798323400, 2.500000000000007550 ) ) ;
#328 = DIRECTION ( 'NONE',  ( 0.000000000000000000, 0.000000000000000000, -1.000000000000000000 ) ) ;
#329 = DIRECTION ( 'NONE',  ( -0.000000000000000000, 1.000000000000000000, -0.000000000000000000 ) ) ;
#330 = AXIS2_PLACEMENT_3D ( 'NONE', #1727, #2613, #634 ) ;
#331 = CARTESIAN_POINT ( 'NONE',  ( 68.00000000000000000, 11.99999999999999645, 2.000000000000007105 ) ) ;
#332 = FACE_OUTER_BOUND ( 'NONE', #1919, .T. ) ;
#333 = AXIS2_PLACEMENT_3D ( 'NONE', #2268, #531, #1577 ) ;
#334 = PLANE ( 'NONE',  #1578 ) ;
#335 = CARTESIAN_POINT ( 'NONE',  ( 18.01551830327236203, 14.01700959643332745, 2.090066832567628374 ) ) ;
#336 = CARTESIAN_POINT ( 'NONE',  ( 6.999999999999999112, 15.00000000000000355, 8.000000000000008882 ) ) ;
#337 = CARTESIAN_POINT ( 'NONE',  ( 13.99999999999999822, 17.00000000000000355, 0.000000000000000000 ) ) ;
#338 = ORIENTED_EDGE ( 'NONE', *, *, #970, .T. ) ;
#339 = EDGE_LOOP ( 'NONE', ( #2761, #288, #645, #1406 ) ) ;
#340 = DIRECTION ( 'NONE',  ( 1.000000000000000000, 0.000000000000000000, 0.000000000000000000 ) ) ;
#341 = CARTESIAN_POINT ( 'NONE',  ( 70.98255025164874610, 14.75494525491790299, 13.00000000000000888 ) ) ;
#342 = TOROIDAL_SURFACE ( 'NONE', #1854, 6.000000000000000000, 0.5000000000000000000 ) ;
#343 = DIRECTION ( 'NONE',  ( -1.000000000000000000, 0.000000000000000000, 0.000000000000000000 ) ) ;
#344 = EDGE_CURVE ( 'NONE', #2774, #418, #1016, .T. ) ;
#345 = ORIENTED_EDGE ( 'NONE', *, *, #996, .T. ) ;
#346 = EDGE_CURVE ( 'NONE', #1707, #975, #140, .T. ) ;
#347 = CARTESIAN_POINT ( 'NONE',  ( 14.00000000000000000, 12.50000000000000355, 13.50000000000000711 ) ) ;
#348 = CARTESIAN_POINT ( 'NONE',  ( 13.99999999999999822, 17.00000000000000355, 1.499999999999999556 ) ) ;
#349 = CARTESIAN_POINT ( 'NONE',  ( 60.17095115860796284, 13.78113067182635199, 2.016023755007579688 ) ) ;
#350 = ADVANCED_FACE ( 'NONE', ( #1120 ), #438, .F. ) ;
#351 = CARTESIAN_POINT ( 'NONE',  ( 60.74095611981921650, 13.89699613486283702, 2.000000000000007550 ) ) ;
#352 =( NAMED_UNIT ( * ) SI_UNIT ( $, .STERADIAN. ) SOLID_ANGLE_UNIT ( ) );
#353 = DIRECTION ( 'NONE',  ( 1.000000000000000000, 3.469446951953614189E-16, -0.000000000000000000 ) ) ;
#354 = ADVANCED_FACE ( 'NONE', ( #1743 ), #909, .T. ) ;
#355 = ORIENTED_EDGE ( 'NONE', *, *, #810, .F. ) ;
#356 = ORIENTED_EDGE ( 'NONE', *, *, #344, .F. ) ;
#357 = ORIENTED_EDGE ( 'NONE', *, *, #1973, .F. ) ;
#358 = FACE_OUTER_BOUND ( 'NONE', #831, .T. ) ;
#359 = CARTESIAN_POINT ( 'NONE',  ( 75.80582513778443854, 14.40781630673026115, 10.76990438760734570 ) ) ;
#360 = FACE_OUTER_BOUND ( 'NONE', #1246, .T. ) ;
#361 = ORIENTED_EDGE ( 'NONE', *, *, #2362, .T. ) ;
#362 = CARTESIAN_POINT ( 'NONE',  ( 76.87496423447929317, 11.95237798944472019, 8.410769028632117283 ) ) ;
#363 = EDGE_CURVE ( 'NONE', #1706, #88, #1937, .T. ) ;
#364 = CARTESIAN_POINT ( 'NONE',  ( 5.575631999907050940, 14.80529464016007957, 13.36085441354740944 ) ) ;
#365 = AXIS2_PLACEMENT_3D ( 'NONE', #1084, #1114, #1968 ) ;
#366 = CARTESIAN_POINT ( 'NONE',  ( 76.00000000000000000, 10.49999999999999645, 14.50000000000000000 ) ) ;
#367 = FACE_OUTER_BOUND ( 'NONE', #231, .T. ) ;
#368 = ORIENTED_EDGE ( 'NONE', *, *, #769, .F. ) ;
#369 = EDGE_LOOP ( 'NONE', ( #606, #793, #1721, #2804 ) ) ;
#370 = ORIENTED_EDGE ( 'NONE', *, *, #1610, .T. ) ;
#371 = DIRECTION ( 'NONE',  ( 0.000000000000000000, 0.000000000000000000, 1.000000000000000000 ) ) ;
#372 = CYLINDRICAL_SURFACE ( 'NONE', #1300, 2.600000000000003197 ) ;
#373 = CARTESIAN_POINT ( 'NONE',  ( 57.49999999999998579, 16.99999999999998579, 0.000000000000000000 ) ) ;
#374 = VECTOR ( 'NONE', #1077, 1000.000000000000000 ) ;
#375 = ORIENTED_EDGE ( 'NONE', *, *, #2828, .F. ) ;
#376 = EDGE_CURVE ( 'NONE', #2324, #2625, #1756, .T. ) ;
#377 = FACE_OUTER_BOUND ( 'NONE', #1592, .T. ) ;
#378 = AXIS2_PLACEMENT_3D ( 'NONE', #884, #1550, #459 ) ;
#379 = CARTESIAN_POINT ( 'NONE',  ( 4.499354850523586968, 14.84287906640328636, 12.36893194343921820 ) ) ;
#380 = CARTESIAN_POINT ( 'NONE',  ( 14.00000000000000000, 12.50000000000000533, 13.50000000000000711 ) ) ;
#381 = EDGE_CURVE ( 'NONE', #2238, #7, #2503, .T. ) ;
#382 = CARTESIAN_POINT ( 'NONE',  ( 59.59383289580338783, 14.63659325339549966, 13.00000000000000711 ) ) ;
#383 = EDGE_CURVE ( 'NONE', #2151, #960, #2677, .T. ) ;
#384 = EDGE_CURVE ( 'NONE', #46, #2041, #654, .T. ) ;
#385 = ORIENTED_EDGE ( 'NONE', *, *, #1096, .F. ) ;
#386 = ORIENTED_EDGE ( 'NONE', *, *, #54, .T. ) ;
#387 = CARTESIAN_POINT ( 'NONE',  ( 12.20000000000000107, 14.57396661220067813, 10.60000000000000853 ) ) ;
#388 = CARTESIAN_POINT ( 'NONE',  ( 71.00000000000000000, 14.25524984140835549, 2.500000000000009770 ) ) ;
#389 = CARTESIAN_POINT ( 'NONE',  ( 71.00000000000000000, 14.25524984140835549, 2.500000000000007550 ) ) ;
#390 = ADVANCED_FACE ( 'NONE', ( #1134 ), #2830, .F. ) ;
#391 = ORIENTED_EDGE ( 'NONE', *, *, #1904, .F. ) ;
#392 = AXIS2_PLACEMENT_3D ( 'NONE', #422, #1266, #2186 ) ;
#393 = AXIS2_PLACEMENT_3D ( 'NONE', #901, #1502, #425 ) ;
#394 = CARTESIAN_POINT ( 'NONE',  ( 19.00000000000000355, 18.00000000000000355, 14.50000000000000000 ) ) ;
#395 = AXIS2_PLACEMENT_3D ( 'NONE', #2344, #1011, #371 ) ;
#396 = CARTESIAN_POINT ( 'NONE',  ( 76.00000000000000000, 10.49999999999999645, 1.499999999999999556 ) ) ;
#397 = TOROIDAL_SURFACE ( 'NONE', #1950, 6.500000000000000888, 1.500000000000000000 ) ;
#398 = DIRECTION ( 'NONE',  ( 0.9166666666666699603, 0.000000000000000000, -0.3996526269427190803 ) ) ;
#399 = EDGE_CURVE ( 'NONE', #1392, #1567, #955, .T. ) ;
#400 = VERTEX_POINT ( 'NONE', #2502 ) ;
#401 = ORIENTED_EDGE ( 'NONE', *, *, #1150, .T. ) ;
#402 = CARTESIAN_POINT ( 'NONE',  ( 7.000000000000000000, 12.00000000000000178, 14.00000000000000711 ) ) ;
#403 = FACE_OUTER_BOUND ( 'NONE', #1750, .T. ) ;
#404 = LINE ( 'NONE', #1275, #500 ) ;
#405 = ORIENTED_EDGE ( 'NONE', *, *, #897, .F. ) ;
#406 = TOROIDAL_SURFACE ( 'NONE', #2846, 0.5000000000000000000, 1.500000000000000000 ) ;
#407 = FACE_OUTER_BOUND ( 'NONE', #877, .T. ) ;
#408 = EDGE_CURVE ( 'NONE', #2055, #2163, #823, .T. ) ;
#409 = CARTESIAN_POINT ( 'NONE',  ( 1.999999999999999112, 12.00000000000000000, 1.499999999999999556 ) ) ;
#410 = CYLINDRICAL_SURFACE ( 'NONE', #102, 1.500000000000000000 ) ;
#411 = CARTESIAN_POINT ( 'NONE',  ( 60.37884013313245646, 13.55221792762537447, 14.00000000000000711 ) ) ;
#412 = DIRECTION ( 'NONE',  ( -1.000000000000000000, 0.000000000000000000, 0.000000000000000000 ) ) ;
#413 = CYLINDRICAL_SURFACE ( 'NONE', #743, 0.4999999999999995559 ) ;
#414 = ORIENTED_EDGE ( 'NONE', *, *, #2456, .F. ) ;
#415 = LINE ( 'NONE', #849, #2381 ) ;
#416 = CARTESIAN_POINT ( 'NONE',  ( 75.39816762980001386, 14.39487474866854555, 4.619993036748015314 ) ) ;
#417 = CARTESIAN_POINT ( 'NONE',  ( 7.017449748351250349, 14.75494525491790121, 3.000000000000009326 ) ) ;
#418 = VERTEX_POINT ( 'NONE', #723 ) ;
#419 = FACE_OUTER_BOUND ( 'NONE', #1488, .T. ) ;
#420 = DIRECTION ( 'NONE',  ( -0.000000000000000000, -1.000000000000000000, 0.000000000000000000 ) ) ;
#421 = CIRCLE ( 'NONE', #237, 0.5000000000000000000 ) ;
#422 = CARTESIAN_POINT ( 'NONE',  ( 64.00000000000000000, 16.99999999999999645, 14.00000000000000711 ) ) ;
#423 = CARTESIAN_POINT ( 'NONE',  ( 7.000000000000000000, 0.000000000000000000, 10.60000000000000853 ) ) ;
#424 = CARTESIAN_POINT ( 'NONE',  ( 58.99999999999999289, 16.99999999999998934, 14.50000000000000000 ) ) ;
#425 = DIRECTION ( 'NONE',  ( 2.523234146875355702E-15, 0.000000000000000000, -1.000000000000000000 ) ) ;
#426 = ORIENTED_EDGE ( 'NONE', *, *, #2362, .F. ) ;
#427 = FACE_OUTER_BOUND ( 'NONE', #618, .T. ) ;
#428 = FACE_OUTER_BOUND ( 'NONE', #1521, .T. ) ;
#429 = CIRCLE ( 'NONE', #2458, 13.00000000000000533 ) ;
#430 = CARTESIAN_POINT ( 'NONE',  ( 18.03033925722415631, 14.03676866401275269, 13.90177609444345208 ) ) ;
#431 = ORIENTED_EDGE ( 'NONE', *, *, #2429, .T. ) ;
#432 = AXIS2_PLACEMENT_3D ( 'NONE', #1217, #1260, #2153 ) ;
#433 = DIRECTION ( 'NONE',  ( 0.000000000000000000, 0.000000000000000000, -1.000000000000000000 ) ) ;
#434 = EDGE_CURVE ( 'NONE', #2266, #1200, #1193, .T. ) ;
#435 = CARTESIAN_POINT ( 'NONE',  ( 18.38007385199261989, 14.58848068556902788, 13.30343528549326493 ) ) ;
#436 = CARTESIAN_POINT ( 'NONE',  ( 17.64148594388981550, 14.12450361763081297, 2.557297164383117050 ) ) ;
#437 = ADVANCED_FACE ( 'NONE', ( #1613 ), #922, .T. ) ;
#438 = PLANE ( 'NONE',  #1389 ) ;
#439 = EDGE_CURVE ( 'NONE', #729, #1586, #2078, .T. ) ;
#440 = DIRECTION ( 'NONE',  ( 0.000000000000000000, 1.000000000000000000, 0.000000000000000000 ) ) ;
#441 = VERTEX_POINT ( 'NONE', #1381 ) ;
#442 = FACE_OUTER_BOUND ( 'NONE', #1689, .T. ) ;
#443 = CARTESIAN_POINT ( 'NONE',  ( 6.999999999999999112, 14.25524984140835372, 13.50000000000000711 ) ) ;
#444 = EDGE_CURVE ( 'NONE', #309, #400, #604, .T. ) ;
#445 = CARTESIAN_POINT ( 'NONE',  ( 17.25904388018077640, 13.89699613486283525, 13.50000000000000711 ) ) ;
#446 = ORIENTED_EDGE ( 'NONE', *, *, #233, .F. ) ;
#447 = ORIENTED_EDGE ( 'NONE', *, *, #1698, .T. ) ;
#448 = DIRECTION ( 'NONE',  ( 3.469446951953614189E-16, -1.000000000000000000, 0.000000000000000000 ) ) ;
#449 = FACE_OUTER_BOUND ( 'NONE', #2827, .T. ) ;
#450 = FACE_OUTER_BOUND ( 'NONE', #1696, .T. ) ;
#451 = LINE ( 'NONE', #1326, #1614 ) ;
#452 = CARTESIAN_POINT ( 'NONE',  ( 60.66081703993327778, 13.93852019052312841, 13.50000000000000533 ) ) ;
#453 = CARTESIAN_POINT ( 'NONE',  ( 46.50000000000001421, 18.00000000000000000, 16.00000000000000000 ) ) ;
#454 = ORIENTED_EDGE ( 'NONE', *, *, #653, .F. ) ;
#455 = CIRCLE ( 'NONE', #1327, 0.5000000000000001110 ) ;
#456 = CIRCLE ( 'NONE', #1184, 5.000000000000004441 ) ;
#457 = DIRECTION ( 'NONE',  ( -0.000000000000000000, -0.000000000000000000, -1.000000000000000000 ) ) ;
#458 = ORIENTED_EDGE ( 'NONE', *, *, #1714, .T. ) ;
#459 = DIRECTION ( 'NONE',  ( 1.000000000000000000, -3.469446951953611033E-15, 0.000000000000000000 ) ) ;
#460 = LINE ( 'NONE', #2485, #306 ) ;
#461 = CARTESIAN_POINT ( 'NONE',  ( 10.00000000000000000, 12.00000000000000355, 16.00000000000000000 ) ) ;
#462 = VECTOR ( 'NONE', #1810, 1000.000000000000000 ) ;
#463 = DIRECTION ( 'NONE',  ( 0.000000000000000000, -0.000000000000000000, -1.000000000000000000 ) ) ;
#464 = AXIS2_PLACEMENT_3D ( 'NONE', #893, #2263, #249 ) ;
#465 = AXIS2_PLACEMENT_3D ( 'NONE', #1177, #1844, #2493 ) ;
#466 = EDGE_CURVE ( 'NONE', #2265, #468, #2150, .T. ) ;
#467 = CARTESIAN_POINT ( 'NONE',  ( 1.375663118957968889, 12.00000000000000000, 5.982332711326985297 ) ) ;
#468 = VERTEX_POINT ( 'NONE', #520 ) ;
#469 = ORIENTED_EDGE ( 'NONE', *, *, #1610, .F. ) ;
#470 = LINE ( 'NONE', #1346, #485 ) ;
#471 = ADVANCED_FACE ( 'NONE', ( #332 ), #1122, .T. ) ;
#472 = AXIS2_PLACEMENT_3D ( 'NONE', #2329, #130, #2819 ) ;
#473 = FACE_OUTER_BOUND ( 'NONE', #2453, .T. ) ;
#474 = CARTESIAN_POINT ( 'NONE',  ( 7.000000000000000000, 14.75555461355776465, 5.400000000000008349 ) ) ;
#475 = ADVANCED_FACE ( 'NONE', ( #2046 ), #735, .F. ) ;
#476 = DIRECTION ( 'NONE',  ( -1.000000000000000000, 0.000000000000000000, 0.000000000000000000 ) ) ;
#477 = CARTESIAN_POINT ( 'NONE',  ( 1.499999999999999778, 12.50000000000000000, 10.39791576165636755 ) ) ;
#478 = ADVANCED_FACE ( 'NONE', ( #1626 ), #560, .T. ) ;
#479 = CIRCLE ( 'NONE', #1162, 1.500000000000000000 ) ;
#480 = ORIENTED_EDGE ( 'NONE', *, *, #376, .T. ) ;
#481 = EDGE_CURVE ( 'NONE', #2055, #946, #744, .T. ) ;
#482 = DIRECTION ( 'NONE',  ( -0.000000000000000000, -0.000000000000000000, -1.000000000000000000 ) ) ;
#483 = ORIENTED_EDGE ( 'NONE', *, *, #696, .T. ) ;
#484 = ORIENTED_EDGE ( 'NONE', *, *, #381, .T. ) ;
#485 = VECTOR ( 'NONE', #2239, 1000.000000000000000 ) ;
#486 = CARTESIAN_POINT ( 'NONE',  ( 18.03006071168633184, 14.03640910216967974, 2.098096992987826148 ) ) ;
#487 = CARTESIAN_POINT ( 'NONE',  ( 39.00000000000000000, 18.00000000000000000, 9.000000000000001776 ) ) ;
#488 = CYLINDRICAL_SURFACE ( 'NONE', #671, 0.5000000000000000000 ) ;
#489 = LINE ( 'NONE', #1364, #605 ) ;
#490 = CARTESIAN_POINT ( 'NONE',  ( 6.279921882158046031, 14.27810955228881085, 2.500000000000009770 ) ) ;
#491 = VERTEX_POINT ( 'NONE', #1110 ) ;
#492 = AXIS2_PLACEMENT_3D ( 'NONE', #2575, #734, #1441 ) ;
#493 = CARTESIAN_POINT ( 'NONE',  ( 6.999999999999999112, 14.25524984140835372, 2.500000000000007550 ) ) ;
#494 = ORIENTED_EDGE ( 'NONE', *, *, #1359, .F. ) ;
#495 = LINE ( 'NONE', #2051, #2225 ) ;
#496 = DIRECTION ( 'NONE',  ( -0.9993908270190960952, -0.03489949670248964492, -0.000000000000000000 ) ) ;
#497 = ORIENTED_EDGE ( 'NONE', *, *, #503, .F. ) ;
#498 = ORIENTED_EDGE ( 'NONE', *, *, #1030, .T. ) ;
#499 = ORIENTED_EDGE ( 'NONE', *, *, #2203, .T. ) ;
#500 = VECTOR ( 'NONE', #240, 1000.000000000000000 ) ;
#501 = DIRECTION ( 'NONE',  ( -0.000000000000000000, -0.000000000000000000, -1.000000000000000000 ) ) ;
#502 = CYLINDRICAL_SURFACE ( 'NONE', #2705, 5.000000000000004441 ) ;
#503 = EDGE_CURVE ( 'NONE', #2773, #2070, #635, .T. ) ;
#504 = FACE_BOUND ( 'NONE', #1023, .T. ) ;
#505 = DIRECTION ( 'NONE',  ( 0.000000000000000000, 0.000000000000000000, 1.000000000000000000 ) ) ;
#506 = DIRECTION ( 'NONE',  ( -0.000000000000000000, -0.000000000000000000, -1.000000000000000000 ) ) ;
#507 = ORIENTED_EDGE ( 'NONE', *, *, #2219, .T. ) ;
#508 = CIRCLE ( 'NONE', #1791, 0.5000000000000004441 ) ;
#509 = FACE_OUTER_BOUND ( 'NONE', #2553, .T. ) ;
#510 = CARTESIAN_POINT ( 'NONE',  ( 1.539513524787281762, 12.44897404629188209, 7.242528341697819450 ) ) ;
#511 = ORIENTED_EDGE ( 'NONE', *, *, #2184, .F. ) ;
#512 = ORIENTED_EDGE ( 'NONE', *, *, #2234, .T. ) ;
#513 = ORIENTED_EDGE ( 'NONE', *, *, #1312, .T. ) ;
#514 = CARTESIAN_POINT ( 'NONE',  ( 18.25908228370307995, 14.36237879643994830, 3.000000000000008438 ) ) ;
#515 = CARTESIAN_POINT ( 'NONE',  ( 71.00000000000000000, 14.75555461355776643, 5.399999999999996803 ) ) ;
#516 = DIRECTION ( 'NONE',  ( -0.000000000000000000, 0.000000000000000000, 1.000000000000000000 ) ) ;
#517 = AXIS2_PLACEMENT_3D ( 'NONE', #842, #2376, #1731 ) ;
#518 = ADVANCED_FACE ( 'NONE', ( #358, #1664 ), #1464, .T. ) ;
#519 = FACE_OUTER_BOUND ( 'NONE', #1356, .T. ) ;
#520 = CARTESIAN_POINT ( 'NONE',  ( 1.958333333333333259, 12.50000000000000178, 5.801910551815014472 ) ) ;
#521 = LINE ( 'NONE', #1627, #1994 ) ;
#522 = AXIS2_PLACEMENT_3D ( 'NONE', #724, #1098, #214 ) ;
#523 = CARTESIAN_POINT ( 'NONE',  ( 60.21505670034500213, 13.72981153001535226, 2.446783043406527192 ) ) ;
#524 = CARTESIAN_POINT ( 'NONE',  ( 1.500045303462268942, 12.04919518542228118, 7.616611624516076873 ) ) ;
#525 = ORIENTED_EDGE ( 'NONE', *, *, #2372, .T. ) ;
#526 = EDGE_LOOP ( 'NONE', ( #640, #2368, #20, #1126 ) ) ;
#527 = ORIENTED_EDGE ( 'NONE', *, *, #466, .F. ) ;
#528 = EDGE_CURVE ( 'NONE', #1008, #668, #794, .T. ) ;
#529 = CARTESIAN_POINT ( 'NONE',  ( 18.13080580618582260, 14.17102185813013193, 2.576261779569212429 ) ) ;
#530 = CARTESIAN_POINT ( 'NONE',  ( 76.35684971983967273, 14.42530921801615307, 6.560386631591360818 ) ) ;
#531 = DIRECTION ( 'NONE',  ( 0.000000000000000000, -1.000000000000000000, 0.000000000000000000 ) ) ;
#532 = CARTESIAN_POINT ( 'NONE',  ( 76.18179025191888343, 12.03662634888757843, 9.876693794051458752 ) ) ;
#533 = CARTESIAN_POINT ( 'NONE',  ( 5.708710322528112613, 14.80064744273183308, 3.130136618326360143 ) ) ;
#534 = CARTESIAN_POINT ( 'NONE',  ( -3.999999999999998224, 14.60445753632583177, 13.50000000000000888 ) ) ;
#535 = CIRCLE ( 'NONE', #898, 6.000000000000000000 ) ;
#536 = CARTESIAN_POINT ( 'NONE',  ( 60.38052405767712827, 14.10888739033319261, 2.549111944679419484 ) ) ;
#537 = DIRECTION ( 'NONE',  ( 1.000000000000000000, 2.891205793294677833E-16, 0.000000000000000000 ) ) ;
#538 = B_SPLINE_CURVE_WITH_KNOTS ( 'NONE', 3,
 ( #1148, #290, #736, #954, #1583, #1828, #2708, #1597, #69, #225 ),
 .UNSPECIFIED., .F., .F.,
 ( 4, 2, 2, 2, 4 ),
 ( 0.000000000000000000, 0.001221899909286434591, 0.002443799818572869181, 0.003665699727859305940, 0.004887599637145743567 ),
 .UNSPECIFIED. ) ;
#539 = VERTEX_POINT ( 'NONE', #2105 ) ;
#540 = VERTEX_POINT ( 'NONE', #1651 ) ;
#541 = VERTEX_POINT ( 'NONE', #1248 ) ;
#542 = LINE ( 'NONE', #2196, #2688 ) ;
#543 = FACE_OUTER_BOUND ( 'NONE', #1180, .T. ) ;
#544 = DIRECTION ( 'NONE',  ( 1.000000000000000000, 0.000000000000000000, 0.000000000000000000 ) ) ;
#545 = DIRECTION ( 'NONE',  ( -1.000000000000000000, -1.224646799147349509E-16, 0.000000000000000000 ) ) ;
#546 = DIRECTION ( 'NONE',  ( 0.000000000000000000, -1.000000000000000000, 0.000000000000000000 ) ) ;
#547 = CARTESIAN_POINT ( 'NONE',  ( 60.27138730100890029, 13.66507421468157091, 2.000000000000007105 ) ) ;
#548 = CARTESIAN_POINT ( 'NONE',  ( 18.10041152000333753, 14.13576818003346958, 2.148131667208092122 ) ) ;
#549 = CARTESIAN_POINT ( 'NONE',  ( 78.00000000000000000, 15.00000000000000178, 3.000000000000007994 ) ) ;
#550 = ADVANCED_FACE ( 'NONE', ( #1232 ), #2539, .F. ) ;
#551 = ORIENTED_EDGE ( 'NONE', *, *, #767, .F. ) ;
#552 = VERTEX_POINT ( 'NONE', #1921 ) ;
#553 = PRODUCT ( 'Bearing_housing', 'Bearing_housing', '', ( #1760 ) ) ;
#554 = ORIENTED_EDGE ( 'NONE', *, *, #2822, .F. ) ;
#555 = CIRCLE ( 'NONE', #2269, 0.4999999999999993894 ) ;
#556 = FACE_OUTER_BOUND ( 'NONE', #2667, .T. ) ;
#557 = CARTESIAN_POINT ( 'NONE',  ( 74.36959447367857479, 14.87322344545346020, 12.40624203049784491 ) ) ;
#558 = CARTESIAN_POINT ( 'NONE',  ( 17.25904388018077640, 13.89699613486283702, 2.000000000000007105 ) ) ;
#559 = CIRCLE ( 'NONE', #1936, 5.000000000000004441 ) ;
#560 =( BOUNDED_SURFACE ( )  B_SPLINE_SURFACE ( 3, 2, ( 
 ( #1596, #2517, #122 ),
 ( #490, #2473, #2488 ),
 ( #2095, #2301, #533 ),
 ( #1366, #1412, #319 ),
 ( #1191, #108, #968 ),
 ( #2259, #1855, #988 ),
 ( #750, #1643, #1868 ),
 ( #273, #1672, #2561 ),
 ( #577, #2361, #1003 ),
 ( #2546, #1456, #1885 ),
 ( #2576, #2767, #2113 ),
 ( #784, #153, #1684 ),
 ( #1017, #1901, #1442 ),
 ( #593, #2349, #2335 ),
 ( #1470, #564, #379 ),
 ( #2127, #364, #1238 ),
 ( #2785, #136, #1223 ),
 ( #2753, #800, #770 ) ),
 .UNSPECIFIED., .F., .F., .T. ) 
 B_SPLINE_SURFACE_WITH_KNOTS ( ( 4, 2, 2, 2, 2, 2, 2, 2, 4 ),
 ( 3, 3 ),
 ( 1.570796326794896558, 1.963495408493620697, 2.356194490192344837, 2.748893571891068976, 3.141592653589793116, 3.534291735288517255, 3.926990816987241395, 4.319689898685965090, 4.712388980384689674 ),
 ( 0.000000000000000000, 1.000000000000000000 ),
 .UNSPECIFIED. ) 
 GEOMETRIC_REPRESENTATION_ITEM ( )  RATIONAL_B_SPLINE_SURFACE ( (
 ( 1.000000000000000000, 0.7071067811865487940, 1.000000000000000000),
 ( 1.000000000000000000, 0.7054914405900043484, 1.000000000000000000),
 ( 1.000000000000000000, 0.7038713107419152237, 1.000000000000000000),
 ( 1.000000000000000000, 0.7008667721860535327, 1.000000000000000000),
 ( 1.000000000000000000, 0.6994838466554035294, 1.000000000000000000),
 ( 1.000000000000000000, 0.6971709633972905662, 1.000000000000000000),
 ( 1.000000000000000000, 0.6962420858926314793, 1.000000000000000000),
 ( 1.000000000000000000, 0.6949854794622347676, 1.000000000000000000),
 ( 1.000000000000000000, 0.6946583704589972541, 1.000000000000000000),
 ( 1.000000000000000000, 0.6946583704589972541, 1.000000000000000000),
 ( 1.000000000000000000, 0.6949854794622347676, 1.000000000000000000),
 ( 1.000000000000000000, 0.6962420858926314793, 1.000000000000000000),
 ( 1.000000000000000000, 0.6971709633970000208, 1.000000000000000000),
 ( 1.000000000000000000, 0.6994838466556945189, 1.000000000000000000),
 ( 1.000000000000000000, 0.7008667721859461741, 1.000000000000000000),
 ( 1.000000000000000000, 0.7038713107420225823, 1.000000000000000000),
 ( 1.000000000000000000, 0.7054914405899249674, 1.000000000000000000),
 ( 1.000000000000000000, 0.7071067811865500152, 1.000000000000000000) ) ) 
 REPRESENTATION_ITEM ( '' )  SURFACE ( )  );
#561 = VERTEX_POINT ( 'NONE', #2356 ) ;
#562 = EDGE_CURVE ( 'NONE', #1951, #1344, #186, .T. ) ;
#563 = FACE_OUTER_BOUND ( 'NONE', #339, .T. ) ;
#564 = CARTESIAN_POINT ( 'NONE',  ( 4.242190007115721251, 14.85185946062166806, 12.81315484805466198 ) ) ;
#565 = AXIS2_PLACEMENT_3D ( 'NONE', #314, #77, #1851 ) ;
#566 = EDGE_CURVE ( 'NONE', #216, #46, #1713, .T. ) ;
#567 = LINE ( 'NONE', #1254, #1071 ) ;
#568 = CARTESIAN_POINT ( 'NONE',  ( 76.00000000000000000, 10.49999999999999645, 2.000000000000000000 ) ) ;
#569 = CARTESIAN_POINT ( 'NONE',  ( 7.017449748351250349, 14.75494525491790121, 13.00000000000000888 ) ) ;
#570 = VERTEX_POINT ( 'NONE', #1938 ) ;
#571 = ORIENTED_EDGE ( 'NONE', *, *, #2305, .F. ) ;
#572 = CARTESIAN_POINT ( 'NONE',  ( 20.50000000000000000, 18.00000000000000000, 14.50000000000000000 ) ) ;
#573 = CARTESIAN_POINT ( 'NONE',  ( 71.63716672241426409, 14.77780496579900671, 12.99999999999773515 ) ) ;
#574 = CARTESIAN_POINT ( 'NONE',  ( 76.50000000000000000, 14.42985368886709452, 4.778174593052031405 ) ) ;
#575 = VERTEX_POINT ( 'NONE', #1037 ) ;
#576 = DIRECTION ( 'NONE',  ( -0.000000000000000000, -1.000000000000000000, -0.000000000000000000 ) ) ;
#577 = CARTESIAN_POINT ( 'NONE',  ( 1.499999999999999556, 14.42985368886709274, 7.280051688352367378 ) ) ;
#578 = STYLED_ITEM ( 'NONE', ( #1788 ), #760 ) ;
#579 = DIRECTION ( 'NONE',  ( 1.000000000000000000, 0.000000000000000000, 0.000000000000000000 ) ) ;
#580 = DIRECTION ( 'NONE',  ( 0.6895564144749222191, -0.7242319733735106402, 0.000000000000000000 ) ) ;
#581 = DIRECTION ( 'NONE',  ( 0.000000000000000000, 1.000000000000000000, 0.000000000000000000 ) ) ;
#582 = ORIENTED_EDGE ( 'NONE', *, *, #716, .T. ) ;
#583 = ORIENTED_EDGE ( 'NONE', *, *, #258, .T. ) ;
#584 = ADVANCED_FACE ( 'NONE', ( #614 ), #110, .F. ) ;
#585 = ORIENTED_EDGE ( 'NONE', *, *, #2736, .T. ) ;
#586 = DIRECTION ( 'NONE',  ( 0.000000000000000000, 0.000000000000000000, 1.000000000000000000 ) ) ;
#587 = CARTESIAN_POINT ( 'NONE',  ( 60.05189935457430295, 14.37323851454640078, 3.000000000000007550 ) ) ;
#588 = FACE_OUTER_BOUND ( 'NONE', #129, .T. ) ;
#589 = VERTEX_POINT ( 'NONE', #1895 ) ;
#590 = ADVANCED_FACE ( 'NONE', ( #820 ), #1910, .T. ) ;
#591 = CYLINDRICAL_SURFACE ( 'NONE', #41, 0.4999999999999995559 ) ;
#592 = ADVANCED_FACE ( 'NONE', ( #161 ), #1206, .F. ) ;
#593 = CARTESIAN_POINT ( 'NONE',  ( 3.619993036746164794, 14.36255206326683442, 12.39816762979819487 ) ) ;
#594 = AXIS2_PLACEMENT_3D ( 'NONE', #2155, #2331, #1027 ) ;
#595 = EDGE_CURVE ( 'NONE', #1231, #2660, #1709, .T. ) ;
#596 = DIRECTION ( 'NONE',  ( 1.000000000000000000, 3.469446951953614189E-16, 0.000000000000000000 ) ) ;
#597 = DIRECTION ( 'NONE',  ( -0.9993908270190956511, 0.03489949670250099695, 0.000000000000000000 ) ) ;
#598 = DIRECTION ( 'NONE',  ( 1.224646799147353207E-16, 1.000000000000000000, -0.000000000000000000 ) ) ;
#599 = DIRECTION ( 'NONE',  ( 1.000000000000000000, 0.000000000000000000, 0.000000000000000000 ) ) ;
#600 = ORIENTED_EDGE ( 'NONE', *, *, #2434, .T. ) ;
#601 = DIRECTION ( 'NONE',  ( 1.000000000000000000, 3.469446951953614189E-16, 0.000000000000000000 ) ) ;
#602 = CARTESIAN_POINT ( 'NONE',  ( 60.58249070351806154, 13.98256653848985209, 2.505698847975807553 ) ) ;
#603 = FACE_OUTER_BOUND ( 'NONE', #2729, .T. ) ;
#604 = CIRCLE ( 'NONE', #2221, 4.500000000000003553 ) ;
#605 = VECTOR ( 'NONE', #2257, 1000.000000000000000 ) ;
#606 = ORIENTED_EDGE ( 'NONE', *, *, #2679, .T. ) ;
#607 = CIRCLE ( 'NONE', #1430, 5.500000000000000888 ) ;
#608 = ADVANCED_FACE ( 'NONE', ( #556 ), #1436, .T. ) ;
#609 = EDGE_CURVE ( 'NONE', #741, #1115, #2824, .T. ) ;
#610 = FACE_OUTER_BOUND ( 'NONE', #915, .T. ) ;
#611 = DIRECTION ( 'NONE',  ( 0.000000000000000000, 0.000000000000000000, -1.000000000000000000 ) ) ;
#612 = ORIENTED_EDGE ( 'NONE', *, *, #2429, .F. ) ;
#613 = EDGE_LOOP ( 'NONE', ( #370, #355, #2083, #2120 ) ) ;
#614 = FACE_OUTER_BOUND ( 'NONE', #1405, .T. ) ;
#615 = DIRECTION ( 'NONE',  ( 1.000000000000000000, 0.000000000000000000, 0.000000000000000000 ) ) ;
#616 = DIRECTION ( 'NONE',  ( 1.000000000000000000, 0.000000000000000000, 0.000000000000000000 ) ) ;
#617 = EDGE_CURVE ( 'NONE', #177, #741, #920, .T. ) ;
#618 = EDGE_LOOP ( 'NONE', ( #100, #1215, #295, #2380 ) ) ;
#619 = VECTOR ( 'NONE', #596, 1000.000000000000000 ) ;
#620 = EDGE_CURVE ( 'NONE', #98, #1115, #1879, .T. ) ;
#621 = CARTESIAN_POINT ( 'NONE',  ( 17.72861269899109971, 13.66507421468156913, 14.00000000000001421 ) ) ;
#622 = CARTESIAN_POINT ( 'NONE',  ( 39.00000000000000000, 10.50000000000001421, 14.50000000000000000 ) ) ;
#623 = PRODUCT_DEFINITION ( 'UNKNOWN', '', #979, #230 ) ;
#624 = DIRECTION ( 'NONE',  ( 1.000000000000000000, 0.000000000000000000, 0.000000000000000000 ) ) ;
#625 = AXIS2_PLACEMENT_3D ( 'NONE', #1747, #2635, #658 ) ;
#626 = CARTESIAN_POINT ( 'NONE',  ( 76.00000000000000000, 11.99999999999999645, 1.499999999999999556 ) ) ;
#627 = FACE_OUTER_BOUND ( 'NONE', #1293, .T. ) ;
#628 = ORIENTED_EDGE ( 'NONE', *, *, #466, .T. ) ;
#629 = LINE ( 'NONE', #2621, #1160 ) ;
#630 = FACE_OUTER_BOUND ( 'NONE', #1834, .T. ) ;
#631 = CARTESIAN_POINT ( 'NONE',  ( 18.40616710419660507, 14.63659325339549788, 13.00000000000000533 ) ) ;
#632 = ORIENTED_EDGE ( 'NONE', *, *, #2092, .T. ) ;
#633 = CIRCLE ( 'NONE', #854, 2.000000000000000000 ) ;
#634 = DIRECTION ( 'NONE',  ( 0.000000000000000000, 0.000000000000000000, 1.000000000000000000 ) ) ;
#635 =( BOUNDED_CURVE ( )  B_SPLINE_CURVE ( 3, ( #2793, #387, #2596, #1489 ),
 .UNSPECIFIED., .F., .F. ) 
 B_SPLINE_CURVE_WITH_KNOTS ( ( 4, 4 ),
 ( 1.570796326794896558, 4.712388980384689674 ),
 .UNSPECIFIED. ) 
 CURVE ( )  GEOMETRIC_REPRESENTATION_ITEM ( )  RATIONAL_B_SPLINE_CURVE ( ( 1.000000000000000000, 0.3333333333333333703, 0.3333333333333333703, 1.000000000000000000 ) ) 
 REPRESENTATION_ITEM ( '' )  );
#636 = DIRECTION ( 'NONE',  ( -1.000000000000000000, -1.224646799147353207E-16, 0.000000000000000000 ) ) ;
#637 = CYLINDRICAL_SURFACE ( 'NONE', #1382, 1.499999999999999556 ) ;
#638 = CARTESIAN_POINT ( 'NONE',  ( 59.69689473477230024, 14.45243959755651986, 13.57551312654080533 ) ) ;
#639 = LINE ( 'NONE', #2218, #1058 ) ;
#640 = ORIENTED_EDGE ( 'NONE', *, *, #2125, .T. ) ;
#641 = EDGE_CURVE ( 'NONE', #1021, #99, #629, .T. ) ;
#642 = CARTESIAN_POINT ( 'NONE',  ( 39.00000000000000000, 18.00000000000000000, 0.000000000000000000 ) ) ;
#643 = CARTESIAN_POINT ( 'NONE',  ( 2.000000000000001776, 12.00000000000000000, 14.00000000000000000 ) ) ;
#644 = CARTESIAN_POINT ( 'NONE',  ( 18.13051947157256905, 14.17063774472680215, 13.42392566739528270 ) ) ;
#645 = ORIENTED_EDGE ( 'NONE', *, *, #2605, .F. ) ;
#646 = DIRECTION ( 'NONE',  ( 0.000000000000000000, 0.000000000000000000, 1.000000000000000000 ) ) ;
#647 = CARTESIAN_POINT ( 'NONE',  ( 64.00000000000000000, 16.99999999999999645, 2.000000000000007105 ) ) ;
#648 = ADVANCED_FACE ( 'NONE', ( #427 ), #1302, .T. ) ;
#649 = CIRCLE ( 'NONE', #2028, 1.499999999999999556 ) ;
#650 = FACE_OUTER_BOUND ( 'NONE', #1927, .T. ) ;
#651 = CARTESIAN_POINT ( 'NONE',  ( 64.00000000000000000, 11.99999999999999645, 14.00000000000000711 ) ) ;
#652 = AXIS2_PLACEMENT_3D ( 'NONE', #2341, #1556, #1301 ) ;
#653 = EDGE_CURVE ( 'NONE', #864, #99, #1671, .T. ) ;
#654 = B_SPLINE_CURVE_WITH_KNOTS ( 'NONE', 3,
 ( #1299, #452, #246, #2461, #259, #2004, #900, #1526, #26, #686 ),
 .UNSPECIFIED., .F., .F.,
 ( 4, 2, 2, 2, 4 ),
 ( 0.000000000000000000, 0.0002688456119256287988, 0.0005376912238512575977, 0.0008065368357768863423, 0.001075382447702515195 ),
 .UNSPECIFIED. ) ;
#655 = CARTESIAN_POINT ( 'NONE',  ( 59.00000000000000000, 11.99999999999999645, 1.499999999999999556 ) ) ;
#656 = AXIS2_PLACEMENT_3D ( 'NONE', #1930, #611, #1059 ) ;
#657 = ORIENTED_EDGE ( 'NONE', *, *, #1189, .T. ) ;
#658 = DIRECTION ( 'NONE',  ( -1.000000000000000000, 0.000000000000000000, 0.000000000000000000 ) ) ;
#659 = DIRECTION ( 'NONE',  ( 1.000000000000000000, 3.469446951953614189E-16, -0.000000000000000000 ) ) ;
#660 = CARTESIAN_POINT ( 'NONE',  ( 39.00000000000000000, 18.00000000000000000, 16.00000000000000000 ) ) ;
#661 = ORIENTED_EDGE ( 'NONE', *, *, #2709, .T. ) ;
#662 = ORIENTED_EDGE ( 'NONE', *, *, #2522, .F. ) ;
#663 = CARTESIAN_POINT ( 'NONE',  ( 0.000000000000000000, 0.000000000000000000, 2.000000000000000000 ) ) ;
#664 = VECTOR ( 'NONE', #721, 1000.000000000000114 ) ;
#665 = LINE ( 'NONE', #2017, #326 ) ;
#666 = CARTESIAN_POINT ( 'NONE',  ( 60.18073980878527607, 14.25833389148638197, 13.33102870095693859 ) ) ;
#667 = LINE ( 'NONE', #2656, #785 ) ;
#668 = VERTEX_POINT ( 'NONE', #1066 ) ;
#669 = ORIENTED_EDGE ( 'NONE', *, *, #1040, .T. ) ;
#670 = DIRECTION ( 'NONE',  ( -0.000000000000000000, -0.000000000000000000, -1.000000000000000000 ) ) ;
#671 = AXIS2_PLACEMENT_3D ( 'NONE', #64, #286, #921 ) ;
#672 = CARTESIAN_POINT ( 'NONE',  ( 1.373130859256393110, 12.00000000000000355, 10.00992310834322474 ) ) ;
#673 = DIRECTION ( 'NONE',  ( -1.000000000000000000, 0.000000000000000000, 0.000000000000000000 ) ) ;
#674 = ADVANCED_FACE ( 'NONE', ( #1530 ), #2178, .F. ) ;
#675 = CARTESIAN_POINT ( 'NONE',  ( 59.59383289511424664, 14.63659325468030836, 13.14722712403768945 ) ) ;
#676 = CARTESIAN_POINT ( 'NONE',  ( 1.499999999999999556, 10.50000000000000000, 14.00000000000000000 ) ) ;
#677 = EDGE_CURVE ( 'NONE', #2841, #2744, #2415, .T. ) ;
#678 = EDGE_LOOP ( 'NONE', ( #2437, #114, #2638, #2124 ) ) ;
#679 = TOROIDAL_SURFACE ( 'NONE', #765, 4.500000000000000888, 0.5000000000000000000 ) ;
#680 = CARTESIAN_POINT ( 'NONE',  ( 58.99999999999999289, 18.00000000000000000, 16.00000000000000000 ) ) ;
#681 = VERTEX_POINT ( 'NONE', #1505 ) ;
#682 = CARTESIAN_POINT ( 'NONE',  ( 71.00000000000000000, 12.49999999999999645, 2.500000000000007550 ) ) ;
#683 = CARTESIAN_POINT ( 'NONE',  ( 7.000000000000000000, 12.50000000000000355, 8.000000000000008882 ) ) ;
#684 = CARTESIAN_POINT ( 'NONE',  ( 19.00000000000000000, 12.00000000000000178, 1.499999999999999556 ) ) ;
#685 = CARTESIAN_POINT ( 'NONE',  ( 39.00000000000000000, 18.00000000000000000, 9.000000000000001776 ) ) ;
#686 = CARTESIAN_POINT ( 'NONE',  ( 60.05189935457430295, 14.37323851454640078, 13.00000000000000711 ) ) ;
#687 = EDGE_CURVE ( 'NONE', #668, #1330, #415, .T. ) ;
#688 = VECTOR ( 'NONE', #670, 1000.000000000000000 ) ;
#689 = AXIS2_PLACEMENT_3D ( 'NONE', #1006, #196, #398 ) ;
#690 = ORIENTED_EDGE ( 'NONE', *, *, #2658, .T. ) ;
#691 = CARTESIAN_POINT ( 'NONE',  ( 1.125035765522417019, 11.95237798944516427, 7.589230971367897816 ) ) ;
#692 = ORIENTED_EDGE ( 'NONE', *, *, #2786, .T. ) ;
#693 = EDGE_LOOP ( 'NONE', ( #1984, #507, #2359, #2451 ) ) ;
#694 = CARTESIAN_POINT ( 'NONE',  ( 59.00000000000000000, 11.99999999999999645, 16.00000000000000000 ) ) ;
#695 = CARTESIAN_POINT ( 'NONE',  ( 39.00000000000000000, 18.00000000000000000, 9.000000000000001776 ) ) ;
#696 = EDGE_CURVE ( 'NONE', #1028, #1257, #890, .T. ) ;
#697 = CARTESIAN_POINT ( 'NONE',  ( 1.124975638855945981, 11.95236246480769182, 8.405111454132725868 ) ) ;
#698 = PLANE ( 'NONE',  #14 ) ;
#699 = CARTESIAN_POINT ( 'NONE',  ( 14.00000000000000000, 10.50000000000000533, 1.499999999999999556 ) ) ;
#700 = ORIENTED_EDGE ( 'NONE', *, *, #1780, .T. ) ;
#701 = CARTESIAN_POINT ( 'NONE',  ( 1.818926791715933078, 12.03643892419339245, 9.878338449308509794 ) ) ;
#702 = ORIENTED_EDGE ( 'NONE', *, *, #2050, .T. ) ;
#703 = ORIENTED_EDGE ( 'NONE', *, *, #2572, .F. ) ;
#704 = EDGE_LOOP ( 'NONE', ( #345, #2149, #2818, #385 ) ) ;
#705 = AXIS2_PLACEMENT_3D ( 'NONE', #269, #2525, #2297 ) ;
#706 = CARTESIAN_POINT ( 'NONE',  ( 18.11566253028177442, 14.15775314123465023, 2.160862555561582798 ) ) ;
#707 = DIRECTION ( 'NONE',  ( 1.000000000000000000, 0.000000000000000000, -0.000000000000000000 ) ) ;
#708 = CARTESIAN_POINT ( 'NONE',  ( 1.499999999999999556, 12.00000000000000000, 5.602084238343650213 ) ) ;
#709 = DIRECTION ( 'NONE',  ( -0.000000000000000000, 0.000000000000000000, 1.000000000000000000 ) ) ;
#710 = ORIENTED_EDGE ( 'NONE', *, *, #2223, .T. ) ;
#711 = CARTESIAN_POINT ( 'NONE',  ( 59.74091773052526833, 14.36237877442650301, 2.904957152260990050 ) ) ;
#712 = CARTESIAN_POINT ( 'NONE',  ( 1.699199602499897876, 12.04670803447600669, 6.483554910899450796 ) ) ;
#713 = ORIENTED_EDGE ( 'NONE', *, *, #2328, .T. ) ;
#714 = VERTEX_POINT ( 'NONE', #865 ) ;
#715 = ORIENTED_EDGE ( 'NONE', *, *, #1511, .F. ) ;
#716 = EDGE_CURVE ( 'NONE', #1462, #2176, #78, .T. ) ;
#717 = VECTOR ( 'NONE', #482, 1000.000000000000000 ) ;
#718 = CARTESIAN_POINT ( 'NONE',  ( 17.61923104752692026, 14.10872976211156349, 2.549048488671041834 ) ) ;
#719 = CARTESIAN_POINT ( 'NONE',  ( 76.50000000000000000, 14.94761884576237598, 8.722315077229982450 ) ) ;
#720 = CARTESIAN_POINT ( 'NONE',  ( 7.000000000000000000, 12.50000000000000355, 13.50000000000000711 ) ) ;
#721 = DIRECTION ( 'NONE',  ( 0.9993908270190956511, 0.03489949670250104552, 0.000000000000000000 ) ) ;
#722 = ADVANCED_FACE ( 'NONE', ( #442 ), #833, .F. ) ;
#723 = CARTESIAN_POINT ( 'NONE',  ( 76.00000000000000000, 10.49999999999999645, 0.000000000000000000 ) ) ;
#724 = CARTESIAN_POINT ( 'NONE',  ( 6.999999999999999112, 14.25524984140835372, 3.000000000000009326 ) ) ;
#725 = EDGE_CURVE ( 'NONE', #975, #309, #47, .T. ) ;
#726 = CARTESIAN_POINT ( 'NONE',  ( 17.82896885945679344, 13.78105351628885522, 2.016045456058809471 ) ) ;
#727 = CARTESIAN_POINT ( 'NONE',  ( 39.00000000000000000, 18.00000000000000000, 0.000000000000000000 ) ) ;
#728 = VERTEX_POINT ( 'NONE', #2649 ) ;
#729 = VERTEX_POINT ( 'NONE', #1971 ) ;
#730 = ORIENTED_EDGE ( 'NONE', *, *, #764, .T. ) ;
#731 = LINE ( 'NONE', #1377, #1314 ) ;
#732 = CARTESIAN_POINT ( 'NONE',  ( 75.98255025164876031, 14.92954910237664201, 7.345501534865782389 ) ) ;
#733 = DIRECTION ( 'NONE',  ( 1.000000000000000000, 0.000000000000000000, 0.000000000000000000 ) ) ;
#734 = DIRECTION ( 'NONE',  ( 0.000000000000000000, 0.000000000000000000, 1.000000000000000000 ) ) ;
#735 = PLANE ( 'NONE',  #1999 ) ;
#736 = CARTESIAN_POINT ( 'NONE',  ( 76.72049080519028053, 11.98504938012253973, 6.388236255982440603 ) ) ;
#737 = AXIS2_PLACEMENT_3D ( 'NONE', #2591, #1031, #2799 ) ;
#738 = CARTESIAN_POINT ( 'NONE',  ( 59.88368417544847233, 14.15874119968859191, 2.161613736837057154 ) ) ;
#739 = CARTESIAN_POINT ( 'NONE',  ( 78.00000000000000000, 15.00000000000000178, 13.00000000000000711 ) ) ;
#740 = ORIENTED_EDGE ( 'NONE', *, *, #609, .T. ) ;
#741 = VERTEX_POINT ( 'NONE', #1956 ) ;
#742 = EDGE_LOOP ( 'NONE', ( #1384, #2425, #2343, #2277 ) ) ;
#743 = AXIS2_PLACEMENT_3D ( 'NONE', #2632, #875, #2175 ) ;
#744 = CIRCLE ( 'NONE', #889, 5.000000000000000888 ) ;
#745 = CARTESIAN_POINT ( 'NONE',  ( 1.499999999999999556, 12.00000000000000000, 14.00000000000000000 ) ) ;
#746 = DIRECTION ( 'NONE',  ( 0.000000000000000000, -0.000000000000000000, -1.000000000000000000 ) ) ;
#747 = CARTESIAN_POINT ( 'NONE',  ( 7.000000000000000000, 12.50000000000000355, 8.000000000000008882 ) ) ;
#748 = AXIS2_PLACEMENT_3D ( 'NONE', #2013, #646, #1294 ) ;
#749 = CARTESIAN_POINT ( 'NONE',  ( 76.84267075178799189, 11.96173053220600835, 8.826332718099521912 ) ) ;
#750 = CARTESIAN_POINT ( 'NONE',  ( 2.194174862215210631, 14.40781630673025937, 5.230095612393458104 ) ) ;
#751 = ADVANCED_FACE ( 'NONE', ( #2842 ), #2182, .T. ) ;
#752 = FACE_OUTER_BOUND ( 'NONE', #1440, .T. ) ;
#753 = AXIS2_PLACEMENT_3D ( 'NONE', #2702, #2310, #328 ) ;
#754 = CARTESIAN_POINT ( 'NONE',  ( 18.30310526522769266, 14.45243959755651630, 2.424486873459208436 ) ) ;
#755 = CARTESIAN_POINT ( 'NONE',  ( 1.958333333333333259, 12.50000000000000000, 10.19808944818500329 ) ) ;
#756 = VERTEX_POINT ( 'NONE', #1103 ) ;
#757 = ADVANCED_FACE ( 'NONE', ( #419 ), #1997, .F. ) ;
#758 = ORIENTED_EDGE ( 'NONE', *, *, #641, .T. ) ;
#759 = ORIENTED_EDGE ( 'NONE', *, *, #90, .T. ) ;
#760 = MANIFOLD_SOLID_BREP ( 'Fillet5', #2548 ) ;
#761 = CARTESIAN_POINT ( 'NONE',  ( 18.40616710419660862, 14.63659325339549788, 3.000000000000007994 ) ) ;
#762 = CARTESIAN_POINT ( 'NONE',  ( 73.75780999288596718, 14.85185946062166451, 12.81315484805353044 ) ) ;
#763 = CARTESIAN_POINT ( 'NONE',  ( 76.50000000000000000, 14.42985368886709452, 8.000000000000008882 ) ) ;
#764 = EDGE_CURVE ( 'NONE', #2774, #798, #1079, .T. ) ;
#765 = AXIS2_PLACEMENT_3D ( 'NONE', #1451, #1653, #119 ) ;
#766 = ORIENTED_EDGE ( 'NONE', *, *, #2690, .T. ) ;
#767 = EDGE_CURVE ( 'NONE', #1236, #224, #1632, .T. ) ;
#768 = CARTESIAN_POINT ( 'NONE',  ( 76.71717450032878105, 11.98556878983140983, 9.627372555791403386 ) ) ;
#769 = EDGE_CURVE ( 'NONE', #491, #2019, #2202, .T. ) ;
#770 = CARTESIAN_POINT ( 'NONE',  ( 7.017449748351249461, 14.75494525491790121, 13.00000000000000888 ) ) ;
#771 = DIRECTION ( 'NONE',  ( -0.9993908270190956511, 0.03489949670250099695, -0.000000000000000000 ) ) ;
#772 = ADVANCED_FACE ( 'NONE', ( #1522 ), #2411, .F. ) ;
#773 = CARTESIAN_POINT ( 'NONE',  ( 1.691216345003514254, 12.48048468884999096, 9.486266635566257932 ) ) ;
#774 = DIRECTION ( 'NONE',  ( -0.000000000000000000, 0.000000000000000000, 1.000000000000000000 ) ) ;
#775 = ORIENTED_EDGE ( 'NONE', *, *, #61, .T. ) ;
#776 = ORIENTED_EDGE ( 'NONE', *, *, #1725, .F. ) ;
#777 = ORIENTED_EDGE ( 'NONE', *, *, #1093, .F. ) ;
#778 = AXIS2_PLACEMENT_3D ( 'NONE', #568, #1197, #2340 ) ;
#779 = DIRECTION ( 'NONE',  ( 1.000000000000000000, 1.224646799147353207E-16, 0.000000000000000000 ) ) ;
#780 = CARTESIAN_POINT ( 'NONE',  ( 71.00000000000000000, 11.99999999999999645, 8.000000000000008882 ) ) ;
#781 = DIRECTION ( 'NONE',  ( 0.7242319733735056442, -0.6895564144749275481, 0.000000000000000000 ) ) ;
#782 = ORIENTED_EDGE ( 'NONE', *, *, #1370, .F. ) ;
#783 = CARTESIAN_POINT ( 'NONE',  ( 76.50000000000000000, 11.99999999999999645, 10.39791576165635689 ) ) ;
#784 = CARTESIAN_POINT ( 'NONE',  ( 2.194174862215314104, 14.40781630673025937, 10.76990438760681279 ) ) ;
#785 = VECTOR ( 'NONE', #2436, 1000.000000000000000 ) ;
#786 = AXIS2_PLACEMENT_3D ( 'NONE', #951, #1609, #1378 ) ;
#787 = LINE ( 'NONE', #815, #1258 ) ;
#788 = CIRCLE ( 'NONE', #203, 1.500000000000000000 ) ;
#789 = DIRECTION ( 'NONE',  ( -1.000000000000000000, -3.469446951953614189E-16, 0.000000000000000000 ) ) ;
#790 = AXIS2_PLACEMENT_3D ( 'NONE', #2806, #2382, #997 ) ;
#791 = ORIENTED_EDGE ( 'NONE', *, *, #1251, .F. ) ;
#792 = EDGE_LOOP ( 'NONE', ( #628, #1574, #426, #2582 ) ) ;
#793 = ORIENTED_EDGE ( 'NONE', *, *, #595, .F. ) ;
#794 = LINE ( 'NONE', #2164, #2516 ) ;
#795 = DIRECTION ( 'NONE',  ( 3.469446951953614189E-16, -1.000000000000000000, 0.000000000000000000 ) ) ;
#796 = ADVANCED_FACE ( 'NONE', ( #2454 ), #123, .T. ) ;
#797 = DIRECTION ( 'NONE',  ( -1.000000000000000000, 0.000000000000000000, 0.000000000000000000 ) ) ;
#798 = VERTEX_POINT ( 'NONE', #1575 ) ;
#799 = CARTESIAN_POINT ( 'NONE',  ( 76.71855632818694914, 11.98536276117173927, 6.378636985431056061 ) ) ;
#800 = CARTESIAN_POINT ( 'NONE',  ( 7.017449748351248573, 14.75494525491789943, 13.50000000000000888 ) ) ;
#801 = CARTESIAN_POINT ( 'NONE',  ( 59.67579190636302400, 14.48944875176391811, 2.493043863071520150 ) ) ;
#802 = CARTESIAN_POINT ( 'NONE',  ( 7.000000000000000000, 14.75555461355776465, 3.000000000000007994 ) ) ;
#803 = CARTESIAN_POINT ( 'NONE',  ( 76.50000000000000000, 11.99999999999999645, 5.602084238343662648 ) ) ;
#804 = ORIENTED_EDGE ( 'NONE', *, *, #1996, .T. ) ;
#805 = AXIS2_PLACEMENT_3D ( 'NONE', #1490, #2839, #2794 ) ;
#806 = ORIENTED_EDGE ( 'NONE', *, *, #617, .F. ) ;
#807 = DIRECTION ( 'NONE',  ( -1.000000000000000000, -3.469446951953614189E-16, 0.000000000000000000 ) ) ;
#808 = CARTESIAN_POINT ( 'NONE',  ( 60.22510621543229803, 14.22271751081177982, 2.631254051077128953 ) ) ;
#809 = DIRECTION ( 'NONE',  ( 3.469446951953613696E-16, -1.000000000000000000, -0.000000000000000000 ) ) ;
#810 = EDGE_CURVE ( 'NONE', #2625, #1216, #470, .T. ) ;
#811 = VERTEX_POINT ( 'NONE', #1536 ) ;
#812 = DIRECTION ( 'NONE',  ( -0.000000000000000000, 0.000000000000000000, 1.000000000000000000 ) ) ;
#813 = AXIS2_PLACEMENT_3D ( 'NONE', #1499, #789, #816 ) ;
#814 = AXIS2_PLACEMENT_3D ( 'NONE', #1129, #2014, #1173 ) ;
#815 = CARTESIAN_POINT ( 'NONE',  ( 6.982550251648749651, 14.25585920004821716, 13.50000000000000711 ) ) ;
#816 = DIRECTION ( 'NONE',  ( 0.000000000000000000, -1.000000000000000000, 0.000000000000000000 ) ) ;
#817 = DIRECTION ( 'NONE',  ( 0.000000000000000000, 0.000000000000000000, 1.000000000000000000 ) ) ;
#818 = ORIENTED_EDGE ( 'NONE', *, *, #1904, .T. ) ;
#819 = ORIENTED_EDGE ( 'NONE', *, *, #1584, .T. ) ;
#820 = FACE_OUTER_BOUND ( 'NONE', #613, .T. ) ;
#821 = CARTESIAN_POINT ( 'NONE',  ( 72.42436800009060960, 14.80529464016005647, 2.639145586451069558 ) ) ;
#822 = CARTESIAN_POINT ( 'NONE',  ( 17.94810064542568995, 14.37323851454640078, 13.00000000000000711 ) ) ;
#823 = CIRCLE ( 'NONE', #1335, 1.500000000000000000 ) ;
#824 = AXIS2_PLACEMENT_3D ( 'NONE', #647, #433, #1277 ) ;
#825 = ORIENTED_EDGE ( 'NONE', *, *, #1876, .T. ) ;
#826 = CIRCLE ( 'NONE', #330, 0.5000000000000004441 ) ;
#827 = CARTESIAN_POINT ( 'NONE',  ( 6.999999999999999112, 15.00000000000000355, 13.50000000000000711 ) ) ;
#828 = DIRECTION ( 'NONE',  ( 1.000000000000000000, 0.000000000000000000, 0.000000000000000000 ) ) ;
#829 = DIRECTION ( 'NONE',  ( 1.000000000000000000, 0.000000000000000000, 0.000000000000000000 ) ) ;
#830 = CARTESIAN_POINT ( 'NONE',  ( 31.49999999999998579, 18.00000000000000000, 14.50000000000000000 ) ) ;
#831 = EDGE_LOOP ( 'NONE', ( #1376, #632, #925, #1833 ) ) ;
#832 = ORIENTED_EDGE ( 'NONE', *, *, #1251, .T. ) ;
#833 = CYLINDRICAL_SURFACE ( 'NONE', #35, 6.000000000000012434 ) ;
#834 = DIRECTION ( 'NONE',  ( 1.000000000000000000, 0.000000000000000000, 0.000000000000000000 ) ) ;
#835 = DIRECTION ( 'NONE',  ( -3.469446951953614189E-16, 1.000000000000000000, -0.000000000000000000 ) ) ;
#836 = ORIENTED_EDGE ( 'NONE', *, *, #2831, .F. ) ;
#837 = AXIS2_PLACEMENT_3D ( 'NONE', #1443, #1700, #1413 ) ;
#838 = DIRECTION ( 'NONE',  ( 1.000000000000000000, 1.224646799147353207E-16, 0.000000000000000000 ) ) ;
#839 = CIRCLE ( 'NONE', #393, 5.500000000000000000 ) ;
#840 = FACE_OUTER_BOUND ( 'NONE', #2142, .T. ) ;
#841 = DIRECTION ( 'NONE',  ( -1.000000000000000000, 0.000000000000000000, 0.000000000000000000 ) ) ;
#842 = CARTESIAN_POINT ( 'NONE',  ( 71.00000000000000000, 12.49999999999999645, 14.00000000000000888 ) ) ;
#843 = CIRCLE ( 'NONE', #2470, 5.000000000000000888 ) ;
#844 =( BOUNDED_CURVE ( )  B_SPLINE_CURVE ( 3, ( #443, #534, #2474, #493 ),
 .UNSPECIFIED., .F., .F. ) 
 B_SPLINE_CURVE_WITH_KNOTS ( ( 4, 4 ),
 ( 1.570796326794896558, 4.712388980384689674 ),
 .UNSPECIFIED. ) 
 CURVE ( )  GEOMETRIC_REPRESENTATION_ITEM ( )  RATIONAL_B_SPLINE_CURVE ( ( 1.000000000000000000, 0.3333333333333333703, 0.3333333333333333703, 1.000000000000000000 ) ) 
 REPRESENTATION_ITEM ( '' )  );
#845 = ADVANCED_FACE ( 'NONE', ( #254 ), #1128, .F. ) ;
#846 = EDGE_CURVE ( 'NONE', #491, #2620, #2565, .T. ) ;
#847 = CARTESIAN_POINT ( 'NONE',  ( 7.000000000000000000, 0.000000000000000000, 8.000000000000008882 ) ) ;
#848 = ORIENTED_EDGE ( 'NONE', *, *, #2815, .F. ) ;
#849 = CARTESIAN_POINT ( 'NONE',  ( 76.00000000000000000, 10.49999999999999645, 16.00000000000000000 ) ) ;
#850 = CARTESIAN_POINT ( 'NONE',  ( 73.76990438761211522, 14.34318365289394315, 3.194174862217528332 ) ) ;
#851 = CARTESIAN_POINT ( 'NONE',  ( 18.25908228370307995, 14.36237879643994830, 13.00000000000000711 ) ) ;
#852 = EDGE_CURVE ( 'NONE', #2600, #2086, #2338, .T. ) ;
#853 = VERTEX_POINT ( 'NONE', #2088 ) ;
#854 = AXIS2_PLACEMENT_3D ( 'NONE', #2001, #2501, #49 ) ;
#855 =( LENGTH_UNIT ( ) NAMED_UNIT ( * ) SI_UNIT ( .MILLI., .METRE. ) );
#856 = CARTESIAN_POINT ( 'NONE',  ( -4.286263797015735609E-16, 10.50000000000000000, 14.00000000000000000 ) ) ;
#857 = EDGE_CURVE ( 'NONE', #2296, #2773, #1186, .T. ) ;
#858 = LINE ( 'NONE', #1741, #166 ) ;
#859 = CYLINDRICAL_SURFACE ( 'NONE', #1705, 2.600000000000000089 ) ;
#860 = CARTESIAN_POINT ( 'NONE',  ( 60.54986469111210567, 14.00132049796665967, 13.49122934802722718 ) ) ;
#861 = VECTOR ( 'NONE', #797, 1000.000000000000000 ) ;
#862 = EDGE_CURVE ( 'NONE', #2567, #2745, #2087, .T. ) ;
#863 = FACE_OUTER_BOUND ( 'NONE', #1832, .T. ) ;
#864 = VERTEX_POINT ( 'NONE', #2483 ) ;
#865 = CARTESIAN_POINT ( 'NONE',  ( 58.99999999999999289, 16.99999999999998934, 1.499999999999999556 ) ) ;
#866 = FACE_OUTER_BOUND ( 'NONE', #1941, .T. ) ;
#867 = CARTESIAN_POINT ( 'NONE',  ( 18.25802647709046056, 14.37587765944553553, 13.66244110745736684 ) ) ;
#868 = ORIENTED_EDGE ( 'NONE', *, *, #316, .T. ) ;
#869 = CARTESIAN_POINT ( 'NONE',  ( 76.04166666666665719, 12.49999999999999645, 10.19808944818499619 ) ) ;
#870 = AXIS2_PLACEMENT_3D ( 'NONE', #1633, #2520, #537 ) ;
#871 = CARTESIAN_POINT ( 'NONE',  ( 18.29924801049491734, 14.44666435565316220, 13.56823354258548164 ) ) ;
#872 = DIRECTION ( 'NONE',  ( 3.469446951953614189E-16, -1.000000000000000000, 0.000000000000000000 ) ) ;
#873 = CARTESIAN_POINT ( 'NONE',  ( 60.37884013313244935, 13.55221792762537802, 14.00000000000000711 ) ) ;
#874 = EDGE_CURVE ( 'NONE', #2790, #1586, #2099, .T. ) ;
#875 = DIRECTION ( 'NONE',  ( -0.9993908270190957621, 0.03489949670250100389, 0.000000000000000000 ) ) ;
#876 = AXIS2_PLACEMENT_3D ( 'NONE', #477, #2847, #2244 ) ;
#877 = EDGE_LOOP ( 'NONE', ( #700, #836, #1047, #2510 ) ) ;
#878 = CARTESIAN_POINT ( 'NONE',  ( 71.00000000000000000, 12.49999999999999645, 13.50000000000000711 ) ) ;
#879 = EDGE_CURVE ( 'NONE', #995, #46, #731, .T. ) ;
#880 = ORIENTED_EDGE ( 'NONE', *, *, #149, .F. ) ;
#881 = UNCERTAINTY_MEASURE_WITH_UNIT (LENGTH_MEASURE( 1.000000000000000082E-05 ), #855, 'distance_accuracy_value', 'NONE');
#882 = ADVANCED_FACE ( 'NONE', ( #1863 ), #2134, .F. ) ;
#883 = DIRECTION ( 'NONE',  ( 0.000000000000000000, 0.000000000000000000, 1.000000000000000000 ) ) ;
#884 = CARTESIAN_POINT ( 'NONE',  ( 17.96555039377694030, 14.87293392805594827, 3.000000000000007994 ) ) ;
#885 = TOROIDAL_SURFACE ( 'NONE', #2145, 7.500000000000009770, 1.500000000000000000 ) ;
#886 = DIRECTION ( 'NONE',  ( -0.000000000000000000, -0.000000000000000000, 1.000000000000000000 ) ) ;
#887 = CARTESIAN_POINT ( 'NONE',  ( 17.25904388018077640, 13.89699613486283702, 2.500000000000007550 ) ) ;
#888 = CARTESIAN_POINT ( 'NONE',  ( 60.21491144634070736, 13.72998839286242756, 13.55320035239155452 ) ) ;
#889 = AXIS2_PLACEMENT_3D ( 'NONE', #348, #1656, #599 ) ;
#890 = CIRCLE ( 'NONE', #1265, 14.50000000000000533 ) ;
#891 = DIRECTION ( 'NONE',  ( -0.000000000000000000, 0.000000000000000000, 1.000000000000000000 ) ) ;
#892 = EDGE_LOOP ( 'NONE', ( #1745, #1676, #2495, #2034, #160, #2463, #791, #1221, #446, #2419 ) ) ;
#893 = CARTESIAN_POINT ( 'NONE',  ( 39.00000000000000000, 18.00000000000000000, 14.50000000000000000 ) ) ;
#894 = ORIENTED_EDGE ( 'NONE', *, *, #2097, .T. ) ;
#895 = DIRECTION ( 'NONE',  ( 0.000000000000000000, 0.000000000000000000, -1.000000000000000000 ) ) ;
#896 = CARTESIAN_POINT ( 'NONE',  ( 17.94810064542568995, 14.37323851454640078, 13.00000000000000711 ) ) ;
#897 = EDGE_CURVE ( 'NONE', #2791, #1231, #843, .T. ) ;
#898 = AXIS2_PLACEMENT_3D ( 'NONE', #780, #2499, #1622 ) ;
#899 = DIRECTION ( 'NONE',  ( 3.469446951953613696E-16, -1.000000000000000000, -0.000000000000000000 ) ) ;
#900 = CARTESIAN_POINT ( 'NONE',  ( 60.16616400090260441, 14.27097840156025654, 13.31834068586491604 ) ) ;
#901 = CARTESIAN_POINT ( 'NONE',  ( 71.00000000000000000, 12.49999999999999645, 8.000000000000008882 ) ) ;
#902 = CARTESIAN_POINT ( 'NONE',  ( 1.500043712956117714, 12.43650398592491335, 7.623461723753794494 ) ) ;
#903 = EDGE_LOOP ( 'NONE', ( #1827, #1001, #1504, #1815 ) ) ;
#904 = VERTEX_POINT ( 'NONE', #1849 ) ;
#905 = DIRECTION ( 'NONE',  ( 0.000000000000000000, 0.000000000000000000, 1.000000000000000000 ) ) ;
#906 = CARTESIAN_POINT ( 'NONE',  ( 76.50000000000000000, 10.49999999999999645, 14.00000000000000000 ) ) ;
#907 = CARTESIAN_POINT ( 'NONE',  ( 7.000000000000000000, 0.000000000000000000, 5.400000000000008349 ) ) ;
#908 = LINE ( 'NONE', #1742, #2811 ) ;
#909 = PLANE ( 'NONE',  #156 ) ;
#910 = VECTOR ( 'NONE', #1873, 1000.000000000000000 ) ;
#911 = VECTOR ( 'NONE', #838, 1000.000000000000000 ) ;
#912 = EDGE_LOOP ( 'NONE', ( #2104, #776 ) ) ;
#913 = CARTESIAN_POINT ( 'NONE',  ( 20.50000000000000000, 17.00000000000000355, 0.000000000000000000 ) ) ;
#914 = ORIENTED_EDGE ( 'NONE', *, *, #51, .T. ) ;
#915 = EDGE_LOOP ( 'NONE', ( #484, #1181, #1802, #2325 ) ) ;
#916 = VERTEX_POINT ( 'NONE', #745 ) ;
#917 = CIRCLE ( 'NONE', #1510, 5.500000000000000888 ) ;
#918 = CARTESIAN_POINT ( 'NONE',  ( 18.25908228432355784, 14.36237879736760092, 2.903857091168030813 ) ) ;
#919 = CARTESIAN_POINT ( 'NONE',  ( 71.00000000000000000, 12.49999999999999645, 2.000000000000009326 ) ) ;
#920 = CIRCLE ( 'NONE', #790, 1.499999999999999556 ) ;
#921 = DIRECTION ( 'NONE',  ( 0.000000000000000000, 0.000000000000000000, -1.000000000000000000 ) ) ;
#922 = CYLINDRICAL_SURFACE ( 'NONE', #1703, 2.000000000000000000 ) ;
#923 = LINE ( 'NONE', #1385, #2783 ) ;
#924 = EDGE_CURVE ( 'NONE', #1216, #1477, #542, .T. ) ;
#925 = ORIENTED_EDGE ( 'NONE', *, *, #262, .T. ) ;
#926 = DIRECTION ( 'NONE',  ( -1.000000000000000000, 0.000000000000000000, 0.000000000000000000 ) ) ;
#927 = CARTESIAN_POINT ( 'NONE',  ( 1.807130471237161418, 12.49999998689663450, 9.851281710053907403 ) ) ;
#928 = EDGE_CURVE ( 'NONE', #541, #995, #933, .T. ) ;
#929 = ORIENTED_EDGE ( 'NONE', *, *, #2184, .T. ) ;
#930 = ORIENTED_EDGE ( 'NONE', *, *, #1328, .T. ) ;
#931 = ORIENTED_EDGE ( 'NONE', *, *, #376, .F. ) ;
#932 = AXIS2_PLACEMENT_3D ( 'NONE', #298, #501, #1171 ) ;
#933 =( BOUNDED_CURVE ( )  B_SPLINE_CURVE ( 3, ( #2693, #1083, #2276, #18 ),
 .UNSPECIFIED., .F., .F. ) 
 B_SPLINE_CURVE_WITH_KNOTS ( ( 4, 4 ),
 ( 3.141592653589793116, 4.712388980384689674 ),
 .UNSPECIFIED. ) 
 CURVE ( )  GEOMETRIC_REPRESENTATION_ITEM ( )  RATIONAL_B_SPLINE_CURVE ( ( 1.000000000000000000, 0.8047378541243649375, 0.8047378541243649375, 1.000000000000000000 ) ) 
 REPRESENTATION_ITEM ( '' )  );
#934 = CARTESIAN_POINT ( 'NONE',  ( 17.78508855365928554, 13.72998839286243289, 2.446799647608064454 ) ) ;
#935 = DIRECTION ( 'NONE',  ( -2.891205793294679312E-16, 1.000000000000000000, 0.000000000000000000 ) ) ;
#936 = EDGE_CURVE ( 'NONE', #2163, #2504, #96, .T. ) ;
#937 = DIRECTION ( 'NONE',  ( 0.000000000000000000, -1.000000000000000000, 0.000000000000000000 ) ) ;
#938 = CARTESIAN_POINT ( 'NONE',  ( 76.00000000000000000, 10.49999999999999645, 16.00000000000000000 ) ) ;
#939 = ADVANCED_FACE ( 'NONE', ( #866 ), #1401, .F. ) ;
#940 = AXIS2_PLACEMENT_3D ( 'NONE', #967, #576, #2722 ) ;
#941 = CARTESIAN_POINT ( 'NONE',  ( 19.00000000000000000, 12.00000000000000178, 16.00000000000000000 ) ) ;
#942 = ORIENTED_EDGE ( 'NONE', *, *, #1835, .T. ) ;
#943 = DIRECTION ( 'NONE',  ( 0.000000000000000000, 0.000000000000000000, 1.000000000000000000 ) ) ;
#944 = CARTESIAN_POINT ( 'NONE',  ( 1.499954774423317927, 12.04919149471890982, 8.382079142247098602 ) ) ;
#945 = EDGE_LOOP ( 'NONE', ( #497, #1765 ) ) ;
#946 = VERTEX_POINT ( 'NONE', #4 ) ;
#947 = EDGE_LOOP ( 'NONE', ( #204, #2698, #1139, #2587 ) ) ;
#948 = AXIS2_PLACEMENT_3D ( 'NONE', #558, #1250, #781 ) ;
#949 = CARTESIAN_POINT ( 'NONE',  ( 17.25904388018077640, 13.89699613486283525, 2.500000000000007550 ) ) ;
#950 = CARTESIAN_POINT ( 'NONE',  ( 68.00000000000000000, 11.99999999999999645, 16.00000000000000000 ) ) ;
#951 = CARTESIAN_POINT ( 'NONE',  ( 57.50000000000000000, 16.99999999999998934, 14.50000000000000000 ) ) ;
#952 = CARTESIAN_POINT ( 'NONE',  ( 0.000000000000000000, 0.000000000000000000, 16.00000000000000000 ) ) ;
#953 = CARTESIAN_POINT ( 'NONE',  ( 59.59383289580338783, 14.63659325339549966, 16.00000000000000000 ) ) ;
#954 = CARTESIAN_POINT ( 'NONE',  ( 76.84452949838568259, 11.96126222195672462, 7.191325933283254201 ) ) ;
#955 = CIRCLE ( 'NONE', #2448, 1.500000000000000000 ) ;
#956 = CIRCLE ( 'NONE', #2545, 2.000000000000000000 ) ;
#957 = VECTOR ( 'NONE', #2519, 1000.000000000000000 ) ;
#958 = DIRECTION ( 'NONE',  ( 0.000000000000000000, 0.000000000000000000, 1.000000000000000000 ) ) ;
#959 = DIRECTION ( 'NONE',  ( -1.000000000000000000, 0.000000000000000000, 0.000000000000000000 ) ) ;
#960 = VERTEX_POINT ( 'NONE', #2724 ) ;
#961 = ORIENTED_EDGE ( 'NONE', *, *, #1, .T. ) ;
#962 = ORIENTED_EDGE ( 'NONE', *, *, #439, .F. ) ;
#963 = DIRECTION ( 'NONE',  ( 0.000000000000000000, 0.000000000000000000, -1.000000000000000000 ) ) ;
#964 = DIRECTION ( 'NONE',  ( 1.000000000000000000, 2.891205793294679312E-16, -0.000000000000000000 ) ) ;
#965 = DIRECTION ( 'NONE',  ( -1.000000000000000000, -1.040834085586083310E-14, 0.000000000000000000 ) ) ;
#966 = EDGE_CURVE ( 'NONE', #2781, #1271, #538, .T. ) ;
#967 = CARTESIAN_POINT ( 'NONE',  ( 20.50000000000000355, 18.00000000000000355, 1.499999999999999556 ) ) ;
#968 = CARTESIAN_POINT ( 'NONE',  ( 3.944716145393095896, 14.86224747677635172, 4.001665791092545277 ) ) ;
#969 = DIRECTION ( 'NONE',  ( 1.000000000000000000, 3.469446951953614189E-16, -0.000000000000000000 ) ) ;
#970 = EDGE_CURVE ( 'NONE', #2265, #570, #212, .T. ) ;
#971 = AXIS2_PLACEMENT_3D ( 'NONE', #2169, #1988, #636 ) ;
#972 = CARTESIAN_POINT ( 'NONE',  ( 60.18105273258116483, 14.25809869957687859, 2.668779443757288483 ) ) ;
#973 = DIRECTION ( 'NONE',  ( 1.000000000000000000, 0.000000000000000000, 0.000000000000000000 ) ) ;
#974 = ADVANCED_FACE ( 'NONE', ( #1748 ), #397, .T. ) ;
#975 = VERTEX_POINT ( 'NONE', #1799 ) ;
#976 = ORIENTED_EDGE ( 'NONE', *, *, #481, .T. ) ;
#978 = EDGE_CURVE ( 'NONE', #1547, #1892, #521, .T. ) ;
#977 = ORIENTED_EDGE ( 'NONE', *, *, #1130, .T. ) ;
#979 = PRODUCT_DEFINITION_FORMATION_WITH_SPECIFIED_SOURCE ( 'ANY', '', #553, .NOT_KNOWN. ) ;
#980 = VECTOR ( 'NONE', #1095, 1000.000000000000000 ) ;
#981 = CARTESIAN_POINT ( 'NONE',  ( 17.45013530888788722, 14.00132049796660816, 2.508770651972769716 ) ) ;
#982 = DIRECTION ( 'NONE',  ( -0.9166666666666732910, 0.000000000000000000, -0.3996526269427118638 ) ) ;
#983 = CYLINDRICAL_SURFACE ( 'NONE', #2581, 2.000000000000000000 ) ;
#984 = AXIS2_PLACEMENT_3D ( 'NONE', #1086, #448, #2213 ) ;
#985 = ORIENTED_EDGE ( 'NONE', *, *, #2662, .T. ) ;
#986 = CARTESIAN_POINT ( 'NONE',  ( 76.49995628704388650, 12.43650398592491158, 8.376538276246220605 ) ) ;
#987 = EDGE_CURVE ( 'NONE', #2353, #2324, #923, .T. ) ;
#988 = CARTESIAN_POINT ( 'NONE',  ( 3.019115539443923968, 14.89457016217812324, 4.927266397042003199 ) ) ;
#989 = FACE_OUTER_BOUND ( 'NONE', #1034, .T. ) ;
#990 = AXIS2_PLACEMENT_3D ( 'NONE', #38, #1132, #2256 ) ;
#991 = CARTESIAN_POINT ( 'NONE',  ( 18.40616710419660151, 14.63659325339549255, 2.921336964355517374 ) ) ;
#992 = DIRECTION ( 'NONE',  ( -4.082155997157842586E-17, 1.000000000000000000, 0.000000000000000000 ) ) ;
#993 = CARTESIAN_POINT ( 'NONE',  ( 7.017449748351250349, 14.75494525491790121, 3.000000000000009326 ) ) ;
#994 = VERTEX_POINT ( 'NONE', #2209 ) ;
#995 = VERTEX_POINT ( 'NONE', #274 ) ;
#996 = EDGE_CURVE ( 'NONE', #1803, #2069, #1022, .T. ) ;
#997 = DIRECTION ( 'NONE',  ( 0.000000000000000000, 0.000000000000000000, -1.000000000000000000 ) ) ;
#998 = CARTESIAN_POINT ( 'NONE',  ( 75.35148219508980105, 14.90751172023994187, 10.51809489782439400 ) ) ;
#999 = CARTESIAN_POINT ( 'NONE',  ( 71.00000000000000000, 11.99999999999999645, 2.000000000000007105 ) ) ;
#1000 = AXIS2_PLACEMENT_3D ( 'NONE', #660, #2610, #616 ) ;
#1001 = ORIENTED_EDGE ( 'NONE', *, *, #2203, .F. ) ;
#1002 = CARTESIAN_POINT ( 'NONE',  ( 76.30250915346073270, 12.04684952684913135, 6.488995905787833252 ) ) ;
#1003 = CARTESIAN_POINT ( 'NONE',  ( 2.017449748351250349, 14.92954910237664023, 7.345501534865789495 ) ) ;
#1004 = LINE ( 'NONE', #1685, #1487 ) ;
#1005 = CARTESIAN_POINT ( 'NONE',  ( 59.89958847999665181, 14.13576818003346602, 13.85186833279191987 ) ) ;
#1006 = CARTESIAN_POINT ( 'NONE',  ( 76.50000000000000000, 12.49999999999999645, 5.602084238343660871 ) ) ;
#1007 = ORIENTED_EDGE ( 'NONE', *, *, #617, .T. ) ;
#1008 = VERTEX_POINT ( 'NONE', #1531 ) ;
#1009 = ORIENTED_EDGE ( 'NONE', *, *, #1144, .F. ) ;
#1010 = CIRCLE ( 'NONE', #464, 19.99999999999999645 ) ;
#1011 = DIRECTION ( 'NONE',  ( -1.000000000000000000, 0.000000000000000000, 0.000000000000000000 ) ) ;
#1012 = CARTESIAN_POINT ( 'NONE',  ( 75.35148219508981526, 14.90751172023994187, 5.481905102175922195 ) ) ;
#1013 = DIRECTION ( 'NONE',  ( -3.061231352237829869E-16, -1.000000000000000000, -0.000000000000000000 ) ) ;
#1014 = ORIENTED_EDGE ( 'NONE', *, *, #810, .T. ) ;
#1015 = CARTESIAN_POINT ( 'NONE',  ( 19.00000000000000355, 18.00000000000000355, 1.499999999999999556 ) ) ;
#1016 = CIRCLE ( 'NONE', #2639, 1.500000000000000000 ) ;
#1017 = CARTESIAN_POINT ( 'NONE',  ( 2.601832370201818012, 14.39487474866854377, 11.38000696325384986 ) ) ;
#1018 = CARTESIAN_POINT ( 'NONE',  ( 60.17103114054318524, 13.78105351628885522, 13.98395454394120208 ) ) ;
#1019 = APPLICATION_PROTOCOL_DEFINITION ( 'draft international standard', 'automotive_design', 1998, #2015 ) ;
#1020 = ADVANCED_FACE ( 'NONE', ( #2678 ), #2490, .F. ) ;
#1021 = VERTEX_POINT ( 'NONE', #2505 ) ;
#1022 = CIRCLE ( 'NONE', #522, 0.4999999999999995559 ) ;
#1023 = EDGE_LOOP ( 'NONE', ( #483, #1081 ) ) ;
#1024 = ORIENTED_EDGE ( 'NONE', *, *, #2432, .T. ) ;
#1025 = DIRECTION ( 'NONE',  ( 0.000000000000000000, -0.000000000000000000, 1.000000000000000000 ) ) ;
#1026 = CARTESIAN_POINT ( 'NONE',  ( 72.29128967747256240, 14.80064744273185795, 3.130136618326640363 ) ) ;
#1027 = DIRECTION ( 'NONE',  ( 1.000000000000000000, -3.154042683594191669E-16, 0.000000000000000000 ) ) ;
#1028 = VERTEX_POINT ( 'NONE', #1176 ) ;
#1029 = CARTESIAN_POINT ( 'NONE',  ( 2.000000000000002220, 10.50000000000000000, 14.50000000000000000 ) ) ;
#1030 = EDGE_CURVE ( 'NONE', #946, #1590, #2834, .T. ) ;
#1031 = DIRECTION ( 'NONE',  ( -0.000000000000000000, 0.000000000000000000, -1.000000000000000000 ) ) ;
#1032 = DIRECTION ( 'NONE',  ( 3.469446951953614189E-16, -1.000000000000000000, 0.000000000000000000 ) ) ;
#1033 = CARTESIAN_POINT ( 'NONE',  ( 71.00000000000000000, 0.000000000000000000, 8.000000000000000000 ) ) ;
#1034 = EDGE_LOOP ( 'NONE', ( #323, #2220, #2508, #806 ) ) ;
#1035 = VECTOR ( 'NONE', #271, 1000.000000000000000 ) ;
#1036 = EDGE_LOOP ( 'NONE', ( #251, #914, #2682, #2306, #1486, #2212, #414, #480, #880, #976 ) ) ;
#1037 = CARTESIAN_POINT ( 'NONE',  ( 2.000000000000002665, 10.50000000000000000, 16.00000000000000000 ) ) ;
#1038 = CARTESIAN_POINT ( 'NONE',  ( 75.39238261024246412, 14.90893999420932836, 4.611862171641244679 ) ) ;
#1039 = DIRECTION ( 'NONE',  ( -4.082155997157842586E-17, 1.000000000000000000, 0.000000000000000000 ) ) ;
#1040 = EDGE_CURVE ( 'NONE', #2744, #1803, #844, .T. ) ;
#1041 = VERTEX_POINT ( 'NONE', #1982 ) ;
#1042 = CARTESIAN_POINT ( 'NONE',  ( 7.000000000000000000, 12.50000000000000355, 8.000000000000008882 ) ) ;
#1043 = LINE ( 'NONE', #1929, #13 ) ;
#1044 = DIRECTION ( 'NONE',  ( -1.000000000000000000, -1.224646799147353207E-16, 0.000000000000000000 ) ) ;
#1045 = CARTESIAN_POINT ( 'NONE',  ( 1.692881930967654824, 12.48075564874292986, 6.508299058585047092 ) ) ;
#1046 = DIRECTION ( 'NONE',  ( -1.000000000000000000, -3.469446951953614189E-16, 0.000000000000000000 ) ) ;
#1047 = ORIENTED_EDGE ( 'NONE', *, *, #228, .F. ) ;
#1048 = CARTESIAN_POINT ( 'NONE',  ( 60.74095611981921650, 13.89699613486283702, 14.00000000000000711 ) ) ;
#1049 = CARTESIAN_POINT ( 'NONE',  ( 74.05528385460618779, 14.86224747677632685, 4.001665791092541724 ) ) ;
#1050 = CARTESIAN_POINT ( 'NONE',  ( 17.94810063172760550, 14.37323851502474881, 13.07276129425145150 ) ) ;
#1051 = CIRCLE ( 'NONE', #238, 2.000000000000000444 ) ;
#1052 = EDGE_LOOP ( 'NONE', ( #2103, #759 ) ) ;
#1053 = DIRECTION ( 'NONE',  ( -3.469446951953614189E-16, 1.000000000000000000, -0.000000000000000000 ) ) ;
#1054 = AXIS2_PLACEMENT_3D ( 'NONE', #1212, #926, #958 ) ;
#1055 = EDGE_CURVE ( 'NONE', #811, #1547, #479, .T. ) ;
#1056 = CARTESIAN_POINT ( 'NONE',  ( 18.01605176194639313, 14.01770842689887608, 13.90966788233506612 ) ) ;
#1057 = DIRECTION ( 'NONE',  ( 0.000000000000000000, 0.000000000000000000, -1.000000000000000000 ) ) ;
#1058 = VECTOR ( 'NONE', #891, 1000.000000000000000 ) ;
#1059 = DIRECTION ( 'NONE',  ( -1.000000000000000000, 0.000000000000000000, 0.000000000000000000 ) ) ;
#1060 = CIRCLE ( 'NONE', #2185, 6.000000000000012434 ) ;
#1061 = EDGE_CURVE ( 'NONE', #1567, #2612, #320, .T. ) ;
#1062 = CARTESIAN_POINT ( 'NONE',  ( 71.00000000000000000, 11.99999999999999645, 14.00000000000000888 ) ) ;
#1063 = AXIS2_PLACEMENT_3D ( 'NONE', #1782, #210, #248 ) ;
#1064 = CARTESIAN_POINT ( 'NONE',  ( 17.94810064542568995, 14.37323851454640078, 3.000000000000007994 ) ) ;
#1065 = ORIENTED_EDGE ( 'NONE', *, *, #716, .F. ) ;
#1066 = CARTESIAN_POINT ( 'NONE',  ( 76.00000000000000000, 9.307315673519883881E-15, 16.00000000000000000 ) ) ;
#1067 = DIRECTION ( 'NONE',  ( 0.000000000000000000, 0.000000000000000000, 1.000000000000000000 ) ) ;
#1068 = ADVANCED_FACE ( 'NONE', ( #989 ), #885, .T. ) ;
#1069 = CARTESIAN_POINT ( 'NONE',  ( 71.00000000000000000, 0.000000000000000000, 5.399999999999996803 ) ) ;
#1070 = ORIENTED_EDGE ( 'NONE', *, *, #1569, .F. ) ;
#1071 = VECTOR ( 'NONE', #168, 1000.000000000000000 ) ;
#1072 = FILL_AREA_STYLE_COLOUR ( '', #1585 ) ;
#1073 = CARTESIAN_POINT ( 'NONE',  ( 57.49999999999998579, 18.00000000000000000, 16.00000000000000000 ) ) ;
#1074 =( GEOMETRIC_REPRESENTATION_CONTEXT ( 3 ) GLOBAL_UNCERTAINTY_ASSIGNED_CONTEXT ( ( #1548 ) ) GLOBAL_UNIT_ASSIGNED_CONTEXT ( ( #1268, #2117, #352 ) ) REPRESENTATION_CONTEXT ( 'NONE', 'WORKASPACE' ) );
#1075 = EDGE_CURVE ( 'NONE', #1330, #2086, #2375, .T. ) ;
#1076 = CARTESIAN_POINT ( 'NONE',  ( 18.40616710419659796, 14.63659325339549788, 13.07848750818874350 ) ) ;
#1077 = DIRECTION ( 'NONE',  ( -0.000000000000000000, -1.000000000000000000, -0.000000000000000000 ) ) ;
#1078 = CARTESIAN_POINT ( 'NONE',  ( 59.74161628985467587, 14.37641210429381289, 13.66205738566777406 ) ) ;
#1079 = CIRCLE ( 'NONE', #1858, 0.5000000000000000000 ) ;
#1080 = LINE ( 'NONE', #2405, #1944 ) ;
#1081 = ORIENTED_EDGE ( 'NONE', *, *, #2197, .T. ) ;
#1082 = DIRECTION ( 'NONE',  ( 0.03489949670250176716, 0.9993908270190957621, 0.000000000000000000 ) ) ;
#1083 = CARTESIAN_POINT ( 'NONE',  ( 76.50000000000000000, 14.42985368886709452, 11.22182540694798547 ) ) ;
#1084 = CARTESIAN_POINT ( 'NONE',  ( 20.50000000000000000, 12.00000000000000178, 1.499999999999999556 ) ) ;
#1085 = ORIENTED_EDGE ( 'NONE', *, *, #924, .T. ) ;
#1086 = CARTESIAN_POINT ( 'NONE',  ( 1.999999999999999556, 10.50000000000000000, 2.000000000000000000 ) ) ;
#1087 = CARTESIAN_POINT ( 'NONE',  ( 1.999999999999999556, 10.50000000000000000, 2.000000000000000000 ) ) ;
#1088 = EDGE_CURVE ( 'NONE', #2136, #418, #1004, .T. ) ;
#1089 = DIRECTION ( 'NONE',  ( 0.000000000000000000, 1.000000000000000000, -0.000000000000000000 ) ) ;
#1090 = DIRECTION ( 'NONE',  ( 1.000000000000000000, 3.469446951953614189E-16, 0.000000000000000000 ) ) ;
#1091 = CARTESIAN_POINT ( 'NONE',  ( 68.00000000000000000, 11.99999999999999645, 16.00000000000000000 ) ) ;
#1092 = CIRCLE ( 'NONE', #948, 0.5000000000000000000 ) ;
#1093 = EDGE_CURVE ( 'NONE', #2176, #2744, #787, .T. ) ;
#1094 = SHAPE_DEFINITION_REPRESENTATION ( #1476, #2754 ) ;
#1095 = DIRECTION ( 'NONE',  ( -1.156482317317871133E-15, 1.000000000000000000, 0.000000000000000000 ) ) ;
#1096 = EDGE_CURVE ( 'NONE', #1803, #1316, #1886, .T. ) ;
#1097 = ORIENTED_EDGE ( 'NONE', *, *, #2828, .T. ) ;
#1098 = DIRECTION ( 'NONE',  ( 0.9993908270190957621, -0.03489949670250177410, 0.000000000000000000 ) ) ;
#1099 = CARTESIAN_POINT ( 'NONE',  ( 17.83761640493071354, 13.79109445332125539, 13.98253964899572566 ) ) ;
#1100 = ORIENTED_EDGE ( 'NONE', *, *, #1580, .T. ) ;
#1101 = ORIENTED_EDGE ( 'NONE', *, *, #1669, .F. ) ;
#1102 = B_SPLINE_CURVE_WITH_KNOTS ( 'NONE', 3,
 ( #2697, #1138, #1773, #279, #1152, #1602, #56, #2494, #1166, #85 ),
 .UNSPECIFIED., .F., .F.,
 ( 4, 2, 2, 2, 4 ),
 ( 0.000000000000000000, 0.0002697941977780437921, 0.0005395883955560875841, 0.0008093825933341313762, 0.001079176791112175168 ),
 .UNSPECIFIED. ) ;
#1103 = CARTESIAN_POINT ( 'NONE',  ( 17.62115986686752933, 13.55221792762537270, 2.000000000000007105 ) ) ;
#1104 = CARTESIAN_POINT ( 'NONE',  ( 76.49999999999882050, 12.43649167310404380, 8.375994144769748573 ) ) ;
#1105 = AXIS2_PLACEMENT_3D ( 'NONE', #1355, #496, #2052 ) ;
#1106 = CIRCLE ( 'NONE', #2720, 7.500000000000013323 ) ;
#1107 = DIRECTION ( 'NONE',  ( 0.000000000000000000, -0.000000000000000000, 1.000000000000000000 ) ) ;
#1108 = DIRECTION ( 'NONE',  ( 0.000000000000000000, 0.000000000000000000, -1.000000000000000000 ) ) ;
#1109 = DIRECTION ( 'NONE',  ( 0.000000000000000000, -1.000000000000000000, 0.000000000000000000 ) ) ;
#1110 = CARTESIAN_POINT ( 'NONE',  ( 64.00000000000000000, 10.49999999999999645, 16.00000000000000000 ) ) ;
#1111 = ORIENTED_EDGE ( 'NONE', *, *, #2651, .F. ) ;
#1112 = EDGE_CURVE ( 'NONE', #728, #853, #1644, .T. ) ;
#1113 = EDGE_CURVE ( 'NONE', #994, #1586, #1429, .T. ) ;
#1114 = DIRECTION ( 'NONE',  ( 0.000000000000000000, -1.000000000000000000, 0.000000000000000000 ) ) ;
#1115 = VERTEX_POINT ( 'NONE', #2577 ) ;
#1116 = CARTESIAN_POINT ( 'NONE',  ( 13.99999999999999822, 17.00000000000000355, 16.00000000000000000 ) ) ;
#1117 = AXIS2_PLACEMENT_3D ( 'NONE', #699, #2421, #2064 ) ;
#1118 = CARTESIAN_POINT ( 'NONE',  ( 39.00000000000000000, 18.00000000000000000, 0.000000000000000000 ) ) ;
#1119 = FACE_OUTER_BOUND ( 'NONE', #311, .T. ) ;
#1120 = FACE_OUTER_BOUND ( 'NONE', #1141, .T. ) ;
#1121 = EDGE_CURVE ( 'NONE', #1819, #1462, #1471, .T. ) ;
#1122 = TOROIDAL_SURFACE ( 'NONE', #1264, 14.50000000000000711, 1.500000000000000000 ) ;
#1123 =( GEOMETRIC_REPRESENTATION_CONTEXT ( 3 ) GLOBAL_UNCERTAINTY_ASSIGNED_CONTEXT ( ( #881 ) ) GLOBAL_UNIT_ASSIGNED_CONTEXT ( ( #855, #2227, #1752 ) ) REPRESENTATION_CONTEXT ( 'NONE', 'WORKASPACE' ) );
#1124 = FACE_OUTER_BOUND ( 'NONE', #296, .T. ) ;
#1125 = DIRECTION ( 'NONE',  ( 0.000000000000000000, -1.000000000000000000, 0.000000000000000000 ) ) ;
#1126 = ORIENTED_EDGE ( 'NONE', *, *, #141, .F. ) ;
#1127 = VERTEX_POINT ( 'NONE', #2336 ) ;
#1128 = CYLINDRICAL_SURFACE ( 'NONE', #932, 13.00000000000000888 ) ;
#1129 = CARTESIAN_POINT ( 'NONE',  ( 39.00000000000000000, 18.00000000000000000, 16.00000000000000000 ) ) ;
#1130 = EDGE_CURVE ( 'NONE', #1127, #2266, #567, .T. ) ;
#1131 = TOROIDAL_SURFACE ( 'NONE', #1320, 6.500000000000000888, 1.500000000000000000 ) ;
#1132 = DIRECTION ( 'NONE',  ( -1.000000000000000000, 0.000000000000000000, 0.000000000000000000 ) ) ;
#1133 = DIRECTION ( 'NONE',  ( -0.000000000000000000, 1.000000000000000000, -0.000000000000000000 ) ) ;
#1134 = FACE_OUTER_BOUND ( 'NONE', #1899, .T. ) ;
#1135 = ORIENTED_EDGE ( 'NONE', *, *, #987, .T. ) ;
#1136 = ORIENTED_EDGE ( 'NONE', *, *, #2092, .F. ) ;
#1137 = AXIS2_PLACEMENT_3D ( 'NONE', #2422, #1507, #2180 ) ;
#1138 = CARTESIAN_POINT ( 'NONE',  ( 17.94810064542568284, 14.37323851454639723, 13.09143896814168251 ) ) ;
#1139 = ORIENTED_EDGE ( 'NONE', *, *, #2125, .F. ) ;
#1140 = ORIENTED_EDGE ( 'NONE', *, *, #928, .F. ) ;
#1141 = EDGE_LOOP ( 'NONE', ( #1100, #2699, #832, #2118, #2385, #1636 ) ) ;
#1142 = CARTESIAN_POINT ( 'NONE',  ( 17.81926019121420524, 14.25833389148637309, 2.668971299043053413 ) ) ;
#1143 = CARTESIAN_POINT ( 'NONE',  ( 39.00000000000000000, 18.00000000000000000, 0.000000000000000000 ) ) ;
#1144 = EDGE_CURVE ( 'NONE', #1316, #2646, #2094, .T. ) ;
#1145 = CARTESIAN_POINT ( 'NONE',  ( 1.156161014156657840, 11.96142713862107065, 7.185197768854475697 ) ) ;
#1146 = CARTESIAN_POINT ( 'NONE',  ( 20.50000000000000355, 18.00000000000000355, 0.000000000000000000 ) ) ;
#1147 = CARTESIAN_POINT ( 'NONE',  ( 59.74091771629692005, 14.36237879643995186, 13.00000000000000533 ) ) ;
#1148 = CARTESIAN_POINT ( 'NONE',  ( 76.50000000000000000, 11.99999999999999645, 5.602084238343662648 ) ) ;
#1149 = EDGE_LOOP ( 'NONE', ( #804, #2538, #2373, #1153, #1508 ) ) ;
#1150 = EDGE_CURVE ( 'NONE', #98, #2728, #2603, .T. ) ;
#1151 = CARTESIAN_POINT ( 'NONE',  ( 59.96966074277574421, 14.03676866401287882, 2.098223905556467095 ) ) ;
#1152 = CARTESIAN_POINT ( 'NONE',  ( 17.77489378456770197, 14.22271751081177449, 13.36874594892288570 ) ) ;
#1153 = ORIENTED_EDGE ( 'NONE', *, *, #1973, .T. ) ;
#1154 = ORIENTED_EDGE ( 'NONE', *, *, #653, .T. ) ;
#1155 = VERTEX_POINT ( 'NONE', #2302 ) ;
#1156 = AXIS2_PLACEMENT_3D ( 'NONE', #906, #1409, #2299 ) ;
#1157 = EDGE_CURVE ( 'NONE', #570, #540, #1192, .T. ) ;
#1158 = CARTESIAN_POINT ( 'NONE',  ( 76.19351913401284548, 12.49999999999999822, 6.150208262584937025 ) ) ;
#1159 = FACE_OUTER_BOUND ( 'NONE', #1036, .T. ) ;
#1160 = VECTOR ( 'NONE', #1722, 1000.000000000000000 ) ;
#1161 = CARTESIAN_POINT ( 'NONE',  ( 17.25904388018077640, 13.89699613486283525, 14.00000000000000711 ) ) ;
#1162 = AXIS2_PLACEMENT_3D ( 'NONE', #2128, #2562, #1457 ) ;
#1163 = DIRECTION ( 'NONE',  ( 1.000000000000000000, 0.000000000000000000, 0.000000000000000000 ) ) ;
#1164 = DIRECTION ( 'NONE',  ( 1.156482317317871133E-15, -1.000000000000000000, -0.000000000000000000 ) ) ;
#1165 = CARTESIAN_POINT ( 'NONE',  ( 59.74197352290978102, 14.37587765944515361, 2.337558892542584310 ) ) ;
#1166 = CARTESIAN_POINT ( 'NONE',  ( 17.33930195185278933, 13.93858184610434492, 13.50000000000000711 ) ) ;
#1167 = ORIENTED_EDGE ( 'NONE', *, *, #1061, .T. ) ;
#1168 = ORIENTED_EDGE ( 'NONE', *, *, #1538, .T. ) ;
#1169 = ORIENTED_EDGE ( 'NONE', *, *, #2522, .T. ) ;
#1170 = AXIS2_PLACEMENT_3D ( 'NONE', #2636, #709, #1967 ) ;
#1171 = DIRECTION ( 'NONE',  ( -1.000000000000000000, 0.000000000000000000, 0.000000000000000000 ) ) ;
#1172 = CARTESIAN_POINT ( 'NONE',  ( 76.50000000000000000, 14.94761884576237598, 7.277684922770027320 ) ) ;
#1173 = DIRECTION ( 'NONE',  ( -1.000000000000000000, 0.000000000000000000, 0.000000000000000000 ) ) ;
#1174 = CARTESIAN_POINT ( 'NONE',  ( 1.279509194809711037, 11.98504938012254328, 9.611763744017585154 ) ) ;
#1175 = CARTESIAN_POINT ( 'NONE',  ( 64.00000000000000000, 16.99999999999999645, 2.500000000000007550 ) ) ;
#1176 = CARTESIAN_POINT ( 'NONE',  ( 53.50000000000000711, 18.00000000000000000, -2.168404344971008868E-16 ) ) ;
#1177 = CARTESIAN_POINT ( 'NONE',  ( 24.49999999999999289, 18.00000000000000355, 1.499999999999999556 ) ) ;
#1178 = DIRECTION ( 'NONE',  ( 0.000000000000000000, 0.000000000000000000, 1.000000000000000000 ) ) ;
#1179 = EDGE_CURVE ( 'NONE', #2466, #589, #2465, .T. ) ;
#1180 = EDGE_LOOP ( 'NONE', ( #1463, #266, #1677, #1140, #2837 ) ) ;
#1181 = ORIENTED_EDGE ( 'NONE', *, *, #2328, .F. ) ;
#1182 = ORIENTED_EDGE ( 'NONE', *, *, #1359, .T. ) ;
#1183 = CIRCLE ( 'NONE', #2802, 1.500000000000001332 ) ;
#1184 = AXIS2_PLACEMENT_3D ( 'NONE', #1438, #2527, #148 ) ;
#1185 = ADVANCED_FACE ( 'NONE', ( #752 ), #334, .F. ) ;
#1186 = LINE ( 'NONE', #2056, #1220 ) ;
#1187 = CARTESIAN_POINT ( 'NONE',  ( 76.35612389660131782, 14.94259458152033382, 6.556271936837442915 ) ) ;
#1188 = CARTESIAN_POINT ( 'NONE',  ( 60.74095611981921650, 13.89699613486283702, 2.500000000000007550 ) ) ;
#1189 = EDGE_CURVE ( 'NONE', #1330, #491, #2615, .T. ) ;
#1190 = CARTESIAN_POINT ( 'NONE',  ( 76.45883649300164109, 12.05220745327687482, 7.231821125156637997 ) ) ;
#1191 = CARTESIAN_POINT ( 'NONE',  ( 3.619993036746158577, 14.36255206326683442, 3.601832370201826894 ) ) ;
#1192 = LINE ( 'NONE', #109, #2513 ) ;
#1193 = CIRCLE ( 'NONE', #2589, 1.499999999999999556 ) ;
#1194 = AXIS2_PLACEMENT_3D ( 'NONE', #2742, #1659, #992 ) ;
#1195 = AXIS2_PLACEMENT_3D ( 'NONE', #1033, #2606, #817 ) ;
#1196 = DIRECTION ( 'NONE',  ( -0.000000000000000000, -0.000000000000000000, -1.000000000000000000 ) ) ;
#1197 = DIRECTION ( 'NONE',  ( 0.000000000000000000, -1.000000000000000000, 0.000000000000000000 ) ) ;
#1198 = ORIENTED_EDGE ( 'NONE', *, *, #1144, .T. ) ;
#1199 = EDGE_LOOP ( 'NONE', ( #775, #1955 ) ) ;
#1200 = VERTEX_POINT ( 'NONE', #409 ) ;
#1201 = ADVANCED_FACE ( 'NONE', ( #1945 ), #1348, .F. ) ;
#1202 = CARTESIAN_POINT ( 'NONE',  ( 17.73356896830141949, 13.67027971872421688, 1.999999992164129159 ) ) ;
#1203 = CARTESIAN_POINT ( 'NONE',  ( 71.72007811784364151, 14.27810955228883927, 13.50000000000000888 ) ) ;
#1204 = FACE_OUTER_BOUND ( 'NONE', #1357, .T. ) ;
#1205 = ORIENTED_EDGE ( 'NONE', *, *, #90, .F. ) ;
#1206 = TOROIDAL_SURFACE ( 'NONE', #2084, 6.000000000000000000, 0.5000000000000000000 ) ;
#1207 = DIRECTION ( 'NONE',  ( 3.469446951953614189E-16, -1.000000000000000000, 0.000000000000000000 ) ) ;
#1208 = DIRECTION ( 'NONE',  ( 1.000000000000000000, 0.000000000000000000, 0.000000000000000000 ) ) ;
#1209 = DIRECTION ( 'NONE',  ( 0.9993908270190956511, -0.03489949670250099695, -0.000000000000000000 ) ) ;
#1210 = ADVANCED_FACE ( 'NONE', ( #610 ), #342, .F. ) ;
#1211 = VECTOR ( 'NONE', #886, 1000.000000000000000 ) ;
#1212 = CARTESIAN_POINT ( 'NONE',  ( 64.00000000000000000, 10.49999999999999645, 1.499999999999999556 ) ) ;
#1213 = DIRECTION ( 'NONE',  ( -0.000000000000000000, -0.000000000000000000, -1.000000000000000000 ) ) ;
#1214 = CARTESIAN_POINT ( 'NONE',  ( 64.00000000000000000, 11.99999999999999645, 1.499999999999999556 ) ) ;
#1215 = ORIENTED_EDGE ( 'NONE', *, *, #1496, .F. ) ;
#1216 = VERTEX_POINT ( 'NONE', #394 ) ;
#1217 = CARTESIAN_POINT ( 'NONE',  ( 39.00000000000000000, 18.00000000000000000, 14.50000000000000000 ) ) ;
#1218 = CARTESIAN_POINT ( 'NONE',  ( 73.76990438761269786, 14.34318365289396446, 12.80582513778224651 ) ) ;
#1219 = PLANE ( 'NONE',  #268 ) ;
#1220 = VECTOR ( 'NONE', #1638, 1000.000000000000000 ) ;
#1221 = ORIENTED_EDGE ( 'NONE', *, *, #1962, .T. ) ;
#1222 = CARTESIAN_POINT ( 'NONE',  ( 2.000000000000002220, 10.50000000000000178, 14.00000000000000000 ) ) ;
#1223 = CARTESIAN_POINT ( 'NONE',  ( 6.362833277585863812, 14.77780496579899960, 12.99999999999773515 ) ) ;
#1224 = CARTESIAN_POINT ( 'NONE',  ( 64.00000000000000000, 12.49999999999999645, 14.00000000000000711 ) ) ;
#1225 = CARTESIAN_POINT ( 'NONE',  ( 60.37884013313245646, 13.55221792762537447, 14.00000000000000711 ) ) ;
#1226 = AXIS2_PLACEMENT_3D ( 'NONE', #1710, #2622, #2393 ) ;
#1227 = CARTESIAN_POINT ( 'NONE',  ( 64.00000000000000000, 16.99999999999999645, 2.000000000000007105 ) ) ;
#1228 = DIRECTION ( 'NONE',  ( 0.000000000000000000, 0.000000000000000000, 1.000000000000000000 ) ) ;
#1229 = DIRECTION ( 'NONE',  ( 0.000000000000000000, 0.000000000000000000, 1.000000000000000000 ) ) ;
#1230 = EDGE_LOOP ( 'NONE', ( #2573, #758, #499, #1345 ) ) ;
#1231 = VERTEX_POINT ( 'NONE', #1497 ) ;
#1232 = FACE_OUTER_BOUND ( 'NONE', #2796, .T. ) ;
#1233 = CARTESIAN_POINT ( 'NONE',  ( 75.85241363332053766, 14.92500463152556733, 9.308739425826534131 ) ) ;
#1234 = FACE_OUTER_BOUND ( 'NONE', #1149, .T. ) ;
#1235 = CIRCLE ( 'NONE', #1137, 6.500000000000005329 ) ;
#1236 = VERTEX_POINT ( 'NONE', #207 ) ;
#1237 = DIRECTION ( 'NONE',  ( 4.082155997157842586E-17, -1.000000000000000000, 0.000000000000000000 ) ) ;
#1238 = CARTESIAN_POINT ( 'NONE',  ( 5.708710322528003367, 14.80064744273183486, 12.86986338167366206 ) ) ;
#1239 = EDGE_CURVE ( 'NONE', #2612, #1127, #247, .T. ) ;
#1240 = CARTESIAN_POINT ( 'NONE',  ( 59.59383289580338783, 14.63659325339549966, 3.000000000000007550 ) ) ;
#1241 = DIRECTION ( 'NONE',  ( 0.000000000000000000, 0.000000000000000000, 1.000000000000000000 ) ) ;
#1242 = CARTESIAN_POINT ( 'NONE',  ( 20.50000000000000000, 17.00000000000000355, 14.50000000000000000 ) ) ;
#1243 = ORIENTED_EDGE ( 'NONE', *, *, #1889, .F. ) ;
#1244 = ADVANCED_FACE ( 'NONE', ( #450 ), #118, .T. ) ;
#1245 = ORIENTED_EDGE ( 'NONE', *, *, #2061, .T. ) ;
#1246 = EDGE_LOOP ( 'NONE', ( #1668, #2509, #571, #929 ) ) ;
#1247 = VECTOR ( 'NONE', #899, 1000.000000000000000 ) ;
#1248 = CARTESIAN_POINT ( 'NONE',  ( 76.50000000000000000, 14.42985368886709452, 8.000000000000008882 ) ) ;
#1249 = CARTESIAN_POINT ( 'NONE',  ( 75.85241363332055187, 14.92500463152556733, 6.691260574173212738 ) ) ;
#1250 = DIRECTION ( 'NONE',  ( -0.6895564144749275481, -0.7242319733735056442, -2.512684412528057842E-15 ) ) ;
#1251 = EDGE_CURVE ( 'NONE', #2466, #2019, #2400, .T. ) ;
#1252 = ORIENTED_EDGE ( 'NONE', *, *, #1370, .T. ) ;
#1253 = CARTESIAN_POINT ( 'NONE',  ( 76.04166666666665719, 11.99999999999999645, 5.801910551815022465 ) ) ;
#1254 = CARTESIAN_POINT ( 'NONE',  ( 2.000000000000001776, 18.00000000000000000, 0.000000000000000000 ) ) ;
#1255 = CARTESIAN_POINT ( 'NONE',  ( 59.98448169672762020, 14.01700959643332567, 13.90993316743238140 ) ) ;
#1256 = CARTESIAN_POINT ( 'NONE',  ( 1.806329016521000197, 12.49999999999999822, 6.150556553411978378 ) ) ;
#1257 = VERTEX_POINT ( 'NONE', #1325 ) ;
#1258 = VECTOR ( 'NONE', #771, 1000.000000000000114 ) ;
#1259 = ORIENTED_EDGE ( 'NONE', *, *, #2779, .T. ) ;
#1260 = DIRECTION ( 'NONE',  ( 0.000000000000000000, 0.000000000000000000, 1.000000000000000000 ) ) ;
#1261 = CARTESIAN_POINT ( 'NONE',  ( 60.66069804814721067, 13.93858184610434670, 2.500000000000007550 ) ) ;
#1262 = CARTESIAN_POINT ( 'NONE',  ( 74.22182540694798547, 14.35753040720716278, 2.500000000000009326 ) ) ;
#1263 = ORIENTED_EDGE ( 'NONE', *, *, #764, .F. ) ;
#1264 = AXIS2_PLACEMENT_3D ( 'NONE', #2691, #2723, #1163 ) ;
#1265 = AXIS2_PLACEMENT_3D ( 'NONE', #642, #1517, #1966 ) ;
#1266 = DIRECTION ( 'NONE',  ( 0.000000000000000000, -0.000000000000000000, 1.000000000000000000 ) ) ;
#1267 = PLANE ( 'NONE',  #1924 ) ;
#1268 =( LENGTH_UNIT ( ) NAMED_UNIT ( * ) SI_UNIT ( .MILLI., .METRE. ) );
#1269 = EDGE_LOOP ( 'NONE', ( #942, #281, #2295, #2261 ) ) ;
#1270 = VECTOR ( 'NONE', #1349, 1000.000000000000000 ) ;
#1271 = VERTEX_POINT ( 'NONE', #1715 ) ;
#1272 = DIRECTION ( 'NONE',  ( 3.469446951953614189E-16, -1.000000000000000000, 0.000000000000000000 ) ) ;
#1273 = CARTESIAN_POINT ( 'NONE',  ( 71.72007811784322939, 14.27810955228882683, 2.500000000000009770 ) ) ;
#1274 = EDGE_CURVE ( 'NONE', #2791, #681, #1977, .T. ) ;
#1275 = CARTESIAN_POINT ( 'NONE',  ( 2.000000000000002665, 0.000000000000000000, 16.00000000000000000 ) ) ;
#1276 = ORIENTED_EDGE ( 'NONE', *, *, #2651, .T. ) ;
#1277 = DIRECTION ( 'NONE',  ( -1.000000000000000000, 0.000000000000000000, 0.000000000000000000 ) ) ;
#1278 = ADVANCED_FACE ( 'NONE', ( #840 ), #2430, .F. ) ;
#1279 = DIRECTION ( 'NONE',  ( 1.000000000000000000, 0.000000000000000000, -0.000000000000000000 ) ) ;
#1280 = CARTESIAN_POINT ( 'NONE',  ( 68.00000000000000000, 10.49999999999999645, 1.499999999999999556 ) ) ;
#1281 = CARTESIAN_POINT ( 'NONE',  ( 59.63573610684277782, 14.55973456304107039, 13.37606806393370285 ) ) ;
#1282 = ADVANCED_FACE ( 'NONE', ( #1729 ), #1755, .F. ) ;
#1283 = DIRECTION ( 'NONE',  ( 0.000000000000000000, 0.000000000000000000, 1.000000000000000000 ) ) ;
#1284 = EDGE_CURVE ( 'NONE', #541, #2567, #858, .T. ) ;
#1285 = LINE ( 'NONE', #655, #980 ) ;
#1286 = ADVANCED_FACE ( 'NONE', ( #650 ), #2204, .T. ) ;
#1287 = ORIENTED_EDGE ( 'NONE', *, *, #2518, .T. ) ;
#1288 = DIRECTION ( 'NONE',  ( 1.000000000000000000, 0.000000000000000000, 0.000000000000000000 ) ) ;
#1289 = CARTESIAN_POINT ( 'NONE',  ( 70.98255025164874610, 14.75494525491790299, 2.500000000000009770 ) ) ;
#1290 = CARTESIAN_POINT ( 'NONE',  ( 2.000000000000002220, 10.50000000000000178, 14.00000000000000000 ) ) ;
#1291 = VECTOR ( 'NONE', #2416, 1000.000000000000000 ) ;
#1292 = EDGE_CURVE ( 'NONE', #1344, #728, #1380, .T. ) ;
#1293 = EDGE_LOOP ( 'NONE', ( #2542, #777, #511, #325 ) ) ;
#1294 = DIRECTION ( 'NONE',  ( 1.000000000000000000, 0.000000000000000000, 0.000000000000000000 ) ) ;
#1295 = CARTESIAN_POINT ( 'NONE',  ( 57.50000000000000000, 16.99999999999998934, 16.00000000000000000 ) ) ;
#1296 = CIRCLE ( 'NONE', #106, 1.500000000000001332 ) ;
#1297 = CARTESIAN_POINT ( 'NONE',  ( 17.62115986686752933, 13.55221792762537092, 14.00000000000000711 ) ) ;
#1298 = CARTESIAN_POINT ( 'NONE',  ( 17.41722509189376211, 13.98241001640378123, 2.505686605081823171 ) ) ;
#1299 = CARTESIAN_POINT ( 'NONE',  ( 60.74095611981921650, 13.89699613486283702, 13.50000000000000711 ) ) ;
#1300 = AXIS2_PLACEMENT_3D ( 'NONE', #1897, #2820, #187 ) ;
#1301 = DIRECTION ( 'NONE',  ( 1.000000000000000000, 0.000000000000000000, 0.000000000000000000 ) ) ;
#1302 = TOROIDAL_SURFACE ( 'NONE', #2039, 6.500000000000000888, 1.500000000000000000 ) ;
#1303 = ORIENTED_EDGE ( 'NONE', *, *, #434, .T. ) ;
#1304 = CARTESIAN_POINT ( 'NONE',  ( 64.00000000000000000, 16.99999999999999645, 14.50000000000000000 ) ) ;
#1305 = CARTESIAN_POINT ( 'NONE',  ( 71.02597557244186532, 14.25615692838601412, 3.000000000000007550 ) ) ;
#1306 = DIRECTION ( 'NONE',  ( -0.000000000000000000, -0.000000000000000000, 1.000000000000000000 ) ) ;
#1307 = ORIENTED_EDGE ( 'NONE', *, *, #2219, .F. ) ;
#1308 = SURFACE_STYLE_USAGE ( .BOTH. , #1549 ) ;
#1309 = CARTESIAN_POINT ( 'NONE',  ( 78.00000000000000000, 11.99999999999999645, 14.50000000000000000 ) ) ;
#1310 = CARTESIAN_POINT ( 'NONE',  ( 18.32420809363697600, 14.48944875176390923, 13.50695613692848873 ) ) ;
#1311 = DIRECTION ( 'NONE',  ( 0.000000000000000000, 0.000000000000000000, 1.000000000000000000 ) ) ;
#1312 = EDGE_CURVE ( 'NONE', #400, #1707, #2045, .T. ) ;
#1313 = CARTESIAN_POINT ( 'NONE',  ( 60.13303938597947962, 14.29942142272973271, 13.27541660861286843 ) ) ;
#1314 = VECTOR ( 'NONE', #2685, 1000.000000000000114 ) ;
#1315 = DIRECTION ( 'NONE',  ( -1.000000000000000000, 0.000000000000000000, 0.000000000000000000 ) ) ;
#1316 = VERTEX_POINT ( 'NONE', #1595 ) ;
#1317 = DIRECTION ( 'NONE',  ( 0.9993908270190957621, -0.03489949670250176716, 0.000000000000000000 ) ) ;
#1318 = CARTESIAN_POINT ( 'NONE',  ( 7.000000000000000000, 0.000000000000000000, 8.000000000000008882 ) ) ;
#1319 = FACE_OUTER_BOUND ( 'NONE', #2809, .T. ) ;
#1320 = AXIS2_PLACEMENT_3D ( 'NONE', #2154, #200, #615 ) ;
#1321 = ORIENTED_EDGE ( 'NONE', *, *, #2228, .F. ) ;
#1322 = VERTEX_POINT ( 'NONE', #907 ) ;
#1323 = DIRECTION ( 'NONE',  ( -1.000000000000000000, 0.000000000000000000, 0.000000000000000000 ) ) ;
#1324 = CARTESIAN_POINT ( 'NONE',  ( 25.99999999999999289, 18.00000000000000000, 16.00000000000000000 ) ) ;
#1325 = CARTESIAN_POINT ( 'NONE',  ( 24.49999999999999289, 18.00000000000000355, -2.168404344971008868E-16 ) ) ;
#1326 = CARTESIAN_POINT ( 'NONE',  ( 71.00000000000000000, 15.00000000000000355, 13.50000000000000711 ) ) ;
#1327 = AXIS2_PLACEMENT_3D ( 'NONE', #351, #580, #1472 ) ;
#1328 = EDGE_CURVE ( 'NONE', #224, #2324, #2287, .T. ) ;
#1329 = FACE_OUTER_BOUND ( 'NONE', #1374, .T. ) ;
#1330 = VERTEX_POINT ( 'NONE', #938 ) ;
#1331 = CYLINDRICAL_SURFACE ( 'NONE', #365, 1.500000000000000000 ) ;
#1332 = ORIENTED_EDGE ( 'NONE', *, *, #1870, .F. ) ;
#1333 = DIRECTION ( 'NONE',  ( 1.000000000000000000, 0.000000000000000000, 0.000000000000000000 ) ) ;
#1334 = CARTESIAN_POINT ( 'NONE',  ( 1.999999999999999112, 12.00000000000000000, 2.000000000000000000 ) ) ;
#1335 = AXIS2_PLACEMENT_3D ( 'NONE', #2032, #66, #1582 ) ;
#1336 = CIRCLE ( 'NONE', #1887, 18.49999999999999645 ) ;
#1337 = AXIS2_PLACEMENT_3D ( 'NONE', #1242, #170, #1485 ) ;
#1338 = CARTESIAN_POINT ( 'NONE',  ( 78.00000000000000000, 9.552245033349355756E-15, 2.000000000000000000 ) ) ;
#1339 = DIRECTION ( 'NONE',  ( 0.03489949670248963798, -0.9993908270190960952, 0.000000000000000000 ) ) ;
#1340 = CARTESIAN_POINT ( 'NONE',  ( 59.82170322887257896, 14.24042049614506134, 13.35560215001491891 ) ) ;
#1341 = CARTESIAN_POINT ( 'NONE',  ( 52.00000000000000711, 18.00000000000000000, 1.499999999999999556 ) ) ;
#1342 = AXIS2_PLACEMENT_3D ( 'NONE', #1679, #1025, #340 ) ;
#1343 = CARTESIAN_POINT ( 'NONE',  ( 1.697490846537034193, 12.04684952684803712, 9.511004094212708537 ) ) ;
#1344 = VERTEX_POINT ( 'NONE', #1338 ) ;
#1345 = ORIENTED_EDGE ( 'NONE', *, *, #2543, .F. ) ;
#1346 = CARTESIAN_POINT ( 'NONE',  ( 19.00000000000000000, 18.00000000000000355, 14.50000000000000000 ) ) ;
#1347 = CARTESIAN_POINT ( 'NONE',  ( 71.00000000000000000, 12.49999999999999645, 8.000000000000008882 ) ) ;
#1348 = TOROIDAL_SURFACE ( 'NONE', #392, 4.500000000000000888, 0.5000000000000000000 ) ;
#1349 = DIRECTION ( 'NONE',  ( -1.156482317317871133E-15, 1.000000000000000000, 0.000000000000000000 ) ) ;
#1350 = CARTESIAN_POINT ( 'NONE',  ( 17.33918296006671511, 13.93852019052313196, 2.500000000000007550 ) ) ;
#1351 = DIRECTION ( 'NONE',  ( -1.000000000000000000, 0.000000000000000000, -0.000000000000000000 ) ) ;
#1352 = AXIS2_PLACEMENT_3D ( 'NONE', #1543, #1949, #197 ) ;
#1353 = MECHANICAL_DESIGN_GEOMETRIC_PRESENTATION_REPRESENTATION (  '', ( #578 ), #1123 ) ;
#1354 = ORIENTED_EDGE ( 'NONE', *, *, #2007, .F. ) ;
#1355 = CARTESIAN_POINT ( 'NONE',  ( 71.00000000000000000, 14.25524984140835549, 3.000000000000009326 ) ) ;
#1356 = EDGE_LOOP ( 'NONE', ( #1775, #184, #310, #165 ) ) ;
#1357 = EDGE_LOOP ( 'NONE', ( #386, #405, #2497, #1065 ) ) ;
#1358 = EDGE_CURVE ( 'NONE', #539, #2612, #2664, .T. ) ;
#1359 = EDGE_CURVE ( 'NONE', #1477, #2055, #256, .T. ) ;
#1360 = DIRECTION ( 'NONE',  ( 0.000000000000000000, 0.000000000000000000, -1.000000000000000000 ) ) ;
#1361 = DIRECTION ( 'NONE',  ( 0.000000000000000000, 0.000000000000000000, -1.000000000000000000 ) ) ;
#1362 = VECTOR ( 'NONE', #1809, 1000.000000000000000 ) ;
#1363 = CARTESIAN_POINT ( 'NONE',  ( 78.00000000000000000, 9.552245033349355756E-15, 2.000000000000000000 ) ) ;
#1364 = CARTESIAN_POINT ( 'NONE',  ( 20.50000000000000000, 17.00000000000000355, 16.00000000000000000 ) ) ;
#1365 = EDGE_CURVE ( 'NONE', #7, #2265, #1831, .T. ) ;
#1366 = CARTESIAN_POINT ( 'NONE',  ( 4.230095612389564330, 14.34318365289396269, 3.194174862216827560 ) ) ;
#1367 = EDGE_LOOP ( 'NONE', ( #1690, #525, #2489, #1654 ) ) ;
#1368 = DIRECTION ( 'NONE',  ( -0.000000000000000000, 1.000000000000000000, -0.000000000000000000 ) ) ;
#1369 = EDGE_LOOP ( 'NONE', ( #1243, #2406, #1821, #1386 ) ) ;
#1370 = EDGE_CURVE ( 'NONE', #2790, #2041, #460, .T. ) ;
#1371 = AXIS2_PLACEMENT_3D ( 'NONE', #1347, #937, #2673 ) ;
#1372 = LINE ( 'NONE', #125, #957 ) ;
#1373 = CARTESIAN_POINT ( 'NONE',  ( 64.00000000000000000, 10.49999999999999645, 0.000000000000000000 ) ) ;
#1374 = EDGE_LOOP ( 'NONE', ( #1650, #2119, #469, #1534 ) ) ;
#1375 = ORIENTED_EDGE ( 'NONE', *, *, #1365, .T. ) ;
#1376 = ORIENTED_EDGE ( 'NONE', *, *, #1969, .T. ) ;
#1377 = CARTESIAN_POINT ( 'NONE',  ( 71.02597557244186532, 14.25615692838601412, 13.50000000000000711 ) ) ;
#1378 = DIRECTION ( 'NONE',  ( 0.000000000000000000, 0.000000000000000000, 1.000000000000000000 ) ) ;
#1379 = EDGE_CURVE ( 'NONE', #2620, #2555, #1551, .T. ) ;
#1380 = LINE ( 'NONE', #1363, #1533 ) ;
#1381 = CARTESIAN_POINT ( 'NONE',  ( 71.00000000000000000, 14.75555461355776643, 10.60000000000000320 ) ) ;
#1382 = AXIS2_PLACEMENT_3D ( 'NONE', #622, #353, #1513 ) ;
#1383 = ORIENTED_EDGE ( 'NONE', *, *, #2696, .T. ) ;
#1384 = ORIENTED_EDGE ( 'NONE', *, *, #677, .F. ) ;
#1385 = CARTESIAN_POINT ( 'NONE',  ( 13.99999999999999822, 12.00000000000000533, 14.50000000000000000 ) ) ;
#1386 = ORIENTED_EDGE ( 'NONE', *, *, #2725, .F. ) ;
#1387 = CARTESIAN_POINT ( 'NONE',  ( 59.86948052842768675, 14.17063774472666537, 2.576074332604699091 ) ) ;
#1388 = CARTESIAN_POINT ( 'NONE',  ( 1.541163507000763433, 12.05220745327791931, 8.768178874844208437 ) ) ;
#1389 = AXIS2_PLACEMENT_3D ( 'NONE', #1091, #1109, #463 ) ;
#1390 = EDGE_LOOP ( 'NONE', ( #2023, #2595, #2554, #1620 ) ) ;
#1391 = EDGE_LOOP ( 'NONE', ( #1785, #211, #1619, #1920, #1738, #431, #2283, #1435 ) ) ;
#1392 = VERTEX_POINT ( 'NONE', #244 ) ;
#1393 = CARTESIAN_POINT ( 'NONE',  ( 17.94810064542569350, 14.37323851454640078, 3.000000000000007994 ) ) ;
#1394 = FACE_OUTER_BOUND ( 'NONE', #115, .T. ) ;
#1395 = ADVANCED_FACE ( 'NONE', ( #504, #2689 ), #2242, .F. ) ;
#1396 = PLANE ( 'NONE',  #990 ) ;
#1397 = EDGE_CURVE ( 'NONE', #1330, #853, #633, .T. ) ;
#1398 = VECTOR ( 'NONE', #1209, 1000.000000000000114 ) ;
#1399 = CARTESIAN_POINT ( 'NONE',  ( 1.499999999999999556, 10.50000000000000000, 2.000000000000000000 ) ) ;
#1400 = ADVANCED_FACE ( 'NONE', ( #519 ), #1396, .F. ) ;
#1401 = CYLINDRICAL_SURFACE ( 'NONE', #1170, 0.5000000000000004441 ) ;
#1402 = DIRECTION ( 'NONE',  ( 0.000000000000000000, 0.000000000000000000, 1.000000000000000000 ) ) ;
#1403 = DIRECTION ( 'NONE',  ( 0.000000000000000000, 0.000000000000000000, -1.000000000000000000 ) ) ;
#1404 = ORIENTED_EDGE ( 'NONE', *, *, #2129, .T. ) ;
#1405 = EDGE_LOOP ( 'NONE', ( #447, #1009, #1893, #2751 ) ) ;
#1406 = ORIENTED_EDGE ( 'NONE', *, *, #1130, .F. ) ;
#1407 = DIRECTION ( 'NONE',  ( 1.000000000000000000, 0.000000000000000000, 0.000000000000000000 ) ) ;
#1408 = PLANE ( 'NONE',  #2528 ) ;
#1409 = DIRECTION ( 'NONE',  ( 0.000000000000000000, 0.000000000000000000, -1.000000000000000000 ) ) ;
#1410 = CARTESIAN_POINT ( 'NONE',  ( 76.50004522557929931, 12.04919149471926154, 7.617920857753284203 ) ) ;
#1411 = CIRCLE ( 'NONE', #1867, 2.000000000000001776 ) ;
#1412 = CARTESIAN_POINT ( 'NONE',  ( 4.242190007115939743, 14.85185946062112450, 3.186845151945903787 ) ) ;
#1413 = DIRECTION ( 'NONE',  ( 1.000000000000000000, 0.000000000000000000, 0.000000000000000000 ) ) ;
#1414 = CARTESIAN_POINT ( 'NONE',  ( 60.16238359506937883, 13.79109445332113992, 2.017460351004384922 ) ) ;
#1415 = FACE_OUTER_BOUND ( 'NONE', #73, .T. ) ;
#1416 = EDGE_LOOP ( 'NONE', ( #1980, #2657, #703, #250, #2707 ) ) ;
#1417 = ORIENTED_EDGE ( 'NONE', *, *, #1096, .T. ) ;
#1418 = ORIENTED_EDGE ( 'NONE', *, *, #1157, .T. ) ;
#1419 = CARTESIAN_POINT ( 'NONE',  ( 17.69432124051809296, 14.16205754104626280, 2.580431285903843186 ) ) ;
#1420 = DIRECTION ( 'NONE',  ( 0.000000000000000000, -1.000000000000000000, 0.000000000000000000 ) ) ;
#1421 = DIRECTION ( 'NONE',  ( -0.9993908270190956511, -0.03489949670250104552, 0.000000000000000000 ) ) ;
#1422 = EDGE_CURVE ( 'NONE', #2070, #2773, #2029, .T. ) ;
#1423 =( BOUNDED_CURVE ( )  B_SPLINE_CURVE ( 3, ( #389, #1262, #574, #763 ),
 .UNSPECIFIED., .F., .T. ) 
 B_SPLINE_CURVE_WITH_KNOTS ( ( 4, 4 ),
 ( 1.570796326794896558, 3.141592653589793116 ),
 .UNSPECIFIED. ) 
 CURVE ( )  GEOMETRIC_REPRESENTATION_ITEM ( )  RATIONAL_B_SPLINE_CURVE ( ( 1.000000000000000000, 0.8047378541243649375, 0.8047378541243649375, 1.000000000000000000 ) ) 
 REPRESENTATION_ITEM ( '' )  );
#1424 = EDGE_CURVE ( 'NONE', #2521, #1021, #2655, .T. ) ;
#1425 = DIRECTION ( 'NONE',  ( -0.6895564144749275481, -0.7242319733735056442, -0.000000000000000000 ) ) ;
#1426 = CARTESIAN_POINT ( 'NONE',  ( 1.999999999999999556, 10.50000000000000000, 1.500000000000000000 ) ) ;
#1427 = DIRECTION ( 'NONE',  ( 0.000000000000000000, 0.000000000000000000, 1.000000000000000000 ) ) ;
#1428 = VECTOR ( 'NONE', #1859, 1000.000000000000114 ) ;
#1429 = B_SPLINE_CURVE_WITH_KNOTS ( 'NONE', 3,
 ( #2769, #547, #349, #2350, #1916, #2144, #2549, #2787, #801, #1674, #2114, #2318, #139, #1240 ),
 .UNSPECIFIED., .F., .F.,
 ( 4, 2, 2, 2, 2, 2, 4 ),
 ( 0.000000000000000000, 0.0004627523716512133619, 0.0009255047433024267238, 0.001156880929128030694, 0.001388257114953634882, 0.001619633300779238635, 0.001851009486604842822 ),
 .UNSPECIFIED. ) ;
#1430 = AXIS2_PLACEMENT_3D ( 'NONE', #683, #1053, #206 ) ;
#1431 = CARTESIAN_POINT ( 'NONE',  ( 18.24492028238038444, 14.35465496614892622, 2.316180389231011105 ) ) ;
#1432 = FACE_OUTER_BOUND ( 'NONE', #265, .T. ) ;
#1433 = ORIENTED_EDGE ( 'NONE', *, *, #966, .T. ) ;
#1434 = ORIENTED_EDGE ( 'NONE', *, *, #2434, .F. ) ;
#1435 = ORIENTED_EDGE ( 'NONE', *, *, #1239, .T. ) ;
#1436 = CYLINDRICAL_SURFACE ( 'NONE', #472, 19.99999999999999645 ) ;
#1437 = CARTESIAN_POINT ( 'NONE',  ( 75.39816762980031228, 14.39487474866854555, 11.38000696325171468 ) ) ;
#1438 = CARTESIAN_POINT ( 'NONE',  ( 64.00000000000000000, 16.99999999999999645, 14.00000000000000711 ) ) ;
#1439 = CIRCLE ( 'NONE', #2414, 0.5000000000000004441 ) ;
#1440 = EDGE_LOOP ( 'NONE', ( #1198, #1383, #2475, #1417 ) ) ;
#1441 = DIRECTION ( 'NONE',  ( 1.000000000000000000, 0.000000000000000000, 0.000000000000000000 ) ) ;
#1442 = CARTESIAN_POINT ( 'NONE',  ( 3.019115539443645968, 14.89457016217813390, 11.07273360295801723 ) ) ;
#1443 = CARTESIAN_POINT ( 'NONE',  ( 39.00000000000000000, 18.00000000000000000, 9.000000000000001776 ) ) ;
#1444 = AXIS2_PLACEMENT_3D ( 'NONE', #1224, #1856, #2740 ) ;
#1445 = FACE_OUTER_BOUND ( 'NONE', #1369, .T. ) ;
#1446 = CARTESIAN_POINT ( 'NONE',  ( 60.74095611981921650, 13.89699613486283702, 13.50000000000000711 ) ) ;
#1447 = ORIENTED_EDGE ( 'NONE', *, *, #1792, .F. ) ;
#1448 = ORIENTED_EDGE ( 'NONE', *, *, #2611, .T. ) ;
#1449 = CARTESIAN_POINT ( 'NONE',  ( 32.99999999999998579, 18.00000000000000000, 9.000000000000001776 ) ) ;
#1450 = CARTESIAN_POINT ( 'NONE',  ( 14.00000000000000000, 12.00000000000000533, 0.000000000000000000 ) ) ;
#1451 = CARTESIAN_POINT ( 'NONE',  ( 13.99999999999999822, 17.00000000000000355, 14.00000000000000711 ) ) ;
#1452 = ADVANCED_FACE ( 'NONE', ( #2030 ), #488, .F. ) ;
#1453 = ORIENTED_EDGE ( 'NONE', *, *, #2097, .F. ) ;
#1454 = FACE_OUTER_BOUND ( 'NONE', #1416, .T. ) ;
#1455 = EDGE_CURVE ( 'NONE', #2176, #2791, #1917, .T. ) ;
#1456 = CARTESIAN_POINT ( 'NONE',  ( 1.500000000000000000, 14.94761884576237776, 8.722315077229989555 ) ) ;
#1457 = DIRECTION ( 'NONE',  ( 0.000000000000000000, 0.000000000000000000, 1.000000000000000000 ) ) ;
#1458 = CARTESIAN_POINT ( 'NONE',  ( 59.59935710328142022, 14.62622147042360332, 13.15729495547492256 ) ) ;
#1459 = CARTESIAN_POINT ( 'NONE',  ( 1.499963666952849550, 12.43648143911984327, 8.375376743548146763 ) ) ;
#1460 = ADVANCED_FACE ( 'NONE', ( #167 ), #591, .T. ) ;
#1461 = ORIENTED_EDGE ( 'NONE', *, *, #1962, .F. ) ;
#1462 = VERTEX_POINT ( 'NONE', #347 ) ;
#1463 = ORIENTED_EDGE ( 'NONE', *, *, #2132, .F. ) ;
#1464 = PLANE ( 'NONE',  #2379 ) ;
#1465 = CARTESIAN_POINT ( 'NONE',  ( 60.05189935457429584, 14.37323851454640078, 2.908561031858328150 ) ) ;
#1466 = CARTESIAN_POINT ( 'NONE',  ( 71.00000000000000000, 0.000000000000000000, 8.000000000000000000 ) ) ;
#1467 = CIRCLE ( 'NONE', #2394, 5.500000000000000000 ) ;
#1468 = ORIENTED_EDGE ( 'NONE', *, *, #1725, .T. ) ;
#1469 = CARTESIAN_POINT ( 'NONE',  ( 76.19362229023224131, 12.49999998635218468, 9.849555132270003455 ) ) ;
#1470 = CARTESIAN_POINT ( 'NONE',  ( 4.230095612389520809, 14.34318365289394137, 12.80582513778317200 ) ) ;
#1471 = LINE ( 'NONE', #380, #619 ) ;
#1472 = DIRECTION ( 'NONE',  ( 0.7242319733735124165, 0.6895564144749204427, 0.000000000000000000 ) ) ;
#1473 = DIRECTION ( 'NONE',  ( 1.000000000000000000, 0.000000000000000000, 0.000000000000000000 ) ) ;
#1474 = CIRCLE ( 'NONE', #1840, 4.500000000000003553 ) ;
#1475 = ORIENTED_EDGE ( 'NONE', *, *, #1121, .T. ) ;
#1476 = PRODUCT_DEFINITION_SHAPE ( 'NONE', 'NONE',  #623 ) ;
#1477 = VERTEX_POINT ( 'NONE', #1015 ) ;
#1478 = VECTOR ( 'NONE', #1658, 1000.000000000000000 ) ;
#1479 = CARTESIAN_POINT ( 'NONE',  ( 60.16519407352413396, 14.27180772332878966, 2.682924941217133430 ) ) ;
#1480 = CARTESIAN_POINT ( 'NONE',  ( 78.00000000000000000, 9.552245033349355756E-15, 14.00000000000000000 ) ) ;
#1481 = ORIENTED_EDGE ( 'NONE', *, *, #687, .T. ) ;
#1482 = DIRECTION ( 'NONE',  ( 0.000000000000000000, 0.000000000000000000, -1.000000000000000000 ) ) ;
#1483 = CARTESIAN_POINT ( 'NONE',  ( 65.79999999999998295, 14.57396661220067813, 10.60000000000000320 ) ) ;
#1484 = ADVANCED_FACE ( 'NONE', ( #563 ), #1839, .T. ) ;
#1485 = DIRECTION ( 'NONE',  ( 0.000000000000000000, 0.000000000000000000, -1.000000000000000000 ) ) ;
#1486 = ORIENTED_EDGE ( 'NONE', *, *, #1274, .F. ) ;
#1487 = VECTOR ( 'NONE', #1902, 1000.000000000000000 ) ;
#1488 = EDGE_LOOP ( 'NONE', ( #2496, #782, #2307, #962 ) ) ;
#1489 = CARTESIAN_POINT ( 'NONE',  ( 7.000000000000000000, 14.75555461355776465, 5.400000000000008349 ) ) ;
#1490 = CARTESIAN_POINT ( 'NONE',  ( 57.49999999999998579, 18.00000000000001776, 14.50000000000000000 ) ) ;
#1491 = CARTESIAN_POINT ( 'NONE',  ( 17.81894726741882806, 14.25809869957694964, 13.33122055624266267 ) ) ;
#1492 = EDGE_CURVE ( 'NONE', #1477, #2504, #1733, .T. ) ;
#1493 = ORIENTED_EDGE ( 'NONE', *, *, #258, .F. ) ;
#1494 = AXIS2_PLACEMENT_3D ( 'NONE', #1776, #1323, #905 ) ;
#1495 = ADVANCED_FACE ( 'NONE', ( #377 ), #406, .T. ) ;
#1496 = EDGE_CURVE ( 'NONE', #960, #2019, #260, .T. ) ;
#1497 = CARTESIAN_POINT ( 'NONE',  ( 14.00000000000000000, 12.00000000000000533, 14.00000000000000711 ) ) ;
#1498 = DIRECTION ( 'NONE',  ( 1.000000000000000000, 3.154042683594194627E-16, 0.000000000000000000 ) ) ;
#1499 = CARTESIAN_POINT ( 'NONE',  ( 7.000000000000000000, 12.50000000000000355, 14.00000000000000711 ) ) ;
#1500 = CARTESIAN_POINT ( 'NONE',  ( 1.806445041331270929, 12.50000000000000178, 9.849709567886668182 ) ) ;
#1501 = ADVANCED_FACE ( 'NONE', ( #1454 ), #1808, .F. ) ;
#1502 = DIRECTION ( 'NONE',  ( -0.000000000000000000, 1.000000000000000000, -0.000000000000000000 ) ) ;
#1503 = AXIS2_PLACEMENT_3D ( 'NONE', #1161, #1425, #1884 ) ;
#1504 = ORIENTED_EDGE ( 'NONE', *, *, #1759, .T. ) ;
#1505 = CARTESIAN_POINT ( 'NONE',  ( 18.40616710419660507, 14.63659325339549611, 13.00000000000000711 ) ) ;
#1506 = CARTESIAN_POINT ( 'NONE',  ( 14.00000000000000000, 12.50000000000000533, 2.000000000000007550 ) ) ;
#1507 = DIRECTION ( 'NONE',  ( 0.000000000000000000, 0.000000000000000000, 1.000000000000000000 ) ) ;
#1508 = ORIENTED_EDGE ( 'NONE', *, *, #346, .F. ) ;
#1509 = CARTESIAN_POINT ( 'NONE',  ( 39.00000000000000000, 18.00000000000000000, 16.00000000000000000 ) ) ;
#1510 = AXIS2_PLACEMENT_3D ( 'NONE', #747, #2288, #2455 ) ;
#1511 = EDGE_CURVE ( 'NONE', #1951, #668, #1411, .T. ) ;
#1512 = DIRECTION ( 'NONE',  ( 1.000000000000000000, 0.000000000000000000, 0.000000000000000000 ) ) ;
#1513 = DIRECTION ( 'NONE',  ( 0.000000000000000000, 1.000000000000000000, 0.000000000000000000 ) ) ;
#1514 = DIRECTION ( 'NONE',  ( 0.000000000000000000, 0.000000000000000000, -1.000000000000000000 ) ) ;
#1515 = DIRECTION ( 'NONE',  ( -1.000000000000000000, -3.469446951953614189E-16, 0.000000000000000000 ) ) ;
#1516 = ORIENTED_EDGE ( 'NONE', *, *, #2605, .T. ) ;
#1517 = DIRECTION ( 'NONE',  ( 0.000000000000000000, 0.000000000000000000, 1.000000000000000000 ) ) ;
#1518 = CARTESIAN_POINT ( 'NONE',  ( 71.70418267072183482, 14.78014521428210237, 2.497710236536382133 ) ) ;
#1519 = CARTESIAN_POINT ( 'NONE',  ( 17.70218739374583450, 13.63732006366873506, 13.53508188071212714 ) ) ;
#1520 = CIRCLE ( 'NONE', #2449, 14.50000000000000533 ) ;
#1521 = EDGE_LOOP ( 'NONE', ( #2167, #1985, #1603, #21 ) ) ;
#1522 = FACE_OUTER_BOUND ( 'NONE', #678, .T. ) ;
#1523 = CARTESIAN_POINT ( 'NONE',  ( 76.30717179748440060, 12.48074712493357730, 9.491532220979987500 ) ) ;
#1524 = CARTESIAN_POINT ( 'NONE',  ( 13.99999999999999822, 17.00000000000000355, 14.50000000000000000 ) ) ;
#1525 = LINE ( 'NONE', #257, #1291 ) ;
#1526 = CARTESIAN_POINT ( 'NONE',  ( 60.07819241314691538, 14.34775481365473837, 13.17922097337277165 ) ) ;
#1527 = DIRECTION ( 'NONE',  ( 0.000000000000000000, 0.000000000000000000, 1.000000000000000000 ) ) ;
#1528 = CARTESIAN_POINT ( 'NONE',  ( 39.00000000000000000, 10.49999999999999645, 14.50000000000000000 ) ) ;
#1529 = ORIENTED_EDGE ( 'NONE', *, *, #2658, .F. ) ;
#1530 = FACE_OUTER_BOUND ( 'NONE', #75, .T. ) ;
#1531 = CARTESIAN_POINT ( 'NONE',  ( 2.000000000000002665, 2.449293598294709866E-16, 16.00000000000000000 ) ) ;
#1532 = CARTESIAN_POINT ( 'NONE',  ( 60.05189935457430295, 14.37323851454640078, 13.00000000000000711 ) ) ;
#1533 = VECTOR ( 'NONE', #1825, 1000.000000000000000 ) ;
#1534 = ORIENTED_EDGE ( 'NONE', *, *, #2223, .F. ) ;
#1535 = ORIENTED_EDGE ( 'NONE', *, *, #1093, .T. ) ;
#1536 = CARTESIAN_POINT ( 'NONE',  ( 58.99999999999999289, 18.00000000000000000, 1.499999999999999556 ) ) ;
#1537 = CARTESIAN_POINT ( 'NONE',  ( 19.00000000000000000, 17.00000000000000355, 14.50000000000000000 ) ) ;
#1538 = EDGE_CURVE ( 'NONE', #2607, #1935, #2313, .T. ) ;
#1539 = CARTESIAN_POINT ( 'NONE',  ( 18.20934331052501065, 14.30079102011342407, 13.72508622239284293 ) ) ;
#1540 = DIRECTION ( 'NONE',  ( 0.000000000000000000, 0.000000000000000000, -1.000000000000000000 ) ) ;
#1541 = CARTESIAN_POINT ( 'NONE',  ( 59.61252925703884387, 14.60087524577250662, 13.29125918697001119 ) ) ;
#1542 = APPLICATION_PROTOCOL_DEFINITION ( 'draft international standard', 'automotive_design', 1998, #2171 ) ;
#1543 = CARTESIAN_POINT ( 'NONE',  ( 71.00000000000000000, 12.49999999999999645, 8.000000000000008882 ) ) ;
#1544 = ORIENTED_EDGE ( 'NONE', *, *, #2543, .T. ) ;
#1545 = EDGE_CURVE ( 'NONE', #904, #681, #121, .T. ) ;
#1546 = CARTESIAN_POINT ( 'NONE',  ( 17.62115986686752933, 13.55221792762537092, 14.00000000000000711 ) ) ;
#1547 = VERTEX_POINT ( 'NONE', #1697 ) ;
#1548 = UNCERTAINTY_MEASURE_WITH_UNIT (LENGTH_MEASURE( 1.000000000000000082E-05 ), #1268, 'distance_accuracy_value', 'NONE');
#1549 = SURFACE_SIDE_STYLE ('',( #1766 ) ) ;
#1550 = DIRECTION ( 'NONE',  ( -0.000000000000000000, -0.000000000000000000, -1.000000000000000000 ) ) ;
#1551 = LINE ( 'NONE', #2230, #1270 ) ;
#1552 = CARTESIAN_POINT ( 'NONE',  ( 2.000000000000001776, 12.00000000000000178, 14.50000000000000000 ) ) ;
#1553 = CARTESIAN_POINT ( 'NONE',  ( 59.68695896395398393, 14.46951069394271094, 13.55083321619605030 ) ) ;
#1554 = AXIS2_PLACEMENT_3D ( 'NONE', #2131, #2604, #624 ) ;
#1555 = VECTOR ( 'NONE', #809, 1000.000000000000000 ) ;
#1556 = DIRECTION ( 'NONE',  ( 0.000000000000000000, -0.000000000000000000, 1.000000000000000000 ) ) ;
#1557 = ORIENTED_EDGE ( 'NONE', *, *, #1911, .T. ) ;
#1558 = CARTESIAN_POINT ( 'NONE',  ( 1.499956361294858320, 12.43647938119688945, 8.375260183354310328 ) ) ;
#1559 = VERTEX_POINT ( 'NONE', #2588 ) ;
#1560 = DIRECTION ( 'NONE',  ( -1.000000000000000000, -1.156482317317871133E-15, 0.000000000000000000 ) ) ;
#1561 = DIRECTION ( 'NONE',  ( 1.000000000000000000, 0.000000000000000000, 0.000000000000000000 ) ) ;
#1562 = TOROIDAL_SURFACE ( 'NONE', #1933, 7.500000000000009770, 1.500000000000000000 ) ;
#1563 = CIRCLE ( 'NONE', #689, 0.5000000000000036637 ) ;
#1564 = CARTESIAN_POINT ( 'NONE',  ( 14.00000000000000000, 10.50000000000000355, 14.50000000000000000 ) ) ;
#1565 = CARTESIAN_POINT ( 'NONE',  ( 71.00000000000000000, 0.000000000000000000, 10.60000000000000320 ) ) ;
#1566 = CARTESIAN_POINT ( 'NONE',  ( 60.29766964550309183, 13.63747021366625667, 13.53514377662731327 ) ) ;
#1567 = VERTEX_POINT ( 'NONE', #1915 ) ;
#1568 = CIRCLE ( 'NONE', #2552, 18.49999999999999645 ) ;
#1569 = EDGE_CURVE ( 'NONE', #2353, #575, #178, .T. ) ;
#1570 = VECTOR ( 'NONE', #807, 1000.000000000000000 ) ;
#1571 = AXIS2_PLACEMENT_3D ( 'NONE', #2390, #1515, #2193 ) ;
#1572 = CARTESIAN_POINT ( 'NONE',  ( 1.691208932202345805, 12.48048367809536963, 9.486249430149896966 ) ) ;
#1573 = ORIENTED_EDGE ( 'NONE', *, *, #566, .F. ) ;
#1574 = ORIENTED_EDGE ( 'NONE', *, *, #2662, .F. ) ;
#1575 = CARTESIAN_POINT ( 'NONE',  ( 76.50000000000000000, 11.99999999999999645, 2.000000000000000000 ) ) ;
#1576 = EDGE_CURVE ( 'NONE', #540, #946, #1850, .T. ) ;
#1577 = DIRECTION ( 'NONE',  ( 0.000000000000000000, 0.000000000000000000, -1.000000000000000000 ) ) ;
#1578 = AXIS2_PLACEMENT_3D ( 'NONE', #2096, #1107, #1279 ) ;
#1579 = CARTESIAN_POINT ( 'NONE',  ( 1.373051926816643231, 12.00000000000134115, 5.990318283744026751 ) ) ;
#1580 = EDGE_CURVE ( 'NONE', #1271, #2772, #535, .T. ) ;
#1581 = DIRECTION ( 'NONE',  ( 0.000000000000000000, 0.000000000000000000, 1.000000000000000000 ) ) ;
#1582 = DIRECTION ( 'NONE',  ( 0.000000000000000000, 0.000000000000000000, -1.000000000000000000 ) ) ;
#1583 = CARTESIAN_POINT ( 'NONE',  ( 76.87502436114402826, 11.95236246480769005, 7.594888545867297225 ) ) ;
#1584 = EDGE_CURVE ( 'NONE', #1271, #1041, #2617, .T. ) ;
#1585 = COLOUR_RGB ( '',0.7921568627450980005, 0.8196078431372548767, 0.9333333333333333481 ) ;
#1586 = VERTEX_POINT ( 'NONE', #1823 ) ;
#1587 = DIRECTION ( 'NONE',  ( 1.000000000000000000, 0.000000000000000000, 0.000000000000000000 ) ) ;
#1588 = EDGE_CURVE ( 'NONE', #2772, #2466, #92, .T. ) ;
#1589 = CARTESIAN_POINT ( 'NONE',  ( 1.958333333333332371, 12.50000000000000000, 10.19808944818500152 ) ) ;
#1590 = VERTEX_POINT ( 'NONE', #1665 ) ;
#1591 = ORIENTED_EDGE ( 'NONE', *, *, #1889, .T. ) ;
#1592 = EDGE_LOOP ( 'NONE', ( #2347, #1245, #1070, #2536 ) ) ;
#1593 = CARTESIAN_POINT ( 'NONE',  ( 17.94810064603265687, 14.37323851452520529, 2.926386437595311918 ) ) ;
#1594 = DIRECTION ( 'NONE',  ( 1.000000000000000000, 0.000000000000000000, 0.000000000000000000 ) ) ;
#1595 = CARTESIAN_POINT ( 'NONE',  ( 17.25904388018077640, 13.89699613486283702, 2.500000000000007550 ) ) ;
#1596 = CARTESIAN_POINT ( 'NONE',  ( 6.999999999999999112, 14.25524984140835372, 2.500000000000009770 ) ) ;
#1597 = CARTESIAN_POINT ( 'NONE',  ( 76.71968447721573625, 11.98517112150566000, 9.615306743496258690 ) ) ;
#1598 = ORIENTED_EDGE ( 'NONE', *, *, #384, .F. ) ;
#1599 = CIRCLE ( 'NONE', #1974, 1.500000000000001332 ) ;
#1600 = ADVANCED_FACE ( 'NONE', ( #117 ), #1607, .T. ) ;
#1601 = CARTESIAN_POINT ( 'NONE',  ( 45.00000000000001421, 18.00000000000000000, 9.000000000000001776 ) ) ;
#1602 = CARTESIAN_POINT ( 'NONE',  ( 17.64205558143515518, 14.12488340648172702, 13.44254600949641798 ) ) ;
#1603 = ORIENTED_EDGE ( 'NONE', *, *, #1714, .F. ) ;
#1604 = ORIENTED_EDGE ( 'NONE', *, *, #852, .T. ) ;
#1605 = EDGE_LOOP ( 'NONE', ( #2091, #120, #1573, #1461 ) ) ;
#1606 = CARTESIAN_POINT ( 'NONE',  ( 17.93184477579024616, 14.35743927461241576, 2.854370407029926504 ) ) ;
#1607 = CYLINDRICAL_SURFACE ( 'NONE', #133, 1.500000000000001332 ) ;
#1608 = ADVANCED_FACE ( 'NONE', ( #2345 ), #1408, .F. ) ;
#1609 = DIRECTION ( 'NONE',  ( 0.000000000000000000, 1.000000000000000000, 0.000000000000000000 ) ) ;
#1610 = EDGE_CURVE ( 'NONE', #1559, #1216, #2010, .T. ) ;
#1611 = CARTESIAN_POINT ( 'NONE',  ( 1.155470501614308976, 11.96126222195672817, 8.808674066716767115 ) ) ;
#1612 = TOROIDAL_SURFACE ( 'NONE', #778, 0.5000000000000000000, 1.500000000000000000 ) ;
#1613 = FACE_OUTER_BOUND ( 'NONE', #1734, .T. ) ;
#1614 = VECTOR ( 'NONE', #235, 1000.000000000000000 ) ;
#1615 = DIRECTION ( 'NONE',  ( 0.000000000000000000, 0.000000000000000000, 1.000000000000000000 ) ) ;
#1616 = CARTESIAN_POINT ( 'NONE',  ( 60.74095611981921650, 13.89699613486283702, 2.500000000000007550 ) ) ;
#1617 = CARTESIAN_POINT ( 'NONE',  ( 1.958333333333330373, 12.00000000000000000, 10.19808944818500152 ) ) ;
#1618 = VERTEX_POINT ( 'NONE', #515 ) ;
#1619 = ORIENTED_EDGE ( 'NONE', *, *, #562, .F. ) ;
#1620 = ORIENTED_EDGE ( 'NONE', *, *, #503, .T. ) ;
#1621 = DIRECTION ( 'NONE',  ( -1.000000000000000000, 0.000000000000000000, 0.000000000000000000 ) ) ;
#1622 = DIRECTION ( 'NONE',  ( 0.000000000000000000, 0.000000000000000000, -1.000000000000000000 ) ) ;
#1623 = DIRECTION ( 'NONE',  ( 1.000000000000000000, 0.000000000000000000, 0.000000000000000000 ) ) ;
#1624 = ADVANCED_FACE ( 'NONE', ( #543 ), #2115, .T. ) ;
#1625 = VECTOR ( 'NONE', #2386, 1000.000000000000000 ) ;
#1626 = FACE_OUTER_BOUND ( 'NONE', #742, .T. ) ;
#1627 = CARTESIAN_POINT ( 'NONE',  ( 57.49999999999998579, 18.00000000000001776, 0.000000000000000000 ) ) ;
#1628 = CIRCLE ( 'NONE', #1811, 4.999999999999997335 ) ;
#1629 = AXIS2_PLACEMENT_3D ( 'NONE', #1528, #1744, #2207 ) ;
#1630 = VECTOR ( 'NONE', #1691, 1000.000000000000000 ) ;
#1631 = CARTESIAN_POINT ( 'NONE',  ( 60.06031815312989153, 13.91561975256230888, 2.455433324511163473 ) ) ;
#1632 = CIRCLE ( 'NONE', #2739, 6.499999999999999112 ) ;
#1633 = CARTESIAN_POINT ( 'NONE',  ( 7.000000000000000000, 12.00000000000000178, 8.000000000000008882 ) ) ;
#1634 = ORIENTED_EDGE ( 'NONE', *, *, #1055, .T. ) ;
#1635 = ORIENTED_EDGE ( 'NONE', *, *, #2317, .F. ) ;
#1636 = ORIENTED_EDGE ( 'NONE', *, *, #2484, .T. ) ;
#1637 = ADVANCED_FACE ( 'NONE', ( #403 ), #1736, .T. ) ;
#1638 = DIRECTION ( 'NONE',  ( -0.000000000000000000, 1.000000000000000000, -0.000000000000000000 ) ) ;
#1639 = CARTESIAN_POINT ( 'NONE',  ( 73.50064514947651162, 14.84287906640329169, 12.36893194343950775 ) ) ;
#1640 = DIRECTION ( 'NONE',  ( 0.000000000000000000, 1.000000000000000000, -0.000000000000000000 ) ) ;
#1641 = CARTESIAN_POINT ( 'NONE',  ( 76.30710216626377473, 12.48075838309099694, 9.491758176095929755 ) ) ;
#1642 = VECTOR ( 'NONE', #104, 1000.000000000000000 ) ;
#1643 = CARTESIAN_POINT ( 'NONE',  ( 2.198229521301798162, 14.92323613359634571, 5.222664938107759447 ) ) ;
#1644 = LINE ( 'NONE', #1657, #28 ) ;
#1645 = CARTESIAN_POINT ( 'NONE',  ( 59.75771415792058860, 14.33606317571968347, 2.808718610421073958 ) ) ;
#1646 = PLANE ( 'NONE',  #1194 ) ;
#1647 = CIRCLE ( 'NONE', #2623, 1.999999999999999556 ) ;
#1648 = ORIENTED_EDGE ( 'NONE', *, *, #978, .T. ) ;
#1649 = ORIENTED_EDGE ( 'NONE', *, *, #1189, .F. ) ;
#1650 = ORIENTED_EDGE ( 'NONE', *, *, #2423, .T. ) ;
#1651 = CARTESIAN_POINT ( 'NONE',  ( 14.00000000000000000, 12.00000000000000533, 2.000000000000007550 ) ) ;
#1652 = CARTESIAN_POINT ( 'NONE',  ( 76.50000000000000000, 12.49999999999999645, 10.39791576165635512 ) ) ;
#1653 = DIRECTION ( 'NONE',  ( 0.000000000000000000, 0.000000000000000000, -1.000000000000000000 ) ) ;
#1654 = ORIENTED_EDGE ( 'NONE', *, *, #857, .F. ) ;
#1655 = DIRECTION ( 'NONE',  ( 0.9993908270190957621, -0.03489949670250100389, -0.000000000000000000 ) ) ;
#1656 = DIRECTION ( 'NONE',  ( -0.000000000000000000, -0.000000000000000000, -1.000000000000000000 ) ) ;
#1657 = CARTESIAN_POINT ( 'NONE',  ( 78.00000000000000000, 10.49999999999999645, 16.00000000000000000 ) ) ;
#1658 = DIRECTION ( 'NONE',  ( 0.000000000000000000, 0.000000000000000000, -1.000000000000000000 ) ) ;
#1659 = DIRECTION ( 'NONE',  ( 1.000000000000000000, 4.082155997157842586E-17, -0.000000000000000000 ) ) ;
#1660 = ADVANCED_FACE ( 'NONE', ( #630 ), #1131, .T. ) ;
#1661 = ORIENTED_EDGE ( 'NONE', *, *, #725, .T. ) ;
#1662 = ORIENTED_EDGE ( 'NONE', *, *, #149, .T. ) ;
#1663 = EDGE_LOOP ( 'NONE', ( #261, #1604, #2439, #1762 ) ) ;
#1664 = FACE_BOUND ( 'NONE', #945, .T. ) ;
#1665 = CARTESIAN_POINT ( 'NONE',  ( 14.00000000000000000, 10.50000000000000355, 0.000000000000000000 ) ) ;
#1666 = DIRECTION ( 'NONE',  ( 0.000000000000000000, 0.000000000000000000, -1.000000000000000000 ) ) ;
#1667 = CIRCLE ( 'NONE', #786, 1.499999999999999556 ) ;
#1668 = ORIENTED_EDGE ( 'NONE', *, *, #1455, .T. ) ;
#1669 = EDGE_CURVE ( 'NONE', #2353, #916, #83, .T. ) ;
#1670 = CARTESIAN_POINT ( 'NONE',  ( 76.49995469653511293, 12.04919518542192058, 8.383388375484301491 ) ) ;
#1671 = CIRCLE ( 'NONE', #2556, 13.00000000000000533 ) ;
#1672 = CARTESIAN_POINT ( 'NONE',  ( 1.643876103404717792, 14.94259458152033204, 6.556271936837544168 ) ) ;
#1673 = ADVANCED_FACE ( 'NONE', ( #1723 ), #2407, .T. ) ;
#1674 = CARTESIAN_POINT ( 'NONE',  ( 59.63565541487771071, 14.55988943910135447, 2.624461995927828806 ) ) ;
#1675 = CARTESIAN_POINT ( 'NONE',  ( 10.00000000000000000, 12.00000000000000355, 16.00000000000000000 ) ) ;
#1676 = ORIENTED_EDGE ( 'NONE', *, *, #2831, .T. ) ;
#1677 = ORIENTED_EDGE ( 'NONE', *, *, #2432, .F. ) ;
#1678 = ORIENTED_EDGE ( 'NONE', *, *, #987, .F. ) ;
#1679 = CARTESIAN_POINT ( 'NONE',  ( 13.99999999999999822, 17.00000000000000355, 2.000000000000007105 ) ) ;
#1680 = DIRECTION ( 'NONE',  ( -0.03489949670248963798, 0.9993908270190960952, 0.000000000000000000 ) ) ;
#1681 = FACE_BOUND ( 'NONE', #1052, .T. ) ;
#1682 = EDGE_LOOP ( 'NONE', ( #1678, #2566, #2253, #930 ) ) ;
#1683 = CARTESIAN_POINT ( 'NONE',  ( 76.19286952876286989, 12.49999998689663094, 6.148718289946176085 ) ) ;
#1684 = CARTESIAN_POINT ( 'NONE',  ( 2.648517804910473838, 14.90751172023992943, 10.51809489782437979 ) ) ;
#1685 = CARTESIAN_POINT ( 'NONE',  ( 39.00000000000000000, 10.49999999999999645, 0.000000000000000000 ) ) ;
#1686 = AXIS2_PLACEMENT_3D ( 'NONE', #643, #795, #834 ) ;
#1687 = CARTESIAN_POINT ( 'NONE',  ( 60.27135576827177488, 13.66510733309793579, 14.00000000000001243 ) ) ;
#1688 = DIRECTION ( 'NONE',  ( 0.000000000000000000, 0.000000000000000000, 1.000000000000000000 ) ) ;
#1689 = EDGE_LOOP ( 'NONE', ( #303, #1447, #585, #740 ) ) ;
#1690 = ORIENTED_EDGE ( 'NONE', *, *, #2782, .F. ) ;
#1691 = DIRECTION ( 'NONE',  ( -0.000000000000000000, -0.000000000000000000, -1.000000000000000000 ) ) ;
#1692 = CARTESIAN_POINT ( 'NONE',  ( 60.35794441856484127, 14.12488340648173057, 2.557453990503598451 ) ) ;
#1693 = LINE ( 'NONE', #1881, #2803 ) ;
#1694 = AXIS2_PLACEMENT_3D ( 'NONE', #1675, #1032, #2835 ) ;
#1695 = AXIS2_PLACEMENT_3D ( 'NONE', #1898, #2780, #544 ) ;
#1696 = EDGE_LOOP ( 'NONE', ( #2683, #931, #2491, #551 ) ) ;
#1697 = CARTESIAN_POINT ( 'NONE',  ( 57.49999999999999289, 18.00000000000000000, 0.000000000000000000 ) ) ;
#1698 = EDGE_CURVE ( 'NONE', #540, #2646, #2059, .T. ) ;
#1699 = ADVANCED_FACE ( 'NONE', ( #1939 ), #372, .F. ) ;
#1700 = DIRECTION ( 'NONE',  ( 0.000000000000000000, 0.000000000000000000, 1.000000000000000000 ) ) ;
#1701 = DIRECTION ( 'NONE',  ( 1.000000000000000000, 0.000000000000000000, 0.000000000000000000 ) ) ;
#1702 = ADVANCED_FACE ( 'NONE', ( #428 ), #1953, .T. ) ;
#1703 = AXIS2_PLACEMENT_3D ( 'NONE', #2290, #546, #2315 ) ;
#1704 = CARTESIAN_POINT ( 'NONE',  ( 1.958333333333333259, 12.50000000000000178, 5.801910551815014472 ) ) ;
#1705 = AXIS2_PLACEMENT_3D ( 'NONE', #2216, #1133, #1311 ) ;
#1706 = VERTEX_POINT ( 'NONE', #174 ) ;
#1707 = VERTEX_POINT ( 'NONE', #2570 ) ;
#1708 = CIRCLE ( 'NONE', #2671, 0.5000000000000000000 ) ;
#1709 = LINE ( 'NONE', #402, #1570 ) ;
#1710 = CARTESIAN_POINT ( 'NONE',  ( 71.00000000000000000, 15.00000000000000355, 13.50000000000000711 ) ) ;
#1711 = CARTESIAN_POINT ( 'NONE',  ( 17.61947594232211145, 14.10888739033322459, 13.45088805532059339 ) ) ;
#1712 = ORIENTED_EDGE ( 'NONE', *, *, #2456, .T. ) ;
#1713 = CIRCLE ( 'NONE', #2599, 0.5000000000000001110 ) ;
#1714 = EDGE_CURVE ( 'NONE', #2790, #400, #2633, .T. ) ;
#1715 = CARTESIAN_POINT ( 'NONE',  ( 76.50000000000000000, 11.99999999999999645, 10.39791576165635512 ) ) ;
#1716 = CARTESIAN_POINT ( 'NONE',  ( 39.00000000000000000, 10.50000000000001421, 0.000000000000000000 ) ) ;
#1717 = CARTESIAN_POINT ( 'NONE',  ( 59.59383289580339493, 14.63659325339550143, 13.07866303564449950 ) ) ;
#1718 = LINE ( 'NONE', #2173, #1478 ) ;
#1719 = DIRECTION ( 'NONE',  ( 1.000000000000000000, 0.000000000000000000, 0.000000000000000000 ) ) ;
#1720 = AXIS2_PLACEMENT_3D ( 'NONE', #1524, #24, #1512 ) ;
#1721 = ORIENTED_EDGE ( 'NONE', *, *, #54, .F. ) ;
#1722 = DIRECTION ( 'NONE',  ( -0.000000000000000000, -0.000000000000000000, -1.000000000000000000 ) ) ;
#1723 = FACE_OUTER_BOUND ( 'NONE', #1877, .T. ) ;
#1724 = CARTESIAN_POINT ( 'NONE',  ( 17.86727497216633864, 14.29970113038161017, 13.27482199076430369 ) ) ;
#1725 = EDGE_CURVE ( 'NONE', #1021, #2521, #429, .T. ) ;
#1726 = ORIENTED_EDGE ( 'NONE', *, *, #1112, .F. ) ;
#1727 = CARTESIAN_POINT ( 'NONE',  ( 7.000000000000000000, 12.50000000000000355, 14.00000000000000888 ) ) ;
#1728 = AXIS2_PLACEMENT_3D ( 'NONE', #1806, #2468, #1407 ) ;
#1729 = FACE_OUTER_BOUND ( 'NONE', #172, .T. ) ;
#1730 = LINE ( 'NONE', #2158, #2130 ) ;
#1731 = DIRECTION ( 'NONE',  ( 0.000000000000000000, 0.000000000000000000, -1.000000000000000000 ) ) ;
#1732 = DIRECTION ( 'NONE',  ( -0.000000000000000000, 1.000000000000000000, -0.000000000000000000 ) ) ;
#1733 = CIRCLE ( 'NONE', #940, 1.500000000000000000 ) ;
#1734 = EDGE_LOOP ( 'NONE', ( #715, #34, #159, #1804 ) ) ;
#1735 = DIRECTION ( 'NONE',  ( 0.000000000000000000, 1.000000000000000000, -0.000000000000000000 ) ) ;
#1736 = PLANE ( 'NONE',  #1226 ) ;
#1737 = CARTESIAN_POINT ( 'NONE',  ( 17.93161440863828560, 14.35723467150474342, 13.14605615994746834 ) ) ;
#1738 = ORIENTED_EDGE ( 'NONE', *, *, #528, .F. ) ;
#1739 = LINE ( 'NONE', #856, #2222 ) ;
#1740 = AXIS2_PLACEMENT_3D ( 'NONE', #2107, #1013, #2358 ) ;
#1741 = CARTESIAN_POINT ( 'NONE',  ( 76.50000000000000000, 15.00000000000000178, 8.000000000000008882 ) ) ;
#1742 = CARTESIAN_POINT ( 'NONE',  ( 58.99999999999999289, 16.99999999999998934, 0.000000000000000000 ) ) ;
#1743 = FACE_OUTER_BOUND ( 'NONE', #291, .T. ) ;
#1744 = DIRECTION ( 'NONE',  ( 1.000000000000000000, 0.000000000000000000, -0.000000000000000000 ) ) ;
#1745 = ORIENTED_EDGE ( 'NONE', *, *, #1113, .F. ) ;
#1746 = EDGE_CURVE ( 'NONE', #2504, #1547, #1568, .T. ) ;
#1747 = CARTESIAN_POINT ( 'NONE',  ( 13.99999999999999822, 17.00000000000000355, 13.50000000000000711 ) ) ;
#1748 = FACE_OUTER_BOUND ( 'NONE', #947, .T. ) ;
#1749 = CARTESIAN_POINT ( 'NONE',  ( 17.35812012159249917, 13.94833248098763256, 13.50000000000000711 ) ) ;
#1750 = EDGE_LOOP ( 'NONE', ( #2199, #2054, #2369, #158 ) ) ;
#1751 = ADVANCED_FACE ( 'NONE', ( #2044 ), #2675, .T. ) ;
#1752 =( NAMED_UNIT ( * ) SI_UNIT ( $, .STERADIAN. ) SOLID_ANGLE_UNIT ( ) );
#1753 = FACE_OUTER_BOUND ( 'NONE', #2156, .T. ) ;
#1754 = EDGE_CURVE ( 'NONE', #2620, #960, #1667, .T. ) ;
#1755 = PLANE ( 'NONE',  #2334 ) ;
#1756 = CIRCLE ( 'NONE', #2139, 5.000000000000000888 ) ;
#1757 = DIRECTION ( 'NONE',  ( 1.000000000000000000, 0.000000000000000000, -0.000000000000000000 ) ) ;
#1758 = CARTESIAN_POINT ( 'NONE',  ( 60.37884013313245646, 13.55221792762537270, 13.50000000000000533 ) ) ;
#1759 = EDGE_CURVE ( 'NONE', #99, #1028, #2323, .T. ) ;
#1760 = PRODUCT_CONTEXT ( 'NONE', #2015, 'mechanical' ) ;
#1761 = DIRECTION ( 'NONE',  ( 0.000000000000000000, 0.000000000000000000, 1.000000000000000000 ) ) ;
#1762 = ORIENTED_EDGE ( 'NONE', *, *, #1397, .T. ) ;
#1763 = CARTESIAN_POINT ( 'NONE',  ( 7.000000000000000000, 14.75555461355776465, 5.400000000000008349 ) ) ;
#1764 = VECTOR ( 'NONE', #124, 1000.000000000000000 ) ;
#1765 = ORIENTED_EDGE ( 'NONE', *, *, #1422, .F. ) ;
#1766 = SURFACE_STYLE_FILL_AREA ( #1986 ) ;
#1767 = CARTESIAN_POINT ( 'NONE',  ( 76.19370683550067724, 12.49999999999999289, 9.849361214291747046 ) ) ;
#1768 = CARTESIAN_POINT ( 'NONE',  ( 18.40087241762662629, 14.62664913749436835, 13.15481081264622176 ) ) ;
#1769 = CARTESIAN_POINT ( 'NONE',  ( 17.56821604057588360, 14.07520515696259444, 2.534247130941075010 ) ) ;
#1770 = CARTESIAN_POINT ( 'NONE',  ( 60.06815522421025122, 14.35743927461239799, 13.14562959297017031 ) ) ;
#1771 = CARTESIAN_POINT ( 'NONE',  ( 14.00000000000000000, 12.50000000000000533, 14.00000000000000711 ) ) ;
#1772 = ORIENTED_EDGE ( 'NONE', *, *, #2690, .F. ) ;
#1773 = CARTESIAN_POINT ( 'NONE',  ( 17.92165928330005187, 14.34764271989555873, 13.17918472507762040 ) ) ;
#1774 = AXIS2_PLACEMENT_3D ( 'NONE', #1029, #964, #935 ) ;
#1775 = ORIENTED_EDGE ( 'NONE', *, *, #562, .T. ) ;
#1776 = CARTESIAN_POINT ( 'NONE',  ( 64.00000000000000000, 10.49999999999999645, 14.50000000000000000 ) ) ;
#1777 = DIRECTION ( 'NONE',  ( 3.469446951953614189E-16, -1.000000000000000000, 0.000000000000000000 ) ) ;
#1778 = CARTESIAN_POINT ( 'NONE',  ( 1.280315522784257087, 11.98517112150566888, 6.384693256503753744 ) ) ;
#1779 = LINE ( 'NONE', #2665, #2077 ) ;
#1780 = EDGE_CURVE ( 'NONE', #309, #2607, #65, .T. ) ;
#1781 = CARTESIAN_POINT ( 'NONE',  ( 13.99999999999999822, 17.00000000000000355, 14.50000000000000000 ) ) ;
#1782 = CARTESIAN_POINT ( 'NONE',  ( 71.00000000000000000, 0.000000000000000000, 8.000000000000000000 ) ) ;
#1783 = EDGE_CURVE ( 'NONE', #729, #2041, #1439, .T. ) ;
#1784 = CARTESIAN_POINT ( 'NONE',  ( 1.692897833736626945, 12.48075838309135577, 6.508241823902187306 ) ) ;
#1785 = ORIENTED_EDGE ( 'NONE', *, *, #2640, .T. ) ;
#1786 = ORIENTED_EDGE ( 'NONE', *, *, #1698, .F. ) ;
#1787 = EDGE_CURVE ( 'NONE', #2600, #853, #201, .T. ) ;
#1788 = PRESENTATION_STYLE_ASSIGNMENT (( #1308 ) ) ;
#1789 = DIRECTION ( 'NONE',  ( -0.000000000000000000, -0.000000000000000000, -1.000000000000000000 ) ) ;
#1790 = ADVANCED_FACE ( 'NONE', ( #1159 ), #2074, .F. ) ;
#1791 = AXIS2_PLACEMENT_3D ( 'NONE', #1946, #774, #841 ) ;
#1792 = EDGE_CURVE ( 'NONE', #2728, #98, #1060, .T. ) ;
#1793 = CIRCLE ( 'NONE', #1337, 1.499999999999999556 ) ;
#1794 = DIRECTION ( 'NONE',  ( 0.000000000000000000, 0.000000000000000000, 1.000000000000000000 ) ) ;
#1795 = CARTESIAN_POINT ( 'NONE',  ( 2.000000000000002665, 0.000000000000000000, 14.00000000000000000 ) ) ;
#1796 = CARTESIAN_POINT ( 'NONE',  ( 59.96993928831371790, 14.03640910216960336, 13.90190300701231507 ) ) ;
#1797 = B_SPLINE_CURVE_WITH_KNOTS ( 'NONE', 3,
 ( #887, #1350, #1298, #1769, #436, #50, #2653, #2002, #11, #2231 ),
 .UNSPECIFIED., .F., .F.,
 ( 4, 2, 2, 2, 4 ),
 ( 0.000000000000000000, 0.0002688456119256303167, 0.0005376912238512606334, 0.0008065368357768908959, 0.001075382447702521267 ),
 .UNSPECIFIED. ) ;
#1798 = EDGE_CURVE ( 'NONE', #2238, #1819, #917, .T. ) ;
#1799 = CARTESIAN_POINT ( 'NONE',  ( 71.00000000000000000, 12.49999999999999645, 2.500000000000007550 ) ) ;
#1800 = ORIENTED_EDGE ( 'NONE', *, *, #2021, .T. ) ;
#1801 = CARTESIAN_POINT ( 'NONE',  ( 1.806377709767191586, 12.49999998635218823, 6.150444867731299503 ) ) ;
#1802 = ORIENTED_EDGE ( 'NONE', *, *, #2679, .F. ) ;
#1803 = VERTEX_POINT ( 'NONE', #2027 ) ;
#1804 = ORIENTED_EDGE ( 'NONE', *, *, #687, .F. ) ;
#1805 = ADVANCED_FACE ( 'NONE', ( #473 ), #2066, .F. ) ;
#1806 = CARTESIAN_POINT ( 'NONE',  ( 64.00000000000000000, 16.99999999999999645, 16.00000000000000000 ) ) ;
#1807 = DIRECTION ( 'NONE',  ( 1.000000000000000000, 0.000000000000000000, -0.000000000000000000 ) ) ;
#1808 =( BOUNDED_SURFACE ( )  B_SPLINE_SURFACE ( 3, 2, ( 
 ( #2765, #2515, #783 ),
 ( #1469, #532, #2333 ),
 ( #1641, #2126, #768 ),
 ( #2300, #2110, #749 ),
 ( #986, #1670, #362 ),
 ( #2544, #1410, #2735 ),
 ( #317, #1190, #135 ),
 ( #151, #1002, #799 ),
 ( #1683, #107, #2360 ),
 ( #1852, #1253, #1866 ) ),
 .UNSPECIFIED., .F., .F., .T. ) 
 B_SPLINE_SURFACE_WITH_KNOTS ( ( 4, 2, 2, 2, 4 ),
 ( 3, 3 ),
 ( 1.572093150103981429E-18, 0.001227311718346212185, 0.002454623436692422635, 0.003681935155038632869, 0.004909246873384843536 ),
 ( 0.000000000000000000, 1.000000000000000000 ),
 .UNSPECIFIED. ) 
 GEOMETRIC_REPRESENTATION_ITEM ( )  RATIONAL_B_SPLINE_SURFACE ( (
 ( 1.000000000000000000, 0.7071067811865475727, 1.000000000000000000),
 ( 1.000000000000000000, 0.7339759584364345946, 1.000000000000000000),
 ( 1.000000000000000000, 0.7548253894302967559, 1.000000000000000000),
 ( 1.000000000000000000, 0.7831422458377439444, 1.000000000000000000),
 ( 1.000000000000000000, 0.7905612466709855957, 1.000000000000000000),
 ( 1.000000000000000000, 0.7905775695385256485, 1.000000000000000000),
 ( 1.000000000000000000, 0.7834170758691268999, 1.000000000000000000),
 ( 1.000000000000000000, 0.7551347673912728320, 1.000000000000000000),
 ( 1.000000000000000000, 0.7339067248418087441, 1.000000000000000000),
 ( 1.000000000000000000, 0.7071067811865475727, 1.000000000000000000) ) ) 
 REPRESENTATION_ITEM ( '' )  SURFACE ( )  );
#1809 = DIRECTION ( 'NONE',  ( -0.000000000000000000, -0.000000000000000000, -1.000000000000000000 ) ) ;
#1810 = DIRECTION ( 'NONE',  ( -0.000000000000000000, -0.000000000000000000, -1.000000000000000000 ) ) ;
#1811 = AXIS2_PLACEMENT_3D ( 'NONE', #1227, #157, #1918 ) ;
#1812 = ORIENTED_EDGE ( 'NONE', *, *, #399, .F. ) ;
#1813 = DIRECTION ( 'NONE',  ( -0.000000000000000000, 1.000000000000000000, -0.000000000000000000 ) ) ;
#1814 = AXIS2_PLACEMENT_3D ( 'NONE', #1822, #2511, #1360 ) ;
#1815 = ORIENTED_EDGE ( 'NONE', *, *, #2197, .F. ) ;
#1816 = CARTESIAN_POINT ( 'NONE',  ( 59.61279346118735134, 14.60041190927342214, 2.707887684049257615 ) ) ;
#1817 = CARTESIAN_POINT ( 'NONE',  ( 1.281443671810686302, 11.98536276117129162, 9.621363014569148220 ) ) ;
#1818 = ADVANCED_FACE ( 'NONE', ( #63 ), #502, .F. ) ;
#1819 = VERTEX_POINT ( 'NONE', #720 ) ;
#1820 = ORIENTED_EDGE ( 'NONE', *, *, #936, .T. ) ;
#1821 = ORIENTED_EDGE ( 'NONE', *, *, #1088, .F. ) ;
#1822 = CARTESIAN_POINT ( 'NONE',  ( 76.00000000000000000, 11.99999999999999645, 14.00000000000000000 ) ) ;
#1823 = CARTESIAN_POINT ( 'NONE',  ( 59.59383289580338783, 14.63659325339549966, 3.000000000000007550 ) ) ;
#1824 = CARTESIAN_POINT ( 'NONE',  ( 64.00000000000000000, 12.49999999999999645, 2.000000000000007550 ) ) ;
#1825 = DIRECTION ( 'NONE',  ( 0.000000000000000000, 1.000000000000000000, -0.000000000000000000 ) ) ;
#1826 = DIRECTION ( 'NONE',  ( 1.000000000000000000, 2.891205793294678819E-16, 0.000000000000000000 ) ) ;
#1827 = ORIENTED_EDGE ( 'NONE', *, *, #2709, .F. ) ;
#1828 = CARTESIAN_POINT ( 'NONE',  ( 76.87497560996105506, 11.95237505230850239, 8.406073034311553727 ) ) ;
#1829 = AXIS2_PLACEMENT_3D ( 'NONE', #1466, #1640, #1666 ) ;
#1830 = CARTESIAN_POINT ( 'NONE',  ( 60.37884013313246356, 13.55221792762537447, 2.500000000000007550 ) ) ;
#1831 = B_SPLINE_CURVE_WITH_KNOTS ( 'NONE', 3,
 ( #2704, #672, #1174, #1611, #697, #2652, #1145, #1778, #1579, #708 ),
 .UNSPECIFIED., .F., .F.,
 ( 4, 2, 2, 2, 4 ),
 ( 0.000000000000000000, 0.001221899909286442831, 0.002443799818572885661, 0.003665699727859325890, 0.004887599637145766118 ),
 .UNSPECIFIED. ) ;
#1832 = EDGE_LOOP ( 'NONE', ( #58, #1303, #2282, #498 ) ) ;
#1833 = ORIENTED_EDGE ( 'NONE', *, *, #27, .T. ) ;
#1834 = EDGE_LOOP ( 'NONE', ( #2672, #1894, #57, #2273 ) ) ;
#1835 = EDGE_CURVE ( 'NONE', #975, #1935, #1926, .T. ) ;
#1836 = CARTESIAN_POINT ( 'NONE',  ( 18.01115709579567792, 14.00785477157510783, 2.480684065637021263 ) ) ;
#1837 = CARTESIAN_POINT ( 'NONE',  ( 74.05528385460618779, 14.86224747677632685, 11.99833420890747249 ) ) ;
#1838 = DIRECTION ( 'NONE',  ( 0.000000000000000000, 0.000000000000000000, -1.000000000000000000 ) ) ;
#1839 = CYLINDRICAL_SURFACE ( 'NONE', #2159, 2.000000000000000444 ) ;
#1840 = AXIS2_PLACEMENT_3D ( 'NONE', #25, #272, #2031 ) ;
#1841 = DIRECTION ( 'NONE',  ( 0.000000000000000000, 0.000000000000000000, -1.000000000000000000 ) ) ;
#1842 = VECTOR ( 'NONE', #2201, 1000.000000000000000 ) ;
#1843 = DIRECTION ( 'NONE',  ( 1.000000000000000000, 0.000000000000000000, 0.000000000000000000 ) ) ;
#1844 = DIRECTION ( 'NONE',  ( 1.224646799147353207E-16, 1.000000000000000000, -0.000000000000000000 ) ) ;
#1845 = DIRECTION ( 'NONE',  ( -0.000000000000000000, 1.000000000000000000, -0.000000000000000000 ) ) ;
#1846 = ORIENTED_EDGE ( 'NONE', *, *, #641, .F. ) ;
#1847 = ORIENTED_EDGE ( 'NONE', *, *, #2319, .F. ) ;
#1848 = ORIENTED_EDGE ( 'NONE', *, *, #528, .T. ) ;
#1849 = CARTESIAN_POINT ( 'NONE',  ( 18.40616710419660507, 14.63659325339549611, 3.000000000000007994 ) ) ;
#1850 = LINE ( 'NONE', #1450, #2478 ) ;
#1851 = DIRECTION ( 'NONE',  ( 1.000000000000000000, 0.000000000000000000, 0.000000000000000000 ) ) ;
#1852 = CARTESIAN_POINT ( 'NONE',  ( 76.04166666666665719, 12.49999999999999645, 5.801910551815022465 ) ) ;
#1853 = AXIS2_PLACEMENT_3D ( 'NONE', #1991, #29, #829 ) ;
#1854 = AXIS2_PLACEMENT_3D ( 'NONE', #1042, #1959, #2374 ) ;
#1855 = CARTESIAN_POINT ( 'NONE',  ( 2.607617389757748150, 14.90893999420988969, 4.611862171641755381 ) ) ;
#1856 = DIRECTION ( 'NONE',  ( 1.000000000000000000, 0.000000000000000000, 0.000000000000000000 ) ) ;
#1857 = CARTESIAN_POINT ( 'NONE',  ( 60.64187987840711003, 13.94833248098797540, 2.500000000000007550 ) ) ;
#1858 = AXIS2_PLACEMENT_3D ( 'NONE', #2426, #242, #895 ) ;
#1859 = DIRECTION ( 'NONE',  ( 0.9993908270190956511, 0.03489949670250104552, -0.000000000000000000 ) ) ;
#1860 = ORIENTED_EDGE ( 'NONE', *, *, #175, .T. ) ;
#1861 = ORIENTED_EDGE ( 'NONE', *, *, #1870, .T. ) ;
#1862 = ORIENTED_EDGE ( 'NONE', *, *, #86, .T. ) ;
#1863 = FACE_OUTER_BOUND ( 'NONE', #128, .T. ) ;
#1864 = CARTESIAN_POINT ( 'NONE',  ( 72.43961336840328613, 14.30095202922206532, 13.35684971984192337 ) ) ;
#1865 = ORIENTED_EDGE ( 'NONE', *, *, #1365, .F. ) ;
#1866 = CARTESIAN_POINT ( 'NONE',  ( 76.50000000000000000, 11.99999999999999645, 5.602084238343660871 ) ) ;
#1867 = AXIS2_PLACEMENT_3D ( 'NONE', #2531, #2143, #545 ) ;
#1868 = CARTESIAN_POINT ( 'NONE',  ( 2.648517804910479168, 14.90751172023992943, 5.481905102175907984 ) ) ;
#1869 = ADVANCED_FACE ( 'NONE', ( #1394 ), #2240, .F. ) ;
#1870 = EDGE_CURVE ( 'NONE', #561, #1567, #2255, .T. ) ;
#1871 = CARTESIAN_POINT ( 'NONE',  ( -4.898587196589411843E-16, 12.00000000000000000, 2.000000000000000000 ) ) ;
#1872 = CARTESIAN_POINT ( 'NONE',  ( 60.05189935457430295, 14.37323851454640256, 3.000000000000008438 ) ) ;
#1873 = DIRECTION ( 'NONE',  ( 1.000000000000000000, 3.469446951953614189E-16, -0.000000000000000000 ) ) ;
#1874 = CIRCLE ( 'NONE', #1000, 7.500000000000013323 ) ;
#1875 = CARTESIAN_POINT ( 'NONE',  ( -2.982550251648746542, 15.10415294983537926, 3.000000000000009770 ) ) ;
#1876 = EDGE_CURVE ( 'NONE', #1935, #2781, #2486, .T. ) ;
#1877 = EDGE_LOOP ( 'NONE', ( #2237, #1913, #2137, #2397 ) ) ;
#1878 = ORIENTED_EDGE ( 'NONE', *, *, #2021, .F. ) ;
#1879 = LINE ( 'NONE', #1449, #2187 ) ;
#1880 = CARTESIAN_POINT ( 'NONE',  ( 76.35684971983965852, 14.42530921801615307, 9.439613368408670269 ) ) ;
#1881 = CARTESIAN_POINT ( 'NONE',  ( 18.24794144850978128, 14.36276784297767861, 13.00000000000000711 ) ) ;
#1882 = EDGE_CURVE ( 'NONE', #1803, #1155, #2586, .T. ) ;
#1883 = ORIENTED_EDGE ( 'NONE', *, *, #1588, .F. ) ;
#1884 = DIRECTION ( 'NONE',  ( 0.7242319733735056442, -0.6895564144749275481, 0.000000000000000000 ) ) ;
#1885 = CARTESIAN_POINT ( 'NONE',  ( 2.017449748351250349, 14.92954910237664023, 8.654498465134235374 ) ) ;
#1886 = LINE ( 'NONE', #2364, #1398 ) ;
#1887 = AXIS2_PLACEMENT_3D ( 'NONE', #2727, #2812, #828 ) ;
#1888 = CARTESIAN_POINT ( 'NONE',  ( 71.00000000000000000, 15.00000000000000355, 2.500000000000007550 ) ) ;
#1889 = EDGE_CURVE ( 'NONE', #2774, #45, #132, .T. ) ;
#1890 = CIRCLE ( 'NONE', #652, 5.000000000000000888 ) ;
#1891 = CYLINDRICAL_SURFACE ( 'NONE', #1195, 2.600000000000003197 ) ;
#1892 = VERTEX_POINT ( 'NONE', #373 ) ;
#1893 = ORIENTED_EDGE ( 'NONE', *, *, #1911, .F. ) ;
#1894 = ORIENTED_EDGE ( 'NONE', *, *, #17, .F. ) ;
#1895 = CARTESIAN_POINT ( 'NONE',  ( 64.00000000000000000, 12.49999999999999645, 13.50000000000000711 ) ) ;
#1896 = VECTOR ( 'NONE', #2402, 1000.000000000000000 ) ;
#1897 = CARTESIAN_POINT ( 'NONE',  ( 71.00000000000000000, 0.000000000000000000, 8.000000000000000000 ) ) ;
#1898 = CARTESIAN_POINT ( 'NONE',  ( 39.00000000000000000, 18.00000000000000000, 1.499999999999999556 ) ) ;
#1899 = EDGE_LOOP ( 'NONE', ( #143, #2594, #2524, #2012 ) ) ;
#1900 = DIRECTION ( 'NONE',  ( 1.000000000000000000, 3.469446951953614189E-16, 0.000000000000000000 ) ) ;
#1901 = CARTESIAN_POINT ( 'NONE',  ( 2.607617389756971882, 14.90893999420989680, 11.38813782835805632 ) ) ;
#1902 = DIRECTION ( 'NONE',  ( 1.000000000000000000, -0.000000000000000000, -0.000000000000000000 ) ) ;
#1903 = AXIS2_PLACEMENT_3D ( 'NONE', #219, #1089, #10 ) ;
#1904 = EDGE_CURVE ( 'NONE', #2424, #2053, #318, .T. ) ;
#1905 = PLANE ( 'NONE',  #1694 ) ;
#1906 = CARTESIAN_POINT ( 'NONE',  ( 1.958333333333333259, 12.50000000000000000, 10.19808944818500329 ) ) ;
#1907 = ORIENTED_EDGE ( 'NONE', *, *, #1150, .F. ) ;
#1908 = ADVANCED_FACE ( 'NONE', ( #588 ), #163, .T. ) ;
#1909 = EDGE_LOOP ( 'NONE', ( #1772, #1375, #2378, #87, #1332, #30 ) ) ;
#1910 = CYLINDRICAL_SURFACE ( 'NONE', #2460, 1.499999999999999556 ) ;
#1911 = EDGE_CURVE ( 'NONE', #756, #1316, #1092, .T. ) ;
#1912 = FACE_OUTER_BOUND ( 'NONE', #16, .T. ) ;
#1913 = ORIENTED_EDGE ( 'NONE', *, *, #383, .F. ) ;
#1914 = ADVANCED_FACE ( 'NONE', ( #1912 ), #983, .T. ) ;
#1915 = CARTESIAN_POINT ( 'NONE',  ( -4.286263797015735609E-16, 10.50000000000000000, 2.000000000000000000 ) ) ;
#1916 = CARTESIAN_POINT ( 'NONE',  ( 59.89901232008003262, 14.13659277416002524, 2.148592672125540393 ) ) ;
#1917 = CIRCLE ( 'NONE', #1503, 0.5000000000000000000 ) ;
#1918 = DIRECTION ( 'NONE',  ( -1.000000000000000000, -6.938893903907232322E-16, 0.000000000000000000 ) ) ;
#1919 = EDGE_LOOP ( 'NONE', ( #454, #661, #2481, #2071 ) ) ;
#1920 = ORIENTED_EDGE ( 'NONE', *, *, #1511, .T. ) ;
#1921 = CARTESIAN_POINT ( 'NONE',  ( 76.00000000000000000, 9.307315673519883881E-15, 0.000000000000000000 ) ) ;
#1922 = CARTESIAN_POINT ( 'NONE',  ( 74.36959447367839005, 14.87322344545402153, 3.593757969503376337 ) ) ;
#1923 = FACE_OUTER_BOUND ( 'NONE', #903, .T. ) ;
#1924 = AXIS2_PLACEMENT_3D ( 'NONE', #2116, #2146, #1044 ) ;
#1925 = ADVANCED_FACE ( 'NONE', ( #1234 ), #2541, .T. ) ;
#1926 = CIRCLE ( 'NONE', #2352, 0.5000000000000000000 ) ;
#1927 = EDGE_LOOP ( 'NONE', ( #1354, #2281, #1847, #2047 ) ) ;
#1928 = CARTESIAN_POINT ( 'NONE',  ( 18.10098767991996738, 14.13659277416001459, 13.85140732787447604 ) ) ;
#1929 = CARTESIAN_POINT ( 'NONE',  ( 71.00000000000000000, 0.000000000000000000, 5.399999999999996803 ) ) ;
#1930 = CARTESIAN_POINT ( 'NONE',  ( 1.499999999999999556, 10.50000000000000000, 16.00000000000000000 ) ) ;
#1931 = CARTESIAN_POINT ( 'NONE',  ( 64.00000000000000000, 16.99999999999999645, 1.499999999999999556 ) ) ;
#1932 = ADVANCED_FACE ( 'NONE', ( #1923 ), #94, .T. ) ;
#1933 = AXIS2_PLACEMENT_3D ( 'NONE', #2398, #1942, #1561 ) ;
#1934 = ORIENTED_EDGE ( 'NONE', *, *, #363, .T. ) ;
#1935 = VERTEX_POINT ( 'NONE', #999 ) ;
#1936 = AXIS2_PLACEMENT_3D ( 'NONE', #1931, #2133, #1473 ) ;
#1937 =( BOUNDED_CURVE ( )  B_SPLINE_CURVE ( 3, ( #2206, #1990, #221, #1978 ),
 .UNSPECIFIED., .F., .F. ) 
 B_SPLINE_CURVE_WITH_KNOTS ( ( 4, 4 ),
 ( 1.570796326794896558, 4.712388980384689674 ),
 .UNSPECIFIED. ) 
 CURVE ( )  GEOMETRIC_REPRESENTATION_ITEM ( )  RATIONAL_B_SPLINE_CURVE ( ( 1.000000000000000000, 0.3333333333333333703, 0.3333333333333333703, 1.000000000000000000 ) ) 
 REPRESENTATION_ITEM ( '' )  );
#1938 = CARTESIAN_POINT ( 'NONE',  ( 7.000000000000000000, 12.00000000000000178, 2.000000000000009326 ) ) ;
#1939 = FACE_OUTER_BOUND ( 'NONE', #693, .T. ) ;
#1940 = CARTESIAN_POINT ( 'NONE',  ( 18.01171529106116864, 14.00860946206057811, 13.51891238452214949 ) ) ;
#1941 = EDGE_LOOP ( 'NONE', ( #1276, #1136, #2252, #2713 ) ) ;
#1942 = DIRECTION ( 'NONE',  ( 0.000000000000000000, 0.000000000000000000, 1.000000000000000000 ) ) ;
#1943 = AXIS2_PLACEMENT_3D ( 'NONE', #1824, #1807, #2514 ) ;
#1944 = VECTOR ( 'NONE', #1732, 1000.000000000000000 ) ;
#1945 = FACE_OUTER_BOUND ( 'NONE', #1605, .T. ) ;
#1946 = CARTESIAN_POINT ( 'NONE',  ( 17.96555039377694030, 14.87293392805594650, 13.00000000000000711 ) ) ;
#1947 = CARTESIAN_POINT ( 'NONE',  ( 65.79999999999998295, 14.57396661220067813, 5.399999999999997691 ) ) ;
#1948 = CARTESIAN_POINT ( 'NONE',  ( 7.017449748351250349, 14.75494525491790121, 13.00000000000000888 ) ) ;
#1949 = DIRECTION ( 'NONE',  ( 0.000000000000000000, -1.000000000000000000, 0.000000000000000000 ) ) ;
#1950 = AXIS2_PLACEMENT_3D ( 'NONE', #2048, #943, #1843 ) ;
#1951 = VERTEX_POINT ( 'NONE', #1480 ) ;
#1952 = CARTESIAN_POINT ( 'NONE',  ( 7.000000000000000000, 12.50000000000000355, 2.000000000000007550 ) ) ;
#1953 = CYLINDRICAL_SURFACE ( 'NONE', #2821, 0.4999999999999993894 ) ;
#1954 = CARTESIAN_POINT ( 'NONE',  ( 18.40616708786372868, 14.63659322294564724, 13.14552259136525336 ) ) ;
#1955 = ORIENTED_EDGE ( 'NONE', *, *, #2782, .T. ) ;
#1956 = CARTESIAN_POINT ( 'NONE',  ( 45.00000000000001421, 18.00000000000000000, 14.50000000000000000 ) ) ;
#1957 = CARTESIAN_POINT ( 'NONE',  ( 25.99999999999999289, 18.00000000000000000, 9.000000000000001776 ) ) ;
#1958 = AXIS2_PLACEMENT_3D ( 'NONE', #22, #8, #217 ) ;
#1959 = DIRECTION ( 'NONE',  ( 3.469446951953614189E-16, -1.000000000000000000, 0.000000000000000000 ) ) ;
#1960 = PLANE ( 'NONE',  #55 ) ;
#1961 = CARTESIAN_POINT ( 'NONE',  ( 59.86919419381443674, 14.17102185813036996, 13.42373822043090570 ) ) ;
#1962 = EDGE_CURVE ( 'NONE', #2466, #216, #456, .T. ) ;
#1963 = CARTESIAN_POINT ( 'NONE',  ( 76.19999999999998863, 14.93714261491485473, 5.399999999999995914 ) ) ;
#1964 = ADVANCED_FACE ( 'NONE', ( #603, #1681 ), #1219, .T. ) ;
#1965 = ORIENTED_EDGE ( 'NONE', *, *, #1492, .T. ) ;
#1966 = DIRECTION ( 'NONE',  ( 1.000000000000000000, 0.000000000000000000, 0.000000000000000000 ) ) ;
#1967 = DIRECTION ( 'NONE',  ( 1.000000000000000000, 0.000000000000000000, 0.000000000000000000 ) ) ;
#1968 = DIRECTION ( 'NONE',  ( 0.000000000000000000, 0.000000000000000000, -1.000000000000000000 ) ) ;
#1969 = EDGE_CURVE ( 'NONE', #2841, #2559, #1693, .T. ) ;
#1970 = ORIENTED_EDGE ( 'NONE', *, *, #2484, .F. ) ;
#1971 = CARTESIAN_POINT ( 'NONE',  ( 59.59383289580338783, 14.63659325339549966, 13.00000000000000711 ) ) ;
#1972 = CARTESIAN_POINT ( 'NONE',  ( 64.00000000000000000, 11.99999999999999645, 2.000000000000007105 ) ) ;
#1973 = EDGE_CURVE ( 'NONE', #2745, #975, #1467, .T. ) ;
#1974 = AXIS2_PLACEMENT_3D ( 'NONE', #2450, #2235, #2659 ) ;
#1975 = CARTESIAN_POINT ( 'NONE',  ( 17.82904884139202295, 13.78113067182634310, 13.98397624499243541 ) ) ;
#1976 = DIRECTION ( 'NONE',  ( 1.224646799147353207E-16, -1.000000000000000000, -0.000000000000000000 ) ) ;
#1977 = B_SPLINE_CURVE_WITH_KNOTS ( 'NONE', 3,
 ( #1297, #621, #1975, #1056, #1928, #1539, #2642, #871, #1310, #2832, #435, #1768, #1076, #2215 ),
 .UNSPECIFIED., .F., .F.,
 ( 4, 2, 2, 2, 2, 2, 4 ),
 ( 0.000000000000000000, 0.0004627523716512099467, 0.0009255047433024198933, 0.001156880929128026357, 0.001388257114953632713, 0.001619633300779239069, 0.001851009486604845641 ),
 .UNSPECIFIED. ) ;
#1978 = CARTESIAN_POINT ( 'NONE',  ( 70.98255025164874610, 14.75494525491790299, 3.000000000000007550 ) ) ;
#1979 = CYLINDRICAL_SURFACE ( 'NONE', #1571, 1.499999999999999556 ) ;
#1980 = ORIENTED_EDGE ( 'NONE', *, *, #2810, .F. ) ;
#1981 = VECTOR ( 'NONE', #126, 1000.000000000000114 ) ;
#1982 = CARTESIAN_POINT ( 'NONE',  ( 76.04166666666665719, 12.49999999999999645, 10.19808944818499619 ) ) ;
#1983 = CIRCLE ( 'NONE', #2079, 19.99999999999999645 ) ;
#1984 = ORIENTED_EDGE ( 'NONE', *, *, #86, .F. ) ;
#1985 = ORIENTED_EDGE ( 'NONE', *, *, #1312, .F. ) ;
#1986 = FILL_AREA_STYLE ('',( #1072 ) ) ;
#1987 = PLANE ( 'NONE',  #2314 ) ;
#1988 = DIRECTION ( 'NONE',  ( 1.224646799147353207E-16, -1.000000000000000000, -0.000000000000000000 ) ) ;
#1989 = DIRECTION ( 'NONE',  ( 0.000000000000000000, 0.000000000000000000, 1.000000000000000000 ) ) ;
#1990 = CARTESIAN_POINT ( 'NONE',  ( 80.98255025164874610, 15.10415294983538104, 13.00000000000000888 ) ) ;
#1991 = CARTESIAN_POINT ( 'NONE',  ( 39.00000000000000000, 18.00000000000000000, 14.50000000000000000 ) ) ;
#1992 = EDGE_LOOP ( 'NONE', ( #2760, #1516, #1812, #690 ) ) ;
#1993 = DIRECTION ( 'NONE',  ( 1.000000000000000000, 0.000000000000000000, 0.000000000000000000 ) ) ;
#1994 = VECTOR ( 'NONE', #1164, 1000.000000000000000 ) ;
#1995 = ORIENTED_EDGE ( 'NONE', *, *, #381, .F. ) ;
#1996 = EDGE_CURVE ( 'NONE', #1707, #541, #1423, .T. ) ;
#1997 = CYLINDRICAL_SURFACE ( 'NONE', #748, 0.5000000000000004441 ) ;
#1998 = CARTESIAN_POINT ( 'NONE',  ( 76.50000000000000000, 12.43649167310370807, 8.000000000017410073 ) ) ;
#1999 = AXIS2_PLACEMENT_3D ( 'NONE', #941, #1208, #1841 ) ;
#2000 = PRESENTATION_LAYER_ASSIGNMENT (  '', '', ( #578 ) ) ;
#2001 = CARTESIAN_POINT ( 'NONE',  ( 76.00000000000000000, 10.49999999999999645, 14.00000000000000000 ) ) ;
#2002 = CARTESIAN_POINT ( 'NONE',  ( 17.92180758685307396, 14.34775481365473837, 2.820779026627245667 ) ) ;
#2003 = ADVANCED_FACE ( 'NONE', ( #1204 ), #679, .F. ) ;
#2004 = CARTESIAN_POINT ( 'NONE',  ( 60.22631077796853560, 14.22179114772253428, 13.36957267365295543 ) ) ;
#2005 = CYLINDRICAL_SURFACE ( 'NONE', #1629, 1.499999999999999556 ) ;
#2006 = B_SPLINE_CURVE_WITH_KNOTS ( 'NONE', 3,
 ( #382, #1717, #1458, #2770, #1281, #638, #2351, #1005, #1255, #1018, #1687, #411 ),
 .UNSPECIFIED., .F., .F.,
 ( 4, 2, 2, 2, 2, 4 ),
 ( 0.000000000000000000, 0.0002349887647139568922, 0.0004699775294279137845, 0.0009399550588558329900, 0.001409932588283752033, 0.001879910117711671401 ),
 .UNSPECIFIED. ) ;
#2007 = EDGE_CURVE ( 'NONE', #552, #1344, #2258, .T. ) ;
#2008 = ADVANCED_FACE ( 'NONE', ( #360 ), #2339, .F. ) ;
#2009 = DIRECTION ( 'NONE',  ( 1.000000000000000000, 0.000000000000000000, 0.000000000000000000 ) ) ;
#2010 = CIRCLE ( 'NONE', #753, 1.499999999999999556 ) ;
#2011 = ORIENTED_EDGE ( 'NONE', *, *, #228, .T. ) ;
#2012 = ORIENTED_EDGE ( 'NONE', *, *, #233, .T. ) ;
#2013 = CARTESIAN_POINT ( 'NONE',  ( 60.03444960622305615, 14.87293392805594827, 16.00000000000000000 ) ) ;
#2014 = DIRECTION ( 'NONE',  ( -0.000000000000000000, -0.000000000000000000, -1.000000000000000000 ) ) ;
#2015 = APPLICATION_CONTEXT ( 'automotive_design' ) ;
#2016 = CARTESIAN_POINT ( 'NONE',  ( 1.799999999999999822, 14.93714261491485296, 10.60000000000000853 ) ) ;
#2017 = CARTESIAN_POINT ( 'NONE',  ( 76.50000000000000000, 11.99999999999999645, 16.00000000000000000 ) ) ;
#2018 = CARTESIAN_POINT ( 'NONE',  ( 60.64170076656278496, 13.94842528798240444, 13.50000000000000711 ) ) ;
#2019 = VERTEX_POINT ( 'NONE', #2210 ) ;
#2020 = VERTEX_POINT ( 'NONE', #878 ) ;
#2021 = EDGE_CURVE ( 'NONE', #177, #239, #1874, .T. ) ;
#2022 = CARTESIAN_POINT ( 'NONE',  ( 1.282825499673120984, 11.98556878983177754, 6.372627444206830916 ) ) ;
#2023 = ORIENTED_EDGE ( 'NONE', *, *, #2372, .F. ) ;
#2024 = EDGE_LOOP ( 'NONE', ( #1024, #1321, #1598, #2634 ) ) ;
#2025 = ORIENTED_EDGE ( 'NONE', *, *, #1284, .F. ) ;
#2026 = CARTESIAN_POINT ( 'NONE',  ( 17.62115986686752933, 13.55221792762537270, 2.500000000000008882 ) ) ;
#2027 = CARTESIAN_POINT ( 'NONE',  ( 6.999999999999999112, 14.25524984140835372, 2.500000000000007550 ) ) ;
#2028 = AXIS2_PLACEMENT_3D ( 'NONE', #2459, #2643, #1989 ) ;
#2029 =( BOUNDED_CURVE ( )  B_SPLINE_CURVE ( 3, ( #474, #2060, #2016, #93 ),
 .UNSPECIFIED., .F., .F. ) 
 B_SPLINE_CURVE_WITH_KNOTS ( ( 4, 4 ),
 ( 4.712388980384689674, 7.853981633974482790 ),
 .UNSPECIFIED. ) 
 CURVE ( )  GEOMETRIC_REPRESENTATION_ITEM ( )  RATIONAL_B_SPLINE_CURVE ( ( 1.000000000000000000, 0.3333333333333333703, 0.3333333333333333703, 1.000000000000000000 ) ) 
 REPRESENTATION_ITEM ( '' )  );
#2030 = FACE_OUTER_BOUND ( 'NONE', #1269, .T. ) ;
#2031 = DIRECTION ( 'NONE',  ( 1.000000000000000000, 0.000000000000000000, 0.000000000000000000 ) ) ;
#2032 = CARTESIAN_POINT ( 'NONE',  ( 20.50000000000000000, 17.00000000000000355, 1.499999999999999556 ) ) ;
#2033 = CARTESIAN_POINT ( 'NONE',  ( 20.50000000000000000, 18.00000000000000000, 0.000000000000000000 ) ) ;
#2034 = ORIENTED_EDGE ( 'NONE', *, *, #2771, .T. ) ;
#2035 = AXIS2_PLACEMENT_3D ( 'NONE', #105, #270, #733 ) ;
#2036 = CIRCLE ( 'NONE', #2775, 0.5000000000000004441 ) ;
#2037 = CARTESIAN_POINT ( 'NONE',  ( 59.98828470893857912, 14.00860946206068824, 2.481087615477893138 ) ) ;
#2038 = CARTESIAN_POINT ( 'NONE',  ( 1.818209748078062127, 12.03662634888321215, 6.123306205949578640 ) ) ;
#2039 = AXIS2_PLACEMENT_3D ( 'NONE', #1304, #2608, #1288 ) ;
#2040 = ORIENTED_EDGE ( 'NONE', *, *, #2319, .T. ) ;
#2041 = VERTEX_POINT ( 'NONE', #1532 ) ;
#2042 = ORIENTED_EDGE ( 'NONE', *, *, #2061, .F. ) ;
#2043 = CARTESIAN_POINT ( 'NONE',  ( 17.83778522758481699, 13.79131414804873756, 2.017541288299780078 ) ) ;
#2044 = FACE_OUTER_BOUND ( 'NONE', #2805, .T. ) ;
#2045 = LINE ( 'NONE', #301, #664 ) ;
#2046 = FACE_OUTER_BOUND ( 'NONE', #2326, .T. ) ;
#2047 = ORIENTED_EDGE ( 'NONE', *, *, #1292, .F. ) ;
#2048 = CARTESIAN_POINT ( 'NONE',  ( 64.00000000000000000, 16.99999999999999645, 1.499999999999999556 ) ) ;
#2049 = AXIS2_PLACEMENT_3D ( 'NONE', #213, #1317, #1082 ) ;
#2050 = EDGE_CURVE ( 'NONE', #1892, #2136, #1235, .T. ) ;
#2051 = CARTESIAN_POINT ( 'NONE',  ( 6.999999999999999112, 12.50000000000000355, 2.500000000000007550 ) ) ;
#2052 = DIRECTION ( 'NONE',  ( 0.03489949670248963798, -0.9993908270190960952, 0.000000000000000000 ) ) ;
#2053 = VERTEX_POINT ( 'NONE', #1069 ) ;
#2054 = ORIENTED_EDGE ( 'NONE', *, *, #879, .T. ) ;
#2055 = VERTEX_POINT ( 'NONE', #2224 ) ;
#2056 = CARTESIAN_POINT ( 'NONE',  ( 7.000000000000000000, 0.000000000000000000, 10.60000000000000853 ) ) ;
#2057 = DIRECTION ( 'NONE',  ( -1.000000000000000000, -1.156482317317870344E-15, 0.000000000000000000 ) ) ;
#2058 = CARTESIAN_POINT ( 'NONE',  ( -4.286263797015735609E-16, 10.50000000000000000, 16.00000000000000000 ) ) ;
#2059 = CIRCLE ( 'NONE', #2797, 0.5000000000000000000 ) ;
#2060 = CARTESIAN_POINT ( 'NONE',  ( 1.800000000000000488, 14.93714261491485296, 5.400000000000007461 ) ) ;
#2061 = EDGE_CURVE ( 'NONE', #561, #575, #1647, .T. ) ;
#2062 = CARTESIAN_POINT ( 'NONE',  ( 60.05189935457430295, 14.37323851454640256, 13.00000000000000711 ) ) ;
#2063 = ORIENTED_EDGE ( 'NONE', *, *, #263, .F. ) ;
#2064 = DIRECTION ( 'NONE',  ( 0.000000000000000000, 0.000000000000000000, 1.000000000000000000 ) ) ;
#2065 = CIRCLE ( 'NONE', #1554, 6.000000000000012434 ) ;
#2066 = TOROIDAL_SURFACE ( 'NONE', #1371, 6.000000000000000000, 0.5000000000000000000 ) ;
#2067 = CARTESIAN_POINT ( 'NONE',  ( 59.74091771629692005, 14.36237879643995186, 3.000000000000008438 ) ) ;
#2068 = CARTESIAN_POINT ( 'NONE',  ( 1.499999999999999556, 12.00000000000000000, 5.602084238343650213 ) ) ;
#2069 = VERTEX_POINT ( 'NONE', #417 ) ;
#2070 = VERTEX_POINT ( 'NONE', #1763 ) ;
#2071 = ORIENTED_EDGE ( 'NONE', *, *, #1759, .F. ) ;
#2072 = CARTESIAN_POINT ( 'NONE',  ( 76.50000000000000000, 12.43649167310370807, 8.000000000017410073 ) ) ;
#2073 = CARTESIAN_POINT ( 'NONE',  ( 70.98255025164876031, 14.75494525491789943, 13.50000000000000888 ) ) ;
#2074 = CYLINDRICAL_SURFACE ( 'NONE', #565, 5.000000000000000888 ) ;
#2075 = VECTOR ( 'NONE', #12, 1000.000000000000000 ) ;
#2076 = CARTESIAN_POINT ( 'NONE',  ( -0.01744974835125111604, 14.50030458649045251, 3.000000000000007994 ) ) ;
#2077 = VECTOR ( 'NONE', #2629, 1000.000000000000000 ) ;
#2078 = LINE ( 'NONE', #953, #462 ) ;
#2079 = AXIS2_PLACEMENT_3D ( 'NONE', #2377, #1283, #2550 ) ;
#2080 = DIRECTION ( 'NONE',  ( -0.000000000000000000, -0.000000000000000000, 1.000000000000000000 ) ) ;
#2081 = CARTESIAN_POINT ( 'NONE',  ( 18.40064289671859399, 14.62622147042359622, 2.842705044525093427 ) ) ;
#2082 = FACE_OUTER_BOUND ( 'NONE', #2109, .T. ) ;
#2083 = ORIENTED_EDGE ( 'NONE', *, *, #2746, .F. ) ;
#2084 = AXIS2_PLACEMENT_3D ( 'NONE', #2584, #1272, #601 ) ;
#2085 = ORIENTED_EDGE ( 'NONE', *, *, #17, .T. ) ;
#2086 = VERTEX_POINT ( 'NONE', #2438 ) ;
#2087 = B_SPLINE_CURVE_WITH_KNOTS ( 'NONE', 3,
 ( #2072, #2747, #91, #312, #1158, #2267 ),
 .UNSPECIFIED., .F., .F.,
 ( 4, 2, 4 ),
 ( 0.002250890550004745489, 0.003375805050952631822, 0.004500719551900518589 ),
 .UNSPECIFIED. ) ;
#2088 = CARTESIAN_POINT ( 'NONE',  ( 78.00000000000000000, 10.49999999999999645, 14.00000000000000000 ) ) ;
#2089 = DIRECTION ( 'NONE',  ( 0.3996526269427148059, 0.000000000000000000, -0.9166666666666719587 ) ) ;
#2090 = CARTESIAN_POINT ( 'NONE',  ( 76.00000000000000000, 9.307315673519883881E-15, 2.000000000000000000 ) ) ;
#2091 = ORIENTED_EDGE ( 'NONE', *, *, #1179, .T. ) ;
#2092 = EDGE_CURVE ( 'NONE', #2559, #146, #2198, .T. ) ;
#2093 = DIRECTION ( 'NONE',  ( 1.000000000000000000, 0.000000000000000000, 0.000000000000000000 ) ) ;
#2094 = CIRCLE ( 'NONE', #737, 4.500000000000000888 ) ;
#2095 = CARTESIAN_POINT ( 'NONE',  ( 5.560386631594443685, 14.30095202922206532, 2.643150280159038523 ) ) ;
#2096 = CARTESIAN_POINT ( 'NONE',  ( 6.999999999999999112, 15.00000000000000355, 2.500000000000007550 ) ) ;
#2097 = EDGE_CURVE ( 'NONE', #575, #1008, #404, .T. ) ;
#2098 = CARTESIAN_POINT ( 'NONE',  ( 60.26663379204914861, 13.67006676221227046, 1.999999991470065464 ) ) ;
#2099 = CIRCLE ( 'NONE', #705, 0.5000000000000004441 ) ;
#2100 = LINE ( 'NONE', #739, #1428 ) ;
#2101 = EDGE_CURVE ( 'NONE', #1392, #2265, #2408, .T. ) ;
#2102 = CARTESIAN_POINT ( 'NONE',  ( 0.000000000000000000, 10.50000000000000000, 16.00000000000000000 ) ) ;
#2103 = ORIENTED_EDGE ( 'NONE', *, *, #305, .T. ) ;
#2104 = ORIENTED_EDGE ( 'NONE', *, *, #1424, .F. ) ;
#2105 = CARTESIAN_POINT ( 'NONE',  ( 0.000000000000000000, 0.000000000000000000, 14.00000000000000000 ) ) ;
#2106 = CARTESIAN_POINT ( 'NONE',  ( 75.80177047869277374, 14.92323613359635104, 10.77733506189032120 ) ) ;
#2107 = CARTESIAN_POINT ( 'NONE',  ( 71.00000000000000000, 15.00000000000000355, 8.000000000000008882 ) ) ;
#2108 = ADVANCED_FACE ( 'NONE', ( #215 ), #1331, .T. ) ;
#2109 = EDGE_LOOP ( 'NONE', ( #2332, #1169, #1861, #1167 ) ) ;
#2110 = CARTESIAN_POINT ( 'NONE',  ( 76.45730934601775175, 12.05223340826737122, 8.777964257546750915 ) ) ;
#2111 = ADVANCED_FACE ( 'NONE', ( #1319 ), #2627, .F. ) ;
#2112 = VECTOR ( 'NONE', #812, 1000.000000000000000 ) ;
#2113 = CARTESIAN_POINT ( 'NONE',  ( 2.147586366679155923, 14.92500463152557444, 9.308739425826519920 ) ) ;
#2114 = CARTESIAN_POINT ( 'NONE',  ( 59.61992614800738721, 14.58848068556903144, 2.696564714506748395 ) ) ;
#2115 =( BOUNDED_SURFACE ( )  B_SPLINE_SURFACE ( 3, 2, ( 
 ( #2557, #2073, #341 ),
 ( #1203, #2763, #573 ),
 ( #1864, #2286, #2748 ),
 ( #1218, #762, #1639 ),
 ( #2540, #557, #1837 ),
 ( #1437, #2330, #131 ),
 ( #359, #2106, #998 ),
 ( #1880, #2717, #1233 ),
 ( #2122, #719, #313 ),
 ( #299, #1172, #732 ),
 ( #530, #1187, #1249 ),
 ( #2597, #2179, #1012 ),
 ( #416, #1038, #147 ),
 ( #2140, #1922, #1049 ),
 ( #850, #2371, #2609 ),
 ( #2383, #821, #1026 ),
 ( #1273, #1518, #2357 ),
 ( #388, #1289, #2807 ) ),
 .UNSPECIFIED., .F., .F., .T. ) 
 B_SPLINE_SURFACE_WITH_KNOTS ( ( 4, 2, 2, 2, 2, 2, 2, 2, 4 ),
 ( 3, 3 ),
 ( 1.570796326794896558, 1.963495408493620697, 2.356194490192344837, 2.748893571891068976, 3.141592653589793116, 3.534291735288517255, 3.926990816987241395, 4.319689898685965090, 4.712388980384689674 ),
 ( 0.000000000000000000, 1.000000000000000000 ),
 .UNSPECIFIED. ) 
 GEOMETRIC_REPRESENTATION_ITEM ( )  RATIONAL_B_SPLINE_SURFACE ( (
 ( 1.000000000000000000, 0.7071067811865487940, 1.000000000000000000),
 ( 1.000000000000000000, 0.7054914405905212682, 1.000000000000000000),
 ( 1.000000000000000000, 0.7038713107412274406, 1.000000000000000000),
 ( 1.000000000000000000, 0.7008667721867470890, 1.000000000000000000),
 ( 1.000000000000000000, 0.6994838466561706936, 1.000000000000000000),
 ( 1.000000000000000000, 0.6971709633965311737, 1.000000000000000000),
 ( 1.000000000000000000, 0.6962420858934708079, 1.000000000000000000),
 ( 1.000000000000000000, 0.6949854794614027664, 1.000000000000000000),
 ( 1.000000000000000000, 0.6946583704590013619, 1.000000000000000000),
 ( 1.000000000000000000, 0.6946583704590013619, 1.000000000000000000),
 ( 1.000000000000000000, 0.6949854794614753750, 1.000000000000000000),
 ( 1.000000000000000000, 0.6962420858933981993, 1.000000000000000000),
 ( 1.000000000000000000, 0.6971709633968211639, 1.000000000000000000),
 ( 1.000000000000000000, 0.6994838466558791490, 1.000000000000000000),
 ( 1.000000000000000000, 0.7008667721866385092, 1.000000000000000000),
 ( 1.000000000000000000, 0.7038713107413335779, 1.000000000000000000),
 ( 1.000000000000000000, 0.7054914405904434416, 1.000000000000000000),
 ( 1.000000000000000000, 0.7071067811865475727, 1.000000000000000000) ) ) 
 REPRESENTATION_ITEM ( '' )  SURFACE ( )  );
#2116 = CARTESIAN_POINT ( 'NONE',  ( 0.000000000000000000, 0.000000000000000000, 16.00000000000000000 ) ) ;
#2117 =( NAMED_UNIT ( * ) PLANE_ANGLE_UNIT ( ) SI_UNIT ( $, .RADIAN. ) );
#2118 = ORIENTED_EDGE ( 'NONE', *, *, #2614, .T. ) ;
#2119 = ORIENTED_EDGE ( 'NONE', *, *, #2148, .F. ) ;
#2120 = ORIENTED_EDGE ( 'NONE', *, *, #2518, .F. ) ;
#2121 = DIRECTION ( 'NONE',  ( 0.6895564144749222191, -0.7242319733735106402, 0.000000000000000000 ) ) ;
#2122 = CARTESIAN_POINT ( 'NONE',  ( 76.50000000000000000, 14.42985368886709452, 8.719948311647650385 ) ) ;
#2123 = CARTESIAN_POINT ( 'NONE',  ( 68.00000000000000000, 11.99999999999999645, 1.499999999999999556 ) ) ;
#2124 = ORIENTED_EDGE ( 'NONE', *, *, #141, .T. ) ;
#2125 = EDGE_CURVE ( 'NONE', #714, #1892, #1599, .T. ) ;
#2126 = CARTESIAN_POINT ( 'NONE',  ( 76.30080039750322385, 12.04670803447492133, 9.516445089099020649 ) ) ;
#2127 = CARTESIAN_POINT ( 'NONE',  ( 5.560386631594476547, 14.30095202922208664, 13.35684971984099434 ) ) ;
#2128 = CARTESIAN_POINT ( 'NONE',  ( 57.49999999999998579, 18.00000000000000000, 1.499999999999999556 ) ) ;
#2129 = EDGE_CURVE ( 'NONE', #2151, #811, #294, .T. ) ;
#2130 = VECTOR ( 'NONE', #181, 1000.000000000000000 ) ;
#2131 = CARTESIAN_POINT ( 'NONE',  ( 39.00000000000000000, 18.00000000000000000, 14.50000000000000000 ) ) ;
#2132 = EDGE_CURVE ( 'NONE', #88, #1707, #2363, .T. ) ;
#2133 = DIRECTION ( 'NONE',  ( -0.000000000000000000, -0.000000000000000000, -1.000000000000000000 ) ) ;
#2134 =( BOUNDED_SURFACE ( )  B_SPLINE_SURFACE ( 3, 2, ( 
 ( #284, #2026, #949 ),
 ( #1202, #2285, #327 ),
 ( #2043, #934, #981 ),
 ( #486, #2309, #718 ),
 ( #706, #1836, #1419 ),
 ( #2254, #529, #1142 ),
 ( #62, #2498, #2701 ),
 ( #103, #76, #1606 ),
 ( #2731, #918, #1593 ),
 ( #761, #514, #1393 ) ),
 .UNSPECIFIED., .F., .F., .F. ) 
 B_SPLINE_SURFACE_WITH_KNOTS ( ( 4, 2, 2, 2, 4 ),
 ( 3, 3 ),
 ( 0.0006240209794674762877, 0.001057781037316676484, 0.001491541095165876572, 0.001925301153015076660, 0.002359061210864276965 ),
 ( 0.000000000000000000, 1.000000000000000000 ),
 .UNSPECIFIED. ) 
 GEOMETRIC_REPRESENTATION_ITEM ( )  RATIONAL_B_SPLINE_SURFACE ( (
 ( 1.000000000000000000, 0.7071067811865466846, 1.000000000000000000),
 ( 1.000000000000000000, 0.7328533907392983382, 1.000000000000000000),
 ( 1.000000000000000000, 0.7549521731012948100, 1.000000000000000000),
 ( 1.000000000000000000, 0.7926320874570779162, 1.000000000000000000),
 ( 1.000000000000000000, 0.8076679462301074031, 1.000000000000000000),
 ( 1.000000000000000000, 0.8303977890168728893, 1.000000000000000000),
 ( 1.000000000000000000, 0.8377518712181794003, 1.000000000000000000),
 ( 1.000000000000000000, 0.8470752883843356562, 1.000000000000000000),
 ( 1.000000000000000000, 0.8489473124464232967, 1.000000000000000000),
 ( 1.000000000000000000, 0.8490108367240075671, 1.000000000000000000) ) ) 
 REPRESENTATION_ITEM ( '' )  SURFACE ( )  );
#2135 = ORIENTED_EDGE ( 'NONE', *, *, #2101, .T. ) ;
#2136 = VERTEX_POINT ( 'NONE', #1373 ) ;
#2137 = ORIENTED_EDGE ( 'NONE', *, *, #2423, .F. ) ;
#2138 = DIRECTION ( 'NONE',  ( 0.7242319733735124165, 0.6895564144749204427, 0.000000000000000000 ) ) ;
#2139 = AXIS2_PLACEMENT_3D ( 'NONE', #1781, #2630, #2217 ) ;
#2140 = CARTESIAN_POINT ( 'NONE',  ( 74.38000696325198646, 14.36255206326683620, 3.601832370199978151 ) ) ;
#2141 = DIRECTION ( 'NONE',  ( -0.03489949670250105246, 0.9993908270190957621, 0.000000000000000000 ) ) ;
#2142 = EDGE_LOOP ( 'NONE', ( #1907, #150, #583, #2730 ) ) ;
#2143 = DIRECTION ( 'NONE',  ( 1.224646799147353207E-16, -1.000000000000000000, -0.000000000000000000 ) ) ;
#2144 = CARTESIAN_POINT ( 'NONE',  ( 59.79065668947498580, 14.30079102011342229, 2.274913777607172616 ) ) ;
#2145 = AXIS2_PLACEMENT_3D ( 'NONE', #2533, #154, #579 ) ;
#2146 = DIRECTION ( 'NONE',  ( -1.224646799147353207E-16, 1.000000000000000000, 0.000000000000000000 ) ) ;
#2147 = CARTESIAN_POINT ( 'NONE',  ( 64.00000000000000000, 11.99999999999999645, 16.00000000000000000 ) ) ;
#2148 = EDGE_CURVE ( 'NONE', #1216, #2151, #1010, .T. ) ;
#2149 = ORIENTED_EDGE ( 'NONE', *, *, #262, .F. ) ;
#2150 = CIRCLE ( 'NONE', #2737, 0.4999999999999999445 ) ;
#2151 = VERTEX_POINT ( 'NONE', #2249 ) ;
#2152 = AXIS2_PLACEMENT_3D ( 'NONE', #304, #2260, #2291 ) ;
#2153 = DIRECTION ( 'NONE',  ( 1.000000000000000000, 0.000000000000000000, 0.000000000000000000 ) ) ;
#2154 = CARTESIAN_POINT ( 'NONE',  ( 13.99999999999999822, 17.00000000000000355, 1.499999999999999556 ) ) ;
#2155 = CARTESIAN_POINT ( 'NONE',  ( 71.00000000000000000, 15.00000000000000355, 8.000000000000008882 ) ) ;
#2156 = EDGE_LOOP ( 'NONE', ( #1848, #1481, #657, #2568, #2680, #710, #1287, #2410, #961, #894 ) ) ;
#2157 = CARTESIAN_POINT ( 'NONE',  ( 64.00000000000000000, 10.49999999999999645, 16.00000000000000000 ) ) ;
#2158 = CARTESIAN_POINT ( 'NONE',  ( 71.00000000000000000, 12.49999999999999645, 13.50000000000000711 ) ) ;
#2159 = AXIS2_PLACEMENT_3D ( 'NONE', #2752, #1237, #2560 ) ;
#2160 = CARTESIAN_POINT ( 'NONE',  ( 31.49999999999998579, 18.00000000000000000, 16.00000000000000000 ) ) ;
#2161 = DIRECTION ( 'NONE',  ( -0.000000000000000000, -0.000000000000000000, 1.000000000000000000 ) ) ;
#2162 = ORIENTED_EDGE ( 'NONE', *, *, #2810, .T. ) ;
#2163 = VERTEX_POINT ( 'NONE', #913 ) ;
#2164 = CARTESIAN_POINT ( 'NONE',  ( 0.000000000000000000, 0.000000000000000000, 16.00000000000000000 ) ) ;
#2165 = DIRECTION ( 'NONE',  ( -1.000000000000000000, 0.000000000000000000, 0.000000000000000000 ) ) ;
#2166 = CARTESIAN_POINT ( 'NONE',  ( 1.499999999999999556, 12.00000000000000000, 16.00000000000000000 ) ) ;
#2167 = ORIENTED_EDGE ( 'NONE', *, *, #2132, .T. ) ;
#2168 = LINE ( 'NONE', #23, #2813 ) ;
#2169 = CARTESIAN_POINT ( 'NONE',  ( 2.000000000000000000, 0.000000000000000000, 2.000000000000000000 ) ) ;
#2170 = CARTESIAN_POINT ( 'NONE',  ( 76.00000000000000000, 10.49999999999999645, 2.000000000000000000 ) ) ;
#2171 = APPLICATION_CONTEXT ( 'automotive_design' ) ;
#2172 = FACE_OUTER_BOUND ( 'NONE', #1391, .T. ) ;
#2173 = CARTESIAN_POINT ( 'NONE',  ( 76.50000000000000000, 11.99999999999999645, 16.00000000000000000 ) ) ;
#2174 = AXIS2_PLACEMENT_3D ( 'NONE', #2507, #1125, #1403 ) ;
#2175 = DIRECTION ( 'NONE',  ( -0.03489949670250103164, -0.9993908270190957621, 0.000000000000000000 ) ) ;
#2176 = VERTEX_POINT ( 'NONE', #2293 ) ;
#2177 = VECTOR ( 'NONE', #2161, 1000.000000000000000 ) ;
#2178 = CYLINDRICAL_SURFACE ( 'NONE', #2776, 0.5000000000000004441 ) ;
#2179 = CARTESIAN_POINT ( 'NONE',  ( 75.80177047869275953, 14.92323613359635104, 5.222664938109358168 ) ) ;
#2180 = DIRECTION ( 'NONE',  ( 1.000000000000000000, 0.000000000000000000, 0.000000000000000000 ) ) ;
#2181 = ORIENTED_EDGE ( 'NONE', *, *, #1792, .T. ) ;
#2182 = CYLINDRICAL_SURFACE ( 'NONE', #1958, 0.4999999999999993894 ) ;
#2183 = CARTESIAN_POINT ( 'NONE',  ( 0.000000000000000000, 0.000000000000000000, 0.000000000000000000 ) ) ;
#2184 = EDGE_CURVE ( 'NONE', #2559, #2176, #1102, .T. ) ;
#2185 = AXIS2_PLACEMENT_3D ( 'NONE', #487, #2734, #1594 ) ;
#2186 = DIRECTION ( 'NONE',  ( 1.000000000000000000, 0.000000000000000000, 0.000000000000000000 ) ) ;
#2187 = VECTOR ( 'NONE', #199, 1000.000000000000000 ) ;
#2188 = DIRECTION ( 'NONE',  ( -0.9993908270190962062, -0.03489949670248964492, 0.000000000000000000 ) ) ;
#2189 = CARTESIAN_POINT ( 'NONE',  ( 60.06053407296685265, 13.91535815250429131, 13.54458682215550702 ) ) ;
#2190 = ADVANCED_FACE ( 'NONE', ( #308 ), #2631, .T. ) ;
#2191 = DIRECTION ( 'NONE',  ( 1.000000000000000000, 0.000000000000000000, 0.000000000000000000 ) ) ;
#2192 = B_SPLINE_CURVE_WITH_KNOTS ( 'NONE', 3,
 ( #869, #1767, #1523, #2641, #1104, #2413 ),
 .UNSPECIFIED., .F., .F.,
 ( 4, 2, 4 ),
 ( 0.000000000000000000, 0.001125445275002372745, 0.002250890550004745489 ),
 .UNSPECIFIED. ) ;
#2193 = DIRECTION ( 'NONE',  ( 0.000000000000000000, -1.000000000000000000, 0.000000000000000000 ) ) ;
#2194 = EDGE_LOOP ( 'NONE', ( #1800, #60 ) ) ;
#2195 = DIRECTION ( 'NONE',  ( 1.000000000000000000, 0.000000000000000000, 0.000000000000000000 ) ) ;
#2196 = CARTESIAN_POINT ( 'NONE',  ( 19.00000000000000355, 18.00000000000000355, 16.00000000000000000 ) ) ;
#2197 = EDGE_CURVE ( 'NONE', #1257, #1028, #1520, .T. ) ;
#2198 = LINE ( 'NONE', #2384, #2755 ) ;
#2199 = ORIENTED_EDGE ( 'NONE', *, *, #2487, .F. ) ;
#2200 = DIRECTION ( 'NONE',  ( -1.000000000000000000, -0.000000000000000000, -0.000000000000000000 ) ) ;
#2201 = DIRECTION ( 'NONE',  ( 1.000000000000000000, -0.000000000000000000, -0.000000000000000000 ) ) ;
#2202 = CIRCLE ( 'NONE', #1494, 1.499999999999999556 ) ;
#2203 = EDGE_CURVE ( 'NONE', #99, #864, #2590, .T. ) ;
#2204 = CYLINDRICAL_SURFACE ( 'NONE', #1903, 2.000000000000000000 ) ;
#2205 = FACE_BOUND ( 'NONE', #2479, .T. ) ;
#2206 = CARTESIAN_POINT ( 'NONE',  ( 70.98255025164874610, 14.75494525491790299, 13.00000000000000888 ) ) ;
#2207 = DIRECTION ( 'NONE',  ( 0.000000000000000000, 0.000000000000000000, -1.000000000000000000 ) ) ;
#2208 = EDGE_LOOP ( 'NONE', ( #819, #134, #2712, #2684 ) ) ;
#2209 = CARTESIAN_POINT ( 'NONE',  ( 60.37884013313245646, 13.55221792762537447, 2.000000000000007105 ) ) ;
#2210 = CARTESIAN_POINT ( 'NONE',  ( 64.00000000000000000, 11.99999999999999645, 14.50000000000000000 ) ) ;
#2211 = ORIENTED_EDGE ( 'NONE', *, *, #1746, .T. ) ;
#2212 = ORIENTED_EDGE ( 'NONE', *, *, #897, .T. ) ;
#2213 = DIRECTION ( 'NONE',  ( 1.000000000000000000, 3.469446951953614189E-16, 0.000000000000000000 ) ) ;
#2214 = DIRECTION ( 'NONE',  ( 1.000000000000000000, 0.000000000000000000, 0.000000000000000000 ) ) ;
#2215 = CARTESIAN_POINT ( 'NONE',  ( 18.40616710419660507, 14.63659325339549611, 13.00000000000000711 ) ) ;
#2216 = CARTESIAN_POINT ( 'NONE',  ( 7.000000000000000000, 0.000000000000000000, 8.000000000000008882 ) ) ;
#2217 = DIRECTION ( 'NONE',  ( 1.000000000000000000, 0.000000000000000000, 0.000000000000000000 ) ) ;
#2218 = CARTESIAN_POINT ( 'NONE',  ( 19.00000000000000000, 17.00000000000000355, 16.00000000000000000 ) ) ;
#2219 = EDGE_CURVE ( 'NONE', #2053, #1618, #1043, .T. ) ;
#2220 = ORIENTED_EDGE ( 'NONE', *, *, #2815, .T. ) ;
#2221 = AXIS2_PLACEMENT_3D ( 'NONE', #1175, #2532, #302 ) ;
#2222 = VECTOR ( 'NONE', #9, 1000.000000000000000 ) ;
#2223 = EDGE_CURVE ( 'NONE', #2555, #1559, #1336, .T. ) ;
#2224 = CARTESIAN_POINT ( 'NONE',  ( 19.00000000000000000, 17.00000000000000355, 1.499999999999999556 ) ) ;
#2225 = VECTOR ( 'NONE', #84, 1000.000000000000000 ) ;
#2226 = ORIENTED_EDGE ( 'NONE', *, *, #2228, .T. ) ;
#2227 =( NAMED_UNIT ( * ) PLANE_ANGLE_UNIT ( ) SI_UNIT ( $, .RADIAN. ) );
#2228 = EDGE_CURVE ( 'NONE', #2041, #1706, #2100, .T. ) ;
#2229 = DIRECTION ( 'NONE',  ( 1.000000000000000000, 0.000000000000000000, 0.000000000000000000 ) ) ;
#2230 = CARTESIAN_POINT ( 'NONE',  ( 57.49999999999998579, 17.99999999999999645, 16.00000000000000000 ) ) ;
#2231 = CARTESIAN_POINT ( 'NONE',  ( 17.94810064542568995, 14.37323851454640078, 3.000000000000007994 ) ) ;
#2232 = CARTESIAN_POINT ( 'NONE',  ( 60.05189935396785472, 14.37323851452522483, 13.07361356240464723 ) ) ;
#2233 = CARTESIAN_POINT ( 'NONE',  ( 70.98255025164874610, 14.75494525491790299, 3.000000000000007550 ) ) ;
#2234 = EDGE_CURVE ( 'NONE', #2266, #1590, #2322, .T. ) ;
#2235 = DIRECTION ( 'NONE',  ( -2.312964634635741083E-15, 1.000000000000000000, 0.000000000000000000 ) ) ;
#2236 = AXIS2_PLACEMENT_3D ( 'NONE', #1318, #1813, #1615 ) ;
#2237 = ORIENTED_EDGE ( 'NONE', *, *, #1754, .T. ) ;
#2238 = VERTEX_POINT ( 'NONE', #755 ) ;
#2239 = DIRECTION ( 'NONE',  ( -0.000000000000000000, 1.000000000000000000, -0.000000000000000000 ) ) ;
#2240 = CYLINDRICAL_SURFACE ( 'NONE', #814, 13.00000000000000888 ) ;
#2241 = AXIS2_PLACEMENT_3D ( 'NONE', #694, #1560, #2661 ) ;
#2242 = PLANE ( 'NONE',  #2750 ) ;
#2243 = CARTESIAN_POINT ( 'NONE',  ( 71.00000000000000000, 14.25524984140835549, 13.00000000000000888 ) ) ;
#2244 = DIRECTION ( 'NONE',  ( -0.9166666666666665186, 0.000000000000000000, 0.3996526269427271294 ) ) ;
#2245 = ADVANCED_FACE ( 'NONE', ( #2082 ), #1646, .F. ) ;
#2246 = ORIENTED_EDGE ( 'NONE', *, *, #1492, .F. ) ;
#2247 = CARTESIAN_POINT ( 'NONE',  ( 0.000000000000000000, 0.000000000000000000, 0.000000000000000000 ) ) ;
#2248 = ORIENTED_EDGE ( 'NONE', *, *, #2614, .F. ) ;
#2249 = CARTESIAN_POINT ( 'NONE',  ( 58.99999999999999289, 18.00000000000000000, 14.50000000000000000 ) ) ;
#2250 = VECTOR ( 'NONE', #2093, 1000.000000000000000 ) ;
#2251 = ORIENTED_EDGE ( 'NONE', *, *, #1088, .T. ) ;
#2252 = ORIENTED_EDGE ( 'NONE', *, *, #2305, .T. ) ;
#2253 = ORIENTED_EDGE ( 'NONE', *, *, #1, .F. ) ;
#2254 = CARTESIAN_POINT ( 'NONE',  ( 18.25838371014511807, 14.37641210429351268, 2.337942614332207736 ) ) ;
#2255 = LINE ( 'NONE', #2058, #226 ) ;
#2256 = DIRECTION ( 'NONE',  ( 0.000000000000000000, 0.000000000000000000, 1.000000000000000000 ) ) ;
#2257 = DIRECTION ( 'NONE',  ( 0.000000000000000000, -1.000000000000000000, 0.000000000000000000 ) ) ;
#2258 = CIRCLE ( 'NONE', #5, 2.000000000000001776 ) ;
#2259 = CARTESIAN_POINT ( 'NONE',  ( 2.601832370201812239, 14.39487474866854377, 4.619993036746175008 ) ) ;
#2260 = DIRECTION ( 'NONE',  ( 3.469446951953614189E-16, -1.000000000000000000, 0.000000000000000000 ) ) ;
#2261 = ORIENTED_EDGE ( 'NONE', *, *, #725, .F. ) ;
#2262 = CARTESIAN_POINT ( 'NONE',  ( 60.06838559136120637, 14.35723467150471677, 2.853943840052525882 ) ) ;
#2263 = DIRECTION ( 'NONE',  ( -0.000000000000000000, -0.000000000000000000, -1.000000000000000000 ) ) ;
#2264 = ORIENTED_EDGE ( 'NONE', *, *, #82, .T. ) ;
#2265 = VERTEX_POINT ( 'NONE', #2068 ) ;
#2266 = VERTEX_POINT ( 'NONE', #2535 ) ;
#2267 = CARTESIAN_POINT ( 'NONE',  ( 76.04166666666665719, 12.49999999999999645, 5.801910551815023354 ) ) ;
#2268 = CARTESIAN_POINT ( 'NONE',  ( 53.50000000000000711, 18.00000000000000000, 1.499999999999999556 ) ) ;
#2269 = AXIS2_PLACEMENT_3D ( 'NONE', #2243, #2188, #1339 ) ;
#2270 = EDGE_CURVE ( 'NONE', #88, #2790, #193, .T. ) ;
#2271 = DIRECTION ( 'NONE',  ( 0.000000000000000000, 0.000000000000000000, 1.000000000000000000 ) ) ;
#2272 = DIRECTION ( 'NONE',  ( -2.891205793294679312E-16, 1.000000000000000000, 0.000000000000000000 ) ) ;
#2273 = ORIENTED_EDGE ( 'NONE', *, *, #481, .F. ) ;
#2274 = CIRCLE ( 'NONE', #517, 0.5000000000000004441 ) ;
#2275 = ADVANCED_FACE ( 'NONE', ( #1432 ), #1612, .T. ) ;
#2276 = CARTESIAN_POINT ( 'NONE',  ( 74.22182540694798547, 14.35753040720716278, 13.50000000000000711 ) ) ;
#2277 = ORIENTED_EDGE ( 'NONE', *, *, #1040, .F. ) ;
#2278 = ADVANCED_FACE ( 'NONE', ( #2602 ), #637, .T. ) ;
#2279 = CARTESIAN_POINT ( 'NONE',  ( 60.29781260625495065, 13.63732006366972271, 2.464918119287613507 ) ) ;
#2280 = CARTESIAN_POINT ( 'NONE',  ( 1.156122173515813589, 11.96144361551121982, 8.815758883460572903 ) ) ;
#2281 = ORIENTED_EDGE ( 'NONE', *, *, #2611, .F. ) ;
#2282 = ORIENTED_EDGE ( 'NONE', *, *, #175, .F. ) ;
#2283 = ORIENTED_EDGE ( 'NONE', *, *, #1358, .T. ) ;
#2284 = ADVANCED_FACE ( 'NONE', ( #2401 ), #2551, .T. ) ;
#2285 = CARTESIAN_POINT ( 'NONE',  ( 17.70233035449674119, 13.63747021366639167, 2.464856223372923427 ) ) ;
#2286 = CARTESIAN_POINT ( 'NONE',  ( 72.42436800008975695, 14.80529464016002095, 13.36085441354915559 ) ) ;
#2287 = CIRCLE ( 'NONE', #2645, 1.499999999999999556 ) ;
#2288 = DIRECTION ( 'NONE',  ( -3.469446951953614189E-16, 1.000000000000000000, -0.000000000000000000 ) ) ;
#2289 = DIRECTION ( 'NONE',  ( 0.000000000000000000, 0.000000000000000000, 1.000000000000000000 ) ) ;
#2290 = CARTESIAN_POINT ( 'NONE',  ( 76.00000000000000000, 18.00000000000000000, 14.00000000000000000 ) ) ;
#2291 = DIRECTION ( 'NONE',  ( 1.000000000000000000, 2.891205793294677833E-16, 0.000000000000000000 ) ) ;
#2292 = CARTESIAN_POINT ( 'NONE',  ( 6.999999999999999112, 14.25524984140835372, 13.50000000000000711 ) ) ;
#2293 = CARTESIAN_POINT ( 'NONE',  ( 17.25904388018077640, 13.89699613486283525, 13.50000000000000711 ) ) ;
#2294 = ORIENTED_EDGE ( 'NONE', *, *, #928, .T. ) ;
#2295 = ORIENTED_EDGE ( 'NONE', *, *, #1780, .F. ) ;
#2296 = VERTEX_POINT ( 'NONE', #423 ) ;
#2297 = DIRECTION ( 'NONE',  ( 1.000000000000000000, 3.469446951953611033E-15, 0.000000000000000000 ) ) ;
#2298 = CARTESIAN_POINT ( 'NONE',  ( 68.00000000000000000, 11.99999999999999645, 14.00000000000000711 ) ) ;
#2299 = DIRECTION ( 'NONE',  ( -1.000000000000000000, 0.000000000000000000, 0.000000000000000000 ) ) ;
#2300 = CARTESIAN_POINT ( 'NONE',  ( 76.46048647521230635, 12.44897404629223381, 8.757471658304087470 ) ) ;
#2301 = CARTESIAN_POINT ( 'NONE',  ( 5.575631999907047387, 14.80529464016061780, 2.639145586451979497 ) ) ;
#2302 = CARTESIAN_POINT ( 'NONE',  ( 7.000000000000000000, 12.50000000000000355, 2.500000000000007550 ) ) ;
#2303 = CARTESIAN_POINT ( 'NONE',  ( 59.68659841224175011, 14.47014408274268327, 2.450356014527242721 ) ) ;
#2304 = CYLINDRICAL_SURFACE ( 'NONE', #2715, 1.500000000000001332 ) ;
#2305 = EDGE_CURVE ( 'NONE', #2559, #681, #508, .T. ) ;
#2306 = ORIENTED_EDGE ( 'NONE', *, *, #1545, .T. ) ;
#2307 = ORIENTED_EDGE ( 'NONE', *, *, #874, .T. ) ;
#2308 = ORIENTED_EDGE ( 'NONE', *, *, #1179, .F. ) ;
#2309 = CARTESIAN_POINT ( 'NONE',  ( 17.93946592703314735, 13.91535815250429131, 2.455413177844871786 ) ) ;
#2310 = DIRECTION ( 'NONE',  ( 0.000000000000000000, -1.000000000000000000, 0.000000000000000000 ) ) ;
#2311 = CARTESIAN_POINT ( 'NONE',  ( 71.00000000000000000, 12.49999999999999645, 8.000000000000008882 ) ) ;
#2312 = ADVANCED_FACE ( 'NONE', ( #1445 ), #410, .T. ) ;
#2313 = LINE ( 'NONE', #331, #2250 ) ;
#2314 = AXIS2_PLACEMENT_3D ( 'NONE', #218, #37, #243 ) ;
#2315 = DIRECTION ( 'NONE',  ( 0.000000000000000000, 0.000000000000000000, -1.000000000000000000 ) ) ;
#2316 = CIRCLE ( 'NONE', #378, 0.5000000000000004441 ) ;
#2317 = EDGE_CURVE ( 'NONE', #589, #2020, #1730, .T. ) ;
#2318 = CARTESIAN_POINT ( 'NONE',  ( 59.59912758237336305, 14.62664913749437190, 2.845189187353790672 ) ) ;
#2319 = EDGE_CURVE ( 'NONE', #728, #418, #956, .T. ) ;
#2320 =( BOUNDED_SURFACE ( )  B_SPLINE_SURFACE ( 3, 2, ( 
 ( #2476, #2067, #1872 ),
 ( #2695, #711, #2741 ),
 ( #1816, #1645, #2262 ),
 ( #2303, #2321, #278 ),
 ( #1165, #1387, #972 ),
 ( #738, #2037, #112 ),
 ( #1151, #1631, #536 ),
 ( #1414, #523, #2757 ),
 ( #2098, #2279, #1857 ),
 ( #2534, #1830, #1616 ) ),
 .UNSPECIFIED., .F., .F., .T. ) 
 B_SPLINE_SURFACE_WITH_KNOTS ( ( 4, 2, 2, 2, 4 ),
 ( 3, 3 ),
 ( 0.0006129481869370683508, 0.001048637889129888038, 0.001484327591322707942, 0.001920017293515527846, 0.002355706995708347750 ),
 ( 0.000000000000000000, 1.000000000000000000 ),
 .UNSPECIFIED. ) 
 GEOMETRIC_REPRESENTATION_ITEM ( )  RATIONAL_B_SPLINE_SURFACE ( (
 ( 1.000000000000000000, 0.8490108367240083442, 1.000000000000000000),
 ( 1.000000000000000000, 0.8489905800416933657, 1.000000000000000000),
 ( 1.000000000000000000, 0.8470417512627034240, 1.000000000000000000),
 ( 1.000000000000000000, 0.8377974767065982098, 1.000000000000000000),
 ( 1.000000000000000000, 0.8303390490412132507, 1.000000000000000000),
 ( 1.000000000000000000, 0.8077738331882391432, 1.000000000000000000),
 ( 1.000000000000000000, 0.7926860304455789485, 1.000000000000000000),
 ( 1.000000000000000000, 0.7549197319611375967, 1.000000000000000000),
 ( 1.000000000000000000, 0.7328069723342368613, 1.000000000000000000),
 ( 1.000000000000000000, 0.7071067811865475727, 1.000000000000000000) ) ) 
 REPRESENTATION_ITEM ( '' )  SURFACE ( )  );
#2321 = CARTESIAN_POINT ( 'NONE',  ( 59.82138945550619269, 14.24088812908691004, 2.645158226179954664 ) ) ;
#2322 = LINE ( 'NONE', #1716, #910 ) ;
#2323 = CIRCLE ( 'NONE', #333, 1.500000000000000000 ) ;
#2324 = VERTEX_POINT ( 'NONE', #2833 ) ;
#2325 = ORIENTED_EDGE ( 'NONE', *, *, #1798, .F. ) ;
#2326 = EDGE_LOOP ( 'NONE', ( #1662, #1014, #1085, #1182 ) ) ;
#2327 = CIRCLE ( 'NONE', #1063, 2.600000000000003197 ) ;
#2328 = EDGE_CURVE ( 'NONE', #2660, #7, #191, .T. ) ;
#2329 = CARTESIAN_POINT ( 'NONE',  ( 39.00000000000000000, 18.00000000000000000, 16.00000000000000000 ) ) ;
#2330 = CARTESIAN_POINT ( 'NONE',  ( 75.39238261024266308, 14.90893999420990390, 11.38813782835713262 ) ) ;
#2331 = DIRECTION ( 'NONE',  ( -3.061231352237829869E-16, -1.000000000000000000, -0.000000000000000000 ) ) ;
#2332 = ORIENTED_EDGE ( 'NONE', *, *, #1358, .F. ) ;
#2333 = CARTESIAN_POINT ( 'NONE',  ( 76.62433688104266594, 11.99999999999999645, 10.01766728867503176 ) ) ;
#2334 = AXIS2_PLACEMENT_3D ( 'NONE', #827, #1482, #2844 ) ;
#2335 = CARTESIAN_POINT ( 'NONE',  ( 3.944716145393384110, 14.86224747677634106, 11.99833420890747604 ) ) ;
#2336 = CARTESIAN_POINT ( 'NONE',  ( 2.000000000000000000, 2.449293598294706414E-16, 0.000000000000000000 ) ) ;
#2337 = DIRECTION ( 'NONE',  ( 0.000000000000000000, 0.000000000000000000, 1.000000000000000000 ) ) ;
#2338 = CIRCLE ( 'NONE', #1814, 0.5000000000000004441 ) ;
#2339 =( BOUNDED_SURFACE ( )  B_SPLINE_SURFACE ( 3, 2, ( 
 ( #631, #851, #822 ),
 ( #1954, #227, #1050 ),
 ( #2647, #6, #1737 ),
 ( #188, #2637, #1724 ),
 ( #867, #644, #1491 ),
 ( #2840, #1940, #2396 ),
 ( #430, #19, #1711 ),
 ( #1099, #2624, #2598 ),
 ( #2823, #1519, #1749 ),
 ( #1546, #202, #445 ) ),
 .UNSPECIFIED., .F., .F., .T. ) 
 B_SPLINE_SURFACE_WITH_KNOTS ( ( 4, 2, 2, 2, 4 ),
 ( 3, 3 ),
 ( 0.0006129481869370674834, 0.001048637889129888905, 0.001484327591322710110, 0.001920017293515531315, 0.002355706995708352521 ),
 ( 0.000000000000000000, 1.000000000000000000 ),
 .UNSPECIFIED. ) 
 GEOMETRIC_REPRESENTATION_ITEM ( )  RATIONAL_B_SPLINE_SURFACE ( (
 ( 1.000000000000000000, 0.8490108367240075671, 1.000000000000000000),
 ( 1.000000000000000000, 0.8489905800417776316, 1.000000000000000000),
 ( 1.000000000000000000, 0.8470417512625957324, 1.000000000000000000),
 ( 1.000000000000000000, 0.8377974767067001283, 1.000000000000000000),
 ( 1.000000000000000000, 0.8303390490411037828, 1.000000000000000000),
 ( 1.000000000000000000, 0.8077738331883566048, 1.000000000000000000),
 ( 1.000000000000000000, 0.7926860304455730644, 1.000000000000000000),
 ( 1.000000000000000000, 0.7549197319611479218, 1.000000000000000000),
 ( 1.000000000000000000, 0.7328069723342283126, 1.000000000000000000),
 ( 1.000000000000000000, 0.7071067811865466846, 1.000000000000000000) ) ) 
 REPRESENTATION_ITEM ( '' )  SURFACE ( )  );
#2340 = DIRECTION ( 'NONE',  ( 0.000000000000000000, 0.000000000000000000, -1.000000000000000000 ) ) ;
#2341 = CARTESIAN_POINT ( 'NONE',  ( 13.99999999999999822, 17.00000000000000355, 2.000000000000007105 ) ) ;
#2342 = ORIENTED_EDGE ( 'NONE', *, *, #444, .T. ) ;
#2343 = ORIENTED_EDGE ( 'NONE', *, *, #996, .F. ) ;
#2344 = CARTESIAN_POINT ( 'NONE',  ( 68.00000000000000000, 12.49999999999999645, 14.00000000000000711 ) ) ;
#2345 = FACE_OUTER_BOUND ( 'NONE', #2817, .T. ) ;
#2346 = DIRECTION ( 'NONE',  ( -1.000000000000000000, -1.224646799147349509E-16, 0.000000000000000000 ) ) ;
#2347 = ORIENTED_EDGE ( 'NONE', *, *, #81, .F. ) ;
#2348 = ADVANCED_FACE ( 'NONE', ( #1415 ), #2304, .T. ) ;
#2349 = CARTESIAN_POINT ( 'NONE',  ( 3.630405526322463938, 14.87322344545344777, 12.40624203049762819 ) ) ;
#2350 = CARTESIAN_POINT ( 'NONE',  ( 59.98394823805359266, 14.01770842689887608, 2.090332117664950307 ) ) ;
#2351 = CARTESIAN_POINT ( 'NONE',  ( 59.75507971761959425, 14.35465496614892444, 13.68381961076899955 ) ) ;
#2352 = AXIS2_PLACEMENT_3D ( 'NONE', #919, #707, #2500 ) ;
#2353 = VERTEX_POINT ( 'NONE', #1552 ) ;
#2354 = EDGE_LOOP ( 'NONE', ( #1307, #391, #2264, #1205 ) ) ;
#2355 = EDGE_LOOP ( 'NONE', ( #818, #1862 ) ) ;
#2356 = CARTESIAN_POINT ( 'NONE',  ( -4.286263797015735609E-16, 10.50000000000000000, 14.00000000000000000 ) ) ;
#2357 = CARTESIAN_POINT ( 'NONE',  ( 71.63716672241373828, 14.77780496579898895, 3.000000000001145750 ) ) ;
#2358 = DIRECTION ( 'NONE',  ( 1.000000000000000000, -3.154042683594191669E-16, 0.000000000000000000 ) ) ;
#2359 = ORIENTED_EDGE ( 'NONE', *, *, #305, .F. ) ;
#2360 = CARTESIAN_POINT ( 'NONE',  ( 76.62369709727663292, 11.99999999999999645, 5.980376114790054487 ) ) ;
#2361 = CARTESIAN_POINT ( 'NONE',  ( 1.500000000000000000, 14.94761884576237776, 7.277684922770032649 ) ) ;
#2362 = EDGE_CURVE ( 'NONE', #570, #1155, #421, .T. ) ;
#2363 = CIRCLE ( 'NONE', #1105, 0.4999999999999993894 ) ;
#2364 = CARTESIAN_POINT ( 'NONE',  ( 18.23049170015853093, 13.86307242946813112, 2.500000000000007550 ) ) ;
#2365 = CIRCLE ( 'NONE', #465, 1.500000000000001332 ) ;
#2366 = FACE_BOUND ( 'NONE', #2355, .T. ) ;
#2367 = FACE_OUTER_BOUND ( 'NONE', #2354, .T. ) ;
#2368 = ORIENTED_EDGE ( 'NONE', *, *, #978, .F. ) ;
#2369 = ORIENTED_EDGE ( 'NONE', *, *, #2492, .T. ) ;
#2370 = DIRECTION ( 'NONE',  ( 0.000000000000000000, 1.000000000000000000, 0.000000000000000000 ) ) ;
#2371 = CARTESIAN_POINT ( 'NONE',  ( 73.75780999288534190, 14.85185946062164142, 3.186845151946370081 ) ) ;
#2372 = EDGE_CURVE ( 'NONE', #1322, #2070, #1525, .T. ) ;
#2373 = ORIENTED_EDGE ( 'NONE', *, *, #862, .T. ) ;
#2374 = DIRECTION ( 'NONE',  ( 1.000000000000000000, 3.469446951953614189E-16, 0.000000000000000000 ) ) ;
#2375 = CIRCLE ( 'NONE', #2733, 1.499999999999999556 ) ;
#2376 = DIRECTION ( 'NONE',  ( 1.000000000000000000, 0.000000000000000000, 0.000000000000000000 ) ) ;
#2377 = CARTESIAN_POINT ( 'NONE',  ( 39.00000000000000000, 18.00000000000000000, 1.499999999999999556 ) ) ;
#2378 = ORIENTED_EDGE ( 'NONE', *, *, #2101, .F. ) ;
#2379 = AXIS2_PLACEMENT_3D ( 'NONE', #2762, #2569, #173 ) ;
#2380 = ORIENTED_EDGE ( 'NONE', *, *, #846, .F. ) ;
#2381 = VECTOR ( 'NONE', #1735, 1000.000000000000000 ) ;
#2382 = DIRECTION ( 'NONE',  ( 0.000000000000000000, -1.000000000000000000, 0.000000000000000000 ) ) ;
#2383 = CARTESIAN_POINT ( 'NONE',  ( 72.43961336840386878, 14.30095202922208841, 2.643150280158341303 ) ) ;
#2384 = CARTESIAN_POINT ( 'NONE',  ( 17.94810064542568995, 14.37323851454640078, 16.00000000000000000 ) ) ;
#2385 = ORIENTED_EDGE ( 'NONE', *, *, #852, .F. ) ;
#2386 = DIRECTION ( 'NONE',  ( -1.000000000000000000, 0.000000000000000000, 0.000000000000000000 ) ) ;
#2387 = DIRECTION ( 'NONE',  ( -0.000000000000000000, 1.000000000000000000, -0.000000000000000000 ) ) ;
#2388 = CARTESIAN_POINT ( 'NONE',  ( 76.50000000000000000, 10.49999999999999645, 2.000000000000000000 ) ) ;
#2389 = CARTESIAN_POINT ( 'NONE',  ( 7.000000000000000000, 14.75555461355776465, 10.60000000000000853 ) ) ;
#2390 = CARTESIAN_POINT ( 'NONE',  ( 10.00000000000000000, 10.50000000000000355, 1.499999999999999556 ) ) ;
#2391 = ORIENTED_EDGE ( 'NONE', *, *, #2696, .F. ) ;
#2392 = DIRECTION ( 'NONE',  ( 0.000000000000000000, 1.000000000000000000, 0.000000000000000000 ) ) ;
#2393 = DIRECTION ( 'NONE',  ( 1.000000000000000000, 0.000000000000000000, -0.000000000000000000 ) ) ;
#2394 = AXIS2_PLACEMENT_3D ( 'NONE', #2311, #329, #176 ) ;
#2395 = EDGE_CURVE ( 'NONE', #853, #1951, #2845, .T. ) ;
#2396 = CARTESIAN_POINT ( 'NONE',  ( 17.69489333757979566, 14.16249246095706127, 13.41919312906790296 ) ) ;
#2397 = ORIENTED_EDGE ( 'NONE', *, *, #1379, .F. ) ;
#2398 = CARTESIAN_POINT ( 'NONE',  ( 39.00000000000000000, 18.00000000000000000, 14.50000000000000000 ) ) ;
#2399 = EDGE_CURVE ( 'NONE', #1316, #146, #1797, .T. ) ;
#2400 = LINE ( 'NONE', #192, #1211 ) ;
#2401 = FACE_OUTER_BOUND ( 'NONE', #2, .T. ) ;
#2402 = DIRECTION ( 'NONE',  ( -3.061231352237829869E-16, -1.000000000000000000, -0.000000000000000000 ) ) ;
#2403 = ADVANCED_FACE ( 'NONE', ( #220 ), #859, .F. ) ;
#2404 = CIRCLE ( 'NONE', #2766, 2.000000000000000000 ) ;
#2405 = CARTESIAN_POINT ( 'NONE',  ( 71.00000000000000000, 0.000000000000000000, 10.60000000000000320 ) ) ;
#2406 = ORIENTED_EDGE ( 'NONE', *, *, #344, .T. ) ;
#2407 = CYLINDRICAL_SURFACE ( 'NONE', #805, 1.500000000000001332 ) ;
#2408 = LINE ( 'NONE', #2166, #138 ) ;
#2409 = ADVANCED_FACE ( 'NONE', ( #1119 ), #1960, .F. ) ;
#2410 = ORIENTED_EDGE ( 'NONE', *, *, #767, .T. ) ;
#2411 = PLANE ( 'NONE',  #2241 ) ;
#2412 = TOROIDAL_SURFACE ( 'NONE', #1853, 18.49999999999999645, 1.500000000000000000 ) ;
#2413 = CARTESIAN_POINT ( 'NONE',  ( 76.50000000000000000, 12.43649167310370807, 8.000000000017410073 ) ) ;
#2414 = AXIS2_PLACEMENT_3D ( 'NONE', #285, #516, #965 ) ;
#2415 = CIRCLE ( 'NONE', #2049, 0.4999999999999995559 ) ;
#2416 = DIRECTION ( 'NONE',  ( -0.000000000000000000, 1.000000000000000000, -0.000000000000000000 ) ) ;
#2417 = CARTESIAN_POINT ( 'NONE',  ( 60.30567875948241863, 14.16205754104625569, 13.41956871409619367 ) ) ;
#2418 = DIRECTION ( 'NONE',  ( 0.000000000000000000, 0.000000000000000000, -1.000000000000000000 ) ) ;
#2419 = ORIENTED_EDGE ( 'NONE', *, *, #439, .T. ) ;
#2420 = DIRECTION ( 'NONE',  ( -0.000000000000000000, -0.000000000000000000, -1.000000000000000000 ) ) ;
#2421 = DIRECTION ( 'NONE',  ( -1.000000000000000000, 0.000000000000000000, -0.000000000000000000 ) ) ;
#2422 = CARTESIAN_POINT ( 'NONE',  ( 64.00000000000000000, 16.99999999999999645, 0.000000000000000000 ) ) ;
#2423 = EDGE_CURVE ( 'NONE', #2555, #2151, #649, .T. ) ;
#2424 = VERTEX_POINT ( 'NONE', #1565 ) ;
#2425 = ORIENTED_EDGE ( 'NONE', *, *, #27, .F. ) ;
#2426 = CARTESIAN_POINT ( 'NONE',  ( 76.00000000000000000, 11.99999999999999645, 2.000000000000000000 ) ) ;
#2427 = LINE ( 'NONE', #2183, #911 ) ;
#2428 = VECTOR ( 'NONE', #1368, 1000.000000000000000 ) ;
#2429 = EDGE_CURVE ( 'NONE', #1008, #539, #2404, .T. ) ;
#2430 = CYLINDRICAL_SURFACE ( 'NONE', #292, 6.000000000000012434 ) ;
#2431 = CARTESIAN_POINT ( 'NONE',  ( 6.999999999999999112, 15.00000000000000355, 13.50000000000000711 ) ) ;
#2432 = EDGE_CURVE ( 'NONE', #995, #1706, #555, .T. ) ;
#2433 = CARTESIAN_POINT ( 'NONE',  ( 59.75748947884974882, 14.33639765672065458, 13.19074930637508558 ) ) ;
#2434 = EDGE_CURVE ( 'NONE', #2744, #1819, #39, .T. ) ;
#2435 = AXIS2_PLACEMENT_3D ( 'NONE', #2674, #2289, #2471 ) ;
#2436 = DIRECTION ( 'NONE',  ( -1.000000000000000000, -3.469446951953614189E-16, 0.000000000000000000 ) ) ;
#2437 = ORIENTED_EDGE ( 'NONE', *, *, #2129, .F. ) ;
#2438 = CARTESIAN_POINT ( 'NONE',  ( 76.00000000000000000, 11.99999999999999645, 14.50000000000000000 ) ) ;
#2439 = ORIENTED_EDGE ( 'NONE', *, *, #1075, .F. ) ;
#2440 = DIRECTION ( 'NONE',  ( -3.469446951953614189E-16, 1.000000000000000000, -0.000000000000000000 ) ) ;
#2441 = VECTOR ( 'NONE', #597, 1000.000000000000114 ) ;
#2442 = AXIS2_PLACEMENT_3D ( 'NONE', #48, #2469, #1361 ) ;
#2443 = DIRECTION ( 'NONE',  ( 0.000000000000000000, 0.000000000000000000, 1.000000000000000000 ) ) ;
#2444 = DIRECTION ( 'NONE',  ( 0.000000000000000000, 0.000000000000000000, 1.000000000000000000 ) ) ;
#2445 = CARTESIAN_POINT ( 'NONE',  ( 59.74091771567798048, 14.36237879736645340, 13.09614290883214416 ) ) ;
#2446 = EDGE_CURVE ( 'NONE', #960, #714, #908, .T. ) ;
#2447 = DIRECTION ( 'NONE',  ( 0.000000000000000000, 0.000000000000000000, 1.000000000000000000 ) ) ;
#2448 = AXIS2_PLACEMENT_3D ( 'NONE', #1399, #505, #2706 ) ;
#2449 = AXIS2_PLACEMENT_3D ( 'NONE', #727, #1178, #2009 ) ;
#2450 = CARTESIAN_POINT ( 'NONE',  ( 57.50000000000000000, 16.99999999999998579, 1.499999999999999556 ) ) ;
#2451 = ORIENTED_EDGE ( 'NONE', *, *, #82, .F. ) ;
#2452 = CIRCLE ( 'NONE', #1054, 1.500000000000000000 ) ;
#2453 = EDGE_LOOP ( 'NONE', ( #2162, #185, #2523, #357 ) ) ;
#2454 = FACE_OUTER_BOUND ( 'NONE', #1992, .T. ) ;
#2455 = DIRECTION ( 'NONE',  ( 1.000000000000000000, 3.154042683594194134E-16, 0.000000000000000000 ) ) ;
#2456 = EDGE_CURVE ( 'NONE', #2324, #1231, #1779, .T. ) ;
#2457 = DIRECTION ( 'NONE',  ( 1.000000000000000000, 0.000000000000000000, -0.000000000000000000 ) ) ;
#2458 = AXIS2_PLACEMENT_3D ( 'NONE', #695, #255, #1623 ) ;
#2459 = CARTESIAN_POINT ( 'NONE',  ( 57.49999999999998579, 18.00000000000000000, 14.50000000000000000 ) ) ;
#2460 = AXIS2_PLACEMENT_3D ( 'NONE', #572, #2370, #586 ) ;
#2461 = CARTESIAN_POINT ( 'NONE',  ( 60.43178395942409509, 14.07520515696259444, 13.46575286905893520 ) ) ;
#2462 = PRODUCT_RELATED_PRODUCT_CATEGORY ( 'part', '', ( #553 ) ) ;
#2463 = ORIENTED_EDGE ( 'NONE', *, *, #1496, .T. ) ;
#2464 = CARTESIAN_POINT ( 'NONE',  ( 1.958333333333331039, 12.00000000000000000, 5.801910551815013584 ) ) ;
#2465 = CIRCLE ( 'NONE', #1444, 0.5000000000000004441 ) ;
#2466 = VERTEX_POINT ( 'NONE', #651 ) ;
#2467 = EDGE_LOOP ( 'NONE', ( #2251, #1448, #145, #977, #512, #2085, #1820, #2211, #1648, #702 ) ) ;
#2468 = DIRECTION ( 'NONE',  ( -0.000000000000000000, -0.000000000000000000, -1.000000000000000000 ) ) ;
#2469 = DIRECTION ( 'NONE',  ( 0.000000000000000000, -1.000000000000000000, 0.000000000000000000 ) ) ;
#2470 = AXIS2_PLACEMENT_3D ( 'NONE', #2716, #963, #1621 ) ;
#2471 = DIRECTION ( 'NONE',  ( 1.000000000000000000, 0.000000000000000000, 0.000000000000000000 ) ) ;
#2472 = DIRECTION ( 'NONE',  ( -1.000000000000000000, -1.224646799147353207E-16, 0.000000000000000000 ) ) ;
#2473 = CARTESIAN_POINT ( 'NONE',  ( 6.295817329279131513, 14.78014521428203665, 2.497710236534682160 ) ) ;
#2474 = CARTESIAN_POINT ( 'NONE',  ( -3.999999999999999556, 14.60445753632583177, 2.500000000000011546 ) ) ;
#2475 = ORIENTED_EDGE ( 'NONE', *, *, #1882, .F. ) ;
#2476 = CARTESIAN_POINT ( 'NONE',  ( 59.59383289580339493, 14.63659325339549966, 3.000000000000008882 ) ) ;
#2477 = CARTESIAN_POINT ( 'NONE',  ( 1.958333333333332815, 12.50000000000000000, 5.801910551815014472 ) ) ;
#2478 = VECTOR ( 'NONE', #2512, 1000.000000000000000 ) ;
#2479 = EDGE_LOOP ( 'NONE', ( #2181, #401 ) ) ;
#2480 = ORIENTED_EDGE ( 'NONE', *, *, #1798, .T. ) ;
#2481 = ORIENTED_EDGE ( 'NONE', *, *, #696, .F. ) ;
#2482 = ADVANCED_FACE ( 'NONE', ( #2205, #2676 ), #698, .F. ) ;
#2483 = CARTESIAN_POINT ( 'NONE',  ( 25.99999999999999289, 18.00000000000000000, 1.499999999999999556 ) ) ;
#2484 = EDGE_CURVE ( 'NONE', #2600, #1271, #665, .T. ) ;
#2485 = CARTESIAN_POINT ( 'NONE',  ( 60.05189935457430295, 14.37323851454640078, 16.00000000000000000 ) ) ;
#2486 = CIRCLE ( 'NONE', #2442, 6.000000000000000000 ) ;
#2487 = EDGE_CURVE ( 'NONE', #995, #2020, #451, .T. ) ;
#2488 = CARTESIAN_POINT ( 'NONE',  ( 6.362833277585794534, 14.77780496579900316, 3.000000000001145750 ) ) ;
#2489 = ORIENTED_EDGE ( 'NONE', *, *, #1422, .T. ) ;
#2490 = CYLINDRICAL_SURFACE ( 'NONE', #2236, 2.600000000000000089 ) ;
#2491 = ORIENTED_EDGE ( 'NONE', *, *, #1328, .F. ) ;
#2492 = EDGE_CURVE ( 'NONE', #46, #589, #1474, .T. ) ;
#2493 = DIRECTION ( 'NONE',  ( -1.000000000000000000, 0.000000000000000000, 0.000000000000000000 ) ) ;
#2494 = CARTESIAN_POINT ( 'NONE',  ( 17.41750929648194557, 13.98256653848984676, 13.49430115202420843 ) ) ;
#2495 = ORIENTED_EDGE ( 'NONE', *, *, #2779, .F. ) ;
#2496 = ORIENTED_EDGE ( 'NONE', *, *, #1783, .T. ) ;
#2497 = ORIENTED_EDGE ( 'NONE', *, *, #1455, .F. ) ;
#2498 = CARTESIAN_POINT ( 'NONE',  ( 18.17829677112714037, 14.24042049614426730, 2.644397849985313798 ) ) ;
#2499 = DIRECTION ( 'NONE',  ( 0.000000000000000000, -1.000000000000000000, 0.000000000000000000 ) ) ;
#2500 = DIRECTION ( 'NONE',  ( 0.000000000000000000, 0.000000000000000000, -1.000000000000000000 ) ) ;
#2501 = DIRECTION ( 'NONE',  ( -0.000000000000000000, 1.000000000000000000, -0.000000000000000000 ) ) ;
#2502 = CARTESIAN_POINT ( 'NONE',  ( 60.74095611981921650, 13.89699613486283702, 2.500000000000007550 ) ) ;
#2503 = CIRCLE ( 'NONE', #876, 0.5000000000000001110 ) ;
#2504 = VERTEX_POINT ( 'NONE', #1146 ) ;
#2505 = CARTESIAN_POINT ( 'NONE',  ( 52.00000000000000711, 18.00000000000000000, 9.000000000000001776 ) ) ;
#2506 = LINE ( 'NONE', #2710, #194 ) ;
#2507 = CARTESIAN_POINT ( 'NONE',  ( 76.00000000000000000, 10.49999999999999645, 14.00000000000000000 ) ) ;
#2508 = ORIENTED_EDGE ( 'NONE', *, *, #609, .F. ) ;
#2509 = ORIENTED_EDGE ( 'NONE', *, *, #1274, .T. ) ;
#2510 = ORIENTED_EDGE ( 'NONE', *, *, #444, .F. ) ;
#2511 = DIRECTION ( 'NONE',  ( 0.000000000000000000, -1.000000000000000000, 0.000000000000000000 ) ) ;
#2512 = DIRECTION ( 'NONE',  ( 0.000000000000000000, 0.000000000000000000, -1.000000000000000000 ) ) ;
#2513 = VECTOR ( 'NONE', #969, 1000.000000000000000 ) ;
#2514 = DIRECTION ( 'NONE',  ( 0.000000000000000000, 0.000000000000000000, -1.000000000000000000 ) ) ;
#2515 = CARTESIAN_POINT ( 'NONE',  ( 76.04166666666665719, 11.99999999999999645, 10.19808944818499441 ) ) ;
#2516 = VECTOR ( 'NONE', #779, 1000.000000000000000 ) ;
#2517 = CARTESIAN_POINT ( 'NONE',  ( 7.017449748351249461, 14.75494525491789943, 2.500000000000011102 ) ) ;
#2518 = EDGE_CURVE ( 'NONE', #1559, #1236, #489, .T. ) ;
#2519 = DIRECTION ( 'NONE',  ( -0.000000000000000000, -0.000000000000000000, 1.000000000000000000 ) ) ;
#2520 = DIRECTION ( 'NONE',  ( 3.469446951953614189E-16, -1.000000000000000000, 0.000000000000000000 ) ) ;
#2521 = VERTEX_POINT ( 'NONE', #1957 ) ;
#2522 = EDGE_CURVE ( 'NONE', #539, #561, #1739, .T. ) ;
#2523 = ORIENTED_EDGE ( 'NONE', *, *, #1835, .F. ) ;
#2524 = ORIENTED_EDGE ( 'NONE', *, *, #1783, .F. ) ;
#2525 = DIRECTION ( 'NONE',  ( -0.000000000000000000, -0.000000000000000000, -1.000000000000000000 ) ) ;
#2526 = CARTESIAN_POINT ( 'NONE',  ( 57.49999999999999289, 11.99999999999999467, 1.499999999999999556 ) ) ;
#2527 = DIRECTION ( 'NONE',  ( -0.000000000000000000, 0.000000000000000000, -1.000000000000000000 ) ) ;
#2528 = AXIS2_PLACEMENT_3D ( 'NONE', #950, #1420, #746 ) ;
#2529 = ADVANCED_FACE ( 'NONE', ( #407 ), #2668, .F. ) ;
#2530 = ADVANCED_FACE ( 'NONE', ( #449 ), #1562, .T. ) ;
#2531 = CARTESIAN_POINT ( 'NONE',  ( 76.00000000000000000, 1.040834085586084257E-14, 14.00000000000000000 ) ) ;
#2532 = DIRECTION ( 'NONE',  ( 0.000000000000000000, 0.000000000000000000, -1.000000000000000000 ) ) ;
#2533 = CARTESIAN_POINT ( 'NONE',  ( 39.00000000000000000, 18.00000000000000000, 14.50000000000000000 ) ) ;
#2534 = CARTESIAN_POINT ( 'NONE',  ( 60.37884013313245646, 13.55221792762537447, 2.000000000000007550 ) ) ;
#2535 = CARTESIAN_POINT ( 'NONE',  ( 2.000000000000001776, 10.50000000000000178, 0.000000000000000000 ) ) ;
#2536 = ORIENTED_EDGE ( 'NONE', *, *, #1669, .T. ) ;
#2537 = ORIENTED_EDGE ( 'NONE', *, *, #936, .F. ) ;
#2538 = ORIENTED_EDGE ( 'NONE', *, *, #1284, .T. ) ;
#2539 = CYLINDRICAL_SURFACE ( 'NONE', #395, 0.5000000000000004441 ) ;
#2540 = CARTESIAN_POINT ( 'NONE',  ( 74.38000696325170225, 14.36255206326683620, 12.39816762980031939 ) ) ;
#2541 = CYLINDRICAL_SURFACE ( 'NONE', #594, 5.500000000000005329 ) ;
#2542 = ORIENTED_EDGE ( 'NONE', *, *, #677, .T. ) ;
#2543 = EDGE_CURVE ( 'NONE', #2521, #864, #2843, .T. ) ;
#2544 = CARTESIAN_POINT ( 'NONE',  ( 76.50004363870515078, 12.43647938119688945, 7.624739816645709212 ) ) ;
#2545 = AXIS2_PLACEMENT_3D ( 'NONE', #2170, #1845, #1057 ) ;
#2546 = CARTESIAN_POINT ( 'NONE',  ( 1.500000000000000444, 14.42985368886709274, 8.719948311647657491 ) ) ;
#2547 = AXIS2_PLACEMENT_3D ( 'NONE', #183, #581, #1688 ) ;
#2548 = CLOSED_SHELL ( 'NONE', ( #1925, #471, #1068, #1278, #1699, #2403, #845, #1608, #222, #2409, #1790, #350, #1869, #2580, #1395, #2245, #276, #1400, #772, #608, #475, #1818, #1020, #2825, #2482, #722, #2312, #2348, #974, #101, #1600, #648, #1751, #1673, #2108, #179, #1660, #590, #68, #1244, #289, #2278, #2530, #1932, #1484, #796, #1914, #1495, #437, #2190, #1286, #2275, #518, #1282, #1185, #2284, #2111, #592, #1210, #674, #253, #478, #1460, #584, #2003, #137, #882, #2008, #939, #354, #1637, #1964, #1908, #1501, #144, #1805, #550, #1452, #1624, #751, #1201, #2529, #1702, #390, #2718, #757 ) ) ;
#2549 = CARTESIAN_POINT ( 'NONE',  ( 59.75826005020472564, 14.35222762180218403, 2.322771650498276941 ) ) ;
#2550 = DIRECTION ( 'NONE',  ( 1.000000000000000000, 0.000000000000000000, 0.000000000000000000 ) ) ;
#2551 = CYLINDRICAL_SURFACE ( 'NONE', #152, 5.500000000000000000 ) ;
#2552 = AXIS2_PLACEMENT_3D ( 'NONE', #1143, #1789, #2719 ) ;
#2553 = EDGE_LOOP ( 'NONE', ( #2011, #267, #2700, #458 ) ) ;
#2554 = ORIENTED_EDGE ( 'NONE', *, *, #857, .T. ) ;
#2555 = VERTEX_POINT ( 'NONE', #1073 ) ;
#2556 = AXIS2_PLACEMENT_3D ( 'NONE', #3, #2420, #2195 ) ;
#2557 = CARTESIAN_POINT ( 'NONE',  ( 71.00000000000000000, 14.25524984140835549, 13.50000000000000888 ) ) ;
#2558 = DIRECTION ( 'NONE',  ( 0.9993908270190956511, -0.03489949670250099695, 0.000000000000000000 ) ) ;
#2559 = VERTEX_POINT ( 'NONE', #896 ) ;
#2560 = DIRECTION ( 'NONE',  ( 1.000000000000000000, 0.000000000000000000, 0.000000000000000000 ) ) ;
#2561 = CARTESIAN_POINT ( 'NONE',  ( 2.147586366679160808, 14.92500463152557444, 6.691260574173198528 ) ) ;
#2562 = DIRECTION ( 'NONE',  ( -0.000000000000000000, 1.000000000000000000, 0.000000000000000000 ) ) ;
#2563 = CARTESIAN_POINT ( 'NONE',  ( 14.00000000000000000, 10.50000000000000355, 16.00000000000000000 ) ) ;
#2564 = CARTESIAN_POINT ( 'NONE',  ( 1.539506256239524973, 12.44897197898867347, 7.242582036375820209 ) ) ;
#2565 = CIRCLE ( 'NONE', #1728, 6.500000000000005329 ) ;
#2566 = ORIENTED_EDGE ( 'NONE', *, *, #1569, .T. ) ;
#2567 = VERTEX_POINT ( 'NONE', #1998 ) ;
#2568 = ORIENTED_EDGE ( 'NONE', *, *, #846, .T. ) ;
#2569 = DIRECTION ( 'NONE',  ( 0.03489949670250100389, 0.9993908270190957621, 0.000000000000000000 ) ) ;
#2570 = CARTESIAN_POINT ( 'NONE',  ( 71.00000000000000000, 14.25524984140835549, 2.500000000000007550 ) ) ;
#2571 = CARTESIAN_POINT ( 'NONE',  ( 6.999999999999999112, 15.00000000000000355, 2.500000000000007550 ) ) ;
#2572 = EDGE_CURVE ( 'NONE', #1041, #2567, #2192, .T. ) ;
#2573 = ORIENTED_EDGE ( 'NONE', *, *, #1424, .T. ) ;
#2574 = AXIS2_PLACEMENT_3D ( 'NONE', #1652, #2089, #982 ) ;
#2575 = CARTESIAN_POINT ( 'NONE',  ( 64.00000000000000000, 16.99999999999999645, 14.50000000000000000 ) ) ;
#2576 = CARTESIAN_POINT ( 'NONE',  ( 1.643150280160527332, 14.42530921801615129, 9.439613368409176530 ) ) ;
#2577 = CARTESIAN_POINT ( 'NONE',  ( 32.99999999999998579, 18.00000000000000000, 14.50000000000000000 ) ) ;
#2578 = CYLINDRICAL_SURFACE ( 'NONE', #813, 0.5000000000000004441 ) ;
#2579 = CARTESIAN_POINT ( 'NONE',  ( 1.538053099554215652, 12.44859512320193140, 8.747869282873665497 ) ) ;
#2580 = ADVANCED_FACE ( 'NONE', ( #2650, #1753 ), #1987, .T. ) ;
#2581 = AXIS2_PLACEMENT_3D ( 'NONE', #2795, #1039, #343 ) ;
#2582 = ORIENTED_EDGE ( 'NONE', *, *, #970, .F. ) ;
#2583 = ORIENTED_EDGE ( 'NONE', *, *, #2721, .T. ) ;
#2584 = CARTESIAN_POINT ( 'NONE',  ( 7.000000000000000000, 12.50000000000000355, 8.000000000000008882 ) ) ;
#2585 = CARTESIAN_POINT ( 'NONE',  ( 60.43106061788995476, 14.07566796782864316, 2.534425746402733548 ) ) ;
#2586 = LINE ( 'NONE', #2571, #1555 ) ;
#2587 = ORIENTED_EDGE ( 'NONE', *, *, #2771, .F. ) ;
#2588 = CARTESIAN_POINT ( 'NONE',  ( 20.50000000000000355, 18.00000000000000355, 16.00000000000000000 ) ) ;
#2589 = AXIS2_PLACEMENT_3D ( 'NONE', #1426, #1826, #2272 ) ;
#2590 = CIRCLE ( 'NONE', #277, 13.00000000000000533 ) ;
#2591 = CARTESIAN_POINT ( 'NONE',  ( 13.99999999999999822, 17.00000000000000355, 2.500000000000007550 ) ) ;
#2592 = CIRCLE ( 'NONE', #2547, 2.600000000000000089 ) ;
#2593 = CARTESIAN_POINT ( 'NONE',  ( 71.00000000000000000, 14.75555461355776643, 10.60000000000000320 ) ) ;
#2594 = ORIENTED_EDGE ( 'NONE', *, *, #384, .T. ) ;
#2595 = ORIENTED_EDGE ( 'NONE', *, *, #61, .F. ) ;
#2596 = CARTESIAN_POINT ( 'NONE',  ( 12.20000000000000284, 14.57396661220067813, 5.400000000000009237 ) ) ;
#2597 = CARTESIAN_POINT ( 'NONE',  ( 75.80582513778445275, 14.40781630673026115, 5.230095612392685389 ) ) ;
#2598 = CARTESIAN_POINT ( 'NONE',  ( 17.44998690930690088, 14.00122416448330931, 13.49126981639925127 ) ) ;
#2599 = AXIS2_PLACEMENT_3D ( 'NONE', #1048, #2121, #2138 ) ;
#2600 = VERTEX_POINT ( 'NONE', #2829 ) ;
#2601 = CARTESIAN_POINT ( 'NONE',  ( 39.00000000000000000, 18.00000000000000000, 9.000000000000001776 ) ) ;
#2602 = FACE_OUTER_BOUND ( 'NONE', #1682, .T. ) ;
#2603 = CIRCLE ( 'NONE', #837, 6.000000000000012434 ) ;
#2604 = DIRECTION ( 'NONE',  ( 0.000000000000000000, 0.000000000000000000, 1.000000000000000000 ) ) ;
#2605 = EDGE_CURVE ( 'NONE', #2266, #1567, #1051, .T. ) ;
#2606 = DIRECTION ( 'NONE',  ( -0.000000000000000000, 1.000000000000000000, -0.000000000000000000 ) ) ;
#2607 = VERTEX_POINT ( 'NONE', #1972 ) ;
#2608 = DIRECTION ( 'NONE',  ( 0.000000000000000000, 0.000000000000000000, 1.000000000000000000 ) ) ;
#2609 = CARTESIAN_POINT ( 'NONE',  ( 73.50064514947585792, 14.84287906640326860, 3.631068056560515789 ) ) ;
#2610 = DIRECTION ( 'NONE',  ( -0.000000000000000000, -0.000000000000000000, -1.000000000000000000 ) ) ;
#2611 = EDGE_CURVE ( 'NONE', #418, #552, #2168, .T. ) ;
#2612 = VERTEX_POINT ( 'NONE', #663 ) ;
#2613 = DIRECTION ( 'NONE',  ( -1.000000000000000000, -0.000000000000000000, -0.000000000000000000 ) ) ;
#2614 = EDGE_CURVE ( 'NONE', #2019, #2086, #190, .T. ) ;
#2615 = LINE ( 'NONE', #2157, #1625 ) ;
#2616 = CARTESIAN_POINT ( 'NONE',  ( 39.00000000000000000, 18.00000000000000000, 1.499999999999999556 ) ) ;
#2617 = CIRCLE ( 'NONE', #2574, 0.5000000000000018874 ) ;
#2618 = DIRECTION ( 'NONE',  ( -1.000000000000000000, 0.000000000000000000, 0.000000000000000000 ) ) ;
#2619 = FACE_OUTER_BOUND ( 'NONE', #2208, .T. ) ;
#2620 = VERTEX_POINT ( 'NONE', #1295 ) ;
#2621 = CARTESIAN_POINT ( 'NONE',  ( 52.00000000000000711, 18.00000000000000000, 16.00000000000000000 ) ) ;
#2622 = DIRECTION ( 'NONE',  ( 0.000000000000000000, -0.000000000000000000, 1.000000000000000000 ) ) ;
#2623 = AXIS2_PLACEMENT_3D ( 'NONE', #1290, #835, #1993 ) ;
#2624 = CARTESIAN_POINT ( 'NONE',  ( 17.78494329965551657, 13.72981153001535048, 13.55321695659342573 ) ) ;
#2625 = VERTEX_POINT ( 'NONE', #1537 ) ;
#2626 = DIRECTION ( 'NONE',  ( -0.000000000000000000, -0.000000000000000000, -1.000000000000000000 ) ) ;
#2627 =( BOUNDED_SURFACE ( )  B_SPLINE_SURFACE ( 3, 2, ( 
 ( #2477, #2464, #2669 ),
 ( #1801, #2038, #467 ),
 ( #1784, #712, #2022 ),
 ( #510, #72, #2681 ),
 ( #902, #524, #691 ),
 ( #1558, #944, #264 ),
 ( #33, #1388, #2280 ),
 ( #1572, #1343, #1817 ),
 ( #927, #701, #43 ),
 ( #1589, #1617, #2711 ) ),
 .UNSPECIFIED., .F., .F., .T. ) 
 B_SPLINE_SURFACE_WITH_KNOTS ( ( 4, 2, 2, 2, 4 ),
 ( 3, 3 ),
 ( 0.000000000000000000, 0.001227311718346216088, 0.002454623436692432176, 0.003681935155038648481, 0.004909246873384864353 ),
 ( 0.000000000000000000, 1.000000000000000000 ),
 .UNSPECIFIED. ) 
 GEOMETRIC_REPRESENTATION_ITEM ( )  RATIONAL_B_SPLINE_SURFACE ( (
 ( 1.000000000000000000, 0.7071067811865487940, 1.000000000000000000),
 ( 1.000000000000000000, 0.7339759584365761480, 1.000000000000000000),
 ( 1.000000000000000000, 0.7548253894301119038, 1.000000000000000000),
 ( 1.000000000000000000, 0.7831422458379228013, 1.000000000000000000),
 ( 1.000000000000000000, 0.7905612466717381048, 1.000000000000000000),
 ( 1.000000000000000000, 0.7905775695377758039, 1.000000000000000000),
 ( 1.000000000000000000, 0.7834170758705212290, 1.000000000000000000),
 ( 1.000000000000000000, 0.7551347673898789470, 1.000000000000000000),
 ( 1.000000000000000000, 0.7339067248428555734, 1.000000000000000000),
 ( 1.000000000000000000, 0.7071067811865489050, 1.000000000000000000) ) ) 
 REPRESENTATION_ITEM ( '' )  SURFACE ( )  );
#2628 = DIRECTION ( 'NONE',  ( -3.061231352237829869E-16, -1.000000000000000000, -0.000000000000000000 ) ) ;
#2629 = DIRECTION ( 'NONE',  ( 0.000000000000000000, 0.000000000000000000, -1.000000000000000000 ) ) ;
#2630 = DIRECTION ( 'NONE',  ( 0.000000000000000000, 0.000000000000000000, 1.000000000000000000 ) ) ;
#2631 = TOROIDAL_SURFACE ( 'NONE', #2174, 0.5000000000000000000, 1.500000000000000000 ) ;
#2632 = CARTESIAN_POINT ( 'NONE',  ( -0.01744974835125111604, 14.50030458649045251, 13.00000000000000711 ) ) ;
#2633 = B_SPLINE_CURVE_WITH_KNOTS ( 'NONE', 3,
 ( #587, #1465, #162, #1479, #808, #1692, #2585, #602, #1261, #1188 ),
 .UNSPECIFIED., .F., .F.,
 ( 4, 2, 2, 2, 4 ),
 ( 0.000000000000000000, 0.0002697941977780416237, 0.0005395883955560832473, 0.0008093825933341248710, 0.001079176791112166495 ),
 .UNSPECIFIED. ) ;
#2634 = ORIENTED_EDGE ( 'NONE', *, *, #879, .F. ) ;
#2635 = DIRECTION ( 'NONE',  ( -0.000000000000000000, -0.000000000000000000, 1.000000000000000000 ) ) ;
#2636 = CARTESIAN_POINT ( 'NONE',  ( 17.96555039377694030, 14.87293392805594827, 16.00000000000000000 ) ) ;
#2637 = CARTESIAN_POINT ( 'NONE',  ( 18.17861054449380021, 14.24088812908691004, 13.35484177382004845 ) ) ;
#2638 = ORIENTED_EDGE ( 'NONE', *, *, #2446, .T. ) ;
#2639 = AXIS2_PLACEMENT_3D ( 'NONE', #396, #2618, #2337 ) ;
#2640 = EDGE_CURVE ( 'NONE', #1127, #552, #2427, .T. ) ;
#2641 = CARTESIAN_POINT ( 'NONE',  ( 76.46054852930492984, 12.44895801385785639, 8.757067112838139877 ) ) ;
#2642 = CARTESIAN_POINT ( 'NONE',  ( 18.24173994979528857, 14.35222762180218226, 13.67722834950174082 ) ) ;
#2643 = DIRECTION ( 'NONE',  ( 0.000000000000000000, 1.000000000000000000, 0.000000000000000000 ) ) ;
#2644 = CARTESIAN_POINT ( 'NONE',  ( 60.74095611981920939, 13.89699613486283880, 13.50000000000000711 ) ) ;
#2645 = AXIS2_PLACEMENT_3D ( 'NONE', #1564, #79, #2443 ) ;
#2646 = VERTEX_POINT ( 'NONE', #232 ) ;
#2647 = CARTESIAN_POINT ( 'NONE',  ( 18.38720653881264155, 14.60041190927340971, 13.29211231595069442 ) ) ;
#2648 = ORIENTED_EDGE ( 'NONE', *, *, #1075, .T. ) ;
#2649 = CARTESIAN_POINT ( 'NONE',  ( 78.00000000000000000, 10.49999999999999645, 2.000000000000000000 ) ) ;
#2650 = FACE_BOUND ( 'NONE', #2194, .T. ) ;
#2651 = EDGE_CURVE ( 'NONE', #904, #146, #2316, .T. ) ;
#2652 = CARTESIAN_POINT ( 'NONE',  ( 1.125024390038943611, 11.95237505230849884, 7.593926965688465813 ) ) ;
#2653 = CARTESIAN_POINT ( 'NONE',  ( 17.83383599909739203, 14.27097840156025654, 2.681659314135099947 ) ) ;
#2654 = CARTESIAN_POINT ( 'NONE',  ( 60.38076895247307618, 14.10872976211151553, 13.45095151132898970 ) ) ;
#2655 = CIRCLE ( 'NONE', #2435, 13.00000000000000533 ) ;
#2656 = CARTESIAN_POINT ( 'NONE',  ( 10.00000000000000000, 12.00000000000000355, 1.499999999999999556 ) ) ;
#2657 = ORIENTED_EDGE ( 'NONE', *, *, #862, .F. ) ;
#2658 = EDGE_CURVE ( 'NONE', #1392, #1200, #1708, .T. ) ;
#2659 = DIRECTION ( 'NONE',  ( -1.000000000000000000, -2.312964634635740689E-15, 0.000000000000000000 ) ) ;
#2660 = VERTEX_POINT ( 'NONE', #2663 ) ;
#2661 = DIRECTION ( 'NONE',  ( 1.156482317317871133E-15, -1.000000000000000000, 0.000000000000000000 ) ) ;
#2662 = EDGE_CURVE ( 'NONE', #1155, #468, #607, .T. ) ;
#2663 = CARTESIAN_POINT ( 'NONE',  ( 7.000000000000000000, 12.00000000000000178, 14.00000000000000888 ) ) ;
#2664 = LINE ( 'NONE', #952, #1362 ) ;
#2665 = CARTESIAN_POINT ( 'NONE',  ( 14.00000000000000000, 12.00000000000000533, 0.000000000000000000 ) ) ;
#2666 = CARTESIAN_POINT ( 'NONE',  ( 60.26643103169862314, 13.67027971872416181, 14.00000000783585463 ) ) ;
#2667 = EDGE_LOOP ( 'NONE', ( #198, #2714, #1404, #229 ) ) ;
#2668 = TOROIDAL_SURFACE ( 'NONE', #824, 4.500000000000000888, 0.5000000000000000000 ) ;
#2669 = CARTESIAN_POINT ( 'NONE',  ( 1.499999999999999556, 12.00000000000000000, 5.602084238343650213 ) ) ;
#2670 = ORIENTED_EDGE ( 'NONE', *, *, #408, .F. ) ;
#2671 = AXIS2_PLACEMENT_3D ( 'NONE', #1334, #1777, #2229 ) ;
#2672 = ORIENTED_EDGE ( 'NONE', *, *, #408, .T. ) ;
#2673 = DIRECTION ( 'NONE',  ( 0.000000000000000000, 0.000000000000000000, -1.000000000000000000 ) ) ;
#2674 = CARTESIAN_POINT ( 'NONE',  ( 39.00000000000000000, 18.00000000000000000, 9.000000000000001776 ) ) ;
#2675 = TOROIDAL_SURFACE ( 'NONE', #2035, 18.49999999999999645, 1.500000000000000000 ) ;
#2676 = FACE_OUTER_BOUND ( 'NONE', #912, .T. ) ;
#2677 = LINE ( 'NONE', #424, #2075 ) ;
#2678 = FACE_OUTER_BOUND ( 'NONE', #1390, .T. ) ;
#2679 = EDGE_CURVE ( 'NONE', #1819, #2660, #826, .T. ) ;
#2680 = ORIENTED_EDGE ( 'NONE', *, *, #1379, .T. ) ;
#2681 = CARTESIAN_POINT ( 'NONE',  ( 1.157329248210076988, 11.96173053220565130, 7.173667281902265991 ) ) ;
#2682 = ORIENTED_EDGE ( 'NONE', *, *, #2721, .F. ) ;
#2683 = ORIENTED_EDGE ( 'NONE', *, *, #2746, .T. ) ;
#2684 = ORIENTED_EDGE ( 'NONE', *, *, #1580, .F. ) ;
#2685 = DIRECTION ( 'NONE',  ( -0.9993908270190956511, -0.03489949670250104552, 0.000000000000000000 ) ) ;
#2686 = EDGE_CURVE ( 'NONE', #239, #177, #1106, .T. ) ;
#2687 = CARTESIAN_POINT ( 'NONE',  ( 64.00000000000000000, 16.99999999999999645, 16.00000000000000000 ) ) ;
#2688 = VECTOR ( 'NONE', #506, 1000.000000000000000 ) ;
#2689 = FACE_OUTER_BOUND ( 'NONE', #2467, .T. ) ;
#2690 = EDGE_CURVE ( 'NONE', #7, #916, #1372, .T. ) ;
#2691 = CARTESIAN_POINT ( 'NONE',  ( 39.00000000000000000, 18.00000000000000000, 1.499999999999999556 ) ) ;
#2692 =( BOUNDED_CURVE ( )  B_SPLINE_CURVE ( 3, ( #2593, #1483, #1947, #2814 ),
 .UNSPECIFIED., .F., .T. ) 
 B_SPLINE_CURVE_WITH_KNOTS ( ( 4, 4 ),
 ( 1.570796326794896558, 4.712388980384689674 ),
 .UNSPECIFIED. ) 
 CURVE ( )  GEOMETRIC_REPRESENTATION_ITEM ( )  RATIONAL_B_SPLINE_CURVE ( ( 1.000000000000000000, 0.3333333333333333703, 0.3333333333333333703, 1.000000000000000000 ) ) 
 REPRESENTATION_ITEM ( '' )  );
#2693 = CARTESIAN_POINT ( 'NONE',  ( 76.50000000000000000, 14.42985368886709452, 8.000000000000008882 ) ) ;
#2694 = ORIENTED_EDGE ( 'NONE', *, *, #346, .T. ) ;
#2695 = CARTESIAN_POINT ( 'NONE',  ( 59.59383291213571709, 14.63659322294667753, 2.854477408634799929 ) ) ;
#2696 = EDGE_CURVE ( 'NONE', #2646, #1155, #495, .T. ) ;
#2697 = CARTESIAN_POINT ( 'NONE',  ( 17.94810064542568995, 14.37323851454640078, 13.00000000000000711 ) ) ;
#2698 = ORIENTED_EDGE ( 'NONE', *, *, #2050, .F. ) ;
#2699 = ORIENTED_EDGE ( 'NONE', *, *, #1588, .T. ) ;
#2700 = ORIENTED_EDGE ( 'NONE', *, *, #874, .F. ) ;
#2701 = CARTESIAN_POINT ( 'NONE',  ( 17.86696061402001590, 14.29942142272971140, 2.724583391387064957 ) ) ;
#2702 = CARTESIAN_POINT ( 'NONE',  ( 20.50000000000000355, 18.00000000000000355, 14.50000000000000000 ) ) ;
#2703 = DIRECTION ( 'NONE',  ( 0.000000000000000000, 0.000000000000000000, 1.000000000000000000 ) ) ;
#2704 = CARTESIAN_POINT ( 'NONE',  ( 1.499999999999999556, 12.00000000000000000, 10.39791576165636755 ) ) ;
#2705 = AXIS2_PLACEMENT_3D ( 'NONE', #2687, #2703, #300 ) ;
#2706 = DIRECTION ( 'NONE',  ( 1.000000000000000000, 0.000000000000000000, 0.000000000000000000 ) ) ;
#2707 = ORIENTED_EDGE ( 'NONE', *, *, #966, .F. ) ;
#2708 = CARTESIAN_POINT ( 'NONE',  ( 76.84383898584333394, 11.96142713862106532, 8.814802231145542066 ) ) ;
#2709 = EDGE_CURVE ( 'NONE', #864, #1257, #2365, .T. ) ;
#2710 = CARTESIAN_POINT ( 'NONE',  ( 45.00000000000001421, 18.00000000000000000, 9.000000000000001776 ) ) ;
#2711 = CARTESIAN_POINT ( 'NONE',  ( 1.499999999999999112, 12.00000000000000000, 10.39791576165636577 ) ) ;
#2712 = ORIENTED_EDGE ( 'NONE', *, *, #316, .F. ) ;
#2713 = ORIENTED_EDGE ( 'NONE', *, *, #1545, .F. ) ;
#2714 = ORIENTED_EDGE ( 'NONE', *, *, #2148, .T. ) ;
#2715 = AXIS2_PLACEMENT_3D ( 'NONE', #113, #322, #476 ) ;
#2716 = CARTESIAN_POINT ( 'NONE',  ( 13.99999999999999822, 17.00000000000000355, 14.00000000000000711 ) ) ;
#2717 = CARTESIAN_POINT ( 'NONE',  ( 76.35612389660134625, 14.94259458152033915, 9.443728063162803110 ) ) ;
#2718 = ADVANCED_FACE ( 'NONE', ( #509 ), #2320, .F. ) ;
#2719 = DIRECTION ( 'NONE',  ( 1.000000000000000000, 0.000000000000000000, 0.000000000000000000 ) ) ;
#2720 = AXIS2_PLACEMENT_3D ( 'NONE', #1509, #1196, #1587 ) ;
#2721 = EDGE_CURVE ( 'NONE', #904, #756, #315, .T. ) ;
#2722 = DIRECTION ( 'NONE',  ( 0.000000000000000000, 0.000000000000000000, -1.000000000000000000 ) ) ;
#2723 = DIRECTION ( 'NONE',  ( 0.000000000000000000, 0.000000000000000000, 1.000000000000000000 ) ) ;
#2724 = CARTESIAN_POINT ( 'NONE',  ( 58.99999999999999289, 16.99999999999998934, 14.50000000000000000 ) ) ;
#2725 = EDGE_CURVE ( 'NONE', #45, #2136, #2452, .T. ) ;
#2726 = CARTESIAN_POINT ( 'NONE',  ( 18.36426389315721153, 14.55973456304106683, 2.623931936066309145 ) ) ;
#2727 = CARTESIAN_POINT ( 'NONE',  ( 39.00000000000000000, 18.00000000000000000, 16.00000000000000000 ) ) ;
#2728 = VERTEX_POINT ( 'NONE', #1601 ) ;
#2729 = EDGE_LOOP ( 'NONE', ( #189, #1252, #2226, #1934 ) ) ;
#2730 = ORIENTED_EDGE ( 'NONE', *, *, #2736, .F. ) ;
#2731 = CARTESIAN_POINT ( 'NONE',  ( 18.40616710488543362, 14.63659325467969552, 2.852772875962273691 ) ) ;
#2732 = DIRECTION ( 'NONE',  ( -1.156482317317871133E-15, 1.000000000000000000, 0.000000000000000000 ) ) ;
#2733 = AXIS2_PLACEMENT_3D ( 'NONE', #366, #2756, #1427 ) ;
#2734 = DIRECTION ( 'NONE',  ( 0.000000000000000000, 0.000000000000000000, 1.000000000000000000 ) ) ;
#2735 = CARTESIAN_POINT ( 'NONE',  ( 76.87503570476991399, 11.95235953589662792, 7.590625254522714194 ) ) ;
#2736 = EDGE_CURVE ( 'NONE', #2728, #741, #2506, .T. ) ;
#2737 = AXIS2_PLACEMENT_3D ( 'NONE', #287, #80, #95 ) ;
#2738 = CARTESIAN_POINT ( 'NONE',  ( 59.59383289580339493, 14.63659325339549966, 13.00000000000000711 ) ) ;
#2739 = AXIS2_PLACEMENT_3D ( 'NONE', #1116, #2626, #36 ) ;
#2740 = DIRECTION ( 'NONE',  ( 0.000000000000000000, 0.000000000000000000, -1.000000000000000000 ) ) ;
#2741 = CARTESIAN_POINT ( 'NONE',  ( 60.05189936827138553, 14.37323851502471328, 2.927238705748574255 ) ) ;
#2742 = CARTESIAN_POINT ( 'NONE',  ( -4.898587196589411843E-16, 12.00000000000000000, 16.00000000000000000 ) ) ;
#2743 = ORIENTED_EDGE ( 'NONE', *, *, #1157, .F. ) ;
#2744 = VERTEX_POINT ( 'NONE', #2292 ) ;
#2745 = VERTEX_POINT ( 'NONE', #307 ) ;
#2746 = EDGE_CURVE ( 'NONE', #1236, #2625, #1793, .T. ) ;
#2747 = CARTESIAN_POINT ( 'NONE',  ( 76.50000000000117950, 12.43649167310337056, 7.624183178801902550 ) ) ;
#2748 = CARTESIAN_POINT ( 'NONE',  ( 72.29128967747189449, 14.80064744273183308, 12.86986338167337429 ) ) ;
#2749 = DIRECTION ( 'NONE',  ( 1.224646799147353207E-16, -1.000000000000000000, -0.000000000000000000 ) ) ;
#2750 = AXIS2_PLACEMENT_3D ( 'NONE', #1118, #2271, #2457 ) ;
#2751 = ORIENTED_EDGE ( 'NONE', *, *, #51, .F. ) ;
#2752 = CARTESIAN_POINT ( 'NONE',  ( 1.999999999999999556, 12.00000000000000000, 2.000000000000000000 ) ) ;
#2753 = CARTESIAN_POINT ( 'NONE',  ( 6.999999999999998224, 14.25524984140835372, 13.50000000000000888 ) ) ;
#2754 = ADVANCED_BREP_SHAPE_REPRESENTATION ( 'Bearing_housing', ( #760, #31 ), #1074 ) ;
#2755 = VECTOR ( 'NONE', #457, 1000.000000000000000 ) ;
#2756 = DIRECTION ( 'NONE',  ( -1.000000000000000000, 0.000000000000000000, 0.000000000000000000 ) ) ;
#2757 = CARTESIAN_POINT ( 'NONE',  ( 60.55001309069385940, 14.00122416448334306, 2.508730183600765606 ) ) ;
#2758 = DIRECTION ( 'NONE',  ( 3.469446951953613696E-16, -1.000000000000000000, -0.000000000000000000 ) ) ;
#2759 = CARTESIAN_POINT ( 'NONE',  ( -2.982550251648747430, 15.10415294983537926, 13.00000000000000888 ) ) ;
#2760 = ORIENTED_EDGE ( 'NONE', *, *, #434, .F. ) ;
#2761 = ORIENTED_EDGE ( 'NONE', *, *, #1239, .F. ) ;
#2762 = CARTESIAN_POINT ( 'NONE',  ( -6.123233995736764310E-16, 15.00000000000000000, 16.00000000000000000 ) ) ;
#2763 = CARTESIAN_POINT ( 'NONE',  ( 71.70418267072226115, 14.78014521428097794, 13.50228976345979426 ) ) ;
#2764 = ORIENTED_EDGE ( 'NONE', *, *, #1746, .F. ) ;
#2765 = CARTESIAN_POINT ( 'NONE',  ( 76.04166666666665719, 12.49999999999999645, 10.19808944818499441 ) ) ;
#2766 = AXIS2_PLACEMENT_3D ( 'NONE', #1795, #1976, #2472 ) ;
#2767 = CARTESIAN_POINT ( 'NONE',  ( 1.643876103404641187, 14.94259458152033204, 9.443728063162458497 ) ) ;
#2768 = CIRCLE ( 'NONE', #282, 6.499999999999999112 ) ;
#2769 = CARTESIAN_POINT ( 'NONE',  ( 60.37884013313245646, 13.55221792762537447, 2.000000000000007105 ) ) ;
#2770 = CARTESIAN_POINT ( 'NONE',  ( 59.62038148378906044, 14.58765175308785977, 13.30581696142932735 ) ) ;
#2771 = EDGE_CURVE ( 'NONE', #45, #714, #559, .T. ) ;
#2772 = VERTEX_POINT ( 'NONE', #1062 ) ;
#2773 = VERTEX_POINT ( 'NONE', #2389 ) ;
#2774 = VERTEX_POINT ( 'NONE', #626 ) ;
#2775 = AXIS2_PLACEMENT_3D ( 'NONE', #1771, #2836, #1761 ) ;
#2776 = AXIS2_PLACEMENT_3D ( 'NONE', #1952, #2838, #2392 ) ;
#2777 = CARTESIAN_POINT ( 'NONE',  ( 78.00000000000000000, 9.552245033349355756E-15, 16.00000000000000000 ) ) ;
#2778 = DIRECTION ( 'NONE',  ( 0.9993908270190957621, 0.03489949670250104552, 0.000000000000000000 ) ) ;
#2779 = EDGE_CURVE ( 'NONE', #45, #2607, #2801, .T. ) ;
#2780 = DIRECTION ( 'NONE',  ( 0.000000000000000000, 0.000000000000000000, 1.000000000000000000 ) ) ;
#2781 = VERTEX_POINT ( 'NONE', #803 ) ;
#2782 = EDGE_CURVE ( 'NONE', #1322, #2296, #2592, .T. ) ;
#2783 = VECTOR ( 'NONE', #659, 1000.000000000000000 ) ;
#2784 = DIRECTION ( 'NONE',  ( 0.03489949670250103858, 0.9993908270190957621, 0.000000000000000000 ) ) ;
#2785 = CARTESIAN_POINT ( 'NONE',  ( 6.279921882158010504, 14.27810955228881085, 13.50000000000000888 ) ) ;
#2786 = EDGE_CURVE ( 'NONE', #468, #2238, #44, .T. ) ;
#2787 = CARTESIAN_POINT ( 'NONE',  ( 59.70075198950507911, 14.44666435565316220, 2.431766457414534788 ) ) ;
#2788 = LINE ( 'NONE', #802, #2441 ) ;
#2789 = CARTESIAN_POINT ( 'NONE',  ( 60.05189935457430295, 14.37323851454640078, 3.000000000000007550 ) ) ;
#2790 = VERTEX_POINT ( 'NONE', #2789 ) ;
#2791 = VERTEX_POINT ( 'NONE', #142 ) ;
#2792 =( BOUNDED_CURVE ( )  B_SPLINE_CURVE ( 3, ( #42, #1963, #2848, #223 ),
 .UNSPECIFIED., .F., .F. ) 
 B_SPLINE_CURVE_WITH_KNOTS ( ( 4, 4 ),
 ( 4.712388980384689674, 7.853981633974482790 ),
 .UNSPECIFIED. ) 
 CURVE ( )  GEOMETRIC_REPRESENTATION_ITEM ( )  RATIONAL_B_SPLINE_CURVE ( ( 1.000000000000000000, 0.3333333333333333703, 0.3333333333333333703, 1.000000000000000000 ) ) 
 REPRESENTATION_ITEM ( '' )  );
#2793 = CARTESIAN_POINT ( 'NONE',  ( 7.000000000000000000, 14.75555461355776465, 10.60000000000000853 ) ) ;
#2794 = DIRECTION ( 'NONE',  ( 1.000000000000000000, 0.000000000000000000, 0.000000000000000000 ) ) ;
#2795 = CARTESIAN_POINT ( 'NONE',  ( 2.000000000000001776, 18.00000000000000000, 14.00000000000000000 ) ) ;
#2796 = EDGE_LOOP ( 'NONE', ( #868, #1635, #2308, #1883 ) ) ;
#2797 = AXIS2_PLACEMENT_3D ( 'NONE', #1506, #2165, #1067 ) ;
#2798 = CARTESIAN_POINT ( 'NONE',  ( 18.40616710419660507, 14.63659325339549611, 16.00000000000000000 ) ) ;
#2799 = DIRECTION ( 'NONE',  ( 1.000000000000000000, 1.541976423090494844E-15, 0.000000000000000000 ) ) ;
#2800 = CARTESIAN_POINT ( 'NONE',  ( 64.00000000000000000, 12.49999999999999645, 2.500000000000007550 ) ) ;
#2801 = LINE ( 'NONE', #2147, #2177 ) ;
#2802 = AXIS2_PLACEMENT_3D ( 'NONE', #2388, #1241, #1701 ) ;
#2803 = VECTOR ( 'NONE', #2558, 1000.000000000000114 ) ;
#2804 = ORIENTED_EDGE ( 'NONE', *, *, #1121, .F. ) ;
#2805 = EDGE_LOOP ( 'NONE', ( #1634, #2764, #2246, #554 ) ) ;
#2806 = CARTESIAN_POINT ( 'NONE',  ( 46.50000000000001421, 18.00000000000000000, 14.50000000000000000 ) ) ;
#2807 = CARTESIAN_POINT ( 'NONE',  ( 70.98255025164874610, 14.75494525491790299, 3.000000000000009770 ) ) ;
#2808 = CARTESIAN_POINT ( 'NONE',  ( 78.00000000000000000, 15.00000000000000178, 16.00000000000000000 ) ) ;
#2809 = EDGE_LOOP ( 'NONE', ( #1995, #275, #527, #1865 ) ) ;
#2810 = EDGE_CURVE ( 'NONE', #2745, #2781, #1563, .T. ) ;
#2811 = VECTOR ( 'NONE', #1108, 1000.000000000000000 ) ;
#2812 = DIRECTION ( 'NONE',  ( 0.000000000000000000, 0.000000000000000000, 1.000000000000000000 ) ) ;
#2813 = VECTOR ( 'NONE', #420, 1000.000000000000000 ) ;
#2814 = CARTESIAN_POINT ( 'NONE',  ( 71.00000000000000000, 14.75555461355776643, 5.399999999999996803 ) ) ;
#2815 = EDGE_CURVE ( 'NONE', #239, #1115, #1296, .T. ) ;
#2816 = CARTESIAN_POINT ( 'NONE',  ( 1.500036384500821995, 12.43650192158060364, 7.623559310620177776 ) ) ;
#2817 = EDGE_LOOP ( 'NONE', ( #1168, #825, #1097, #1263, #1591, #1259 ) ) ;
#2818 = ORIENTED_EDGE ( 'NONE', *, *, #2399, .F. ) ;
#2819 = DIRECTION ( 'NONE',  ( -1.000000000000000000, 0.000000000000000000, 0.000000000000000000 ) ) ;
#2820 = DIRECTION ( 'NONE',  ( -0.000000000000000000, 1.000000000000000000, -0.000000000000000000 ) ) ;
#2821 = AXIS2_PLACEMENT_3D ( 'NONE', #1305, #2778, #1680 ) ;
#2822 = EDGE_CURVE ( 'NONE', #811, #1477, #1983, .T. ) ;
#2823 = CARTESIAN_POINT ( 'NONE',  ( 17.73336620795077678, 13.67006676221219408, 14.00000000852975823 ) ) ;
#2824 = CIRCLE ( 'NONE', #432, 6.000000000000012434 ) ;
#2825 = ADVANCED_FACE ( 'NONE', ( #2367 ), #1891, .F. ) ;
#2826 = CIRCLE ( 'NONE', #67, 2.600000000000000089 ) ;
#2827 = EDGE_LOOP ( 'NONE', ( #848, #1878, #1007, #1493 ) ) ;
#2828 = EDGE_CURVE ( 'NONE', #2781, #798, #1718, .T. ) ;
#2829 = CARTESIAN_POINT ( 'NONE',  ( 76.50000000000000000, 11.99999999999999645, 14.00000000000000000 ) ) ;
#2830 =( BOUNDED_SURFACE ( )  B_SPLINE_SURFACE ( 3, 2, ( 
 ( #873, #1758, #2644 ),
 ( #2666, #1566, #2018 ),
 ( #52, #888, #860 ),
 ( #1796, #2189, #2654 ),
 ( #236, #209, #2417 ),
 ( #1078, #1961, #666 ),
 ( #1553, #1340, #1313 ),
 ( #1541, #2433, #1770 ),
 ( #675, #2445, #2232 ),
 ( #2738, #1147, #2062 ) ),
 .UNSPECIFIED., .F., .F., .T. ) 
 B_SPLINE_SURFACE_WITH_KNOTS ( ( 4, 2, 2, 2, 4 ),
 ( 3, 3 ),
 ( 0.0006240209794674696740, 0.001057781037316669979, 0.001491541095165870067, 0.001925301153015070155, 0.002359061210864270459 ),
 ( 0.000000000000000000, 1.000000000000000000 ),
 .UNSPECIFIED. ) 
 GEOMETRIC_REPRESENTATION_ITEM ( )  RATIONAL_B_SPLINE_SURFACE ( (
 ( 1.000000000000000000, 0.7071067811865447972, 1.000000000000000000),
 ( 1.000000000000000000, 0.7328533907392994484, 1.000000000000000000),
 ( 1.000000000000000000, 0.7549521731012911463, 1.000000000000000000),
 ( 1.000000000000000000, 0.7926320874570742525, 1.000000000000000000),
 ( 1.000000000000000000, 0.8076679462299254375, 1.000000000000000000),
 ( 1.000000000000000000, 0.8303977890170504139, 1.000000000000000000),
 ( 1.000000000000000000, 0.8377518712185950678, 1.000000000000000000),
 ( 1.000000000000000000, 0.8470752883839219871, 1.000000000000000000),
 ( 1.000000000000000000, 0.8489473124467299403, 1.000000000000000000),
 ( 1.000000000000000000, 0.8490108367240083442, 1.000000000000000000) ) ) 
 REPRESENTATION_ITEM ( '' )  SURFACE ( )  );
#2831 = EDGE_CURVE ( 'NONE', #994, #2607, #1628, .T. ) ;
#2832 = CARTESIAN_POINT ( 'NONE',  ( 18.36434458512228574, 14.55988943910135447, 13.37553800407218318 ) ) ;
#2833 = CARTESIAN_POINT ( 'NONE',  ( 14.00000000000000000, 12.00000000000000533, 14.50000000000000000 ) ) ;
#2834 = CIRCLE ( 'NONE', #1117, 1.500000000000000000 ) ;
#2835 = DIRECTION ( 'NONE',  ( 1.000000000000000000, 3.469446951953614189E-16, 0.000000000000000000 ) ) ;
#2836 = DIRECTION ( 'NONE',  ( -1.000000000000000000, -0.000000000000000000, -0.000000000000000000 ) ) ;
#2837 = ORIENTED_EDGE ( 'NONE', *, *, #1996, .F. ) ;
#2838 = DIRECTION ( 'NONE',  ( 1.000000000000000000, 3.469446951953614189E-16, 0.000000000000000000 ) ) ;
#2839 = DIRECTION ( 'NONE',  ( 1.156482317317871133E-15, -1.000000000000000000, 0.000000000000000000 ) ) ;
#2840 = CARTESIAN_POINT ( 'NONE',  ( 18.11631582455127543, 14.15874119968820644, 13.83838626316302012 ) ) ;
#2841 = VERTEX_POINT ( 'NONE', #1948 ) ;
#2842 = FACE_OUTER_BOUND ( 'NONE', #2024, .T. ) ;
#2843 = LINE ( 'NONE', #1324, #688 ) ;
#2844 = DIRECTION ( 'NONE',  ( -1.000000000000000000, 0.000000000000000000, -0.000000000000000000 ) ) ;
#2845 = LINE ( 'NONE', #208, #374 ) ;
#2846 = AXIS2_PLACEMENT_3D ( 'NONE', #1222, #1207, #1900 ) ;
#2847 = DIRECTION ( 'NONE',  ( -0.3996526269427271849, 1.733216985483373129E-16, -0.9166666666666666297 ) ) ;
#2848 = CARTESIAN_POINT ( 'NONE',  ( 76.19999999999998863, 14.93714261491485473, 10.60000000000000320 ) ) ;
ENDSEC;
END-ISO-10303-21;
