ISO-10303-21;
HEADER;
FILE_DESCRIPTION (( 'STEP AP214' ),
    '1' );
FILE_NAME ('Vztrajnik zrcaljen.STEP',
    '2025-10-23T13:15:40',
    ( '' ),
    ( '' ),
    'SwSTEP 2.0',
    'SolidWorks 2024',
    '' );
FILE_SCHEMA (( 'AUTOMOTIVE_DESIGN' ));
ENDSEC;

DATA;
#1 = AXIS2_PLACEMENT_3D ( 'NONE', #4032, #337, #3615 ) ;
#2 = ORIENTED_EDGE ( 'NONE', *, *, #344, .F. ) ;
#3 = CARTESIAN_POINT ( 'NONE',  ( 32.00000000000000000, 14.84924240491741720, -14.84924240491769609 ) ) ;
#4 = CARTESIAN_POINT ( 'NONE',  ( 32.00000000000000000, -17.67766952966364613, 17.67766952966376337 ) ) ;
#5 = AXIS2_PLACEMENT_3D ( 'NONE', #1759, #4682, #4216 ) ;
#6 = DIRECTION ( 'NONE',  ( 0.000000000000000000, 0.000000000000000000, -1.000000000000000000 ) ) ;
#7 = ORIENTED_EDGE ( 'NONE', *, *, #1320, .T. ) ;
#8 = VECTOR ( 'NONE', #1432, 1000.000000000000000 ) ;
#9 = AXIS2_PLACEMENT_3D ( 'NONE', #51, #2802, #5262 ) ;
#10 = EDGE_CURVE ( 'NONE', #1863, #637, #2987, .T. ) ;
#11 = CARTESIAN_POINT ( 'NONE',  ( -8.000000000000000000, 48.00000000000000000, 8.673617379884035472E-15 ) ) ;
#12 = DIRECTION ( 'NONE',  ( -1.000000000000000000, -0.000000000000000000, -0.000000000000000000 ) ) ;
#13 = TOROIDAL_SURFACE ( 'NONE', #3007, 15.50000000000000888, 2.000000000000000000 ) ;
#14 = DIRECTION ( 'NONE',  ( 1.000000000000000000, 0.000000000000000000, 0.000000000000000000 ) ) ;
#15 = ORIENTED_EDGE ( 'NONE', *, *, #1584, .F. ) ;
#16 = ADVANCED_FACE ( 'NONE', ( #4154 ), #1036, .T. ) ;
#17 = DIRECTION ( 'NONE',  ( -1.000000000000000000, 0.000000000000000000, -0.000000000000000000 ) ) ;
#18 = AXIS2_PLACEMENT_3D ( 'NONE', #1187, #343, #5300 ) ;
#19 = CYLINDRICAL_SURFACE ( 'NONE', #1425, 5.000000000000000888 ) ;
#20 = CYLINDRICAL_SURFACE ( 'NONE', #3462, 2.000000000000000888 ) ;
#21 = FACE_OUTER_BOUND ( 'NONE', #4567, .T. ) ;
#22 = EDGE_LOOP ( 'NONE', ( #4982, #4601 ) ) ;
#23 = AXIS2_PLACEMENT_3D ( 'NONE', #641, #4677, #1018 ) ;
#24 = AXIS2_PLACEMENT_3D ( 'NONE', #3803, #2207, #4700 ) ;
#25 = ADVANCED_FACE ( 'NONE', ( #1686 ), #467, .F. ) ;
#26 = DIRECTION ( 'NONE',  ( 0.000000000000000000, 0.000000000000000000, -1.000000000000000000 ) ) ;
#27 = AXIS2_PLACEMENT_3D ( 'NONE', #3135, #2710, #3479 ) ;
#28 = ORIENTED_EDGE ( 'NONE', *, *, #4966, .F. ) ;
#29 = DIRECTION ( 'NONE',  ( 0.000000000000000000, 0.000000000000000000, -1.000000000000000000 ) ) ;
#30 = DIRECTION ( 'NONE',  ( 0.000000000000000000, 0.000000000000000000, -1.000000000000000000 ) ) ;
#31 = CIRCLE ( 'NONE', #4250, 2.050000000000000711 ) ;
#32 = DIRECTION ( 'NONE',  ( 0.000000000000000000, 0.000000000000000000, -1.000000000000000000 ) ) ;
#33 = VERTEX_POINT ( 'NONE', #2589 ) ;
#34 = AXIS2_PLACEMENT_3D ( 'NONE', #3158, #1570, #2430 ) ;
#35 = CARTESIAN_POINT ( 'NONE',  ( 10.00000000000000000, 48.00000000000000000, -14.20000000000050910 ) ) ;
#36 = DIRECTION ( 'NONE',  ( -1.000000000000000000, 0.000000000000000000, 0.000000000000000000 ) ) ;
#37 = EDGE_CURVE ( 'NONE', #2808, #3364, #4177, .T. ) ;
#38 = VECTOR ( 'NONE', #4618, 1000.000000000000000 ) ;
#39 = DIRECTION ( 'NONE',  ( -1.000000000000000000, 0.000000000000000000, -0.000000000000000000 ) ) ;
#40 = EDGE_LOOP ( 'NONE', ( #2426, #974, #3384, #3311, #2438 ) ) ;
#41 = DIRECTION ( 'NONE',  ( -1.000000000000000000, -0.000000000000000000, -0.000000000000000000 ) ) ;
#42 = DIRECTION ( 'NONE',  ( 0.000000000000000000, 9.912705577010326536E-16, -1.000000000000000000 ) ) ;
#43 = LINE ( 'NONE', #2474, #459 ) ;
#44 = CARTESIAN_POINT ( 'NONE',  ( 32.00000000000000000, -49.66666666666657193, 22.43818669639396646 ) ) ;
#45 = VERTEX_POINT ( 'NONE', #3409 ) ;
#46 = EDGE_CURVE ( 'NONE', #3364, #124, #1876, .T. ) ;
#47 = VERTEX_POINT ( 'NONE', #2617 ) ;
#48 = CARTESIAN_POINT ( 'NONE',  ( -21.00000000000003197, -69.29523809523811906, 1.871713294710593001 ) ) ;
#49 = EDGE_CURVE ( 'NONE', #520, #852, #2479, .T. ) ;
#50 = ORIENTED_EDGE ( 'NONE', *, *, #1550, .T. ) ;
#51 = CARTESIAN_POINT ( 'NONE',  ( 30.00000000000000000, 49.66666666666688457, 22.43818669639327013 ) ) ;
#52 = ORIENTED_EDGE ( 'NONE', *, *, #2662, .T. ) ;
#53 = CARTESIAN_POINT ( 'NONE',  ( -8.000000000000000000, 3.857637417314161703E-16, -44.85000000000000142 ) ) ;
#54 = CARTESIAN_POINT ( 'NONE',  ( -8.000000000000000000, 27.75065104166651864, -13.81670607502572956 ) ) ;
#55 = CARTESIAN_POINT ( 'NONE',  ( 32.00000000000000000, 0.000000000000000000, 48.00000000000000000 ) ) ;
#56 = VERTEX_POINT ( 'NONE', #1437 ) ;
#57 = CARTESIAN_POINT ( 'NONE',  ( -8.000000000000000000, -49.66666666666672825, -22.43818669639361829 ) ) ;
#58 = CYLINDRICAL_SURFACE ( 'NONE', #4049, 2.000000000000027978 ) ;
#59 = AXIS2_PLACEMENT_3D ( 'NONE', #4260, #224, #1348 ) ;
#60 = DIRECTION ( 'NONE',  ( -1.000000000000000000, -0.000000000000000000, -0.000000000000000000 ) ) ;
#61 = VERTEX_POINT ( 'NONE', #4754 ) ;
#62 = ORIENTED_EDGE ( 'NONE', *, *, #1523, .F. ) ;
#63 = EDGE_LOOP ( 'NONE', ( #1703, #3593, #3525, #4615, #1915, #1244, #796, #4196, #4069, #1719 ) ) ;
#64 = ADVANCED_FACE ( 'NONE', ( #1909 ), #3581, .F. ) ;
#65 = DIRECTION ( 'NONE',  ( -1.000000000000000000, -0.000000000000000000, 0.000000000000000000 ) ) ;
#66 = FACE_OUTER_BOUND ( 'NONE', #97, .T. ) ;
#67 = CYLINDRICAL_SURFACE ( 'NONE', #4321, 5.000000000000000888 ) ;
#68 = ORIENTED_EDGE ( 'NONE', *, *, #1977, .T. ) ;
#69 = ORIENTED_EDGE ( 'NONE', *, *, #2103, .F. ) ;
#70 = AXIS2_PLACEMENT_3D ( 'NONE', #1924, #3573, #1112 ) ;
#71 = ORIENTED_EDGE ( 'NONE', *, *, #2628, .F. ) ;
#72 = EDGE_LOOP ( 'NONE', ( #4259, #857, #4237, #4202 ) ) ;
#73 = DIRECTION ( 'NONE',  ( 0.000000000000000000, 0.000000000000000000, -1.000000000000000000 ) ) ;
#74 = ADVANCED_FACE ( 'NONE', ( #2293 ), #4352, .T. ) ;
#75 = CARTESIAN_POINT ( 'NONE',  ( 32.00000000000000000, 12.47960548711975370, -35.73177083333332860 ) ) ;
#76 = ORIENTED_EDGE ( 'NONE', *, *, #2007, .F. ) ;
#77 = ADVANCED_FACE ( 'NONE', ( #1880 ), #1533, .T. ) ;
#78 = DIRECTION ( 'NONE',  ( 0.000000000000000000, 0.000000000000000000, -1.000000000000000000 ) ) ;
#79 = ORIENTED_EDGE ( 'NONE', *, *, #843, .F. ) ;
#80 = DIRECTION ( 'NONE',  ( 0.000000000000000000, 0.4457001959685629733, -0.8951822916666664076 ) ) ;
#81 = CARTESIAN_POINT ( 'NONE',  ( 32.00000000000000000, 17.45192298608404968, 49.29629629629628340 ) ) ;
#82 = ORIENTED_EDGE ( 'NONE', *, *, #4402, .F. ) ;
#83 = EDGE_CURVE ( 'NONE', #3363, #526, #951, .T. ) ;
#84 = DIRECTION ( 'NONE',  ( 1.000000000000000000, 0.000000000000000000, 0.000000000000000000 ) ) ;
#85 = CARTESIAN_POINT ( 'NONE',  ( -8.000000000000000000, -2.168404344971008868E-15, -16.44999999999999929 ) ) ;
#86 = CIRCLE ( 'NONE', #4650, 2.050000000000001599 ) ;
#87 = AXIS2_PLACEMENT_3D ( 'NONE', #330, #2515, #1314 ) ;
#88 = CARTESIAN_POINT ( 'NONE',  ( 32.00000000000000000, 48.00000000000000000, 17.49999999999950617 ) ) ;
#89 = ORIENTED_EDGE ( 'NONE', *, *, #4621, .F. ) ;
#90 = EDGE_LOOP ( 'NONE', ( #108, #1668, #1210, #1762 ) ) ;
#91 = ORIENTED_EDGE ( 'NONE', *, *, #1557, .F. ) ;
#92 = ORIENTED_EDGE ( 'NONE', *, *, #568, .F. ) ;
#93 = DIRECTION ( 'NONE',  ( 0.000000000000000000, 0.000000000000000000, 1.000000000000000000 ) ) ;
#94 = CIRCLE ( 'NONE', #1969, 2.000000000000000444 ) ;
#95 = DIRECTION ( 'NONE',  ( 1.000000000000000000, 0.000000000000000000, 0.000000000000000000 ) ) ;
#96 = FACE_OUTER_BOUND ( 'NONE', #4960, .T. ) ;
#97 = EDGE_LOOP ( 'NONE', ( #762, #2629, #4850, #2946 ) ) ;
#98 = DIRECTION ( 'NONE',  ( 1.000000000000000000, 0.000000000000000000, 0.000000000000000000 ) ) ;
#99 = ORIENTED_EDGE ( 'NONE', *, *, #670, .F. ) ;
#100 = CIRCLE ( 'NONE', #4139, 2.049999999999999822 ) ;
#101 = ORIENTED_EDGE ( 'NONE', *, *, #2568, .F. ) ;
#102 = CARTESIAN_POINT ( 'NONE',  ( 32.00000000000000000, -7.778174593052051833, -9.778174593052135322 ) ) ;
#103 = AXIS2_PLACEMENT_3D ( 'NONE', #3686, #4084, #464 ) ;
#104 = AXIS2_PLACEMENT_3D ( 'NONE', #2071, #3721, #391 ) ;
#105 = DIRECTION ( 'NONE',  ( 0.000000000000000000, 0.000000000000000000, 1.000000000000000000 ) ) ;
#106 = ORIENTED_EDGE ( 'NONE', *, *, #1627, .T. ) ;
#107 = ADVANCED_FACE ( 'NONE', ( #1460 ), #1699, .T. ) ;
#108 = ORIENTED_EDGE ( 'NONE', *, *, #2905, .F. ) ;
#109 = AXIS2_PLACEMENT_3D ( 'NONE', #4801, #4828, #314 ) ;
#110 = CARTESIAN_POINT ( 'NONE',  ( 32.00000000000000000, 16.26345596729068177, 16.26345596729050769 ) ) ;
#111 = EDGE_LOOP ( 'NONE', ( #3291, #3649, #2115, #758 ) ) ;
#112 = CIRCLE ( 'NONE', #289, 1.000000000000000000 ) ;
#113 = CARTESIAN_POINT ( 'NONE',  ( 30.00000000000000000, 37.13385416666654493, -11.05336486002074281 ) ) ;
#114 = DIRECTION ( 'NONE',  ( 1.000000000000000000, 0.000000000000000000, 0.000000000000000000 ) ) ;
#115 = ADVANCED_FACE ( 'NONE', ( #285 ), #3998, .F. ) ;
#116 = AXIS2_PLACEMENT_3D ( 'NONE', #2469, #3278, #1247 ) ;
#117 = ORIENTED_EDGE ( 'NONE', *, *, #1174, .T. ) ;
#118 = DIRECTION ( 'NONE',  ( 0.000000000000000000, 0.4117098476402442087, -0.9113149847094840217 ) ) ;
#119 = CARTESIAN_POINT ( 'NONE',  ( -8.000000000000000000, -48.00000000000000000, -2.927345865710861972E-15 ) ) ;
#120 = AXIS2_PLACEMENT_3D ( 'NONE', #2831, #743, #4082 ) ;
#121 = ADVANCED_FACE ( 'NONE', ( #714 ), #2241, .F. ) ;
#122 = CARTESIAN_POINT ( 'NONE',  ( 32.00000000000000000, 35.73177083333346360, 12.47960548711938067 ) ) ;
#123 = EDGE_LOOP ( 'NONE', ( #1871, #2313, #5046, #2409 ) ) ;
#124 = VERTEX_POINT ( 'NONE', #4378 ) ;
#125 = ORIENTED_EDGE ( 'NONE', *, *, #3823, .T. ) ;
#126 = VECTOR ( 'NONE', #5085, 1000.000000000000000 ) ;
#127 = EDGE_LOOP ( 'NONE', ( #2202, #3475 ) ) ;
#128 = CARTESIAN_POINT ( 'NONE',  ( 32.00000000000000000, 32.22656250000015632, 16.04520705486791954 ) ) ;
#129 = CARTESIAN_POINT ( 'NONE',  ( 30.00000000000000000, 27.75065104166651864, -13.81670607502572956 ) ) ;
#130 = CARTESIAN_POINT ( 'NONE',  ( 12.00000000000000000, 0.000000000000000000, 0.000000000000000000 ) ) ;
#131 = CIRCLE ( 'NONE', #2078, 1.999999999999999556 ) ;
#132 = DIRECTION ( 'NONE',  ( 1.000000000000000000, -0.000000000000000000, -0.000000000000000000 ) ) ;
#133 = VERTEX_POINT ( 'NONE', #3043 ) ;
#134 = VERTEX_POINT ( 'NONE', #3528 ) ;
#135 = DIRECTION ( 'NONE',  ( -1.000000000000000000, 0.000000000000000000, -0.000000000000000000 ) ) ;
#136 = CIRCLE ( 'NONE', #4429, 2.000000000000011990 ) ;
#137 = CARTESIAN_POINT ( 'NONE',  ( 30.00000000000000000, -69.29523809523811906, -1.871713294710593889 ) ) ;
#138 = VERTEX_POINT ( 'NONE', #4406 ) ;
#139 = ORIENTED_EDGE ( 'NONE', *, *, #2682, .F. ) ;
#140 = CARTESIAN_POINT ( 'NONE',  ( 30.23494528173696239, -69.28179865911775437, 1.866837958162150812 ) ) ;
#141 = EDGE_CURVE ( 'NONE', #1763, #4623, #3785, .T. ) ;
#142 = DIRECTION ( 'NONE',  ( 0.000000000000000000, 0.000000000000000000, -1.000000000000000000 ) ) ;
#143 = CARTESIAN_POINT ( 'NONE',  ( 32.00000000000000000, 48.00000000000000000, 14.19999999999950013 ) ) ;
#144 = VERTEX_POINT ( 'NONE', #5156 ) ;
#145 = EDGE_CURVE ( 'NONE', #1863, #4458, #3962, .T. ) ;
#146 = DIRECTION ( 'NONE',  ( -1.000000000000000000, -0.000000000000000000, -0.000000000000000000 ) ) ;
#147 = ORIENTED_EDGE ( 'NONE', *, *, #2197, .T. ) ;
#148 = DIRECTION ( 'NONE',  ( 1.000000000000000000, -0.000000000000000000, -0.000000000000000000 ) ) ;
#149 = CIRCLE ( 'NONE', #4015, 1.999999999999994893 ) ;
#150 = DIRECTION ( 'NONE',  ( 0.000000000000000000, 0.000000000000000000, 1.000000000000000000 ) ) ;
#151 = ORIENTED_EDGE ( 'NONE', *, *, #568, .T. ) ;
#152 = VERTEX_POINT ( 'NONE', #3096 ) ;
#153 = CARTESIAN_POINT ( 'NONE',  ( 32.00000000000000000, 54.22324159021378875, -24.49673593459562326 ) ) ;
#154 = EDGE_CURVE ( 'NONE', #4701, #3813, #271, .T. ) ;
#155 = CARTESIAN_POINT ( 'NONE',  ( 12.00000000000000000, 13.99999999999999822, -8.326672684688674053E-14 ) ) ;
#156 = CARTESIAN_POINT ( 'NONE',  ( -8.000000000000000000, -70.00000000000001421, 0.000000000000000000 ) ) ;
#157 = DIRECTION ( 'NONE',  ( 1.000000000000000000, 0.000000000000000000, 0.000000000000000000 ) ) ;
#158 = VERTEX_POINT ( 'NONE', #311 ) ;
#159 = CIRCLE ( 'NONE', #4186, 61.49999999999999289 ) ;
#160 = CARTESIAN_POINT ( 'NONE',  ( 12.00000000000000000, -1.107773731026861837E-13, -18.00000000000003908 ) ) ;
#161 = EDGE_CURVE ( 'NONE', #4714, #660, #3517, .T. ) ;
#162 = CARTESIAN_POINT ( 'NONE',  ( 30.00000000000000000, 0.000000000000000000, 48.00000000000000000 ) ) ;
#163 = CARTESIAN_POINT ( 'NONE',  ( 31.08023239333710919, -69.63338018335979029, -2.779024838247417417 ) ) ;
#164 = VECTOR ( 'NONE', #4288, 1000.000000000000000 ) ;
#165 = ORIENTED_EDGE ( 'NONE', *, *, #3251, .T. ) ;
#166 = CARTESIAN_POINT ( 'NONE',  ( 32.00000000000000000, 1.110223024625156540E-13, 24.00000000000002132 ) ) ;
#167 = DIRECTION ( 'NONE',  ( 1.000000000000000000, 0.000000000000000000, 0.000000000000000000 ) ) ;
#168 = CARTESIAN_POINT ( 'NONE',  ( 30.00000000000000000, -27.75065104166661101, 13.81670607502553771 ) ) ;
#169 = VECTOR ( 'NONE', #1683, 1000.000000000000000 ) ;
#170 = DIRECTION ( 'NONE',  ( -1.000000000000000000, -0.000000000000000000, -0.000000000000000000 ) ) ;
#171 = VERTEX_POINT ( 'NONE', #4798 ) ;
#172 = CARTESIAN_POINT ( 'NONE',  ( 30.00000000000000000, -32.22656249999993605, 16.04520705486836718 ) ) ;
#173 = EDGE_CURVE ( 'NONE', #564, #4616, #1212, .T. ) ;
#174 = LINE ( 'NONE', #88, #169 ) ;
#175 = ORIENTED_EDGE ( 'NONE', *, *, #1188, .F. ) ;
#176 = EDGE_LOOP ( 'NONE', ( #5044, #4818, #1126, #4175 ) ) ;
#177 = VERTEX_POINT ( 'NONE', #1827 ) ;
#178 = FACE_OUTER_BOUND ( 'NONE', #1035, .T. ) ;
#179 = CARTESIAN_POINT ( 'NONE',  ( 30.00000000000000000, 22.43818669639379237, -56.66666666666665009 ) ) ;
#180 = DIRECTION ( 'NONE',  ( 1.000000000000000000, 0.000000000000000000, 0.000000000000000000 ) ) ;
#181 = AXIS2_PLACEMENT_3D ( 'NONE', #5287, #1169, #2033 ) ;
#182 = ADVANCED_FACE ( 'NONE', ( #5132 ), #1038, .F. ) ;
#183 = CARTESIAN_POINT ( 'NONE',  ( 12.00000000000000000, 1.110223024625156540E-13, 24.00000000000002132 ) ) ;
#184 = ORIENTED_EDGE ( 'NONE', *, *, #392, .T. ) ;
#185 = DIRECTION ( 'NONE',  ( 1.000000000000000000, -0.000000000000000000, -0.000000000000000000 ) ) ;
#186 = CIRCLE ( 'NONE', #3516, 5.000000000000000888 ) ;
#187 = CARTESIAN_POINT ( 'NONE',  ( 32.00000000000000000, -68.20844015614662226, 2.318789225278528487 ) ) ;
#188 = DIRECTION ( 'NONE',  ( 0.000000000000000000, 0.000000000000000000, -1.000000000000000000 ) ) ;
#189 = ADVANCED_FACE ( 'NONE', ( #4967 ), #4560, .T. ) ;
#190 = ORIENTED_EDGE ( 'NONE', *, *, #1100, .T. ) ;
#191 = DIRECTION ( 'NONE',  ( -1.000000000000000000, -0.000000000000000000, 0.000000000000000000 ) ) ;
#192 = AXIS2_PLACEMENT_3D ( 'NONE', #887, #1730, #4164 ) ;
#193 = EDGE_LOOP ( 'NONE', ( #3368, #7, #839, #4591, #4333 ) ) ;
#194 = DIRECTION ( 'NONE',  ( 0.000000000000000000, 0.000000000000000000, -1.000000000000000000 ) ) ;
#195 = AXIS2_PLACEMENT_3D ( 'NONE', #697, #1942, #4363 ) ;
#196 = CARTESIAN_POINT ( 'NONE',  ( 30.00000000000000000, 24.49673593459505838, -54.22324159021404455 ) ) ;
#197 = ORIENTED_EDGE ( 'NONE', *, *, #5095, .T. ) ;
#198 = DIRECTION ( 'NONE',  ( 0.000000000000000000, 0.000000000000000000, -1.000000000000000000 ) ) ;
#199 = VECTOR ( 'NONE', #4360, 1000.000000000000000 ) ;
#200 = AXIS2_PLACEMENT_3D ( 'NONE', #1467, #3924, #2787 ) ;
#201 = DIRECTION ( 'NONE',  ( -1.000000000000000000, 0.000000000000000000, 0.000000000000000000 ) ) ;
#202 = ORIENTED_EDGE ( 'NONE', *, *, #1329, .F. ) ;
#203 = ORIENTED_EDGE ( 'NONE', *, *, #3853, .T. ) ;
#204 = DIRECTION ( 'NONE',  ( 0.000000000000000000, -0.9972527420619452521, 0.07407407407407361200 ) ) ;
#205 = CIRCLE ( 'NONE', #5010, 14.20000000000000462 ) ;
#206 = CARTESIAN_POINT ( 'NONE',  ( 30.54098301823630379, -69.19850595726025233, 1.832840127682425324 ) ) ;
#207 = DIRECTION ( 'NONE',  ( 0.000000000000000000, 0.000000000000000000, 1.000000000000000000 ) ) ;
#208 = EDGE_CURVE ( 'NONE', #3957, #2725, #1621, .T. ) ;
#209 = DIRECTION ( 'NONE',  ( -1.000000000000000000, 0.000000000000000000, 0.000000000000000000 ) ) ;
#210 = CARTESIAN_POINT ( 'NONE',  ( 12.00000000000000000, -10.00000000000000888, 2.775557561562891351E-14 ) ) ;
#211 = ORIENTED_EDGE ( 'NONE', *, *, #4020, .T. ) ;
#212 = FACE_OUTER_BOUND ( 'NONE', #3621, .T. ) ;
#213 = DIRECTION ( 'NONE',  ( 0.000000000000000000, 0.000000000000000000, -1.000000000000000000 ) ) ;
#214 = CARTESIAN_POINT ( 'NONE',  ( -8.000000000000000000, 22.43818669639379237, -54.66666666666665719 ) ) ;
#215 = AXIS2_PLACEMENT_3D ( 'NONE', #1594, #2454, #4112 ) ;
#216 = EDGE_CURVE ( 'NONE', #3714, #56, #5083, .T. ) ;
#217 = CARTESIAN_POINT ( 'NONE',  ( 30.65080629435414394, -69.13933738506354132, -1.805584223983174086 ) ) ;
#218 = TOROIDAL_SURFACE ( 'NONE', #1579, 7.000000000000000000, 2.000000000000000000 ) ;
#219 = DIRECTION ( 'NONE',  ( 0.000000000000000000, 0.000000000000000000, 1.000000000000000000 ) ) ;
#220 = ORIENTED_EDGE ( 'NONE', *, *, #856, .F. ) ;
#221 = EDGE_CURVE ( 'NONE', #4796, #4701, #4477, .T. ) ;
#222 = CARTESIAN_POINT ( 'NONE',  ( 32.00000000000000000, -22.43818669639379237, -49.66666666666665009 ) ) ;
#223 = EDGE_CURVE ( 'NONE', #2375, #846, #701, .T. ) ;
#224 = DIRECTION ( 'NONE',  ( -1.000000000000000000, 0.000000000000000000, 0.000000000000000000 ) ) ;
#225 = PLANE ( 'NONE',  #3085 ) ;
#226 = DIRECTION ( 'NONE',  ( -1.000000000000000000, -0.000000000000000000, -0.000000000000000000 ) ) ;
#227 = EDGE_LOOP ( 'NONE', ( #4496, #2341 ) ) ;
#228 = ORIENTED_EDGE ( 'NONE', *, *, #161, .T. ) ;
#229 = DIRECTION ( 'NONE',  ( 0.000000000000000000, 0.000000000000000000, -1.000000000000000000 ) ) ;
#230 = DIRECTION ( 'NONE',  ( 1.000000000000000000, -0.000000000000000000, -0.000000000000000000 ) ) ;
#231 = CIRCLE ( 'NONE', #3390, 15.50000000000000888 ) ;
#232 = DIRECTION ( 'NONE',  ( 0.000000000000000000, 0.000000000000000000, -1.000000000000000000 ) ) ;
#233 = DIRECTION ( 'NONE',  ( 0.000000000000000000, 0.000000000000000000, 1.000000000000000000 ) ) ;
#234 = DIRECTION ( 'NONE',  ( 1.000000000000000000, -0.000000000000000000, -0.000000000000000000 ) ) ;
#235 = EDGE_LOOP ( 'NONE', ( #1660, #92, #3948, #450 ) ) ;
#236 = EDGE_CURVE ( 'NONE', #4797, #5007, #4396, .T. ) ;
#237 = DIRECTION ( 'NONE',  ( 0.000000000000000000, 0.000000000000000000, 1.000000000000000000 ) ) ;
#238 = CARTESIAN_POINT ( 'NONE',  ( 2.000000000000001776, -68.94285714285716438, 2.807569942065886170 ) ) ;
#239 = CARTESIAN_POINT ( 'NONE',  ( 30.79154725487751776, -69.04284262114461512, -1.756486391359280530 ) ) ;
#240 = ORIENTED_EDGE ( 'NONE', *, *, #3513, .F. ) ;
#241 = CIRCLE ( 'NONE', #4019, 17.50000000000000711 ) ;
#242 = EDGE_CURVE ( 'NONE', #3909, #4830, #3428, .T. ) ;
#243 = DIRECTION ( 'NONE',  ( 0.000000000000000000, 0.4117098476402498153, -0.9113149847094814682 ) ) ;
#244 = EDGE_LOOP ( 'NONE', ( #551, #865 ) ) ;
#245 = DIRECTION ( 'NONE',  ( 1.000000000000000000, 0.000000000000000000, 0.000000000000000000 ) ) ;
#246 = ADVANCED_FACE ( 'NONE', ( #3223 ), #1558, .F. ) ;
#247 = LINE ( 'NONE', #3550, #2895 ) ;
#248 = VERTEX_POINT ( 'NONE', #2780 ) ;
#249 = DIRECTION ( 'NONE',  ( 0.000000000000000000, 0.000000000000000000, 1.000000000000000000 ) ) ;
#250 = ADVANCED_FACE ( 'NONE', ( #2921, #4874 ), #4193, .T. ) ;
#251 = CIRCLE ( 'NONE', #3504, 4.999999999999997335 ) ;
#252 = CARTESIAN_POINT ( 'NONE',  ( 32.00000000000000000, 0.000000000000000000, -48.00000000000000000 ) ) ;
#253 = ORIENTED_EDGE ( 'NONE', *, *, #1277, .T. ) ;
#254 = VERTEX_POINT ( 'NONE', #4479 ) ;
#255 = CARTESIAN_POINT ( 'NONE',  ( 30.00000000000000000, -56.04587155963291423, 25.32015562987575663 ) ) ;
#256 = CARTESIAN_POINT ( 'NONE',  ( 30.00000000000000000, -69.97142857142860350, 2.126321353182254015 ) ) ;
#257 = CARTESIAN_POINT ( 'NONE',  ( 30.00000000000000000, 0.000000000000000000, 0.000000000000000000 ) ) ;
#258 = CARTESIAN_POINT ( 'NONE',  ( 30.00000000000000000, -25.32015562987557189, 56.04587155963301370 ) ) ;
#260 = DIRECTION ( 'NONE',  ( 1.000000000000000000, 0.000000000000000000, 0.000000000000000000 ) ) ;
#259 = AXIS2_PLACEMENT_3D ( 'NONE', #4258, #5097, #1742 ) ;
#261 = VERTEX_POINT ( 'NONE', #4603 ) ;
#262 = DIRECTION ( 'NONE',  ( 0.000000000000000000, 0.000000000000000000, 1.000000000000000000 ) ) ;
#263 = CARTESIAN_POINT ( 'NONE',  ( 31.81074928498886578, -68.81197911714134818, 2.543599585627354109 ) ) ;
#264 = CARTESIAN_POINT ( 'NONE',  ( 12.00000000000000000, -12.02081528017120959, 12.02081528017137657 ) ) ;
#265 = AXIS2_PLACEMENT_3D ( 'NONE', #3068, #1097, #2268 ) ;
#266 = AXIS2_PLACEMENT_3D ( 'NONE', #1448, #3459, #1399 ) ;
#267 = AXIS2_PLACEMENT_3D ( 'NONE', #1192, #4474, #4078 ) ;
#268 = DIRECTION ( 'NONE',  ( -1.000000000000000000, -0.000000000000000000, -0.000000000000000000 ) ) ;
#269 = EDGE_LOOP ( 'NONE', ( #2367, #623 ) ) ;
#270 = TOROIDAL_SURFACE ( 'NONE', #3692, 15.50000000000000888, 2.000000000000000000 ) ;
#271 = CIRCLE ( 'NONE', #3256, 1.999999999999997335 ) ;
#272 = VECTOR ( 'NONE', #1316, 1000.000000000000000 ) ;
#273 = CIRCLE ( 'NONE', #3969, 2.000000000000000444 ) ;
#274 = CARTESIAN_POINT ( 'NONE',  ( -8.000000000000000000, 17.45192298608404968, -49.29629629629628340 ) ) ;
#275 = ADVANCED_FACE ( 'NONE', ( #4080 ), #3881, .T. ) ;
#276 = CIRCLE ( 'NONE', #18, 0.9999999999999993339 ) ;
#277 = DIRECTION ( 'NONE',  ( -1.000000000000000000, 0.000000000000000000, -0.000000000000000000 ) ) ;
#278 = VERTEX_POINT ( 'NONE', #3314 ) ;
#279 = DIRECTION ( 'NONE',  ( -1.000000000000000000, -0.000000000000000000, -0.000000000000000000 ) ) ;
#280 = EDGE_CURVE ( 'NONE', #2563, #4141, #3605, .T. ) ;
#281 = VECTOR ( 'NONE', #3360, 1000.000000000000000 ) ;
#282 = CARTESIAN_POINT ( 'NONE',  ( 30.00000000000000000, 0.000000000000000000, 0.000000000000000000 ) ) ;
#283 = ORIENTED_EDGE ( 'NONE', *, *, #3747, .F. ) ;
#284 = ORIENTED_EDGE ( 'NONE', *, *, #5194, .T. ) ;
#285 = FACE_OUTER_BOUND ( 'NONE', #5223, .T. ) ;
#286 = DIRECTION ( 'NONE',  ( 1.000000000000000000, 0.000000000000000000, 0.000000000000000000 ) ) ;
#287 = FACE_OUTER_BOUND ( 'NONE', #1135, .T. ) ;
#288 = CIRCLE ( 'NONE', #2772, 59.49999999999999289 ) ;
#289 = AXIS2_PLACEMENT_3D ( 'NONE', #720, #745, #3978 ) ;
#290 = EDGE_CURVE ( 'NONE', #3833, #593, #1965, .T. ) ;
#291 = DIRECTION ( 'NONE',  ( 1.000000000000000000, 0.000000000000000000, 0.000000000000000000 ) ) ;
#292 = CARTESIAN_POINT ( 'NONE',  ( 12.00000000000000000, -13.43502884254452212, -15.43502884254433916 ) ) ;
#293 = ORIENTED_EDGE ( 'NONE', *, *, #208, .F. ) ;
#294 = DIRECTION ( 'NONE',  ( -1.000000000000000000, -0.000000000000000000, -0.000000000000000000 ) ) ;
#295 =( NAMED_UNIT ( * ) PLANE_ANGLE_UNIT ( ) SI_UNIT ( $, .RADIAN. ) );
#296 = DIRECTION ( 'NONE',  ( 1.000000000000000000, 0.000000000000000000, 0.000000000000000000 ) ) ;
#297 = AXIS2_PLACEMENT_3D ( 'NONE', #162, #374, #3025 ) ;
#298 = ORIENTED_EDGE ( 'NONE', *, *, #154, .T. ) ;
#299 = ORIENTED_EDGE ( 'NONE', *, *, #2197, .F. ) ;
#300 = CARTESIAN_POINT ( 'NONE',  ( 32.00000000000000000, -48.00000000000000000, 17.50000000000017408 ) ) ;
#301 = AXIS2_PLACEMENT_3D ( 'NONE', #4381, #2215, #207 ) ;
#302 = EDGE_CURVE ( 'NONE', #134, #3995, #3336, .T. ) ;
#303 = AXIS2_PLACEMENT_3D ( 'NONE', #665, #1829, #3531 ) ;
#304 = DIRECTION ( 'NONE',  ( -1.000000000000000000, -0.000000000000000000, -0.000000000000000000 ) ) ;
#305 = EDGE_LOOP ( 'NONE', ( #2297, #546, #1308, #4152 ) ) ;
#306 = CARTESIAN_POINT ( 'NONE',  ( 12.00000000000000000, -1.107773731026861837E-13, -18.00000000000003908 ) ) ;
#307 = CARTESIAN_POINT ( 'NONE',  ( 30.00000000000000000, -12.92530568308831640, -25.96028645833332860 ) ) ;
#308 = EDGE_LOOP ( 'NONE', ( #2255, #1032, #904, #5229 ) ) ;
#309 = EDGE_LOOP ( 'NONE', ( #550, #3818, #4274, #1698 ) ) ;
#310 = EDGE_CURVE ( 'NONE', #4261, #872, #4739, .T. ) ;
#311 = CARTESIAN_POINT ( 'NONE',  ( 32.00000000000000000, 1.110223024625156540E-13, 21.99999999999998934 ) ) ;
#312 = DIRECTION ( 'NONE',  ( 1.000000000000000000, -0.000000000000000000, -0.000000000000000000 ) ) ;
#313 = CARTESIAN_POINT ( 'NONE',  ( -8.000000000000000000, 48.00000000000000000, -5.027733127934112032E-13 ) ) ;
#314 = DIRECTION ( 'NONE',  ( 0.000000000000000000, 1.090397613471135978E-14, -1.000000000000000000 ) ) ;
#315 = CARTESIAN_POINT ( 'NONE',  ( 12.00000000000000000, -13.43502884254452212, -11.43502884254431606 ) ) ;
#316 = VERTEX_POINT ( 'NONE', #4023 ) ;
#317 = EDGE_CURVE ( 'NONE', #4079, #2499, #3086, .T. ) ;
#318 = DIRECTION ( 'NONE',  ( 1.000000000000000000, 0.000000000000000000, 0.000000000000000000 ) ) ;
#319 = FILL_AREA_STYLE_COLOUR ( '', #1820 ) ;
#320 = AXIS2_PLACEMENT_3D ( 'NONE', #1490, #3176, #2728 ) ;
#321 = DIRECTION ( 'NONE',  ( 1.000000000000000000, -0.000000000000000000, -0.000000000000000000 ) ) ;
#322 = VERTEX_POINT ( 'NONE', #4430 ) ;
#323 = EDGE_CURVE ( 'NONE', #3008, #2210, #2135, .T. ) ;
#324 = DIRECTION ( 'NONE',  ( -1.000000000000000000, -0.000000000000000000, 0.000000000000000000 ) ) ;
#325 = CYLINDRICAL_SURFACE ( 'NONE', #3236, 1.999999999999994893 ) ;
#326 = EDGE_LOOP ( 'NONE', ( #3890, #923, #4505, #3750 ) ) ;
#327 = DIRECTION ( 'NONE',  ( -1.000000000000000000, 0.000000000000000000, 0.000000000000000000 ) ) ;
#328 = LINE ( 'NONE', #4450, #953 ) ;
#329 = ORIENTED_EDGE ( 'NONE', *, *, #1478, .F. ) ;
#330 = CARTESIAN_POINT ( 'NONE',  ( -8.000000000000000000, -16.04520705486825349, 32.22656249999999289 ) ) ;
#331 = DIRECTION ( 'NONE',  ( 0.000000000000000000, 0.000000000000000000, 1.000000000000000000 ) ) ;
#332 = CARTESIAN_POINT ( 'NONE',  ( 6.999999999999999112, 18.50000000000000000, -3.398394867633905489E-15 ) ) ;
#333 = EDGE_CURVE ( 'NONE', #3457, #3161, #4401, .T. ) ;
#334 = DIRECTION ( 'NONE',  ( 0.000000000000000000, 0.4117098476402540896, -0.9113149847094794698 ) ) ;
#335 = ORIENTED_EDGE ( 'NONE', *, *, #927, .F. ) ;
#336 = ORIENTED_EDGE ( 'NONE', *, *, #1781, .F. ) ;
#337 = DIRECTION ( 'NONE',  ( -1.000000000000000000, -0.000000000000000000, -0.000000000000000000 ) ) ;
#338 = FACE_OUTER_BOUND ( 'NONE', #1786, .T. ) ;
#339 = CARTESIAN_POINT ( 'NONE',  ( 32.00000000000000000, 0.000000000000000000, 0.000000000000000000 ) ) ;
#340 = DIRECTION ( 'NONE',  ( -0.000000000000000000, 0.7010416666666660079, 0.7131203135497005130 ) ) ;
#341 = ADVANCED_FACE ( 'NONE', ( #3849 ), #5121, .F. ) ;
#342 = ORIENTED_EDGE ( 'NONE', *, *, #4980, .F. ) ;
#343 = DIRECTION ( 'NONE',  ( 0.000000000000000000, -0.7345344214715369136, -0.6785714285714324889 ) ) ;
#344 = EDGE_CURVE ( 'NONE', #1839, #4289, #4266, .T. ) ;
#345 = EDGE_CURVE ( 'NONE', #1273, #1952, #4483, .T. ) ;
#346 = VECTOR ( 'NONE', #1033, 1000.000000000000000 ) ;
#347 = AXIS2_PLACEMENT_3D ( 'NONE', #1489, #3943, #4777 ) ;
#348 = CIRCLE ( 'NONE', #1890, 1.999999999999974021 ) ;
#349 = VECTOR ( 'NONE', #3485, 1000.000000000000000 ) ;
#350 = DIRECTION ( 'NONE',  ( 0.000000000000000000, 0.000000000000000000, -1.000000000000000000 ) ) ;
#351 = EDGE_LOOP ( 'NONE', ( #3208, #1608, #4096, #570 ) ) ;
#352 = DIRECTION ( 'NONE',  ( 0.000000000000000000, 0.4457001959685595316, -0.8951822916666681840 ) ) ;
#353 = AXIS2_PLACEMENT_3D ( 'NONE', #1745, #5009, #2086 ) ;
#354 = TOROIDAL_SURFACE ( 'NONE', #2584, 15.50000000000000888, 2.000000000000000000 ) ;
#355 = ORIENTED_EDGE ( 'NONE', *, *, #1478, .T. ) ;
#356 = DIRECTION ( 'NONE',  ( 0.000000000000000000, 0.000000000000000000, 1.000000000000000000 ) ) ;
#357 = DIRECTION ( 'NONE',  ( 0.000000000000000000, 0.000000000000000000, -1.000000000000000000 ) ) ;
#358 = CIRCLE ( 'NONE', #361, 14.20000000000000462 ) ;
#359 = FACE_OUTER_BOUND ( 'NONE', #72, .T. ) ;
#360 = VERTEX_POINT ( 'NONE', #3398 ) ;
#361 = AXIS2_PLACEMENT_3D ( 'NONE', #4271, #2990, #4645 ) ;
#362 = FACE_BOUND ( 'NONE', #1014, .T. ) ;
#363 = EDGE_CURVE ( 'NONE', #2993, #526, #870, .T. ) ;
#364 = CARTESIAN_POINT ( 'NONE',  ( 30.00000000000000000, 32.22656249999982947, -16.04520705486859100 ) ) ;
#365 = DIRECTION ( 'NONE',  ( 0.000000000000000000, 0.000000000000000000, -1.000000000000000000 ) ) ;
#366 = CARTESIAN_POINT ( 'NONE',  ( 32.00000000000000000, 22.43818669639379237, -49.66666666666665009 ) ) ;
#367 = AXIS2_PLACEMENT_3D ( 'NONE', #383, #2783, #1606 ) ;
#368 = EDGE_CURVE ( 'NONE', #2871, #3957, #273, .T. ) ;
#369 = MECHANICAL_DESIGN_GEOMETRIC_PRESENTATION_REPRESENTATION (  '', ( #891 ), #3631 ) ;
#370 = ORIENTED_EDGE ( 'NONE', *, *, #4753, .F. ) ;
#371 = CARTESIAN_POINT ( 'NONE',  ( 30.00000000000000000, 0.000000000000000000, 0.000000000000000000 ) ) ;
#372 = CIRCLE ( 'NONE', #2434, 6.999999999999999112 ) ;
#373 = EDGE_CURVE ( 'NONE', #3347, #4797, #594, .T. ) ;
#374 = DIRECTION ( 'NONE',  ( -1.000000000000000000, -0.000000000000000000, -0.000000000000000000 ) ) ;
#375 = FACE_OUTER_BOUND ( 'NONE', #2527, .T. ) ;
#376 = AXIS2_PLACEMENT_3D ( 'NONE', #2401, #4089, #4885 ) ;
#377 = CARTESIAN_POINT ( 'NONE',  ( 12.00000000000000000, 14.84924240491741720, -16.84924240491766767 ) ) ;
#378 = ORIENTED_EDGE ( 'NONE', *, *, #868, .F. ) ;
#379 = CIRCLE ( 'NONE', #1323, 31.00000000000000000 ) ;
#380 = EDGE_CURVE ( 'NONE', #158, #1091, #4566, .T. ) ;
#381 = DIRECTION ( 'NONE',  ( 0.000000000000000000, 0.000000000000000000, -1.000000000000000000 ) ) ;
#382 = CARTESIAN_POINT ( 'NONE',  ( 32.00000000000000000, 1.112672318223451243E-13, 26.00000000000005329 ) ) ;
#383 = CARTESIAN_POINT ( 'NONE',  ( -8.000000000000000000, 0.000000000000000000, 0.000000000000000000 ) ) ;
#384 = FACE_OUTER_BOUND ( 'NONE', #788, .T. ) ;
#385 = ORIENTED_EDGE ( 'NONE', *, *, #1781, .T. ) ;
#386 = EDGE_LOOP ( 'NONE', ( #5322, #3520 ) ) ;
#387 = CIRCLE ( 'NONE', #1089, 2.000000000000000000 ) ;
#388 = FACE_BOUND ( 'NONE', #4657, .T. ) ;
#389 = CARTESIAN_POINT ( 'NONE',  ( 30.00000000000000000, -27.75065104166671048, -13.81670607502534764 ) ) ;
#390 = CARTESIAN_POINT ( 'NONE',  ( 6.999999999999999112, 18.50000000000000000, -3.398394867633905489E-15 ) ) ;
#391 = DIRECTION ( 'NONE',  ( 0.000000000000000000, 0.000000000000000000, 1.000000000000000000 ) ) ;
#392 = EDGE_CURVE ( 'NONE', #4701, #3148, #3371, .T. ) ;
#393 = ORIENTED_EDGE ( 'NONE', *, *, #216, .F. ) ;
#394 = PRODUCT_DEFINITION_SHAPE ( 'NONE', 'NONE',  #890 ) ;
#395 = EDGE_LOOP ( 'NONE', ( #2937, #2919, #4459, #1008 ) ) ;
#396 = CYLINDRICAL_SURFACE ( 'NONE', #4568, 2.000000000000074607 ) ;
#397 = EDGE_CURVE ( 'NONE', #3995, #134, #5253, .T. ) ;
#398 = AXIS2_PLACEMENT_3D ( 'NONE', #3033, #1006, #2636 ) ;
#399 = ORIENTED_EDGE ( 'NONE', *, *, #2097, .T. ) ;
#400 = CARTESIAN_POINT ( 'NONE',  ( -11.99999999999999822, -5.685768424187408956E-15, 51.14999999999999858 ) ) ;
#401 = DIRECTION ( 'NONE',  ( 0.000000000000000000, 0.000000000000000000, 1.000000000000000000 ) ) ;
#402 = EDGE_CURVE ( 'NONE', #3765, #5103, #4744, .T. ) ;
#403 = DIRECTION ( 'NONE',  ( -1.000000000000000000, -0.000000000000000000, -0.000000000000000000 ) ) ;
#404 = ORIENTED_EDGE ( 'NONE', *, *, #141, .F. ) ;
#405 = DIRECTION ( 'NONE',  ( 0.000000000000000000, 0.000000000000000000, -1.000000000000000000 ) ) ;
#406 = DIRECTION ( 'NONE',  ( 0.000000000000000000, 0.000000000000000000, 1.000000000000000000 ) ) ;
#407 = EDGE_CURVE ( 'NONE', #5018, #3090, #1295, .T. ) ;
#408 = FACE_BOUND ( 'NONE', #5209, .T. ) ;
#409 = ORIENTED_EDGE ( 'NONE', *, *, #2278, .F. ) ;
#410 = EDGE_LOOP ( 'NONE', ( #1468, #2816, #1236, #2588 ) ) ;
#411 = CARTESIAN_POINT ( 'NONE',  ( 31.76343722670578629, -68.93008068066582439, -2.585339407428362435 ) ) ;
#412 = CARTESIAN_POINT ( 'NONE',  ( 30.00000000000000000, 15.45741750196017605, 49.14814814814813815 ) ) ;
#413 = DIRECTION ( 'NONE',  ( 1.000000000000000000, 0.000000000000000000, 0.000000000000000000 ) ) ;
#414 = AXIS2_PLACEMENT_3D ( 'NONE', #4849, #2008, #2899 ) ;
#415 = DIRECTION ( 'NONE',  ( 0.000000000000000000, 0.000000000000000000, 1.000000000000000000 ) ) ;
#416 = ORIENTED_EDGE ( 'NONE', *, *, #363, .T. ) ;
#417 = CIRCLE ( 'NONE', #1868, 1.999999999999998446 ) ;
#418 = ORIENTED_EDGE ( 'NONE', *, *, #856, .T. ) ;
#419 = ORIENTED_EDGE ( 'NONE', *, *, #2028, .F. ) ;
#420 = CARTESIAN_POINT ( 'NONE',  ( 12.00000000000000000, -8.302179748705725761E-14, -9.999999999999907629 ) ) ;
#421 = EDGE_CURVE ( 'NONE', #3028, #4137, #1475, .T. ) ;
#422 = ORIENTED_EDGE ( 'NONE', *, *, #4611, .T. ) ;
#423 = CARTESIAN_POINT ( 'NONE',  ( 10.00000000000000000, 0.000000000000000000, 48.00000000000000000 ) ) ;
#424 = CARTESIAN_POINT ( 'NONE',  ( -8.000000000000000000, -49.66666666666657193, 22.43818669639396646 ) ) ;
#425 = CIRCLE ( 'NONE', #4046, 31.00000000000000000 ) ;
#426 = CIRCLE ( 'NONE', #3424, 14.20000000000000462 ) ;
#427 = CARTESIAN_POINT ( 'NONE',  ( 30.00000000000000000, 48.00000000000000000, -15.50000000000051159 ) ) ;
#428 = VERTEX_POINT ( 'NONE', #1426 ) ;
#429 = CIRCLE ( 'NONE', #5251, 14.20000000000000462 ) ;
#430 = ADVANCED_FACE ( 'NONE', ( #1736 ), #651, .F. ) ;
#431 = DIRECTION ( 'NONE',  ( -1.000000000000000000, 0.000000000000000000, 0.000000000000000000 ) ) ;
#432 = CARTESIAN_POINT ( 'NONE',  ( 32.00000000000000000, -56.04587155963292133, 25.32015562987576018 ) ) ;
#433 = AXIS2_PLACEMENT_3D ( 'NONE', #1678, #3316, #2106 ) ;
#434 = AXIS2_PLACEMENT_3D ( 'NONE', #1027, #624, #945 ) ;
#435 = DIRECTION ( 'NONE',  ( 0.000000000000000000, 1.776356839400251254E-15, 1.000000000000000000 ) ) ;
#436 = EDGE_LOOP ( 'NONE', ( #2149, #1398, #3124, #2818 ) ) ;
#437 = ORIENTED_EDGE ( 'NONE', *, *, #4190, .T. ) ;
#438 = FACE_BOUND ( 'NONE', #713, .T. ) ;
#439 = AXIS2_PLACEMENT_3D ( 'NONE', #3572, #4392, #5250 ) ;
#440 = EDGE_CURVE ( 'NONE', #1327, #2181, #5252, .T. ) ;
#441 = DIRECTION ( 'NONE',  ( -1.000000000000000000, -0.000000000000000000, -0.000000000000000000 ) ) ;
#442 = LINE ( 'NONE', #1359, #3206 ) ;
#443 = FACE_OUTER_BOUND ( 'NONE', #3758, .T. ) ;
#444 = VERTEX_POINT ( 'NONE', #3031 ) ;
#445 = ORIENTED_EDGE ( 'NONE', *, *, #509, .F. ) ;
#446 = VECTOR ( 'NONE', #180, 1000.000000000000000 ) ;
#447 = EDGE_CURVE ( 'NONE', #4458, #730, #1044, .T. ) ;
#448 = CYLINDRICAL_SURFACE ( 'NONE', #1294, 2.050000000000001599 ) ;
#449 = CIRCLE ( 'NONE', #1727, 1.999999999999974021 ) ;
#450 = ORIENTED_EDGE ( 'NONE', *, *, #535, .F. ) ;
#451 = CIRCLE ( 'NONE', #1073, 5.000000000000000888 ) ;
#452 = ORIENTED_EDGE ( 'NONE', *, *, #3761, .F. ) ;
#453 = CARTESIAN_POINT ( 'NONE',  ( 30.00000000000000000, 49.66666666666641561, -22.43818669639431107 ) ) ;
#454 = CARTESIAN_POINT ( 'NONE',  ( 30.00000000000000000, 12.92530568308831640, -25.96028645833333215 ) ) ;
#455 = CIRCLE ( 'NONE', #1162, 2.049999999999999822 ) ;
#456 = EDGE_CURVE ( 'NONE', #177, #3832, #1130, .T. ) ;
#457 = CYLINDRICAL_SURFACE ( 'NONE', #1124, 31.00000000000000000 ) ;
#458 = EDGE_LOOP ( 'NONE', ( #3663, #2845, #1637, #1026 ) ) ;
#459 = VECTOR ( 'NONE', #2119, 1000.000000000000000 ) ;
#460 = CARTESIAN_POINT ( 'NONE',  ( -11.99999999999999822, -48.00000000000000000, -2.927345865710861972E-15 ) ) ;
#461 = FACE_OUTER_BOUND ( 'NONE', #3114, .T. ) ;
#462 = AXIS2_PLACEMENT_3D ( 'NONE', #4330, #581, #232 ) ;
#463 = ADVANCED_FACE ( 'NONE', ( #1866, #5172 ), #3511, .T. ) ;
#464 = DIRECTION ( 'NONE',  ( 0.000000000000000000, 0.000000000000000000, -1.000000000000000000 ) ) ;
#465 = ORIENTED_EDGE ( 'NONE', *, *, #1450, .T. ) ;
#466 = ORIENTED_EDGE ( 'NONE', *, *, #5095, .F. ) ;
#467 = CYLINDRICAL_SURFACE ( 'NONE', #2571, 2.049999999999999822 ) ;
#468 = CARTESIAN_POINT ( 'NONE',  ( 30.00000000000000000, 32.22656250000015632, 16.04520705486791954 ) ) ;
#469 = DIRECTION ( 'NONE',  ( 0.000000000000000000, 1.776356839400250465E-15, 1.000000000000000000 ) ) ;
#470 = CYLINDRICAL_SURFACE ( 'NONE', #2590, 59.49999999999999289 ) ;
#471 = EDGE_LOOP ( 'NONE', ( #975, #5027, #1507, #3556 ) ) ;
#472 = ORIENTED_EDGE ( 'NONE', *, *, #2991, .T. ) ;
#473 = EDGE_CURVE ( 'NONE', #5154, #2587, #2396, .T. ) ;
#474 = ORIENTED_EDGE ( 'NONE', *, *, #1362, .T. ) ;
#475 = ORIENTED_EDGE ( 'NONE', *, *, #2437, .F. ) ;
#476 = ORIENTED_EDGE ( 'NONE', *, *, #2459, .F. ) ;
#477 = EDGE_CURVE ( 'NONE', #2942, #2541, #1701, .T. ) ;
#478 = CIRCLE ( 'NONE', #3481, 1.999999999999994893 ) ;
#479 = CARTESIAN_POINT ( 'NONE',  ( 32.00000000000000000, -48.00000000000000000, 1.675911042644704011E-13 ) ) ;
#480 = AXIS2_PLACEMENT_3D ( 'NONE', #55, #511, #4665 ) ;
#481 = DIRECTION ( 'NONE',  ( 1.000000000000000000, -0.000000000000000000, -0.000000000000000000 ) ) ;
#482 = AXIS2_PLACEMENT_3D ( 'NONE', #2345, #1954, #357 ) ;
#483 = DIRECTION ( 'NONE',  ( 0.000000000000000000, 0.000000000000000000, 1.000000000000000000 ) ) ;
#484 = ORIENTED_EDGE ( 'NONE', *, *, #5221, .T. ) ;
#485 = CYLINDRICAL_SURFACE ( 'NONE', #2637, 14.20000000000000284 ) ;
#486 = DIRECTION ( 'NONE',  ( 0.000000000000000000, 0.000000000000000000, 1.000000000000000000 ) ) ;
#487 = VECTOR ( 'NONE', #146, 1000.000000000000000 ) ;
#488 = CYLINDRICAL_SURFACE ( 'NONE', #5064, 5.000000000000000888 ) ;
#489 = ORIENTED_EDGE ( 'NONE', *, *, #323, .F. ) ;
#490 = VERTEX_POINT ( 'NONE', #2191 ) ;
#491 = EDGE_LOOP ( 'NONE', ( #1577, #4428 ) ) ;
#492 = ORIENTED_EDGE ( 'NONE', *, *, #2107, .F. ) ;
#493 = CIRCLE ( 'NONE', #4374, 3.150000000000000355 ) ;
#494 = DIRECTION ( 'NONE',  ( 1.000000000000000000, 0.000000000000000000, 0.000000000000000000 ) ) ;
#495 = CARTESIAN_POINT ( 'NONE',  ( 12.00000000000000000, 0.000000000000000000, 0.000000000000000000 ) ) ;
#496 = ADVANCED_FACE ( 'NONE', ( #3450 ), #2665, .T. ) ;
#497 = LINE ( 'NONE', #1254, #3345 ) ;
#498 = EDGE_LOOP ( 'NONE', ( #3250, #2128 ) ) ;
#499 = AXIS2_PLACEMENT_3D ( 'NONE', #630, #2260, #1165 ) ;
#500 = DIRECTION ( 'NONE',  ( 0.000000000000000000, 0.000000000000000000, -1.000000000000000000 ) ) ;
#501 = ORIENTED_EDGE ( 'NONE', *, *, #2462, .F. ) ;
#502 = ORIENTED_EDGE ( 'NONE', *, *, #154, .F. ) ;
#503 = CARTESIAN_POINT ( 'NONE',  ( 30.76721179318045074, -69.06888848522720536, -1.771197371130178055 ) ) ;
#504 = EDGE_CURVE ( 'NONE', #3670, #4901, #2973, .T. ) ;
#505 = CARTESIAN_POINT ( 'NONE',  ( 32.00000000000000000, -25.96028645833337123, -12.92530568308822581 ) ) ;
#506 = EDGE_LOOP ( 'NONE', ( #1283, #1013, #1231, #4182 ) ) ;
#507 = ORIENTED_EDGE ( 'NONE', *, *, #710, .T. ) ;
#508 = CARTESIAN_POINT ( 'NONE',  ( -8.000000000000000000, -22.43818669639379237, 49.66666666666665009 ) ) ;
#509 = EDGE_CURVE ( 'NONE', #2048, #5163, #3084, .T. ) ;
#510 = CARTESIAN_POINT ( 'NONE',  ( -11.99999999999999822, 0.000000000000000000, -51.14999999999999858 ) ) ;
#511 = DIRECTION ( 'NONE',  ( -1.000000000000000000, -0.000000000000000000, -0.000000000000000000 ) ) ;
#512 = VERTEX_POINT ( 'NONE', #160 ) ;
#513 = DIRECTION ( 'NONE',  ( 0.000000000000000000, -1.000000000000000000, 0.000000000000000000 ) ) ;
#514 = DIRECTION ( 'NONE',  ( 0.000000000000000000, -0.7010416666666660079, -0.7131203135497005130 ) ) ;
#515 = CIRCLE ( 'NONE', #4814, 5.000000000000000888 ) ;
#516 = DIRECTION ( 'NONE',  ( 0.000000000000000000, 0.000000000000000000, -1.000000000000000000 ) ) ;
#517 = ORIENTED_EDGE ( 'NONE', *, *, #1028, .F. ) ;
#518 = ORIENTED_EDGE ( 'NONE', *, *, #145, .F. ) ;
#519 = ORIENTED_EDGE ( 'NONE', *, *, #2244, .F. ) ;
#520 = VERTEX_POINT ( 'NONE', #102 ) ;
#521 = DIRECTION ( 'NONE',  ( 0.000000000000000000, 0.000000000000000000, 1.000000000000000000 ) ) ;
#522 = AXIS2_PLACEMENT_3D ( 'NONE', #2876, #1625, #30 ) ;
#523 = CARTESIAN_POINT ( 'NONE',  ( 32.00000000000000000, -13.43502884254452212, -15.43502884254433916 ) ) ;
#524 = AXIS2_PLACEMENT_3D ( 'NONE', #2911, #65, #93 ) ;
#525 = DIRECTION ( 'NONE',  ( -1.000000000000000000, -0.000000000000000000, 0.000000000000000000 ) ) ;
#526 = VERTEX_POINT ( 'NONE', #5114 ) ;
#527 = FACE_OUTER_BOUND ( 'NONE', #5054, .T. ) ;
#528 = ORIENTED_EDGE ( 'NONE', *, *, #4257, .F. ) ;
#529 = TOROIDAL_SURFACE ( 'NONE', #2490, 15.50000000000000888, 2.000000000000000000 ) ;
#530 = ADVANCED_FACE ( 'NONE', ( #4188 ), #5055, .F. ) ;
#531 = VERTEX_POINT ( 'NONE', #2652 ) ;
#532 = AXIS2_PLACEMENT_3D ( 'NONE', #4091, #2022, #1615 ) ;
#533 = CARTESIAN_POINT ( 'NONE',  ( 31.00000001397449623, -68.71302964941303060, -1.533895019400082438 ) ) ;
#534 = ORIENTED_EDGE ( 'NONE', *, *, #2832, .F. ) ;
#535 = EDGE_CURVE ( 'NONE', #1690, #152, #2315, .T. ) ;
#536 = ORIENTED_EDGE ( 'NONE', *, *, #3309, .F. ) ;
#537 = AXIS2_PLACEMENT_3D ( 'NONE', #2704, #1122, #3585 ) ;
#538 = CARTESIAN_POINT ( 'NONE',  ( 30.85422153302838666, -68.99333259507780269, 1.731152086006097823 ) ) ;
#539 = ORIENTED_EDGE ( 'NONE', *, *, #793, .T. ) ;
#540 = CIRCLE ( 'NONE', #3544, 2.000000000000000888 ) ;
#541 = DIRECTION ( 'NONE',  ( 0.000000000000000000, 0.000000000000000000, -1.000000000000000000 ) ) ;
#542 = EDGE_CURVE ( 'NONE', #3671, #661, #425, .T. ) ;
#543 = FACE_OUTER_BOUND ( 'NONE', #2985, .T. ) ;
#544 = EDGE_LOOP ( 'NONE', ( #1424, #4991 ) ) ;
#545 = DIRECTION ( 'NONE',  ( -1.000000000000000000, -0.000000000000000000, -0.000000000000000000 ) ) ;
#546 = ORIENTED_EDGE ( 'NONE', *, *, #535, .T. ) ;
#547 = CARTESIAN_POINT ( 'NONE',  ( 30.00000000000000000, 11.05336486002035379, 37.13385416666665861 ) ) ;
#548 = EDGE_CURVE ( 'NONE', #3090, #565, #2602, .T. ) ;
#549 = CARTESIAN_POINT ( 'NONE',  ( 6.999999999999999112, 0.000000000000000000, 18.50000000000000000 ) ) ;
#550 = ORIENTED_EDGE ( 'NONE', *, *, #1164, .T. ) ;
#551 = ORIENTED_EDGE ( 'NONE', *, *, #2486, .F. ) ;
#552 = ORIENTED_EDGE ( 'NONE', *, *, #3460, .F. ) ;
#553 = AXIS2_PLACEMENT_3D ( 'NONE', #1986, #5236, #792 ) ;
#554 = VECTOR ( 'NONE', #2029, 1000.000000000000000 ) ;
#555 = DIRECTION ( 'NONE',  ( 0.000000000000000000, 0.000000000000000000, -1.000000000000000000 ) ) ;
#556 = CARTESIAN_POINT ( 'NONE',  ( 30.28480789409821128, -69.92681948347886589, 2.845098997551805731 ) ) ;
#557 = FACE_OUTER_BOUND ( 'NONE', #2084, .T. ) ;
#558 = CARTESIAN_POINT ( 'NONE',  ( 30.00000000000000000, -48.00000000000000000, 1.675911042644704011E-13 ) ) ;
#559 = DIRECTION ( 'NONE',  ( -1.000000000000000000, -0.000000000000000000, -0.000000000000000000 ) ) ;
#560 = ORIENTED_EDGE ( 'NONE', *, *, #2172, .F. ) ;
#561 = DIRECTION ( 'NONE',  ( 0.000000000000000000, 0.000000000000000000, -1.000000000000000000 ) ) ;
#562 = DIRECTION ( 'NONE',  ( -1.000000000000000000, 0.000000000000000000, 0.000000000000000000 ) ) ;
#563 = CARTESIAN_POINT ( 'NONE',  ( 31.79000029582940812, -68.85386381117375265, -2.557412231011636727 ) ) ;
#564 = VERTEX_POINT ( 'NONE', #3049 ) ;
#565 = VERTEX_POINT ( 'NONE', #915 ) ;
#566 = CARTESIAN_POINT ( 'NONE',  ( -8.000000000000000000, -68.94285714285716438, -2.807569942065886170 ) ) ;
#567 = DIRECTION ( 'NONE',  ( 0.000000000000000000, 0.000000000000000000, -1.000000000000000000 ) ) ;
#568 = EDGE_CURVE ( 'NONE', #3942, #4954, #3515, .T. ) ;
#569 = DIRECTION ( 'NONE',  ( -1.000000000000000000, -0.000000000000000000, -0.000000000000000000 ) ) ;
#570 = ORIENTED_EDGE ( 'NONE', *, *, #2785, .F. ) ;
#571 = TOROIDAL_SURFACE ( 'NONE', #4013, 7.000000000000000000, 2.000000000000000000 ) ;
#572 = DIRECTION ( 'NONE',  ( 0.000000000000000000, 0.000000000000000000, -1.000000000000000000 ) ) ;
#573 = ORIENTED_EDGE ( 'NONE', *, *, #1085, .F. ) ;
#574 = CARTESIAN_POINT ( 'NONE',  ( 32.00000000000000000, -17.67766952966364613, 17.67766952966376337 ) ) ;
#575 = EDGE_CURVE ( 'NONE', #171, #3325, #1208, .T. ) ;
#576 = LINE ( 'NONE', #122, #1397 ) ;
#577 = EDGE_LOOP ( 'NONE', ( #4130, #3147, #1708, #823 ) ) ;
#578 = ORIENTED_EDGE ( 'NONE', *, *, #2278, .T. ) ;
#579 = DIRECTION ( 'NONE',  ( -1.000000000000000000, -0.000000000000000000, -0.000000000000000000 ) ) ;
#580 = LINE ( 'NONE', #2213, #2630 ) ;
#581 = DIRECTION ( 'NONE',  ( 1.000000000000000000, -0.000000000000000000, -0.000000000000000000 ) ) ;
#582 = AXIS2_PLACEMENT_3D ( 'NONE', #2664, #118, #2232 ) ;
#583 = EDGE_CURVE ( 'NONE', #2091, #1319, #4211, .T. ) ;
#584 = FACE_OUTER_BOUND ( 'NONE', #5155, .T. ) ;
#585 = CYLINDRICAL_SURFACE ( 'NONE', #4839, 2.000000000000032863 ) ;
#586 = ORIENTED_EDGE ( 'NONE', *, *, #2307, .F. ) ;
#587 = DIRECTION ( 'NONE',  ( 0.000000000000000000, 0.000000000000000000, -1.000000000000000000 ) ) ;
#588 = DIRECTION ( 'NONE',  ( -1.000000000000000000, 0.000000000000000000, 0.000000000000000000 ) ) ;
#589 = CARTESIAN_POINT ( 'NONE',  ( 6.999999999999999112, 18.50000000000000000, -3.398394867633905489E-15 ) ) ;
#590 = DIRECTION ( 'NONE',  ( 0.000000000000000000, 0.000000000000000000, -1.000000000000000000 ) ) ;
#591 = AXIS2_PLACEMENT_3D ( 'NONE', #2796, #1870, #2287 ) ;
#592 = VERTEX_POINT ( 'NONE', #1695 ) ;
#593 = VERTEX_POINT ( 'NONE', #3334 ) ;
#594 = LINE ( 'NONE', #4342, #349 ) ;
#595 = ORIENTED_EDGE ( 'NONE', *, *, #3913, .T. ) ;
#596 = DIRECTION ( 'NONE',  ( -1.000000000000000000, -0.000000000000000000, 0.000000000000000000 ) ) ;
#597 = CYLINDRICAL_SURFACE ( 'NONE', #398, 59.49999999999999289 ) ;
#598 = EDGE_CURVE ( 'NONE', #4043, #805, #3960, .T. ) ;
#599 = CARTESIAN_POINT ( 'NONE',  ( 12.00000000000000000, 13.99999999999999822, -2.000000000000078160 ) ) ;
#600 = ORIENTED_EDGE ( 'NONE', *, *, #1206, .T. ) ;
#601 = CARTESIAN_POINT ( 'NONE',  ( 0.000000000000000000, -16.04520705486824994, -32.22656249999999289 ) ) ;
#602 = DIRECTION ( 'NONE',  ( 1.000000000000000000, 0.000000000000000000, 0.000000000000000000 ) ) ;
#603 = ORIENTED_EDGE ( 'NONE', *, *, #1700, .T. ) ;
#604 = VERTEX_POINT ( 'NONE', #1309 ) ;
#605 = ADVANCED_FACE ( 'NONE', ( #1337 ), #3815, .T. ) ;
#606 = DIRECTION ( 'NONE',  ( 1.000000000000000000, 0.000000000000000000, 0.000000000000000000 ) ) ;
#607 = CYLINDRICAL_SURFACE ( 'NONE', #2284, 3.149999999999999911 ) ;
#608 = FACE_OUTER_BOUND ( 'NONE', #5256, .T. ) ;
#609 = AXIS2_PLACEMENT_3D ( 'NONE', #2030, #2006, #1949 ) ;
#610 = CYLINDRICAL_SURFACE ( 'NONE', #3188, 2.000000000000140332 ) ;
#611 = AXIS2_PLACEMENT_3D ( 'NONE', #1816, #243, #3933 ) ;
#612 = CARTESIAN_POINT ( 'NONE',  ( 0.000000000000000000, 27.75065104166680641, 13.81670607502515047 ) ) ;
#613 = ORIENTED_EDGE ( 'NONE', *, *, #3761, .T. ) ;
#614 = EDGE_CURVE ( 'NONE', #428, #4803, #3478, .T. ) ;
#615 = DIRECTION ( 'NONE',  ( -1.000000000000000000, 0.000000000000000000, 0.000000000000000000 ) ) ;
#616 = VECTOR ( 'NONE', #4314, 1000.000000000000000 ) ;
#617 = CIRCLE ( 'NONE', #4058, 2.000000000000032863 ) ;
#618 = LINE ( 'NONE', #1836, #800 ) ;
#619 = DIRECTION ( 'NONE',  ( -1.000000000000000000, -0.000000000000000000, -0.000000000000000000 ) ) ;
#620 = DIRECTION ( 'NONE',  ( 1.000000000000000000, 0.000000000000000000, 0.000000000000000000 ) ) ;
#621 = VERTEX_POINT ( 'NONE', #4832 ) ;
#622 = EDGE_CURVE ( 'NONE', #3534, #4668, #2789, .T. ) ;
#623 = ORIENTED_EDGE ( 'NONE', *, *, #1257, .F. ) ;
#624 = DIRECTION ( 'NONE',  ( -1.000000000000000000, 0.000000000000000000, -0.000000000000000000 ) ) ;
#625 = AXIS2_PLACEMENT_3D ( 'NONE', #366, #2792, #3213 ) ;
#626 = CARTESIAN_POINT ( 'NONE',  ( 30.00000000000000000, -22.43818669639379237, -56.66666666666665009 ) ) ;
#627 = AXIS2_PLACEMENT_3D ( 'NONE', #1198, #2834, #2064 ) ;
#628 = AXIS2_PLACEMENT_3D ( 'NONE', #752, #2381, #1108 ) ;
#629 = AXIS2_PLACEMENT_3D ( 'NONE', #2642, #4671, #1378 ) ;
#630 = CARTESIAN_POINT ( 'NONE',  ( -8.000000000000000000, 32.22656250000015632, 16.04520705486791954 ) ) ;
#631 = VERTEX_POINT ( 'NONE', #4386 ) ;
#632 = CARTESIAN_POINT ( 'NONE',  ( -8.000000000000000000, 13.81670607502544179, 27.75065104166665719 ) ) ;
#633 = EDGE_CURVE ( 'NONE', #4954, #138, #2751, .T. ) ;
#634 = AXIS2_PLACEMENT_3D ( 'NONE', #1936, #4332, #4436 ) ;
#635 = CYLINDRICAL_SURFACE ( 'NONE', #2904, 17.50000000000000711 ) ;
#636 = ORIENTED_EDGE ( 'NONE', *, *, #333, .T. ) ;
#637 = VERTEX_POINT ( 'NONE', #4334 ) ;
#638 = DIRECTION ( 'NONE',  ( 1.000000000000000000, -0.000000000000000000, -0.000000000000000000 ) ) ;
#639 = CARTESIAN_POINT ( 'NONE',  ( 30.34924820038841986, -69.25559602323778563, 1.856417686817317891 ) ) ;
#640 = DIRECTION ( 'NONE',  ( 0.000000000000000000, 0.000000000000000000, -1.000000000000000000 ) ) ;
#641 = CARTESIAN_POINT ( 'NONE',  ( 30.00000000000000000, 0.000000000000000000, 0.000000000000000000 ) ) ;
#642 = EDGE_CURVE ( 'NONE', #3640, #1091, #1496, .T. ) ;
#643 = DIRECTION ( 'NONE',  ( 1.000000000000000000, 0.000000000000000000, 0.000000000000000000 ) ) ;
#644 = ORIENTED_EDGE ( 'NONE', *, *, #843, .T. ) ;
#645 = CARTESIAN_POINT ( 'NONE',  ( 30.00000000000000000, -69.94202898550727809, 2.848259361516116250 ) ) ;
#646 = CYLINDRICAL_SURFACE ( 'NONE', #3458, 31.00000000000000000 ) ;
#647 = CARTESIAN_POINT ( 'NONE',  ( 10.00000000000000000, -48.00000000000000000, 1.675911042644704011E-13 ) ) ;
#648 = EDGE_CURVE ( 'NONE', #3331, #1535, #2758, .T. ) ;
#649 = ORIENTED_EDGE ( 'NONE', *, *, #2254, .T. ) ;
#650 = CIRCLE ( 'NONE', #1831, 3.150000000000000355 ) ;
#651 = CYLINDRICAL_SURFACE ( 'NONE', #266, 3.149999999999999911 ) ;
#652 = VERTEX_POINT ( 'NONE', #5217 ) ;
#653 = CARTESIAN_POINT ( 'NONE',  ( 30.00000000000000000, 32.22656250000015632, 16.04520705486791954 ) ) ;
#654 = ADVANCED_FACE ( 'NONE', ( #1516 ), #4817, .T. ) ;
#655 = CARTESIAN_POINT ( 'NONE',  ( 30.00000000000000000, -48.00000000000000000, 1.675911042644704011E-13 ) ) ;
#656 = ORIENTED_EDGE ( 'NONE', *, *, #4644, .F. ) ;
#657 = DIRECTION ( 'NONE',  ( 1.000000000000000000, 0.000000000000000000, 0.000000000000000000 ) ) ;
#658 = AXIS2_PLACEMENT_3D ( 'NONE', #2549, #4548, #864 ) ;
#659 = DIRECTION ( 'NONE',  ( 1.000000000000000000, 0.000000000000000000, 0.000000000000000000 ) ) ;
#660 = VERTEX_POINT ( 'NONE', #3566 ) ;
#661 = VERTEX_POINT ( 'NONE', #4359 ) ;
#662 = DIRECTION ( 'NONE',  ( -1.000000000000000000, -0.000000000000000000, -0.000000000000000000 ) ) ;
#663 = DIRECTION ( 'NONE',  ( -1.000000000000000000, 0.000000000000000000, -0.000000000000000000 ) ) ;
#664 = AXIS2_PLACEMENT_3D ( 'NONE', #3851, #3317, #4168 ) ;
#665 = CARTESIAN_POINT ( 'NONE',  ( -8.000000000000000000, 16.04520705486824994, -32.22656249999999289 ) ) ;
#666 = LINE ( 'NONE', #3977, #1614 ) ;
#667 = FACE_OUTER_BOUND ( 'NONE', #4358, .T. ) ;
#668 = ORIENTED_EDGE ( 'NONE', *, *, #3755, .F. ) ;
#669 = DIRECTION ( 'NONE',  ( -1.000000000000000000, 0.000000000000000000, 0.000000000000000000 ) ) ;
#670 = EDGE_CURVE ( 'NONE', #3790, #4674, #3883, .T. ) ;
#671 = CARTESIAN_POINT ( 'NONE',  ( -8.000000000000000000, 13.81670607502544001, -27.75065104166666430 ) ) ;
#672 = FACE_BOUND ( 'NONE', #1205, .T. ) ;
#673 = PLANE ( 'NONE',  #3792 ) ;
#674 = EDGE_LOOP ( 'NONE', ( #4866, #1264 ) ) ;
#675 = EDGE_CURVE ( 'NONE', #4079, #5298, #3519, .T. ) ;
#676 = VERTEX_POINT ( 'NONE', #3902 ) ;
#677 = FACE_OUTER_BOUND ( 'NONE', #1669, .T. ) ;
#678 = ADVANCED_FACE ( 'NONE', ( #212 ), #4561, .T. ) ;
#679 = CARTESIAN_POINT ( 'NONE',  ( 32.00000000000000000, -12.02081528017120959, 12.02081528017137657 ) ) ;
#680 = ORIENTED_EDGE ( 'NONE', *, *, #542, .F. ) ;
#681 = CARTESIAN_POINT ( 'NONE',  ( 32.00000000000000000, -12.92530568308831640, -25.96028645833332860 ) ) ;
#682 = VECTOR ( 'NONE', #5180, 1000.000000000000000 ) ;
#683 = DIRECTION ( 'NONE',  ( -1.000000000000000000, 0.000000000000000000, -0.000000000000000000 ) ) ;
#684 = ORIENTED_EDGE ( 'NONE', *, *, #3082, .F. ) ;
#685 = ORIENTED_EDGE ( 'NONE', *, *, #1174, .F. ) ;
#686 = DIRECTION ( 'NONE',  ( -1.000000000000000000, 0.000000000000000000, -0.000000000000000000 ) ) ;
#687 = CYLINDRICAL_SURFACE ( 'NONE', #3840, 2.000000000000002220 ) ;
#688 = CARTESIAN_POINT ( 'NONE',  ( 30.00000000000000000, -22.43818669639379237, -54.66666666666665009 ) ) ;
#689 = CARTESIAN_POINT ( 'NONE',  ( 12.00000000000000000, -13.43502884254452212, -13.43502884254432672 ) ) ;
#690 = CARTESIAN_POINT ( 'NONE',  ( 32.00000000000000000, 49.66666666666688457, 17.43818669639327013 ) ) ;
#691 = ORIENTED_EDGE ( 'NONE', *, *, #1589, .F. ) ;
#692 = DIRECTION ( 'NONE',  ( 0.000000000000000000, 1.982541115402065307E-15, -1.000000000000000000 ) ) ;
#693 = CARTESIAN_POINT ( 'NONE',  ( 12.00000000000000000, 13.99999999999999822, -2.000000000000078160 ) ) ;
#694 = CARTESIAN_POINT ( 'NONE',  ( 32.00000000000000000, 32.22656249999982947, -16.04520705486859100 ) ) ;
#695 = AXIS2_PLACEMENT_3D ( 'NONE', #1834, #669, #2733 ) ;
#696 = AXIS2_PLACEMENT_3D ( 'NONE', #2463, #787, #1243 ) ;
#697 = CARTESIAN_POINT ( 'NONE',  ( 32.00000000000000000, 22.43818669639379237, -49.66666666666665009 ) ) ;
#698 = ORIENTED_EDGE ( 'NONE', *, *, #2412, .T. ) ;
#699 = ADVANCED_FACE ( 'NONE', ( #4804 ), #4478, .T. ) ;
#700 = AXIS2_PLACEMENT_3D ( 'NONE', #2143, #4977, #4608 ) ;
#701 = CIRCLE ( 'NONE', #1377, 17.50000000000000711 ) ;
#702 = TOROIDAL_SURFACE ( 'NONE', #439, 7.000000000000000000, 2.000000000000000000 ) ;
#703 = LINE ( 'NONE', #300, #3010 ) ;
#704 = EDGE_CURVE ( 'NONE', #3813, #4129, #4988, .T. ) ;
#705 = TOROIDAL_SURFACE ( 'NONE', #3700, 61.49999999999999289, 2.000000000000000000 ) ;
#706 = DIRECTION ( 'NONE',  ( 1.000000000000000000, 0.000000000000000000, 0.000000000000000000 ) ) ;
#707 = ORIENTED_EDGE ( 'NONE', *, *, #5045, .T. ) ;
#708 = DIRECTION ( 'NONE',  ( 0.000000000000000000, 0.000000000000000000, -1.000000000000000000 ) ) ;
#709 = CIRCLE ( 'NONE', #1394, 1.999999999999974021 ) ;
#710 = EDGE_CURVE ( 'NONE', #3062, #2942, #4005, .T. ) ;
#711 = CARTESIAN_POINT ( 'NONE',  ( 32.00000000000000000, -70.00000000000001421, 0.000000000000000000 ) ) ;
#712 = ORIENTED_EDGE ( 'NONE', *, *, #5004, .T. ) ;
#713 = EDGE_LOOP ( 'NONE', ( #2570, #3425 ) ) ;
#714 = FACE_OUTER_BOUND ( 'NONE', #1751, .T. ) ;
#715 = DIRECTION ( 'NONE',  ( 0.000000000000000000, 0.000000000000000000, -1.000000000000000000 ) ) ;
#716 = CARTESIAN_POINT ( 'NONE',  ( -11.99999999999999822, -48.00000000000000000, -3.150000000000003464 ) ) ;
#717 = AXIS2_PLACEMENT_3D ( 'NONE', #1102, #234, #2679 ) ;
#718 = DIRECTION ( 'NONE',  ( -1.000000000000000000, 0.000000000000000000, 0.000000000000000000 ) ) ;
#719 = ADVANCED_FACE ( 'NONE', ( #4413 ), #2709, .F. ) ;
#720 = CARTESIAN_POINT ( 'NONE',  ( 30.00000000000000000, -68.94285714285715017, 2.807569942065885726 ) ) ;
#721 = ORIENTED_EDGE ( 'NONE', *, *, #670, .T. ) ;
#722 = VECTOR ( 'NONE', #1832, 1000.000000000000000 ) ;
#723 = DIRECTION ( 'NONE',  ( 0.000000000000000000, 0.000000000000000000, 1.000000000000000000 ) ) ;
#724 = CARTESIAN_POINT ( 'NONE',  ( 12.00000000000000000, -13.43502884254452212, -11.43502884254431606 ) ) ;
#725 = FACE_BOUND ( 'NONE', #3143, .T. ) ;
#726 = CARTESIAN_POINT ( 'NONE',  ( 32.00000000000000000, -13.43502884254452212, -11.43502884254431606 ) ) ;
#727 = AXIS2_PLACEMENT_3D ( 'NONE', #679, #277, #29 ) ;
#728 = ORIENTED_EDGE ( 'NONE', *, *, #3755, .T. ) ;
#729 = AXIS2_PLACEMENT_3D ( 'NONE', #339, #95, #1664 ) ;
#730 = VERTEX_POINT ( 'NONE', #5241 ) ;
#731 = DIRECTION ( 'NONE',  ( 0.000000000000000000, 0.000000000000000000, -1.000000000000000000 ) ) ;
#732 = AXIS2_PLACEMENT_3D ( 'NONE', #3016, #3100, #1439 ) ;
#733 = AXIS2_PLACEMENT_3D ( 'NONE', #257, #1804, #3443 ) ;
#734 = ADVANCED_FACE ( 'NONE', ( #3182 ), #1889, .F. ) ;
#735 = DIRECTION ( 'NONE',  ( 1.000000000000000000, -0.000000000000000000, -0.000000000000000000 ) ) ;
#736 = ORIENTED_EDGE ( 'NONE', *, *, #3453, .F. ) ;
#737 = DIRECTION ( 'NONE',  ( 0.000000000000000000, 0.000000000000000000, -1.000000000000000000 ) ) ;
#738 = DIRECTION ( 'NONE',  ( 0.000000000000000000, -1.000000000000000000, 0.000000000000000000 ) ) ;
#739 = ORIENTED_EDGE ( 'NONE', *, *, #1604, .T. ) ;
#740 = DIRECTION ( 'NONE',  ( 1.000000000000000000, 0.000000000000000000, 0.000000000000000000 ) ) ;
#741 = CIRCLE ( 'NONE', #1841, 1.999999999999974021 ) ;
#742 = EDGE_CURVE ( 'NONE', #1728, #5018, #1891, .T. ) ;
#743 = DIRECTION ( 'NONE',  ( 1.000000000000000000, 0.000000000000000000, 0.000000000000000000 ) ) ;
#744 = DIRECTION ( 'NONE',  ( 0.000000000000000000, 1.586032892321651496E-15, 1.000000000000000000 ) ) ;
#745 = DIRECTION ( 'NONE',  ( 1.000000000000000000, -1.486905836551542423E-16, -3.651254956762481922E-15 ) ) ;
#746 = ORIENTED_EDGE ( 'NONE', *, *, #2982, .T. ) ;
#747 = ORIENTED_EDGE ( 'NONE', *, *, #3955, .T. ) ;
#748 = CARTESIAN_POINT ( 'NONE',  ( 12.00000000000000000, -12.02081528017120959, 10.02081528017130196 ) ) ;
#749 = EDGE_CURVE ( 'NONE', #4169, #3381, #617, .T. ) ;
#750 = DIRECTION ( 'NONE',  ( 0.000000000000000000, 0.000000000000000000, 1.000000000000000000 ) ) ;
#751 = DIRECTION ( 'NONE',  ( 0.000000000000000000, 0.000000000000000000, -1.000000000000000000 ) ) ;
#752 = CARTESIAN_POINT ( 'NONE',  ( 30.00000000000000000, 32.22656250000015632, 16.04520705486791954 ) ) ;
#753 = EDGE_LOOP ( 'NONE', ( #4204, #2888, #2046, #4151 ) ) ;
#754 = EDGE_LOOP ( 'NONE', ( #4281, #680, #28, #1064 ) ) ;
#755 = DIRECTION ( 'NONE',  ( 0.000000000000000000, 0.000000000000000000, -1.000000000000000000 ) ) ;
#756 = CIRCLE ( 'NONE', #2203, 31.00000000000000000 ) ;
#757 = DIRECTION ( 'NONE',  ( 1.000000000000000000, -0.000000000000000000, -0.000000000000000000 ) ) ;
#758 = ORIENTED_EDGE ( 'NONE', *, *, #3245, .T. ) ;
#759 = CARTESIAN_POINT ( 'NONE',  ( 12.00000000000000000, 22.00000000000000000, 1.999999999999782396 ) ) ;
#760 = ADVANCED_FACE ( 'NONE', ( #362, #2399, #4911, #4955, #3665, #5294, #3641, #2378, #4061, #2864, #1593, #4488, #3689, #1271, #3230, #1961, #4462, #2427, #4533, #4882, #4511, #825, #388, #4860, #438, #2041 ), #5314, .T. ) ;
#761 = DIRECTION ( 'NONE',  ( 1.000000000000000000, 0.000000000000000000, 0.000000000000000000 ) ) ;
#762 = ORIENTED_EDGE ( 'NONE', *, *, #223, .T. ) ;
#763 = CARTESIAN_POINT ( 'NONE',  ( 30.00000000000000000, 48.00000000000000000, -5.027733127934112032E-13 ) ) ;
#764 = FACE_OUTER_BOUND ( 'NONE', #2039, .T. ) ;
#765 = FACE_OUTER_BOUND ( 'NONE', #2464, .T. ) ;
#766 = CARTESIAN_POINT ( 'NONE',  ( 30.00000000000000000, -49.29629629629634735, -17.45192298608387915 ) ) ;
#767 = EDGE_CURVE ( 'NONE', #531, #1409, #1610, .T. ) ;
#768 = DIRECTION ( 'NONE',  ( 1.000000000000000000, -0.000000000000000000, -0.000000000000000000 ) ) ;
#769 = ORIENTED_EDGE ( 'NONE', *, *, #3289, .T. ) ;
#770 = EDGE_LOOP ( 'NONE', ( #82, #3181, #5279, #905 ) ) ;
#771 = CARTESIAN_POINT ( 'NONE',  ( 31.62049021336929400, -69.15098191996712274, -2.651651391521586021 ) ) ;
#772 = AXIS2_PLACEMENT_3D ( 'NONE', #3407, #4583, #2112 ) ;
#773 = CARTESIAN_POINT ( 'NONE',  ( -8.000000000000000000, -5.685768424187408956E-15, 51.14999999999999858 ) ) ;
#774 = DIRECTION ( 'NONE',  ( 0.000000000000000000, 0.000000000000000000, -1.000000000000000000 ) ) ;
#775 = DIRECTION ( 'NONE',  ( 0.000000000000000000, -0.7131203135497005130, 0.7010416666666660079 ) ) ;
#776 = ORIENTED_EDGE ( 'NONE', *, *, #3955, .F. ) ;
#777 = EDGE_CURVE ( 'NONE', #2889, #2015, #3280, .T. ) ;
#778 = AXIS2_PLACEMENT_3D ( 'NONE', #2161, #4248, #2567 ) ;
#779 = ORIENTED_EDGE ( 'NONE', *, *, #675, .F. ) ;
#780 = LINE ( 'NONE', #1500, #3436 ) ;
#781 = VECTOR ( 'NONE', #1092, 1000.000000000000000 ) ;
#782 = AXIS2_PLACEMENT_3D ( 'NONE', #222, #4284, #2229 ) ;
#783 = FACE_OUTER_BOUND ( 'NONE', #471, .T. ) ;
#784 = DIRECTION ( 'NONE',  ( -1.000000000000000000, -0.000000000000000000, -0.000000000000000000 ) ) ;
#785 = AXIS2_PLACEMENT_3D ( 'NONE', #2111, #1267, #486 ) ;
#786 = CIRCLE ( 'NONE', #5093, 68.00000000000001421 ) ;
#787 = DIRECTION ( 'NONE',  ( 1.000000000000000000, 0.000000000000000000, 0.000000000000000000 ) ) ;
#788 = EDGE_LOOP ( 'NONE', ( #1684, #4990 ) ) ;
#789 = DIRECTION ( 'NONE',  ( 0.000000000000000000, 0.000000000000000000, -1.000000000000000000 ) ) ;
#790 = FACE_OUTER_BOUND ( 'NONE', #2760, .T. ) ;
#791 = VECTOR ( 'NONE', #909, 1000.000000000000000 ) ;
#792 = DIRECTION ( 'NONE',  ( 0.000000000000000000, 0.000000000000000000, 1.000000000000000000 ) ) ;
#793 = EDGE_CURVE ( 'NONE', #592, #1341, #1466, .T. ) ;
#794 = APPLICATION_PROTOCOL_DEFINITION ( 'draft international standard', 'automotive_design', 1998, #886 ) ;
#795 = DIRECTION ( 'NONE',  ( 0.000000000000000000, 0.000000000000000000, -1.000000000000000000 ) ) ;
#796 = ORIENTED_EDGE ( 'NONE', *, *, #3453, .T. ) ;
#797 = VERTEX_POINT ( 'NONE', #4936 ) ;
#798 = VECTOR ( 'NONE', #4434, 1000.000000000000000 ) ;
#799 = CARTESIAN_POINT ( 'NONE',  ( 30.00000000000000000, -32.22656249999993605, 11.04520705486836540 ) ) ;
#800 = VECTOR ( 'NONE', #2250, 1000.000000000000000 ) ;
#801 = CARTESIAN_POINT ( 'NONE',  ( 32.00000000000000000, 22.43818669639379237, 49.66666666666665009 ) ) ;
#802 = CARTESIAN_POINT ( 'NONE',  ( 30.00000000000000000, 0.000000000000000000, 0.000000000000000000 ) ) ;
#803 = EDGE_CURVE ( 'NONE', #4648, #660, #1886, .T. ) ;
#804 = CARTESIAN_POINT ( 'NONE',  ( 32.00000000000000000, 48.00000000000000000, -15.50000000000051159 ) ) ;
#805 = VERTEX_POINT ( 'NONE', #748 ) ;
#806 = VECTOR ( 'NONE', #2764, 1000.000000000000000 ) ;
#807 = CIRCLE ( 'NONE', #3808, 1.999999999999974021 ) ;
#808 = ORIENTED_EDGE ( 'NONE', *, *, #803, .F. ) ;
#809 = EDGE_LOOP ( 'NONE', ( #3780, #52, #4030, #2544 ) ) ;
#810 = EDGE_CURVE ( 'NONE', #4449, #2601, #1123, .T. ) ;
#811 = FACE_OUTER_BOUND ( 'NONE', #3647, .T. ) ;
#812 = AXIS2_PLACEMENT_3D ( 'NONE', #4502, #4944, #3733 ) ;
#813 = VERTEX_POINT ( 'NONE', #799 ) ;
#814 = ADVANCED_FACE ( 'NONE', ( #1180 ), #4087, .F. ) ;
#815 = CARTESIAN_POINT ( 'NONE',  ( 30.00000000000000000, -17.45192298608404968, -49.29629629629628340 ) ) ;
#816 = CARTESIAN_POINT ( 'NONE',  ( -8.000000000000000000, -32.22656249999993605, 16.04520705486836718 ) ) ;
#817 = DIRECTION ( 'NONE',  ( 1.000000000000000000, -0.000000000000000000, 0.000000000000000000 ) ) ;
#818 = VERTEX_POINT ( 'NONE', #3691 ) ;
#819 = CIRCLE ( 'NONE', #3997, 5.000000000000000888 ) ;
#820 = CYLINDRICAL_SURFACE ( 'NONE', #3752, 70.00000000000001421 ) ;
#821 = DIRECTION ( 'NONE',  ( 0.000000000000000000, 0.000000000000000000, 1.000000000000000000 ) ) ;
#822 = CARTESIAN_POINT ( 'NONE',  ( 32.00000000000000000, -12.02081528017120959, 10.02081528017130196 ) ) ;
#823 = ORIENTED_EDGE ( 'NONE', *, *, #3245, .F. ) ;
#824 = ORIENTED_EDGE ( 'NONE', *, *, #4966, .T. ) ;
#825 = FACE_BOUND ( 'NONE', #3214, .T. ) ;
#826 = DIRECTION ( 'NONE',  ( 0.000000000000000000, 0.000000000000000000, -1.000000000000000000 ) ) ;
#827 = DIRECTION ( 'NONE',  ( 0.000000000000000000, 0.000000000000000000, 1.000000000000000000 ) ) ;
#828 = DIRECTION ( 'NONE',  ( -1.000000000000000000, 0.000000000000000000, -0.000000000000000000 ) ) ;
#829 = EDGE_CURVE ( 'NONE', #512, #2869, #2141, .T. ) ;
#830 = ORIENTED_EDGE ( 'NONE', *, *, #1693, .T. ) ;
#831 = CARTESIAN_POINT ( 'NONE',  ( 30.00000000000000000, -49.66666666666657193, 22.43818669639396646 ) ) ;
#832 = EDGE_CURVE ( 'NONE', #1623, #316, #5090, .T. ) ;
#833 = EDGE_LOOP ( 'NONE', ( #5191, #2288 ) ) ;
#834 = CARTESIAN_POINT ( 'NONE',  ( 32.00000000000000000, -49.66666666666657193, 22.43818669639396646 ) ) ;
#835 = CYLINDRICAL_SURFACE ( 'NONE', #4820, 2.050000000000000711 ) ;
#836 = ADVANCED_FACE ( 'NONE', ( #1687 ), #4207, .F. ) ;
#837 = CARTESIAN_POINT ( 'NONE',  ( 10.00000000000000000, 0.000000000000000000, -48.00000000000000000 ) ) ;
#838 = EDGE_CURVE ( 'NONE', #3832, #4079, #1215, .T. ) ;
#839 = ORIENTED_EDGE ( 'NONE', *, *, #5206, .T. ) ;
#840 = FACE_OUTER_BOUND ( 'NONE', #1663, .T. ) ;
#842 = AXIS2_PLACEMENT_3D ( 'NONE', #1431, #3061, #5098 ) ;
#841 = DIRECTION ( 'NONE',  ( 0.000000000000000000, 0.000000000000000000, -1.000000000000000000 ) ) ;
#843 = EDGE_CURVE ( 'NONE', #5122, #4888, #4443, .T. ) ;
#844 = DIRECTION ( 'NONE',  ( 1.000000000000000000, 0.000000000000000000, 0.000000000000000000 ) ) ;
#845 = ORIENTED_EDGE ( 'NONE', *, *, #3661, .F. ) ;
#846 = VERTEX_POINT ( 'NONE', #2069 ) ;
#847 = CARTESIAN_POINT ( 'NONE',  ( 30.90563974298006045, -69.73190066618116134, -2.802077676001837769 ) ) ;
#848 = DIRECTION ( 'NONE',  ( 0.000000000000000000, 0.000000000000000000, 1.000000000000000000 ) ) ;
#849 = CARTESIAN_POINT ( 'NONE',  ( 32.00000000000000000, -49.66666666666657193, 15.43818669639396646 ) ) ;
#850 = DIRECTION ( 'NONE',  ( 1.000000000000000000, 0.000000000000000000, 0.000000000000000000 ) ) ;
#851 = ORIENTED_EDGE ( 'NONE', *, *, #1885, .T. ) ;
#852 = VERTEX_POINT ( 'NONE', #4534 ) ;
#853 = AXIS2_PLACEMENT_3D ( 'NONE', #3065, #3171, #1906 ) ;
#854 = ORIENTED_EDGE ( 'NONE', *, *, #1901, .T. ) ;
#855 = DIRECTION ( 'NONE',  ( -1.000000000000000000, 0.000000000000000000, 0.000000000000000000 ) ) ;
#856 = EDGE_CURVE ( 'NONE', #56, #3363, #3829, .T. ) ;
#857 = ORIENTED_EDGE ( 'NONE', *, *, #4813, .F. ) ;
#858 = ORIENTED_EDGE ( 'NONE', *, *, #3869, .F. ) ;
#859 = CARTESIAN_POINT ( 'NONE',  ( 0.000000000000000000, -27.75065104166671048, -13.81670607502534764 ) ) ;
#860 = AXIS2_PLACEMENT_3D ( 'NONE', #3127, #1509, #3470 ) ;
#861 = CARTESIAN_POINT ( 'NONE',  ( 32.00000000000000000, -49.66666666666672825, -22.43818669639361829 ) ) ;
#862 = ADVANCED_FACE ( 'NONE', ( #3327 ), #19, .F. ) ;
#863 = AXIS2_PLACEMENT_3D ( 'NONE', #1219, #817, #2390 ) ;
#864 = DIRECTION ( 'NONE',  ( 0.000000000000000000, 0.000000000000000000, 1.000000000000000000 ) ) ;
#865 = ORIENTED_EDGE ( 'NONE', *, *, #5011, .F. ) ;
#866 = VECTOR ( 'NONE', #1167, 1000.000000000000000 ) ;
#867 = DIRECTION ( 'NONE',  ( 1.000000000000000000, -0.000000000000000000, -0.000000000000000000 ) ) ;
#868 = EDGE_CURVE ( 'NONE', #4984, #1925, #741, .T. ) ;
#869 = CIRCLE ( 'NONE', #2235, 2.000000000000001776 ) ;
#870 = CIRCLE ( 'NONE', #1137, 2.000000000000000888 ) ;
#871 = FACE_OUTER_BOUND ( 'NONE', #1875, .T. ) ;
#872 = VERTEX_POINT ( 'NONE', #1640 ) ;
#873 = EDGE_LOOP ( 'NONE', ( #3172, #1326, #502, #1792 ) ) ;
#874 = EDGE_LOOP ( 'NONE', ( #1922, #3013, #2150, #3338 ) ) ;
#875 = VECTOR ( 'NONE', #855, 1000.000000000000000 ) ;
#876 = DIRECTION ( 'NONE',  ( 0.000000000000000000, 0.07407407407407361200, -0.9972527420619452521 ) ) ;
#877 = ORIENTED_EDGE ( 'NONE', *, *, #2178, .F. ) ;
#878 = CARTESIAN_POINT ( 'NONE',  ( 30.00000000000000000, -69.94202898550727809, 2.848259361516116250 ) ) ;
#879 = EDGE_CURVE ( 'NONE', #846, #4526, #1339, .T. ) ;
#880 = CARTESIAN_POINT ( 'NONE',  ( 12.00000000000000000, 14.84924240491741720, -14.84924240491769609 ) ) ;
#881 = ORIENTED_EDGE ( 'NONE', *, *, #1546, .T. ) ;
#882 = EDGE_LOOP ( 'NONE', ( #3438, #929 ) ) ;
#883 = AXIS2_PLACEMENT_3D ( 'NONE', #2475, #3776, #3283 ) ;
#884 = ORIENTED_EDGE ( 'NONE', *, *, #3789, .T. ) ;
#885 = ORIENTED_EDGE ( 'NONE', *, *, #5309, .T. ) ;
#886 = APPLICATION_CONTEXT ( 'automotive_design' ) ;
#887 = CARTESIAN_POINT ( 'NONE',  ( 12.00000000000000000, 10.60660171779827898, 10.60660171779814753 ) ) ;
#888 = AXIS2_PLACEMENT_3D ( 'NONE', #4387, #3024, #3451 ) ;
#889 = ORIENTED_EDGE ( 'NONE', *, *, #4729, .F. ) ;
#890 = PRODUCT_DEFINITION ( 'UNKNOWN', '', #2909, #1559 ) ;
#891 = STYLED_ITEM ( 'NONE', ( #4806 ), #2656 ) ;
#892 = DIRECTION ( 'NONE',  ( 1.000000000000000000, 0.000000000000000000, 0.000000000000000000 ) ) ;
#893 = ORIENTED_EDGE ( 'NONE', *, *, #4340, .F. ) ;
#894 = DIRECTION ( 'NONE',  ( -1.000000000000000000, 0.000000000000000000, 0.000000000000000000 ) ) ;
#895 = CYLINDRICAL_SURFACE ( 'NONE', #2139, 3.150000000000000355 ) ;
#896 = DIRECTION ( 'NONE',  ( 0.000000000000000000, 0.000000000000000000, -1.000000000000000000 ) ) ;
#897 = ORIENTED_EDGE ( 'NONE', *, *, #3191, .F. ) ;
#898 = ADVANCED_FACE ( 'NONE', ( #2452 ), #1662, .F. ) ;
#899 = AXIS2_PLACEMENT_3D ( 'NONE', #1158, #413, #2043 ) ;
#900 = CARTESIAN_POINT ( 'NONE',  ( 32.00000000000000000, 48.00000000000000000, -14.20000000000050555 ) ) ;
#901 = LINE ( 'NONE', #2958, #1620 ) ;
#902 = CIRCLE ( 'NONE', #2953, 3.149999999999999911 ) ;
#903 = CARTESIAN_POINT ( 'NONE',  ( -8.000000000000000000, -16.04520705486824994, -32.22656249999999289 ) ) ;
#904 = ORIENTED_EDGE ( 'NONE', *, *, #1977, .F. ) ;
#905 = ORIENTED_EDGE ( 'NONE', *, *, #947, .T. ) ;
#906 = ADVANCED_FACE ( 'NONE', ( #3281 ), #2010, .T. ) ;
#907 = CARTESIAN_POINT ( 'NONE',  ( 30.00000000000000000, 49.14814814814830157, 15.45741750195965913 ) ) ;
#908 = DIRECTION ( 'NONE',  ( 1.000000000000000000, -0.000000000000000000, 0.000000000000000000 ) ) ;
#909 = DIRECTION ( 'NONE',  ( 1.000000000000000000, 0.000000000000000000, 0.000000000000000000 ) ) ;
#910 = EDGE_LOOP ( 'NONE', ( #2508, #4475, #2949, #5013 ) ) ;
#911 = DIRECTION ( 'NONE',  ( 0.000000000000000000, 0.000000000000000000, -1.000000000000000000 ) ) ;
#912 = ORIENTED_EDGE ( 'NONE', *, *, #4295, .F. ) ;
#913 = EDGE_CURVE ( 'NONE', #2942, #2725, #387, .T. ) ;
#914 = EDGE_LOOP ( 'NONE', ( #4422, #2, #3646, #2861 ) ) ;
#915 = CARTESIAN_POINT ( 'NONE',  ( 30.99999999999999645, -68.64285714285716722, -1.469068842943090702 ) ) ;
#916 = DIRECTION ( 'NONE',  ( -1.000000000000000000, -0.000000000000000000, -0.000000000000000000 ) ) ;
#917 = ORIENTED_EDGE ( 'NONE', *, *, #368, .F. ) ;
#918 = ORIENTED_EDGE ( 'NONE', *, *, #2628, .T. ) ;
#919 = CARTESIAN_POINT ( 'NONE',  ( 30.00000000000000000, -32.22656250000004974, -16.04520705486814336 ) ) ;
#920 = VECTOR ( 'NONE', #5006, 1000.000000000000000 ) ;
#921 = LINE ( 'NONE', #510, #1136 ) ;
#922 = CYLINDRICAL_SURFACE ( 'NONE', #480, 14.20000000000000462 ) ;
#923 = ORIENTED_EDGE ( 'NONE', *, *, #2568, .T. ) ;
#924 = CARTESIAN_POINT ( 'NONE',  ( -8.000000000000000000, 17.45192298608406389, 49.29629629629628340 ) ) ;
#925 = DIRECTION ( 'NONE',  ( 1.000000000000000000, 0.000000000000000000, 0.000000000000000000 ) ) ;
#926 = AXIS2_PLACEMENT_3D ( 'NONE', #983, #3826, #4635 ) ;
#927 = EDGE_CURVE ( 'NONE', #3772, #2680, #4095, .T. ) ;
#928 = FACE_OUTER_BOUND ( 'NONE', #3054, .T. ) ;
#929 = ORIENTED_EDGE ( 'NONE', *, *, #3617, .F. ) ;
#930 = EDGE_LOOP ( 'NONE', ( #2404, #3965, #3820, #2208, #2425 ) ) ;
#931 = ORIENTED_EDGE ( 'NONE', *, *, #1224, .T. ) ;
#932 = ORIENTED_EDGE ( 'NONE', *, *, #4283, .T. ) ;
#933 = CIRCLE ( 'NONE', #3757, 5.000000000000000888 ) ;
#934 = DIRECTION ( 'NONE',  ( 0.000000000000000000, 0.4117098476402526464, 0.9113149847094800249 ) ) ;
#935 = DIRECTION ( 'NONE',  ( 1.000000000000000000, 0.000000000000000000, 0.000000000000000000 ) ) ;
#936 = DIRECTION ( 'NONE',  ( 0.000000000000000000, 0.000000000000000000, -1.000000000000000000 ) ) ;
#937 = ORIENTED_EDGE ( 'NONE', *, *, #704, .T. ) ;
#938 = EDGE_CURVE ( 'NONE', #1170, #4526, #1667, .T. ) ;
#939 = DIRECTION ( 'NONE',  ( 0.000000000000000000, 0.000000000000000000, -1.000000000000000000 ) ) ;
#940 = ORIENTED_EDGE ( 'NONE', *, *, #1901, .F. ) ;
#941 = ORIENTED_EDGE ( 'NONE', *, *, #380, .T. ) ;
#942 = DIRECTION ( 'NONE',  ( -1.000000000000000000, -0.000000000000000000, -0.000000000000000000 ) ) ;
#943 = CARTESIAN_POINT ( 'NONE',  ( 30.57257755995512838, -69.87943752884072524, -2.835607372931675307 ) ) ;
#944 = EDGE_CURVE ( 'NONE', #4085, #4689, #2533, .T. ) ;
#945 = DIRECTION ( 'NONE',  ( 0.000000000000000000, 0.000000000000000000, -1.000000000000000000 ) ) ;
#946 = CARTESIAN_POINT ( 'NONE',  ( -8.000000000000000000, 18.50000000000000000, -2.050000000000004263 ) ) ;
#947 = EDGE_CURVE ( 'NONE', #2183, #3580, #2719, .T. ) ;
#948 = AXIS2_PLACEMENT_3D ( 'NONE', #3657, #1402, #896 ) ;
#949 = FACE_OUTER_BOUND ( 'NONE', #2176, .T. ) ;
#950 = ORIENTED_EDGE ( 'NONE', *, *, #2891, .T. ) ;
#951 = CIRCLE ( 'NONE', #3873, 6.999999999999999112 ) ;
#952 = CARTESIAN_POINT ( 'NONE',  ( 10.00000000000000000, 48.00000000000000000, 8.673617379884035472E-15 ) ) ;
#953 = VECTOR ( 'NONE', #3602, 1000.000000000000000 ) ;
#954 = DIRECTION ( 'NONE',  ( 1.000000000000000000, 0.000000000000000000, 0.000000000000000000 ) ) ;
#955 = AXIS2_PLACEMENT_3D ( 'NONE', #985, #2310, #249 ) ;
#956 = AXIS2_PLACEMENT_3D ( 'NONE', #2248, #2352, #4764 ) ;
#957 = ORIENTED_EDGE ( 'NONE', *, *, #777, .F. ) ;
#958 = VERTEX_POINT ( 'NONE', #2559 ) ;
#959 = ORIENTED_EDGE ( 'NONE', *, *, #473, .F. ) ;
#960 = ORIENTED_EDGE ( 'NONE', *, *, #3597, .T. ) ;
#961 = ADVANCED_FACE ( 'NONE', ( #178 ), #2095, .T. ) ;
#962 = DIRECTION ( 'NONE',  ( 0.000000000000000000, 0.000000000000000000, -1.000000000000000000 ) ) ;
#963 = AXIS2_PLACEMENT_3D ( 'NONE', #5035, #4523, #1241 ) ;
#964 = CARTESIAN_POINT ( 'NONE',  ( 32.00000000000000000, 0.000000000000000000, -48.00000000000000000 ) ) ;
#965 = AXIS2_PLACEMENT_3D ( 'NONE', #3304, #3809, #42 ) ;
#966 = CARTESIAN_POINT ( 'NONE',  ( 12.00000000000000000, -18.00000000000004974, 5.551115123125782702E-14 ) ) ;
#967 = AXIS2_PLACEMENT_3D ( 'NONE', #119, #1293, #1682 ) ;
#968 = ORIENTED_EDGE ( 'NONE', *, *, #5115, .F. ) ;
#969 = CIRCLE ( 'NONE', #2927, 70.00000000000001421 ) ;
#970 = DIRECTION ( 'NONE',  ( -1.000000000000000000, -0.000000000000000000, -0.000000000000000000 ) ) ;
#971 = ADVANCED_FACE ( 'NONE', ( #1438 ), #4426, .T. ) ;
#972 = CIRCLE ( 'NONE', #532, 2.000000000000140332 ) ;
#973 = FACE_OUTER_BOUND ( 'NONE', #3095, .T. ) ;
#974 = ORIENTED_EDGE ( 'NONE', *, *, #4419, .T. ) ;
#975 = ORIENTED_EDGE ( 'NONE', *, *, #3164, .T. ) ;
#976 = EDGE_CURVE ( 'NONE', #2651, #360, #478, .T. ) ;
#977 = CARTESIAN_POINT ( 'NONE',  ( 30.00000000000000000, 12.92530568308831995, 25.96028645833332860 ) ) ;
#978 = CIRCLE ( 'NONE', #1151, 2.000000000000000888 ) ;
#979 = CIRCLE ( 'NONE', #4241, 3.149999999999999911 ) ;
#980 = CARTESIAN_POINT ( 'NONE',  ( 32.00000000000000000, -48.00000000000000000, 1.675911042644704011E-13 ) ) ;
#981 = ORIENTED_EDGE ( 'NONE', *, *, #3484, .F. ) ;
#982 = ADVANCED_FACE ( 'NONE', ( #5186 ), #607, .F. ) ;
#983 = CARTESIAN_POINT ( 'NONE',  ( 30.00000000000000000, 0.000000000000000000, 0.000000000000000000 ) ) ;
#984 = ORIENTED_EDGE ( 'NONE', *, *, #5106, .T. ) ;
#985 = CARTESIAN_POINT ( 'NONE',  ( 32.00000000000000000, 49.66666666666641561, -22.43818669639431107 ) ) ;
#986 = CIRCLE ( 'NONE', #4843, 70.00000000000001421 ) ;
#987 = CARTESIAN_POINT ( 'NONE',  ( 32.00000000000000000, -48.00000000000000000, 14.20000000000017160 ) ) ;
#988 = EDGE_LOOP ( 'NONE', ( #932, #4725, #4873, #139, #5020 ) ) ;
#989 = DIRECTION ( 'NONE',  ( -1.000000000000000000, 0.000000000000000000, 0.000000000000000000 ) ) ;
#990 = LINE ( 'NONE', #2618, #1590 ) ;
#991 = CARTESIAN_POINT ( 'NONE',  ( 12.00000000000000000, -7.778174593052051833, -9.778174593052135322 ) ) ;
#992 = DIRECTION ( 'NONE',  ( 0.000000000000000000, 0.000000000000000000, 1.000000000000000000 ) ) ;
#993 = CARTESIAN_POINT ( 'NONE',  ( 12.00000000000000000, 16.26345596729068177, 16.26345596729050769 ) ) ;
#994 = VERTEX_POINT ( 'NONE', #2591 ) ;
#995 = DIRECTION ( 'NONE',  ( 1.000000000000000000, 0.000000000000000000, 0.000000000000000000 ) ) ;
#996 = AXIS2_PLACEMENT_3D ( 'NONE', #3945, #1882, #2729 ) ;
#997 = CARTESIAN_POINT ( 'NONE',  ( -8.000000000000000000, -48.00000000000000000, 3.149999999999997247 ) ) ;
#998 = CARTESIAN_POINT ( 'NONE',  ( 30.00000000000000000, 32.22656250000015632, 9.045207054867919538 ) ) ;
#999 = CARTESIAN_POINT ( 'NONE',  ( 32.00000000000000000, -68.17784198264769202, -2.304353764160263829 ) ) ;
#1000 = VERTEX_POINT ( 'NONE', #5073 ) ;
#1001 = EDGE_CURVE ( 'NONE', #3703, #490, #990, .T. ) ;
#1002 = ORIENTED_EDGE ( 'NONE', *, *, #49, .T. ) ;
#1003 = DIRECTION ( 'NONE',  ( -1.000000000000000000, -0.000000000000000000, -0.000000000000000000 ) ) ;
#1004 = CARTESIAN_POINT ( 'NONE',  ( 32.00000000000000000, 49.29629629629609866, -17.45192298608456483 ) ) ;
#1005 = EDGE_CURVE ( 'NONE', #604, #2901, #580, .T. ) ;
#1006 = DIRECTION ( 'NONE',  ( -1.000000000000000000, -0.000000000000000000, -0.000000000000000000 ) ) ;
#1007 = FACE_OUTER_BOUND ( 'NONE', #5284, .T. ) ;
#1008 = ORIENTED_EDGE ( 'NONE', *, *, #3897, .F. ) ;
#1009 = CARTESIAN_POINT ( 'NONE',  ( 31.00000000000000000, -70.00000000000001421, 0.000000000000000000 ) ) ;
#1010 = ADVANCED_FACE ( 'NONE', ( #764 ), #3608, .T. ) ;
#1011 = AXIS2_PLACEMENT_3D ( 'NONE', #4975, #3320, #2085 ) ;
#1012 = DIRECTION ( 'NONE',  ( -1.000000000000000000, -0.000000000000000000, -0.000000000000000000 ) ) ;
#1013 = ORIENTED_EDGE ( 'NONE', *, *, #4263, .T. ) ;
#1014 = EDGE_LOOP ( 'NONE', ( #1002, #3979 ) ) ;
#1015 = CARTESIAN_POINT ( 'NONE',  ( 30.00000000000000000, 49.66666666666688457, 15.43818669639327190 ) ) ;
#1016 = CARTESIAN_POINT ( 'NONE',  ( 30.00000000000000000, -69.94202898550727809, 2.848259361516117583 ) ) ;
#1017 = DIRECTION ( 'NONE',  ( 0.000000000000000000, 0.000000000000000000, -1.000000000000000000 ) ) ;
#1018 = DIRECTION ( 'NONE',  ( 0.000000000000000000, 0.000000000000000000, -1.000000000000000000 ) ) ;
#1019 = DIRECTION ( 'NONE',  ( 0.000000000000000000, 0.000000000000000000, -1.000000000000000000 ) ) ;
#1020 = ORIENTED_EDGE ( 'NONE', *, *, #4693, .F. ) ;
#1021 = DIRECTION ( 'NONE',  ( 0.000000000000000000, 0.000000000000000000, -1.000000000000000000 ) ) ;
#1022 = CARTESIAN_POINT ( 'NONE',  ( 30.65911411048749358, -69.83584241330991915, 2.825543722366140376 ) ) ;
#1023 = FACE_OUTER_BOUND ( 'NONE', #3502, .T. ) ;
#1024 = CARTESIAN_POINT ( 'NONE',  ( 30.70123025035898578, -69.10908396365570638, -1.790995060605208300 ) ) ;
#1025 = EDGE_LOOP ( 'NONE', ( #3404, #4185 ) ) ;
#1026 = ORIENTED_EDGE ( 'NONE', *, *, #3303, .F. ) ;
#1027 = CARTESIAN_POINT ( 'NONE',  ( 12.00000000000000000, -17.67766952966364613, 17.67766952966376337 ) ) ;
#1028 = EDGE_CURVE ( 'NONE', #1948, #2131, #1196, .T. ) ;
#1029 = DIRECTION ( 'NONE',  ( 0.000000000000000000, 0.000000000000000000, -1.000000000000000000 ) ) ;
#1030 = ADVANCED_FACE ( 'NONE', ( #4876 ), #1172, .F. ) ;
#1031 = CARTESIAN_POINT ( 'NONE',  ( 2.000000000000001776, -68.94285714285716438, -2.807569942065886170 ) ) ;
#1032 = ORIENTED_EDGE ( 'NONE', *, *, #2271, .T. ) ;
#1033 = DIRECTION ( 'NONE',  ( 1.000000000000000000, -0.000000000000000000, -0.000000000000000000 ) ) ;
#1034 = FACE_OUTER_BOUND ( 'NONE', #5312, .T. ) ;
#1035 = EDGE_LOOP ( 'NONE', ( #4556, #4602, #3361, #1142 ) ) ;
#1036 = TOROIDAL_SURFACE ( 'NONE', #1129, 7.000000000000000000, 2.000000000000000000 ) ;
#1037 = EDGE_LOOP ( 'NONE', ( #3679, #101 ) ) ;
#1038 = CYLINDRICAL_SURFACE ( 'NONE', #5171, 2.000000000000011990 ) ;
#1039 = EDGE_CURVE ( 'NONE', #4526, #1535, #2317, .T. ) ;
#1040 = CARTESIAN_POINT ( 'NONE',  ( 31.78794254565029576, -68.85789953890420634, 2.558746939191950176 ) ) ;
#1041 = CARTESIAN_POINT ( 'NONE',  ( 32.00000000000000000, 16.26345596729068177, 14.26345596729047926 ) ) ;
#1042 = AXIS2_PLACEMENT_3D ( 'NONE', #574, #2206, #3009 ) ;
#1043 = CARTESIAN_POINT ( 'NONE',  ( 6.999999999999999112, -2.168404344971008868E-15, -18.50000000000000000 ) ) ;
#1044 = CIRCLE ( 'NONE', #1542, 17.50000000000000711 ) ;
#1045 = CARTESIAN_POINT ( 'NONE',  ( 32.00000000000000000, -10.00000000000000888, 2.775557561562891351E-14 ) ) ;
#1046 = ORIENTED_EDGE ( 'NONE', *, *, #2166, .F. ) ;
#1047 = CARTESIAN_POINT ( 'NONE',  ( 32.00000000000000000, 0.000000000000000000, 0.000000000000000000 ) ) ;
#1048 = CIRCLE ( 'NONE', #1383, 2.000000000000057732 ) ;
#1049 = AXIS2_PLACEMENT_3D ( 'NONE', #4740, #1788, #4226 ) ;
#1050 = ADVANCED_FACE ( 'NONE', ( #3224 ), #2782, .F. ) ;
#1051 = CARTESIAN_POINT ( 'NONE',  ( 30.00000000000000000, 0.000000000000000000, 0.000000000000000000 ) ) ;
#1052 = FACE_BOUND ( 'NONE', #4010, .T. ) ;
#1053 = CARTESIAN_POINT ( 'NONE',  ( 31.99999999999999645, -68.64285714285718143, -1.469068842943090258 ) ) ;
#1054 = VERTEX_POINT ( 'NONE', #1531 ) ;
#1055 = AXIS2_PLACEMENT_3D ( 'NONE', #1131, #1159, #4442 ) ;
#1056 = DIRECTION ( 'NONE',  ( 0.000000000000000000, -0.9113149847094801359, 0.4117098476402526464 ) ) ;
#1057 = CIRCLE ( 'NONE', #195, 6.999999999999999112 ) ;
#1058 = ORIENTED_EDGE ( 'NONE', *, *, #742, .F. ) ;
#1059 = LINE ( 'NONE', #3461, #4558 ) ;
#1060 = VECTOR ( 'NONE', #60, 1000.000000000000000 ) ;
#1061 = AXIS2_PLACEMENT_3D ( 'NONE', #1464, #2784, #233 ) ;
#1062 = EDGE_CURVE ( 'NONE', #3408, #4984, #4853, .T. ) ;
#1063 = CARTESIAN_POINT ( 'NONE',  ( 32.00000000000000000, 16.26345596729068177, 18.26345596729053256 ) ) ;
#1064 = ORIENTED_EDGE ( 'NONE', *, *, #2608, .F. ) ;
#1065 = CYLINDRICAL_SURFACE ( 'NONE', #3961, 5.000000000000000888 ) ;
#1066 = CIRCLE ( 'NONE', #3455, 4.999999999999997335 ) ;
#1067 = VECTOR ( 'NONE', #559, 1000.000000000000000 ) ;
#1068 = ADVANCED_FACE ( 'NONE', ( #4480 ), #4610, .T. ) ;
#1069 = CARTESIAN_POINT ( 'NONE',  ( 32.00000000000000000, 13.99999999999999822, -2.000000000000078160 ) ) ;
#1070 = EDGE_LOOP ( 'NONE', ( #3664, #2186, #747, #1307 ) ) ;
#1071 = ORIENTED_EDGE ( 'NONE', *, *, #317, .F. ) ;
#1072 = CARTESIAN_POINT ( 'NONE',  ( 30.00000000000000000, 0.000000000000000000, 0.000000000000000000 ) ) ;
#1073 = AXIS2_PLACEMENT_3D ( 'NONE', #364, #4063, #4007 ) ;
#1074 = CARTESIAN_POINT ( 'NONE',  ( 30.69849640414945924, -69.82228218846962875, 2.822576881303930918 ) ) ;
#1075 = CARTESIAN_POINT ( 'NONE',  ( 32.00000000000000000, -7.778174593052051833, -7.778174593051994989 ) ) ;
#1076 = DIRECTION ( 'NONE',  ( 1.000000000000000000, -0.000000000000000000, -0.000000000000000000 ) ) ;
#1077 = AXIS2_PLACEMENT_3D ( 'NONE', #1511, #4800, #3151 ) ;
#1078 = ADVANCED_FACE ( 'NONE', ( #790 ), #687, .F. ) ;
#1079 = CARTESIAN_POINT ( 'NONE',  ( 10.00000000000000000, -6.071532165918824830E-15, 44.85000000000000142 ) ) ;
#1080 = ORIENTED_EDGE ( 'NONE', *, *, #1746, .F. ) ;
#1081 = DIRECTION ( 'NONE',  ( -1.000000000000000000, 0.000000000000000000, 0.000000000000000000 ) ) ;
#1082 = LINE ( 'NONE', #1420, #1479 ) ;
#1083 = DIRECTION ( 'NONE',  ( 0.000000000000000000, 0.000000000000000000, -1.000000000000000000 ) ) ;
#1084 = CARTESIAN_POINT ( 'NONE',  ( -8.000000000000000000, 32.22656249999982947, -16.04520705486859100 ) ) ;
#1085 = EDGE_CURVE ( 'NONE', #2541, #2871, #4787, .T. ) ;
#1086 = CIRCLE ( 'NONE', #303, 4.999999999999997335 ) ;
#1087 = ORIENTED_EDGE ( 'NONE', *, *, #1062, .T. ) ;
#1088 = FACE_OUTER_BOUND ( 'NONE', #4537, .T. ) ;
#1089 = AXIS2_PLACEMENT_3D ( 'NONE', #4111, #2885, #2473 ) ;
#1090 = DIRECTION ( 'NONE',  ( 0.000000000000000000, 0.000000000000000000, 1.000000000000000000 ) ) ;
#1091 = VERTEX_POINT ( 'NONE', #382 ) ;
#1092 = DIRECTION ( 'NONE',  ( -1.000000000000000000, -0.000000000000000000, -0.000000000000000000 ) ) ;
#1093 = DIRECTION ( 'NONE',  ( 0.000000000000000000, 0.000000000000000000, -1.000000000000000000 ) ) ;
#1094 = ORIENTED_EDGE ( 'NONE', *, *, #710, .F. ) ;
#1095 = ORIENTED_EDGE ( 'NONE', *, *, #83, .F. ) ;
#1096 = VECTOR ( 'NONE', #312, 1000.000000000000000 ) ;
#1097 = DIRECTION ( 'NONE',  ( 1.000000000000000000, -0.000000000000000000, -0.000000000000000000 ) ) ;
#1098 = DIRECTION ( 'NONE',  ( 1.000000000000000000, 0.000000000000000000, 0.000000000000000000 ) ) ;
#1099 = CARTESIAN_POINT ( 'NONE',  ( 30.00000000000000000, -24.49673593459505838, -54.22324159021404455 ) ) ;
#1100 = EDGE_CURVE ( 'NONE', #994, #564, #4366, .T. ) ;
#1101 = DIRECTION ( 'NONE',  ( -1.000000000000000000, -0.000000000000000000, -0.000000000000000000 ) ) ;
#1102 = CARTESIAN_POINT ( 'NONE',  ( 12.00000000000000000, 1.110223024625156540E-13, 24.00000000000002132 ) ) ;
#1103 = ORIENTED_EDGE ( 'NONE', *, *, #1738, .F. ) ;
#1104 = CARTESIAN_POINT ( 'NONE',  ( -11.99999999999999822, 48.00000000000000000, 3.150000000000009237 ) ) ;
#1105 = FACE_OUTER_BOUND ( 'NONE', #882, .T. ) ;
#1106 = CYLINDRICAL_SURFACE ( 'NONE', #5111, 5.000000000000000888 ) ;
#1107 = EDGE_CURVE ( 'NONE', #2986, #2961, #5041, .T. ) ;
#1108 = DIRECTION ( 'NONE',  ( 0.000000000000000000, 0.000000000000000000, -1.000000000000000000 ) ) ;
#1109 = CIRCLE ( 'NONE', #4280, 5.000000000000000888 ) ;
#1110 = EDGE_CURVE ( 'NONE', #5129, #261, #4524, .T. ) ;
#1111 = CARTESIAN_POINT ( 'NONE',  ( 30.00000000000000000, 0.000000000000000000, -48.00000000000000000 ) ) ;
#1112 = DIRECTION ( 'NONE',  ( 0.000000000000000000, 1.000000000000000000, -1.047444401652940007E-14 ) ) ;
#1113 = ORIENTED_EDGE ( 'NONE', *, *, #1584, .T. ) ;
#1114 = CARTESIAN_POINT ( 'NONE',  ( 32.00000000000000000, 0.000000000000000000, -68.00000000000001421 ) ) ;
#1115 = CIRCLE ( 'NONE', #2389, 3.000000000000002220 ) ;
#1116 = CARTESIAN_POINT ( 'NONE',  ( -8.000000000000000000, -48.00000000000000000, 1.675911042644704011E-13 ) ) ;
#1117 = ORIENTED_EDGE ( 'NONE', *, *, #4745, .T. ) ;
#1118 = EDGE_LOOP ( 'NONE', ( #99, #89 ) ) ;
#1119 = DIRECTION ( 'NONE',  ( -1.000000000000000000, -0.000000000000000000, -0.000000000000000000 ) ) ;
#1120 = CARTESIAN_POINT ( 'NONE',  ( 30.00000000000000000, -48.00000000000000000, 1.675911042644704011E-13 ) ) ;
#1121 = CARTESIAN_POINT ( 'NONE',  ( 30.00000000000000000, 35.73177083333346360, 12.47960548711938067 ) ) ;
#1122 = DIRECTION ( 'NONE',  ( 1.000000000000000000, 0.000000000000000000, 0.000000000000000000 ) ) ;
#1123 = CIRCLE ( 'NONE', #1, 31.00000000000000000 ) ;
#1125 = CARTESIAN_POINT ( 'NONE',  ( 12.00000000000000000, 10.60660171779827898, 8.606601717798081808 ) ) ;
#1124 = AXIS2_PLACEMENT_3D ( 'NONE', #2520, #1679, #2137 ) ;
#1126 = ORIENTED_EDGE ( 'NONE', *, *, #3907, .T. ) ;
#1127 = CARTESIAN_POINT ( 'NONE',  ( 30.00000000000000000, -48.00000000000000000, 1.675911042644704011E-13 ) ) ;
#1128 = FACE_OUTER_BOUND ( 'NONE', #3985, .T. ) ;
#1129 = AXIS2_PLACEMENT_3D ( 'NONE', #4240, #2558, #555 ) ;
#1130 = CIRCLE ( 'NONE', #611, 1.999999999999997780 ) ;
#1131 = CARTESIAN_POINT ( 'NONE',  ( -8.000000000000000000, 49.66666666666641561, -22.43818669639431107 ) ) ;
#1132 = CIRCLE ( 'NONE', #609, 5.500000000000000000 ) ;
#1133 = AXIS2_PLACEMENT_3D ( 'NONE', #508, #3341, #1984 ) ;
#1134 = EDGE_CURVE ( 'NONE', #2000, #3363, #2101, .T. ) ;
#1135 = EDGE_LOOP ( 'NONE', ( #685, #4022 ) ) ;
#1136 = VECTOR ( 'NONE', #2136, 1000.000000000000000 ) ;
#1137 = AXIS2_PLACEMENT_3D ( 'NONE', #2168, #1056, #5060 ) ;
#1138 = DIRECTION ( 'NONE',  ( 0.000000000000000000, 0.000000000000000000, -1.000000000000000000 ) ) ;
#1139 = ADVANCED_FACE ( 'NONE', ( #4778 ), #571, .T. ) ;
#1140 = AXIS2_PLACEMENT_3D ( 'NONE', #2770, #5201, #3651 ) ;
#1141 = CARTESIAN_POINT ( 'NONE',  ( 30.00000000000000000, 0.000000000000000000, 0.000000000000000000 ) ) ;
#1142 = ORIENTED_EDGE ( 'NONE', *, *, #3652, .F. ) ;
#1143 = CARTESIAN_POINT ( 'NONE',  ( 32.00000000000000000, 49.66666666666688457, 22.43818669639327013 ) ) ;
#1144 = AXIS2_PLACEMENT_3D ( 'NONE', #1043, #209, #3811 ) ;
#1145 = ADVANCED_FACE ( 'NONE', ( #3559 ), #5137, .T. ) ;
#1146 = CARTESIAN_POINT ( 'NONE',  ( 12.00000000000000000, 1.110223024625156540E-13, 24.00000000000002132 ) ) ;
#1147 = ORIENTED_EDGE ( 'NONE', *, *, #642, .T. ) ;
#1148 = DIRECTION ( 'NONE',  ( 0.000000000000000000, 0.000000000000000000, -1.000000000000000000 ) ) ;
#1149 = DIRECTION ( 'NONE',  ( 0.000000000000000000, 0.000000000000000000, -1.000000000000000000 ) ) ;
#1150 = DIRECTION ( 'NONE',  ( 1.000000000000000000, 0.000000000000000000, 0.000000000000000000 ) ) ;
#1151 = AXIS2_PLACEMENT_3D ( 'NONE', #1860, #4304, #3108 ) ;
#1152 = CIRCLE ( 'NONE', #3901, 5.500000000000000000 ) ;
#1153 = CARTESIAN_POINT ( 'NONE',  ( 32.00000000000000000, -22.43818669639379237, -49.66666666666665009 ) ) ;
#1154 = CARTESIAN_POINT ( 'NONE',  ( 30.00000000000000000, -35.73177083333328596, 12.47960548711987805 ) ) ;
#1155 = ORIENTED_EDGE ( 'NONE', *, *, #3802, .T. ) ;
#1156 = ORIENTED_EDGE ( 'NONE', *, *, #4425, .T. ) ;
#1157 = DIRECTION ( 'NONE',  ( 1.000000000000000000, -0.000000000000000000, -0.000000000000000000 ) ) ;
#1158 = CARTESIAN_POINT ( 'NONE',  ( 30.00000000000000000, 22.43818669639379237, -49.66666666666665009 ) ) ;
#1159 = DIRECTION ( 'NONE',  ( -1.000000000000000000, 0.000000000000000000, 0.000000000000000000 ) ) ;
#1160 = EDGE_LOOP ( 'NONE', ( #175, #3041, #824, #1718 ) ) ;
#1161 = AXIS2_PLACEMENT_3D ( 'NONE', #3560, #3976, #4025 ) ;
#1162 = AXIS2_PLACEMENT_3D ( 'NONE', #2327, #3568, #1421 ) ;
#1163 = FACE_OUTER_BOUND ( 'NONE', #3138, .T. ) ;
#1164 = EDGE_CURVE ( 'NONE', #3468, #3347, #1185, .T. ) ;
#1165 = DIRECTION ( 'NONE',  ( 0.000000000000000000, 0.000000000000000000, 1.000000000000000000 ) ) ;
#1166 = ORIENTED_EDGE ( 'NONE', *, *, #1134, .F. ) ;
#1167 = DIRECTION ( 'NONE',  ( 1.000000000000000000, -0.000000000000000000, -0.000000000000000000 ) ) ;
#1168 = ADVANCED_FACE ( 'NONE', ( #1292 ), #2957, .T. ) ;
#1169 = DIRECTION ( 'NONE',  ( 0.000000000000000000, -0.8951822916666665186, -0.4457001959685629733 ) ) ;
#1170 = VERTEX_POINT ( 'NONE', #1656 ) ;
#1171 = DIRECTION ( 'NONE',  ( -1.000000000000000000, 0.000000000000000000, 0.000000000000000000 ) ) ;
#1172 = CYLINDRICAL_SURFACE ( 'NONE', #482, 2.000000000000032863 ) ;
#1173 = CARTESIAN_POINT ( 'NONE',  ( 30.00000000000000000, 0.000000000000000000, 48.00000000000000000 ) ) ;
#1174 = EDGE_CURVE ( 'NONE', #2261, #3094, #2542, .T. ) ;
#1175 = FACE_OUTER_BOUND ( 'NONE', #40, .T. ) ;
#1176 = LINE ( 'NONE', #4107, #2493 ) ;
#1177 = EDGE_LOOP ( 'NONE', ( #4224, #3125, #15, #3300 ) ) ;
#1178 = VERTEX_POINT ( 'NONE', #900 ) ;
#1179 = ORIENTED_EDGE ( 'NONE', *, *, #4093, .F. ) ;
#1180 = FACE_OUTER_BOUND ( 'NONE', #1298, .T. ) ;
#1181 = FACE_BOUND ( 'NONE', #5293, .T. ) ;
#1182 = ADVANCED_FACE ( 'NONE', ( #1630 ), #1266, .F. ) ;
#1183 = CARTESIAN_POINT ( 'NONE',  ( 30.00000000000000000, 48.00000000000000000, -17.50000000000051159 ) ) ;
#1184 = EDGE_LOOP ( 'NONE', ( #1226, #2382, #501, #240 ) ) ;
#1185 = CIRCLE ( 'NONE', #5049, 2.000000000000066169 ) ;
#1186 = VERTEX_POINT ( 'NONE', #924 ) ;
#1187 = CARTESIAN_POINT ( 'NONE',  ( 31.00000000000000000, -67.96428571428573662, -2.203603264414626395 ) ) ;
#1188 = EDGE_CURVE ( 'NONE', #2291, #813, #3746, .T. ) ;
#1189 = CARTESIAN_POINT ( 'NONE',  ( 32.00000000000000000, 24.49673593459505838, 54.22324159021404455 ) ) ;
#1190 = DIRECTION ( 'NONE',  ( 0.000000000000000000, 8.881784197001252323E-16, -1.000000000000000000 ) ) ;
#1191 = AXIS2_PLACEMENT_3D ( 'NONE', #3990, #304, #1090 ) ;
#1192 = CARTESIAN_POINT ( 'NONE',  ( 30.00000000000000000, -49.66666666666672825, -22.43818669639361829 ) ) ;
#1193 = ORIENTED_EDGE ( 'NONE', *, *, #242, .T. ) ;
#1194 = EDGE_CURVE ( 'NONE', #3325, #171, #149, .T. ) ;
#1195 = CARTESIAN_POINT ( 'NONE',  ( 32.00000000000000000, 10.60660171779827898, 10.60660171779814753 ) ) ;
#1196 = LINE ( 'NONE', #3659, #1096 ) ;
#1197 = CARTESIAN_POINT ( 'NONE',  ( 12.00000000000000000, -8.326672684688674053E-14, -14.00000000000011369 ) ) ;
#1198 = CARTESIAN_POINT ( 'NONE',  ( 32.00000000000000000, 0.000000000000000000, 0.000000000000000000 ) ) ;
#1199 = ORIENTED_EDGE ( 'NONE', *, *, #3073, .F. ) ;
#1200 = ADVANCED_FACE ( 'NONE', ( #3296 ), #1605, .F. ) ;
#1201 = DIRECTION ( 'NONE',  ( 0.000000000000000000, 0.000000000000000000, -1.000000000000000000 ) ) ;
#1202 = DIRECTION ( 'NONE',  ( 0.000000000000000000, 0.000000000000000000, -1.000000000000000000 ) ) ;
#1203 = DIRECTION ( 'NONE',  ( -1.000000000000000000, 0.000000000000000000, 0.000000000000000000 ) ) ;
#1204 = CARTESIAN_POINT ( 'NONE',  ( 30.00000000000000000, -69.94202898550726388, -2.848259361516118915 ) ) ;
#1205 = EDGE_LOOP ( 'NONE', ( #202, #4934 ) ) ;
#1206 = EDGE_CURVE ( 'NONE', #872, #4099, #756, .T. ) ;
#1207 = AXIS2_PLACEMENT_3D ( 'NONE', #5072, #989, #1381 ) ;
#1208 = CIRCLE ( 'NONE', #2047, 1.999999999999994893 ) ;
#1209 = AXIS2_PLACEMENT_3D ( 'NONE', #1585, #403, #2855 ) ;
#1210 = ORIENTED_EDGE ( 'NONE', *, *, #777, .T. ) ;
#1211 = DIRECTION ( 'NONE',  ( 0.000000000000000000, 0.000000000000000000, 1.000000000000000000 ) ) ;
#1212 = CIRCLE ( 'NONE', #2231, 2.000000000000000000 ) ;
#1213 = CIRCLE ( 'NONE', #3968, 1.999999999999999334 ) ;
#1214 = LINE ( 'NONE', #1784, #126 ) ;
#1215 = CIRCLE ( 'NONE', #965, 6.999999999999999112 ) ;
#1216 = LINE ( 'NONE', #306, #866 ) ;
#1217 = CIRCLE ( 'NONE', #785, 17.50000000000000711 ) ;
#1218 = CIRCLE ( 'NONE', #2247, 17.50000000000000711 ) ;
#1219 = CARTESIAN_POINT ( 'NONE',  ( 12.00000000000000000, 0.000000000000000000, 0.000000000000000000 ) ) ;
#1220 = EDGE_LOOP ( 'NONE', ( #4913, #3439, #4633, #1572 ) ) ;
#1221 = DIRECTION ( 'NONE',  ( -1.000000000000000000, -0.000000000000000000, -0.000000000000000000 ) ) ;
#1222 = AXIS2_PLACEMENT_3D ( 'NONE', #3307, #2431, #2843 ) ;
#1223 = CARTESIAN_POINT ( 'NONE',  ( 6.999999999999999112, 18.50000000000000000, 2.049999999999997158 ) ) ;
#1224 = EDGE_CURVE ( 'NONE', #3580, #3832, #159, .T. ) ;
#1225 = DIRECTION ( 'NONE',  ( 0.000000000000000000, 0.000000000000000000, -1.000000000000000000 ) ) ;
#1226 = ORIENTED_EDGE ( 'NONE', *, *, #302, .T. ) ;
#1227 = DIRECTION ( 'NONE',  ( 1.000000000000000000, -0.000000000000000000, -0.000000000000000000 ) ) ;
#1228 = AXIS2_PLACEMENT_3D ( 'NONE', #2276, #1391, #1470 ) ;
#1229 = CIRCLE ( 'NONE', #1732, 2.000000000000002220 ) ;
#1230 = CYLINDRICAL_SURFACE ( 'NONE', #3196, 14.20000000000000284 ) ;
#1231 = ORIENTED_EDGE ( 'NONE', *, *, #1611, .F. ) ;
#1232 = DIRECTION ( 'NONE',  ( 0.000000000000000000, 0.000000000000000000, 1.000000000000000000 ) ) ;
#1233 = DIRECTION ( 'NONE',  ( 1.000000000000000000, -0.000000000000000000, -0.000000000000000000 ) ) ;
#1234 = ORIENTED_EDGE ( 'NONE', *, *, #3577, .F. ) ;
#1235 = EDGE_CURVE ( 'NONE', #2914, #3534, #4871, .T. ) ;
#1236 = ORIENTED_EDGE ( 'NONE', *, *, #2900, .T. ) ;
#1237 = CARTESIAN_POINT ( 'NONE',  ( 30.00000000000000000, 12.47960548711975370, -35.73177083333332860 ) ) ;
#1238 = ADVANCED_FACE ( 'NONE', ( #840 ), #820, .T. ) ;
#1239 = VECTOR ( 'NONE', #4142, 1000.000000000000000 ) ;
#1240 = CARTESIAN_POINT ( 'NONE',  ( 32.00000000000000000, 49.66666666666641561, -22.43818669639431107 ) ) ;
#1241 = DIRECTION ( 'NONE',  ( 0.000000000000000000, 0.000000000000000000, -1.000000000000000000 ) ) ;
#1242 = TOROIDAL_SURFACE ( 'NONE', #1920, 28.99999999999999645, 2.000000000000000000 ) ;
#1243 = DIRECTION ( 'NONE',  ( 0.000000000000000000, 0.000000000000000000, 1.000000000000000000 ) ) ;
#1244 = ORIENTED_EDGE ( 'NONE', *, *, #3406, .T. ) ;
#1245 = DIRECTION ( 'NONE',  ( -1.000000000000000000, -0.000000000000000000, -0.000000000000000000 ) ) ;
#1246 = DIRECTION ( 'NONE',  ( 1.000000000000000000, -0.000000000000000000, -0.000000000000000000 ) ) ;
#1247 = DIRECTION ( 'NONE',  ( 0.000000000000000000, 0.000000000000000000, -1.000000000000000000 ) ) ;
#1248 = VERTEX_POINT ( 'NONE', #35 ) ;
#1249 = ORIENTED_EDGE ( 'NONE', *, *, #4218, .T. ) ;
#1250 = CARTESIAN_POINT ( 'NONE',  ( 30.00000000000000000, 0.000000000000000000, -48.00000000000000000 ) ) ;
#1251 = EDGE_CURVE ( 'NONE', #3825, #2292, #4369, .T. ) ;
#1252 = DIRECTION ( 'NONE',  ( 1.000000000000000000, -0.000000000000000000, -0.000000000000000000 ) ) ;
#1253 = DIRECTION ( 'NONE',  ( 0.000000000000000000, 0.000000000000000000, 1.000000000000000000 ) ) ;
#1254 = CARTESIAN_POINT ( 'NONE',  ( 32.00000000000000000, -17.45192298608404968, 49.29629629629628340 ) ) ;
#1255 = ORIENTED_EDGE ( 'NONE', *, *, #614, .F. ) ;
#1256 = ORIENTED_EDGE ( 'NONE', *, *, #1646, .T. ) ;
#1257 = EDGE_CURVE ( 'NONE', #360, #2651, #1440, .T. ) ;
#1258 = CARTESIAN_POINT ( 'NONE',  ( 6.999999999999999112, -18.50000000000000000, -2.050000000000000711 ) ) ;
#1259 = ADVANCED_FACE ( 'NONE', ( #2551 ), #485, .F. ) ;
#1260 = DIRECTION ( 'NONE',  ( 0.000000000000000000, 0.000000000000000000, -1.000000000000000000 ) ) ;
#1261 = CYLINDRICAL_SURFACE ( 'NONE', #2762, 5.000000000000000888 ) ;
#1262 = AXIS2_PLACEMENT_3D ( 'NONE', #4719, #1404, #5149 ) ;
#1263 = CARTESIAN_POINT ( 'NONE',  ( 12.00000000000000000, 22.00000000000000000, -2.000000000000170974 ) ) ;
#1264 = ORIENTED_EDGE ( 'NONE', *, *, #4370, .F. ) ;
#1265 = EDGE_CURVE ( 'NONE', #2869, #4169, #2036, .T. ) ;
#1266 = CYLINDRICAL_SURFACE ( 'NONE', #2373, 4.999999999999997335 ) ;
#1267 = DIRECTION ( 'NONE',  ( 1.000000000000000000, -0.000000000000000000, -0.000000000000000000 ) ) ;
#1268 = DIRECTION ( 'NONE',  ( 0.000000000000000000, 0.000000000000000000, -1.000000000000000000 ) ) ;
#1269 = ORIENTED_EDGE ( 'NONE', *, *, #3394, .T. ) ;
#1270 = ORIENTED_EDGE ( 'NONE', *, *, #1315, .F. ) ;
#1271 = FACE_BOUND ( 'NONE', #3222, .T. ) ;
#1272 = CARTESIAN_POINT ( 'NONE',  ( 32.00000000000000000, -32.22656250000004974, -16.04520705486814336 ) ) ;
#1273 = VERTEX_POINT ( 'NONE', #2465 ) ;
#1274 = DIRECTION ( 'NONE',  ( 0.000000000000000000, 0.000000000000000000, -1.000000000000000000 ) ) ;
#1275 = DIRECTION ( 'NONE',  ( -1.000000000000000000, -0.000000000000000000, -0.000000000000000000 ) ) ;
#1276 = EDGE_LOOP ( 'NONE', ( #2457, #851, #3595, #4959, #4822, #4267, #937, #2329, #984, #3508 ) ) ;
#1277 = EDGE_CURVE ( 'NONE', #1822, #1000, #1109, .T. ) ;
#1278 = AXIS2_PLACEMENT_3D ( 'NONE', #3940, #3093, #1485 ) ;
#1279 = CARTESIAN_POINT ( 'NONE',  ( 6.999999999999999112, -18.50000000000000000, 1.084202172485504434E-15 ) ) ;
#1280 = ORIENTED_EDGE ( 'NONE', *, *, #2743, .T. ) ;
#1281 = EDGE_CURVE ( 'NONE', #2210, #1799, #2810, .T. ) ;
#1282 = CARTESIAN_POINT ( 'NONE',  ( 10.00000000000000000, 0.000000000000000000, 48.00000000000000000 ) ) ;
#1283 = ORIENTED_EDGE ( 'NONE', *, *, #3730, .T. ) ;
#1284 = LINE ( 'NONE', #859, #1239 ) ;
#1285 = AXIS2_PLACEMENT_3D ( 'NONE', #3607, #5234, #1702 ) ;
#1286 = DIRECTION ( 'NONE',  ( 0.000000000000000000, 0.000000000000000000, -1.000000000000000000 ) ) ;
#1287 = EDGE_CURVE ( 'NONE', #61, #593, #3915, .T. ) ;
#1288 = CARTESIAN_POINT ( 'NONE',  ( -8.000000000000000000, 48.00000000000000000, -5.027733127934112032E-13 ) ) ;
#1289 = ORIENTED_EDGE ( 'NONE', *, *, #3967, .T. ) ;
#1290 = VECTOR ( 'NONE', #1476, 1000.000000000000000 ) ;
#1291 = AXIS2_PLACEMENT_3D ( 'NONE', #3536, #3949, #1469 ) ;
#1292 = FACE_OUTER_BOUND ( 'NONE', #269, .T. ) ;
#1293 = DIRECTION ( 'NONE',  ( -1.000000000000000000, 0.000000000000000000, 0.000000000000000000 ) ) ;
#1294 = AXIS2_PLACEMENT_3D ( 'NONE', #1279, #3310, #105 ) ;
#1295 = CIRCLE ( 'NONE', #4993, 1.000000000000000000 ) ;
#1296 = EDGE_CURVE ( 'NONE', #994, #2901, #2890, .T. ) ;
#1297 = LINE ( 'NONE', #987, #1060 ) ;
#1298 = EDGE_LOOP ( 'NONE', ( #2478, #1959, #4921, #466 ) ) ;
#1299 = ORIENTED_EDGE ( 'NONE', *, *, #3795, .T. ) ;
#1300 = ORIENTED_EDGE ( 'NONE', *, *, #3309, .T. ) ;
#1301 = DIRECTION ( 'NONE',  ( 1.000000000000000000, -0.000000000000000000, -0.000000000000000000 ) ) ;
#1302 = CIRCLE ( 'NONE', #2249, 2.049999999999999822 ) ;
#1303 = CYLINDRICAL_SURFACE ( 'NONE', #4664, 4.999999999999997335 ) ;
#1304 = ORIENTED_EDGE ( 'NONE', *, *, #4331, .T. ) ;
#1305 = EDGE_LOOP ( 'NONE', ( #2224, #4992 ) ) ;
#1306 = AXIS2_PLACEMENT_3D ( 'NONE', #4299, #2678, #2649 ) ;
#1307 = ORIENTED_EDGE ( 'NONE', *, *, #280, .T. ) ;
#1308 = ORIENTED_EDGE ( 'NONE', *, *, #2467, .T. ) ;
#1309 = CARTESIAN_POINT ( 'NONE',  ( -8.000000000000000000, 54.22324159021430745, 24.49673593459448639 ) ) ;
#1310 = DIRECTION ( 'NONE',  ( 1.000000000000000000, -0.000000000000000000, -0.000000000000000000 ) ) ;
#1311 = ORIENTED_EDGE ( 'NONE', *, *, #1393, .F. ) ;
#1312 = ORIENTED_EDGE ( 'NONE', *, *, #2440, .F. ) ;
#1313 = CIRCLE ( 'NONE', #1905, 6.999999999999999112 ) ;
#1314 = DIRECTION ( 'NONE',  ( 0.000000000000000000, 0.000000000000000000, 1.000000000000000000 ) ) ;
#1315 = EDGE_CURVE ( 'NONE', #5015, #254, #4232, .T. ) ;
#1316 = DIRECTION ( 'NONE',  ( 1.000000000000000000, -0.000000000000000000, -0.000000000000000000 ) ) ;
#1317 = CIRCLE ( 'NONE', #2781, 2.050000000000001599 ) ;
#1318 = CARTESIAN_POINT ( 'NONE',  ( 6.999999999999999112, 2.510525938252074186E-16, 16.44999999999999929 ) ) ;
#1319 = VERTEX_POINT ( 'NONE', #1375 ) ;
#1320 = EDGE_CURVE ( 'NONE', #4326, #3842, #241, .T. ) ;
#1321 = DIRECTION ( 'NONE',  ( -1.000000000000000000, 0.000000000000000000, -0.000000000000000000 ) ) ;
#1322 = DIRECTION ( 'NONE',  ( 0.000000000000000000, 0.000000000000000000, -1.000000000000000000 ) ) ;
#1323 = AXIS2_PLACEMENT_3D ( 'NONE', #4243, #1641, #469 ) ;
#1324 = CARTESIAN_POINT ( 'NONE',  ( 12.00000000000000000, 0.000000000000000000, 0.000000000000000000 ) ) ;
#1325 = EDGE_LOOP ( 'NONE', ( #4845, #1655, #4510, #2555 ) ) ;
#1326 = ORIENTED_EDGE ( 'NONE', *, *, #704, .F. ) ;
#1327 = VERTEX_POINT ( 'NONE', #1063 ) ;
#1328 = ORIENTED_EDGE ( 'NONE', *, *, #5286, .F. ) ;
#1329 = EDGE_CURVE ( 'NONE', #2941, #4158, #1939, .T. ) ;
#1330 = CARTESIAN_POINT ( 'NONE',  ( 30.00000000000000000, -25.32015562987556478, -56.04587155963300660 ) ) ;
#1331 = CARTESIAN_POINT ( 'NONE',  ( 32.00000000000000000, 48.00000000000000000, -5.027733127934112032E-13 ) ) ;
#1332 = DIRECTION ( 'NONE',  ( 0.000000000000000000, 0.000000000000000000, -1.000000000000000000 ) ) ;
#1333 = ORIENTED_EDGE ( 'NONE', *, *, #2236, .T. ) ;
#1334 = DIRECTION ( 'NONE',  ( -1.000000000000000000, -0.000000000000000000, 0.000000000000000000 ) ) ;
#1335 = ORIENTED_EDGE ( 'NONE', *, *, #141, .T. ) ;
#1336 = ORIENTED_EDGE ( 'NONE', *, *, #2412, .F. ) ;
#1337 = FACE_OUTER_BOUND ( 'NONE', #1717, .T. ) ;
#1338 = ADVANCED_FACE ( 'NONE', ( #4667 ), #3231, .T. ) ;
#1339 = CIRCLE ( 'NONE', #4864, 17.50000000000000711 ) ;
#1340 = FACE_OUTER_BOUND ( 'NONE', #4325, .T. ) ;
#1341 = VERTEX_POINT ( 'NONE', #2611 ) ;
#1342 = ORIENTED_EDGE ( 'NONE', *, *, #548, .T. ) ;
#1343 = DIRECTION ( 'NONE',  ( 0.000000000000000000, 0.7010416666666691166, 0.7131203135496976264 ) ) ;
#1344 = AXIS2_PLACEMENT_3D ( 'NONE', #4144, #4632, #2108 ) ;
#1345 = CARTESIAN_POINT ( 'NONE',  ( 32.00000000000000000, -25.32015562987556834, 56.04587155963300660 ) ) ;
#1346 = CARTESIAN_POINT ( 'NONE',  ( 30.00000000000000000, 0.000000000000000000, 0.000000000000000000 ) ) ;
#1347 = ORIENTED_EDGE ( 'NONE', *, *, #345, .T. ) ;
#1348 = DIRECTION ( 'NONE',  ( 0.000000000000000000, 0.000000000000000000, 1.000000000000000000 ) ) ;
#1349 = DIRECTION ( 'NONE',  ( 0.000000000000000000, -0.4457001959685533143, 0.8951822916666712926 ) ) ;
#1350 = AXIS2_PLACEMENT_3D ( 'NONE', #11, #4507, #3274 ) ;
#1351 = EDGE_CURVE ( 'NONE', #3714, #797, #1744, .T. ) ;
#1352 = DIRECTION ( 'NONE',  ( -1.000000000000000000, 0.000000000000000000, 0.000000000000000000 ) ) ;
#1353 = ORIENTED_EDGE ( 'NONE', *, *, #4805, .F. ) ;
#1354 = ORIENTED_EDGE ( 'NONE', *, *, #2713, .T. ) ;
#1355 = ORIENTED_EDGE ( 'NONE', *, *, #2031, .T. ) ;
#1356 = ORIENTED_EDGE ( 'NONE', *, *, #456, .F. ) ;
#1357 = CIRCLE ( 'NONE', #3492, 15.50000000000001421 ) ;
#1358 = CARTESIAN_POINT ( 'NONE',  ( 12.00000000000000000, -1.110223024625156540E-13, -20.00000000000007461 ) ) ;
#1359 = CARTESIAN_POINT ( 'NONE',  ( 0.000000000000000000, 27.75065104166651864, -13.81670607502572956 ) ) ;
#1360 = DIRECTION ( 'NONE',  ( -1.000000000000000000, -0.000000000000000000, -0.000000000000000000 ) ) ;
#1361 = VECTOR ( 'NONE', #4318, 1000.000000000000000 ) ;
#1362 = EDGE_CURVE ( 'NONE', #1186, #797, #2379, .T. ) ;
#1363 = CYLINDRICAL_SURFACE ( 'NONE', #1731, 2.000000000000066169 ) ;
#1364 = EDGE_LOOP ( 'NONE', ( #3490, #3353 ) ) ;
#1365 = EDGE_LOOP ( 'NONE', ( #2797, #2336, #1087, #968 ) ) ;
#1366 = DIRECTION ( 'NONE',  ( 0.000000000000000000, 1.776356839400251254E-15, -1.000000000000000000 ) ) ;
#1367 = CARTESIAN_POINT ( 'NONE',  ( 32.00000000000000000, 22.00000000000000000, -2.000000000000170974 ) ) ;
#1368 = ORIENTED_EDGE ( 'NONE', *, *, #1277, .F. ) ;
#1369 = EDGE_CURVE ( 'NONE', #2961, #2986, #5057, .T. ) ;
#1370 = ORIENTED_EDGE ( 'NONE', *, *, #3959, .F. ) ;
#1371 = CARTESIAN_POINT ( 'NONE',  ( 30.00000000000000000, -68.94285714285716438, -2.807569942065888835 ) ) ;
#1372 = CARTESIAN_POINT ( 'NONE',  ( 12.00000000000000000, -8.326672684688674053E-14, -12.00000000000001066 ) ) ;
#1373 = DIRECTION ( 'NONE',  ( 1.000000000000000000, 0.000000000000000000, 0.000000000000000000 ) ) ;
#1374 = ORIENTED_EDGE ( 'NONE', *, *, #3795, .F. ) ;
#1375 = CARTESIAN_POINT ( 'NONE',  ( 30.00000000000000000, 8.572527594031474570E-15, 70.00000000000001421 ) ) ;
#1376 = VERTEX_POINT ( 'NONE', #196 ) ;
#1377 = AXIS2_PLACEMENT_3D ( 'NONE', #763, #2079, #2105 ) ;
#1378 = DIRECTION ( 'NONE',  ( 0.000000000000000000, 0.000000000000000000, -1.000000000000000000 ) ) ;
#1379 = ORIENTED_EDGE ( 'NONE', *, *, #2905, .T. ) ;
#1380 = ORIENTED_EDGE ( 'NONE', *, *, #310, .F. ) ;
#1381 = DIRECTION ( 'NONE',  ( 0.000000000000000000, 0.000000000000000000, 1.000000000000000000 ) ) ;
#1382 = CARTESIAN_POINT ( 'NONE',  ( 30.49439462068800921, -69.91477186922826093, 2.114683472837012523 ) ) ;
#1383 = AXIS2_PLACEMENT_3D ( 'NONE', #2283, #2661, #142 ) ;
#1384 = DIRECTION ( 'NONE',  ( -1.000000000000000000, 0.000000000000000000, 0.000000000000000000 ) ) ;
#1385 = EDGE_CURVE ( 'NONE', #2651, #3325, #3464, .T. ) ;
#1386 = CARTESIAN_POINT ( 'NONE',  ( -8.000000000000000000, -13.81670607502543824, -27.75065104166666430 ) ) ;
#1387 = CARTESIAN_POINT ( 'NONE',  ( 30.00000000000000000, 16.04520705486824994, -32.22656249999999289 ) ) ;
#1388 = ORIENTED_EDGE ( 'NONE', *, *, #3277, .T. ) ;
#1389 = CIRCLE ( 'NONE', #1809, 6.999999999999999112 ) ;
#1390 = CARTESIAN_POINT ( 'NONE',  ( 30.57175938284953531, -69.18421623061887260, -1.827185163593240569 ) ) ;
#1391 = DIRECTION ( 'NONE',  ( -1.000000000000000000, -0.000000000000000000, 0.000000000000000000 ) ) ;
#1392 = DIRECTION ( 'NONE',  ( -1.000000000000000000, -0.000000000000000000, -0.000000000000000000 ) ) ;
#1393 = EDGE_CURVE ( 'NONE', #4714, #5200, #1357, .T. ) ;
#1394 = AXIS2_PLACEMENT_3D ( 'NONE', #1755, #525, #992 ) ;
#1395 = CARTESIAN_POINT ( 'NONE',  ( 30.95766605531260396, -69.70541822720343816, -2.795958111107907040 ) ) ;
#1396 = ORIENTED_EDGE ( 'NONE', *, *, #938, .F. ) ;
#1397 = VECTOR ( 'NONE', #1407, 1000.000000000000000 ) ;
#1398 = ORIENTED_EDGE ( 'NONE', *, *, #1257, .T. ) ;
#1399 = DIRECTION ( 'NONE',  ( 0.000000000000000000, 0.000000000000000000, -1.000000000000000000 ) ) ;
#1400 = EDGE_CURVE ( 'NONE', #2023, #4668, #493, .T. ) ;
#1401 = CARTESIAN_POINT ( 'NONE',  ( 12.00000000000000000, 0.000000000000000000, 0.000000000000000000 ) ) ;
#1402 = DIRECTION ( 'NONE',  ( -1.000000000000000000, 0.000000000000000000, -0.000000000000000000 ) ) ;
#1403 = EDGE_CURVE ( 'NONE', #2601, #4326, #933, .T. ) ;
#1404 = DIRECTION ( 'NONE',  ( -1.000000000000000000, 0.000000000000000000, 0.000000000000000000 ) ) ;
#1405 = ORIENTED_EDGE ( 'NONE', *, *, #2462, .T. ) ;
#1406 = DIRECTION ( 'NONE',  ( 0.000000000000000000, -1.000000000000000000, 0.000000000000000000 ) ) ;
#1407 = DIRECTION ( 'NONE',  ( 1.000000000000000000, 0.000000000000000000, 0.000000000000000000 ) ) ;
#1408 = ORIENTED_EDGE ( 'NONE', *, *, #1754, .T. ) ;
#1409 = VERTEX_POINT ( 'NONE', #5125 ) ;
#1410 = AXIS2_PLACEMENT_3D ( 'NONE', #2654, #4305, #4361 ) ;
#1411 = CARTESIAN_POINT ( 'NONE',  ( 31.08196602972736500, -69.64974566602533912, 2.783289147337655312 ) ) ;
#1412 = DIRECTION ( 'NONE',  ( 0.000000000000000000, 0.000000000000000000, -1.000000000000000000 ) ) ;
#1413 = FACE_OUTER_BOUND ( 'NONE', #4118, .T. ) ;
#1414 = CIRCLE ( 'NONE', #2791, 2.000000000000140332 ) ;
#1415 = CARTESIAN_POINT ( 'NONE',  ( 10.00000000000000000, 0.000000000000000000, -48.00000000000000000 ) ) ;
#1416 = ORIENTED_EDGE ( 'NONE', *, *, #3199, .F. ) ;
#1417 = ADVANCED_FACE ( 'NONE', ( #1007 ), #3939, .T. ) ;
#1418 = CARTESIAN_POINT ( 'NONE',  ( 30.00000000000000000, 0.000000000000000000, -48.00000000000000000 ) ) ;
#1419 = AXIS2_PLACEMENT_3D ( 'NONE', #2346, #3660, #4455 ) ;
#1420 = CARTESIAN_POINT ( 'NONE',  ( 32.00000000000000000, -48.00000000000000000, -14.19999999999983409 ) ) ;
#1421 = DIRECTION ( 'NONE',  ( 0.000000000000000000, 0.000000000000000000, 1.000000000000000000 ) ) ;
#1422 = CARTESIAN_POINT ( 'NONE',  ( 30.92172446855374091, -68.89781729955997491, -1.669505821404041246 ) ) ;
#1423 = EDGE_CURVE ( 'NONE', #3534, #2914, #3584, .T. ) ;
#1424 = ORIENTED_EDGE ( 'NONE', *, *, #2771, .T. ) ;
#1425 = AXIS2_PLACEMENT_3D ( 'NONE', #128, #494, #1752 ) ;
#1426 = CARTESIAN_POINT ( 'NONE',  ( 30.00000000000000000, 35.73177083333319359, -12.47960548712012852 ) ) ;
#1427 = DIRECTION ( 'NONE',  ( 0.000000000000000000, 0.7010416666666655638, -0.7131203135497010681 ) ) ;
#1428 = AXIS2_PLACEMENT_3D ( 'NONE', #1330, #2964, #934 ) ;
#1429 = ADVANCED_FACE ( 'NONE', ( #3489 ), #2638, .T. ) ;
#1430 = AXIS2_PLACEMENT_3D ( 'NONE', #1932, #1588, #4380 ) ;
#1431 = CARTESIAN_POINT ( 'NONE',  ( 30.00000000000000000, 49.66666666666641561, -22.43818669639431107 ) ) ;
#1432 = DIRECTION ( 'NONE',  ( -1.000000000000000000, -0.000000000000000000, -0.000000000000000000 ) ) ;
#1433 = EDGE_CURVE ( 'NONE', #592, #4538, #2692, .T. ) ;
#1434 = DIRECTION ( 'NONE',  ( 0.000000000000000000, 0.000000000000000000, 1.000000000000000000 ) ) ;
#1435 = ORIENTED_EDGE ( 'NONE', *, *, #4402, .T. ) ;
#1436 = ORIENTED_EDGE ( 'NONE', *, *, #4355, .T. ) ;
#1437 = CARTESIAN_POINT ( 'NONE',  ( 30.00000000000000000, 17.45192298608404968, 49.29629629629628340 ) ) ;
#1438 = FACE_OUTER_BOUND ( 'NONE', #914, .T. ) ;
#1439 = DIRECTION ( 'NONE',  ( 0.000000000000000000, 0.000000000000000000, -1.000000000000000000 ) ) ;
#1440 = CIRCLE ( 'NONE', #5225, 1.999999999999994893 ) ;
#1441 = CARTESIAN_POINT ( 'NONE',  ( 12.00000000000000000, -7.778174593052051833, -7.778174593051994989 ) ) ;
#1442 = DIRECTION ( 'NONE',  ( -1.000000000000000000, -0.000000000000000000, 0.000000000000000000 ) ) ;
#1443 = ORIENTED_EDGE ( 'NONE', *, *, #3594, .F. ) ;
#1444 = DIRECTION ( 'NONE',  ( 0.000000000000000000, 0.000000000000000000, -1.000000000000000000 ) ) ;
#1445 = CARTESIAN_POINT ( 'NONE',  ( 32.00000000000000000, 16.04520705486824994, -32.22656249999999289 ) ) ;
#1446 = DIRECTION ( 'NONE',  ( 0.000000000000000000, 0.000000000000000000, -1.000000000000000000 ) ) ;
#1447 = CARTESIAN_POINT ( 'NONE',  ( 31.58309449384068301, -69.17867483428673836, -2.658322135665736052 ) ) ;
#1448 = CARTESIAN_POINT ( 'NONE',  ( -11.99999999999999822, 0.000000000000000000, -48.00000000000000000 ) ) ;
#1449 = CARTESIAN_POINT ( 'NONE',  ( 30.00000000000000000, -35.73177083333337123, -12.47960548711962758 ) ) ;
#1450 = EDGE_CURVE ( 'NONE', #1000, #4161, #4192, .T. ) ;
#1451 = TOROIDAL_SURFACE ( 'NONE', #1865, 61.49999999999999289, 2.000000000000000000 ) ;
#1452 = CIRCLE ( 'NONE', #772, 2.000000000000000888 ) ;
#1453 = DIRECTION ( 'NONE',  ( -1.000000000000000000, 0.000000000000000000, 0.000000000000000000 ) ) ;
#1454 = ORIENTED_EDGE ( 'NONE', *, *, #3064, .F. ) ;
#1455 = CARTESIAN_POINT ( 'NONE',  ( -21.00000000000003197, -69.29523809523811906, -1.871713294710593001 ) ) ;
#1456 = EDGE_CURVE ( 'NONE', #1178, #1733, #4539, .T. ) ;
#1457 = CYLINDRICAL_SURFACE ( 'NONE', #1278, 1.999999999999974021 ) ;
#1458 = ORIENTED_EDGE ( 'NONE', *, *, #1351, .T. ) ;
#1459 = ORIENTED_EDGE ( 'NONE', *, *, #832, .F. ) ;
#1460 = FACE_OUTER_BOUND ( 'NONE', #1220, .T. ) ;
#1461 = CARTESIAN_POINT ( 'NONE',  ( 32.00000000000000000, -67.96428571428572241, 2.203603264414613960 ) ) ;
#1462 = DIRECTION ( 'NONE',  ( 0.000000000000000000, -1.000000000000000000, 0.000000000000000000 ) ) ;
#1463 = ADVANCED_FACE ( 'NONE', ( #1551 ), #325, .F. ) ;
#1464 = CARTESIAN_POINT ( 'NONE',  ( 32.00000000000000000, -48.00000000000000000, 1.675911042644704011E-13 ) ) ;
#1465 = AXIS2_PLACEMENT_3D ( 'NONE', #4824, #2951, #1148 ) ;
#1466 = CIRCLE ( 'NONE', #4219, 2.000000000000000888 ) ;
#1467 = CARTESIAN_POINT ( 'NONE',  ( 30.00000000000000000, -15.45741750196017605, -49.14814814814813815 ) ) ;
#1468 = ORIENTED_EDGE ( 'NONE', *, *, #3586, .T. ) ;
#1469 = DIRECTION ( 'NONE',  ( 0.000000000000000000, 0.000000000000000000, -1.000000000000000000 ) ) ;
#1470 = DIRECTION ( 'NONE',  ( 0.000000000000000000, 0.000000000000000000, 1.000000000000000000 ) ) ;
#1471 = DIRECTION ( 'NONE',  ( 0.000000000000000000, 0.000000000000000000, 1.000000000000000000 ) ) ;
#1472 = CARTESIAN_POINT ( 'NONE',  ( 31.84344895610122350, -68.73904321956301544, -2.518602829624854156 ) ) ;
#1473 = ORIENTED_EDGE ( 'NONE', *, *, #793, .F. ) ;
#1474 = AXIS2_PLACEMENT_3D ( 'NONE', #3786, #2948, #1649 ) ;
#1475 = CIRCLE ( 'NONE', #2145, 2.000000000000074607 ) ;
#1476 = DIRECTION ( 'NONE',  ( -1.000000000000000000, -0.000000000000000000, -0.000000000000000000 ) ) ;
#1477 = AXIS2_PLACEMENT_3D ( 'NONE', #549, #1352, #150 ) ;
#1478 = EDGE_CURVE ( 'NONE', #652, #5122, #3497, .T. ) ;
#1479 = VECTOR ( 'NONE', #2192, 1000.000000000000000 ) ;
#1480 = CIRCLE ( 'NONE', #4235, 4.999999999999997335 ) ;
#1481 = CYLINDRICAL_SURFACE ( 'NONE', #1191, 14.20000000000000462 ) ;
#1482 = ORIENTED_EDGE ( 'NONE', *, *, #4093, .T. ) ;
#1483 = DIRECTION ( 'NONE',  ( 0.000000000000000000, 0.000000000000000000, -1.000000000000000000 ) ) ;
#1484 = TOROIDAL_SURFACE ( 'NONE', #4338, 68.00000000000001421, 2.000000000000000000 ) ;
#1485 = DIRECTION ( 'NONE',  ( 0.000000000000000000, 0.000000000000000000, -1.000000000000000000 ) ) ;
#1486 = ORIENTED_EDGE ( 'NONE', *, *, #1943, .T. ) ;
#1487 = ORIENTED_EDGE ( 'NONE', *, *, #2126, .F. ) ;
#1488 = ADVANCED_FACE ( 'NONE', ( #5228 ), #2744, .F. ) ;
#1489 = CARTESIAN_POINT ( 'NONE',  ( -8.000000000000000000, 22.43818669639379237, -49.66666666666665009 ) ) ;
#1490 = CARTESIAN_POINT ( 'NONE',  ( 32.00000000000000000, -32.22656250000004974, -16.04520705486814336 ) ) ;
#1491 = CYLINDRICAL_SURFACE ( 'NONE', #301, 14.20000000000000284 ) ;
#1492 = DIRECTION ( 'NONE',  ( 1.000000000000000000, -0.000000000000000000, -0.000000000000000000 ) ) ;
#1493 = CARTESIAN_POINT ( 'NONE',  ( -8.000000000000000000, 0.000000000000000000, -48.00000000000000000 ) ) ;
#1494 = ORIENTED_EDGE ( 'NONE', *, *, #3661, .T. ) ;
#1495 = EDGE_CURVE ( 'NONE', #4616, #2901, #3069, .T. ) ;
#1496 = LINE ( 'NONE', #5164, #3430 ) ;
#1497 = CARTESIAN_POINT ( 'NONE',  ( -8.000000000000000000, 0.000000000000000000, 0.000000000000000000 ) ) ;
#1498 = FACE_OUTER_BOUND ( 'NONE', #3574, .T. ) ;
#1499 = DIRECTION ( 'NONE',  ( 1.000000000000000000, -0.000000000000000000, -0.000000000000000000 ) ) ;
#1500 = CARTESIAN_POINT ( 'NONE',  ( 32.00000000000000000, 49.66666666666641561, -17.43818669639431107 ) ) ;
#1501 = DIRECTION ( 'NONE',  ( 0.000000000000000000, 0.000000000000000000, -1.000000000000000000 ) ) ;
#1502 = EDGE_LOOP ( 'NONE', ( #2358, #644, #3886, #5248, #3284 ) ) ;
#1503 = CYLINDRICAL_SURFACE ( 'NONE', #1883, 17.50000000000000711 ) ;
#1504 = CIRCLE ( 'NONE', #1844, 5.000000000000004441 ) ;
#1505 = CARTESIAN_POINT ( 'NONE',  ( -8.000000000000000000, 0.000000000000000000, 0.000000000000000000 ) ) ;
#1506 = ORIENTED_EDGE ( 'NONE', *, *, #3344, .F. ) ;
#1507 = ORIENTED_EDGE ( 'NONE', *, *, #5194, .F. ) ;
#1508 = AXIS2_PLACEMENT_3D ( 'NONE', #4024, #4000, #1149 ) ;
#1509 = DIRECTION ( 'NONE',  ( -1.000000000000000000, -0.000000000000000000, -0.000000000000000000 ) ) ;
#1510 = CARTESIAN_POINT ( 'NONE',  ( 12.00000000000000000, 10.60660171779827898, 10.60660171779814753 ) ) ;
#1511 = CARTESIAN_POINT ( 'NONE',  ( 12.00000000000000000, 0.000000000000000000, 0.000000000000000000 ) ) ;
#1512 = DIRECTION ( 'NONE',  ( 1.000000000000000000, 0.000000000000000000, 0.000000000000000000 ) ) ;
#1513 = EDGE_CURVE ( 'NONE', #4901, #4420, #5231, .T. ) ;
#1514 = CARTESIAN_POINT ( 'NONE',  ( 32.00000000000000000, 48.00000000000000000, -5.027733127934112032E-13 ) ) ;
#1515 = EDGE_LOOP ( 'NONE', ( #2672, #1937, #4641, #4574 ) ) ;
#1516 = FACE_OUTER_BOUND ( 'NONE', #1160, .T. ) ;
#1517 = CARTESIAN_POINT ( 'NONE',  ( 32.00000000000000000, 1.738998454789241944E-15, 33.79999999999999716 ) ) ;
#1518 = CARTESIAN_POINT ( 'NONE',  ( 30.99999999999999289, -68.64285714285715301, 1.469068842943077380 ) ) ;
#1519 = CYLINDRICAL_SURFACE ( 'NONE', #2931, 1.999999999999960032 ) ;
#1520 = EDGE_CURVE ( 'NONE', #1248, #4398, #2211, .T. ) ;
#1521 = VERTEX_POINT ( 'NONE', #5176 ) ;
#1522 = CYLINDRICAL_SURFACE ( 'NONE', #2330, 59.49999999999999289 ) ;
#1523 = EDGE_CURVE ( 'NONE', #3495, #1319, #247, .T. ) ;
#1524 = DIRECTION ( 'NONE',  ( 0.000000000000000000, 0.000000000000000000, -1.000000000000000000 ) ) ;
#1525 = ORIENTED_EDGE ( 'NONE', *, *, #447, .T. ) ;
#1526 = CARTESIAN_POINT ( 'NONE',  ( 32.00000000000000000, 48.00000000000000000, -5.027733127934112032E-13 ) ) ;
#1527 = AXIS2_PLACEMENT_3D ( 'NONE', #903, #2525, #4173 ) ;
#1528 = CARTESIAN_POINT ( 'NONE',  ( 32.00000000000000000, -8.326672684688674053E-14, -12.00000000000001066 ) ) ;
#1529 = ORIENTED_EDGE ( 'NONE', *, *, #4518, .F. ) ;
#1530 = DIRECTION ( 'NONE',  ( 0.000000000000000000, 0.000000000000000000, -1.000000000000000000 ) ) ;
#1531 = CARTESIAN_POINT ( 'NONE',  ( 32.00000000000000000, 0.000000000000000000, -33.79999999999999716 ) ) ;
#1532 = CARTESIAN_POINT ( 'NONE',  ( -8.000000000000000000, -48.00000000000000000, 17.50000000000017408 ) ) ;
#1533 = TOROIDAL_SURFACE ( 'NONE', #3248, 28.99999999999999645, 2.000000000000000000 ) ;
#1534 = DIRECTION ( 'NONE',  ( 1.000000000000000000, -0.000000000000000000, -0.000000000000000000 ) ) ;
#1535 = VERTEX_POINT ( 'NONE', #4421 ) ;
#1536 = CARTESIAN_POINT ( 'NONE',  ( -8.000000000000000000, -2.168404344971008868E-15, -18.50000000000000000 ) ) ;
#1537 = ADVANCED_FACE ( 'NONE', ( #4869 ), #2335, .F. ) ;
#1538 = DIRECTION ( 'NONE',  ( -1.000000000000000000, -0.000000000000000000, -0.000000000000000000 ) ) ;
#1539 = CIRCLE ( 'NONE', #4308, 2.000000000000002220 ) ;
#1540 = CARTESIAN_POINT ( 'NONE',  ( 30.00000000000000000, -15.45741750196017605, 49.14814814814813815 ) ) ;
#1541 = AXIS2_PLACEMENT_3D ( 'NONE', #919, #2392, #4852 ) ;
#1542 = AXIS2_PLACEMENT_3D ( 'NONE', #4690, #2690, #2632 ) ;
#1543 = DIRECTION ( 'NONE',  ( 0.000000000000000000, 0.000000000000000000, -1.000000000000000000 ) ) ;
#1544 = CIRCLE ( 'NONE', #2319, 31.00000000000000000 ) ;
#1545 = AXIS2_PLACEMENT_3D ( 'NONE', #1536, #615, #1859 ) ;
#1546 = EDGE_CURVE ( 'NONE', #2993, #45, #3963, .T. ) ;
#1547 = AXIS2_PLACEMENT_3D ( 'NONE', #2082, #2489, #1286 ) ;
#1548 = CARTESIAN_POINT ( 'NONE',  ( 12.00000000000000000, 6.963386839890175407E-14, 17.99999999999993250 ) ) ;
#1549 = AXIS2_PLACEMENT_3D ( 'NONE', #831, #2458, #4116 ) ;
#1550 = EDGE_CURVE ( 'NONE', #3765, #2910, #2553, .T. ) ;
#1551 = FACE_OUTER_BOUND ( 'NONE', #436, .T. ) ;
#1552 = EDGE_LOOP ( 'NONE', ( #2779, #3937, #2072, #2116 ) ) ;
#1553 = CARTESIAN_POINT ( 'NONE',  ( -8.000000000000000000, -27.75065104166661456, 13.81670607502553416 ) ) ;
#1554 = CIRCLE ( 'NONE', #5269, 6.999999999999999112 ) ;
#1555 = FACE_OUTER_BOUND ( 'NONE', #1325, .T. ) ;
#1556 = ORIENTED_EDGE ( 'NONE', *, *, #456, .T. ) ;
#1557 = EDGE_CURVE ( 'NONE', #3875, #3942, #4285, .T. ) ;
#1558 = CYLINDRICAL_SURFACE ( 'NONE', #2484, 5.000000000000000888 ) ;
#1559 = PRODUCT_DEFINITION_CONTEXT ( 'detailed design', #4014, 'design' ) ;
#1560 = DIRECTION ( 'NONE',  ( -1.000000000000000000, -0.000000000000000000, -0.000000000000000000 ) ) ;
#1561 = DIRECTION ( 'NONE',  ( 0.000000000000000000, 0.000000000000000000, -1.000000000000000000 ) ) ;
#1562 = VECTOR ( 'NONE', #4383, 1000.000000000000000 ) ;
#1563 = CARTESIAN_POINT ( 'NONE',  ( 32.00000000000000000, 12.47960548711975370, 35.73177083333332860 ) ) ;
#1564 = LINE ( 'NONE', #2424, #2331 ) ;
#1565 = VERTEX_POINT ( 'NONE', #3936 ) ;
#1566 = VERTEX_POINT ( 'NONE', #3518 ) ;
#1567 = VECTOR ( 'NONE', #1918, 1000.000000000000000 ) ;
#1568 = CARTESIAN_POINT ( 'NONE',  ( 31.34368425053892082, -69.43370701819780777, -2.728871331130874101 ) ) ;
#1569 = DIRECTION ( 'NONE',  ( -1.000000000000000000, 0.000000000000000000, -0.000000000000000000 ) ) ;
#1570 = DIRECTION ( 'NONE',  ( 1.000000000000000000, -0.000000000000000000, -0.000000000000000000 ) ) ;
#1571 = FACE_OUTER_BOUND ( 'NONE', #410, .T. ) ;
#1572 = ORIENTED_EDGE ( 'NONE', *, *, #3802, .F. ) ;
#1573 = VECTOR ( 'NONE', #2421, 1000.000000000000000 ) ;
#1574 = CIRCLE ( 'NONE', #727, 2.000000000000074607 ) ;
#1575 = ADVANCED_FACE ( 'NONE', ( #5283 ), #1481, .F. ) ;
#1576 = VECTOR ( 'NONE', #1722, 1000.000000000000000 ) ;
#1577 = ORIENTED_EDGE ( 'NONE', *, *, #1194, .T. ) ;
#1578 = CARTESIAN_POINT ( 'NONE',  ( 30.00000000000000000, -13.81670607502544179, -27.75065104166666430 ) ) ;
#1579 = AXIS2_PLACEMENT_3D ( 'NONE', #4957, #935, #1688 ) ;
#1580 = ADVANCED_FACE ( 'NONE', ( #2308 ), #3599, .F. ) ;
#1581 = DIRECTION ( 'NONE',  ( -1.000000000000000000, -0.000000000000000000, -0.000000000000000000 ) ) ;
#1582 = VERTEX_POINT ( 'NONE', #2386 ) ;
#1583 = CARTESIAN_POINT ( 'NONE',  ( 32.00000000000000000, 32.22656250000015632, 11.04520705486791776 ) ) ;
#1584 = EDGE_CURVE ( 'NONE', #4648, #5200, #4460, .T. ) ;
#1585 = CARTESIAN_POINT ( 'NONE',  ( 6.999999999999999112, -18.50000000000000000, 1.084202172485504434E-15 ) ) ;
#1586 = VERTEX_POINT ( 'NONE', #4371 ) ;
#1587 = DIRECTION ( 'NONE',  ( 0.000000000000000000, 0.000000000000000000, -1.000000000000000000 ) ) ;
#1588 = DIRECTION ( 'NONE',  ( 1.000000000000000000, -0.000000000000000000, 0.000000000000000000 ) ) ;
#1589 = EDGE_CURVE ( 'NONE', #4137, #3028, #1574, .T. ) ;
#1590 = VECTOR ( 'NONE', #4269, 1000.000000000000000 ) ;
#1591 = DIRECTION ( 'NONE',  ( 0.000000000000000000, 0.000000000000000000, 1.000000000000000000 ) ) ;
#1592 = VERTEX_POINT ( 'NONE', #1651 ) ;
#1593 = FACE_BOUND ( 'NONE', #491, .T. ) ;
#1594 = CARTESIAN_POINT ( 'NONE',  ( 12.00000000000000000, 9.192388155425030405, -9.192388155425224028 ) ) ;
#1595 = CARTESIAN_POINT ( 'NONE',  ( 32.00000000000000000, -54.22324159021412981, -24.49673593459486654 ) ) ;
#1596 = EDGE_CURVE ( 'NONE', #4158, #2941, #2263, .T. ) ;
#1597 = EDGE_LOOP ( 'NONE', ( #1487, #2586, #1269, #1767 ) ) ;
#1598 = CARTESIAN_POINT ( 'NONE',  ( 12.00000000000000000, 6.938893903907228378E-14, 15.99999999999995914 ) ) ;
#1599 = EDGE_CURVE ( 'NONE', #2725, #2048, #3366, .T. ) ;
#1600 = DIRECTION ( 'NONE',  ( 1.000000000000000000, 0.000000000000000000, 0.000000000000000000 ) ) ;
#1601 = DIRECTION ( 'NONE',  ( 0.000000000000000000, 0.000000000000000000, -1.000000000000000000 ) ) ;
#1602 = CARTESIAN_POINT ( 'NONE',  ( 12.00000000000000000, 6.938893903907228378E-14, 13.99999999999998401 ) ) ;
#1603 = VERTEX_POINT ( 'NONE', #3315 ) ;
#1604 = EDGE_CURVE ( 'NONE', #2587, #5154, #1317, .T. ) ;
#1605 = CYLINDRICAL_SURFACE ( 'NONE', #2546, 3.150000000000000355 ) ;
#1606 = DIRECTION ( 'NONE',  ( 0.000000000000000000, 0.000000000000000000, 1.000000000000000000 ) ) ;
#1607 = FACE_OUTER_BOUND ( 'NONE', #577, .T. ) ;
#1608 = ORIENTED_EDGE ( 'NONE', *, *, #1251, .T. ) ;
#1609 = ORIENTED_EDGE ( 'NONE', *, *, #2918, .F. ) ;
#1610 = LINE ( 'NONE', #2837, #2408 ) ;
#1611 = EDGE_CURVE ( 'NONE', #3696, #2960, #4341, .T. ) ;
#1612 = FACE_OUTER_BOUND ( 'NONE', #1851, .T. ) ;
#1613 = FACE_BOUND ( 'NONE', #2123, .T. ) ;
#1614 = VECTOR ( 'NONE', #291, 1000.000000000000000 ) ;
#1615 = DIRECTION ( 'NONE',  ( 0.000000000000000000, 0.000000000000000000, -1.000000000000000000 ) ) ;
#1616 = ORIENTED_EDGE ( 'NONE', *, *, #3394, .F. ) ;
#1617 = VECTOR ( 'NONE', #579, 1000.000000000000000 ) ;
#1618 = ORIENTED_EDGE ( 'NONE', *, *, #3131, .F. ) ;
#1619 = LINE ( 'NONE', #4189, #2849 ) ;
#1620 = VECTOR ( 'NONE', #925, 1000.000000000000000 ) ;
#1621 = CIRCLE ( 'NONE', #3694, 15.50000000000000888 ) ;
#1622 = AXIS2_PLACEMENT_3D ( 'NONE', #2607, #4256, #567 ) ;
#1623 = VERTEX_POINT ( 'NONE', #1624 ) ;
#1624 = CARTESIAN_POINT ( 'NONE',  ( 12.00000000000000000, 16.26345596729068177, 18.26345596729053256 ) ) ;
#1625 = DIRECTION ( 'NONE',  ( -1.000000000000000000, 0.000000000000000000, -0.000000000000000000 ) ) ;
#1626 = VECTOR ( 'NONE', #916, 1000.000000000000000 ) ;
#1627 = EDGE_CURVE ( 'NONE', #1319, #1694, #986, .T. ) ;
#1628 = DIRECTION ( 'NONE',  ( 1.000000000000000000, -0.000000000000000000, -0.000000000000000000 ) ) ;
#1629 = ORIENTED_EDGE ( 'NONE', *, *, #3152, .F. ) ;
#1630 = FACE_OUTER_BOUND ( 'NONE', #2266, .T. ) ;
#1631 = CIRCLE ( 'NONE', #628, 5.000000000000000888 ) ;
#1632 = CARTESIAN_POINT ( 'NONE',  ( 32.00000000000000000, 22.00000000000000000, -1.942890293094023946E-13 ) ) ;
#1633 =( NAMED_UNIT ( * ) PLANE_ANGLE_UNIT ( ) SI_UNIT ( $, .RADIAN. ) );
#1634 = ADVANCED_FACE ( 'NONE', ( #783 ), #3654, .F. ) ;
#1635 = CARTESIAN_POINT ( 'NONE',  ( 12.00000000000000000, -7.778174593052051833, -5.778174593051854657 ) ) ;
#1636 = ORIENTED_EDGE ( 'NONE', *, *, #4552, .F. ) ;
#1637 = ORIENTED_EDGE ( 'NONE', *, *, #3423, .F. ) ;
#1638 = CARTESIAN_POINT ( 'NONE',  ( 32.00000000000000711, -68.20844730125426736, -2.318792596161653119 ) ) ;
#1639 = AXIS2_PLACEMENT_3D ( 'NONE', #2594, #98, #500 ) ;
#1640 = CARTESIAN_POINT ( 'NONE',  ( -8.000000000000000000, -13.81670607502544179, 27.75065104166666075 ) ) ;
#1641 = DIRECTION ( 'NONE',  ( 1.000000000000000000, -0.000000000000000000, -0.000000000000000000 ) ) ;
#1642 = CARTESIAN_POINT ( 'NONE',  ( 32.00000000000000000, 25.96028645833319359, -12.92530568308858463 ) ) ;
#1643 = ORIENTED_EDGE ( 'NONE', *, *, #2743, .F. ) ;
#1644 = ORIENTED_EDGE ( 'NONE', *, *, #2212, .F. ) ;
#1645 = AXIS2_PLACEMENT_3D ( 'NONE', #4414, #5243, #1940 ) ;
#1646 = EDGE_CURVE ( 'NONE', #593, #3833, #2696, .T. ) ;
#1647 = ORIENTED_EDGE ( 'NONE', *, *, #2900, .F. ) ;
#1648 = AXIS2_PLACEMENT_3D ( 'NONE', #2193, #1392, #3292 ) ;
#1649 = DIRECTION ( 'NONE',  ( 0.000000000000000000, 0.000000000000000000, -1.000000000000000000 ) ) ;
#1650 = EDGE_LOOP ( 'NONE', ( #2521, #3570, #3496, #283, #3185, #1757, #2342, #1380, #4438 ) ) ;
#1651 = CARTESIAN_POINT ( 'NONE',  ( -8.000000000000000000, -35.73177083333337123, -12.47960548711962936 ) ) ;
#1652 = CARTESIAN_POINT ( 'NONE',  ( -11.99999999999999822, -48.00000000000000000, -2.927345865710861972E-15 ) ) ;
#1653 = TOROIDAL_SURFACE ( 'NONE', #3035, 7.000000000000000000, 2.000000000000000000 ) ;
#1654 = DIRECTION ( 'NONE',  ( 1.000000000000000000, 0.000000000000000000, 0.000000000000000000 ) ) ;
#1655 = ORIENTED_EDGE ( 'NONE', *, *, #1943, .F. ) ;
#1656 = CARTESIAN_POINT ( 'NONE',  ( 32.00000000000000000, 49.14814814814830157, 15.45741750195965913 ) ) ;
#1657 = FACE_OUTER_BOUND ( 'NONE', #308, .T. ) ;
#1658 = CARTESIAN_POINT ( 'NONE',  ( 6.999999999999999112, -2.168404344971008868E-15, -16.44999999999999929 ) ) ;
#1659 = ORIENTED_EDGE ( 'NONE', *, *, #3897, .T. ) ;
#1660 = ORIENTED_EDGE ( 'NONE', *, *, #2874, .T. ) ;
#1661 = DIRECTION ( 'NONE',  ( 0.000000000000000000, 0.000000000000000000, -1.000000000000000000 ) ) ;
#1662 = CYLINDRICAL_SURFACE ( 'NONE', #2715, 2.000000000000057732 ) ;
#1663 = EDGE_LOOP ( 'NONE', ( #1840, #2610, #106, #1454 ) ) ;
#1664 = DIRECTION ( 'NONE',  ( 0.000000000000000000, 0.000000000000000000, -1.000000000000000000 ) ) ;
#1665 = EDGE_CURVE ( 'NONE', #4811, #2015, #3029, .T. ) ;
#1666 = DIRECTION ( 'NONE',  ( 1.000000000000000000, 0.000000000000000000, 0.000000000000000000 ) ) ;
#1667 = CIRCLE ( 'NONE', #2365, 2.000000000000000000 ) ;
#1668 = ORIENTED_EDGE ( 'NONE', *, *, #3484, .T. ) ;
#1669 = EDGE_LOOP ( 'NONE', ( #1300, #1609, #2848, #91 ) ) ;
#1670 = EDGE_CURVE ( 'NONE', #2808, #652, #3716, .T. ) ;
#1671 = CARTESIAN_POINT ( 'NONE',  ( -8.000000000000000000, -1.917351751145801499E-15, -20.54999999999999716 ) ) ;
#1672 = ORIENTED_EDGE ( 'NONE', *, *, #1768, .F. ) ;
#1673 = DIRECTION ( 'NONE',  ( -1.000000000000000000, -0.000000000000000000, -0.000000000000000000 ) ) ;
#1674 = VECTOR ( 'NONE', #3036, 1000.000000000000000 ) ;
#1675 = ORIENTED_EDGE ( 'NONE', *, *, #2874, .F. ) ;
#1676 = EDGE_CURVE ( 'NONE', #3725, #818, #372, .T. ) ;
#1677 = CARTESIAN_POINT ( 'NONE',  ( 32.00000000000000000, 0.000000000000000000, 0.000000000000000000 ) ) ;
#1678 = CARTESIAN_POINT ( 'NONE',  ( 30.00000000000000000, 49.14814814814797472, -15.45741750196067521 ) ) ;
#1679 = DIRECTION ( 'NONE',  ( 1.000000000000000000, 0.000000000000000000, 0.000000000000000000 ) ) ;
#1680 = ORIENTED_EDGE ( 'NONE', *, *, #3344, .T. ) ;
#1681 = CARTESIAN_POINT ( 'NONE',  ( -8.000000000000000000, 32.22656250000015632, 16.04520705486791954 ) ) ;
#1682 = DIRECTION ( 'NONE',  ( 0.000000000000000000, 0.000000000000000000, 1.000000000000000000 ) ) ;
#1683 = DIRECTION ( 'NONE',  ( -1.000000000000000000, -0.000000000000000000, -0.000000000000000000 ) ) ;
#1684 = ORIENTED_EDGE ( 'NONE', *, *, #3164, .F. ) ;
#1685 = VERTEX_POINT ( 'NONE', #53 ) ;
#1686 = FACE_OUTER_BOUND ( 'NONE', #1597, .T. ) ;
#1687 = FACE_OUTER_BOUND ( 'NONE', #5043, .T. ) ;
#1688 = DIRECTION ( 'NONE',  ( 0.000000000000000000, 0.000000000000000000, -1.000000000000000000 ) ) ;
#1689 = DIRECTION ( 'NONE',  ( 0.000000000000000000, 0.000000000000000000, -1.000000000000000000 ) ) ;
#1690 = VERTEX_POINT ( 'NONE', #815 ) ;
#1691 = ORIENTED_EDGE ( 'NONE', *, *, #1714, .F. ) ;
#1692 = ORIENTED_EDGE ( 'NONE', *, *, #742, .T. ) ;
#1693 = EDGE_CURVE ( 'NONE', #56, #1603, #3121, .T. ) ;
#1694 = VERTEX_POINT ( 'NONE', #4544 ) ;
#1695 = CARTESIAN_POINT ( 'NONE',  ( 12.00000000000000000, -10.00000000000000888, -1.999999999999973133 ) ) ;
#1696 = AXIS2_PLACEMENT_3D ( 'NONE', #3561, #718, #2348 ) ;
#1697 = CYLINDRICAL_SURFACE ( 'NONE', #3616, 3.150000000000000355 ) ;
#1698 = ORIENTED_EDGE ( 'NONE', *, *, #2933, .F. ) ;
#1699 = TOROIDAL_SURFACE ( 'NONE', #4646, 7.000000000000000000, 2.000000000000000000 ) ;
#1700 = EDGE_CURVE ( 'NONE', #2601, #4836, #1284, .T. ) ;
#1701 = CIRCLE ( 'NONE', #4051, 17.50000000000000711 ) ;
#1702 = DIRECTION ( 'NONE',  ( 0.000000000000000000, 0.000000000000000000, 1.000000000000000000 ) ) ;
#1703 = ORIENTED_EDGE ( 'NONE', *, *, #2307, .T. ) ;
#1704 = AXIS2_PLACEMENT_3D ( 'NONE', #1770, #954, #1322 ) ;
#1705 = CARTESIAN_POINT ( 'NONE',  ( -8.000000000000000000, 48.00000000000000000, -5.027733127934112032E-13 ) ) ;
#1706 = EDGE_CURVE ( 'NONE', #5298, #1799, #1214, .T. ) ;
#1707 = DIRECTION ( 'NONE',  ( 1.000000000000000000, 0.000000000000000000, 0.000000000000000000 ) ) ;
#1708 = ORIENTED_EDGE ( 'NONE', *, *, #4494, .F. ) ;
#1709 = CIRCLE ( 'NONE', #782, 6.999999999999999112 ) ;
#1710 = DIRECTION ( 'NONE',  ( 0.000000000000000000, 0.000000000000000000, -1.000000000000000000 ) ) ;
#1711 = LINE ( 'NONE', #2497, #4656 ) ;
#1712 = AXIS2_PLACEMENT_3D ( 'NONE', #3756, #3367, #2974 ) ;
#1713 = CIRCLE ( 'NONE', #627, 5.500000000000000000 ) ;
#1714 = EDGE_CURVE ( 'NONE', #2738, #3008, #3988, .T. ) ;
#1715 = CARTESIAN_POINT ( 'NONE',  ( 0.000000000000000000, 16.04520705486824994, -32.22656249999999289 ) ) ;
#1716 = ORIENTED_EDGE ( 'NONE', *, *, #2067, .T. ) ;
#1717 = EDGE_LOOP ( 'NONE', ( #3546, #1833 ) ) ;
#1718 = ORIENTED_EDGE ( 'NONE', *, *, #2689, .F. ) ;
#1719 = ORIENTED_EDGE ( 'NONE', *, *, #4038, .T. ) ;
#1720 = AXIS2_PLACEMENT_3D ( 'NONE', #4940, #4958, #4562 ) ;
#1721 = CARTESIAN_POINT ( 'NONE',  ( -8.000000000000000000, -6.071532165918824830E-15, 48.00000000000000000 ) ) ;
#1722 = DIRECTION ( 'NONE',  ( -1.000000000000000000, -0.000000000000000000, -0.000000000000000000 ) ) ;
#1723 = DIRECTION ( 'NONE',  ( 0.000000000000000000, 0.000000000000000000, -1.000000000000000000 ) ) ;
#1724 = ORIENTED_EDGE ( 'NONE', *, *, #3064, .T. ) ;
#1725 = FACE_OUTER_BOUND ( 'NONE', #4680, .T. ) ;
#1726 = EDGE_LOOP ( 'NONE', ( #228, #808, #1113, #1311 ) ) ;
#1727 = AXIS2_PLACEMENT_3D ( 'NONE', #5084, #5165, #213 ) ;
#1728 = VERTEX_POINT ( 'NONE', #2441 ) ;
#1729 = DIRECTION ( 'NONE',  ( -1.000000000000000000, 0.000000000000000000, -0.000000000000000000 ) ) ;
#1730 = DIRECTION ( 'NONE',  ( -1.000000000000000000, 0.000000000000000000, -0.000000000000000000 ) ) ;
#1731 = AXIS2_PLACEMENT_3D ( 'NONE', #3047, #4300, #911 ) ;
#1732 = AXIS2_PLACEMENT_3D ( 'NONE', #5190, #5162, #334 ) ;
#1733 = VERTEX_POINT ( 'NONE', #4925 ) ;
#1734 = ORIENTED_EDGE ( 'NONE', *, *, #3724, .T. ) ;
#1735 = CIRCLE ( 'NONE', #3548, 17.50000000000000711 ) ;
#1736 = FACE_OUTER_BOUND ( 'NONE', #3237, .T. ) ;
#1737 = DIRECTION ( 'NONE',  ( -6.080567184022924606E-16, -0.7131203135496932966, 0.7010416666666734464 ) ) ;
#1738 = EDGE_CURVE ( 'NONE', #4115, #5129, #4506, .T. ) ;
#1739 = SHAPE_DEFINITION_REPRESENTATION ( #394, #3259 ) ;
#1740 = CIRCLE ( 'NONE', #120, 14.20000000000000462 ) ;
#1741 = AXIS2_PLACEMENT_3D ( 'NONE', #2488, #894, #2853 ) ;
#1742 = DIRECTION ( 'NONE',  ( 0.000000000000000000, 0.000000000000000000, -1.000000000000000000 ) ) ;
#1743 = ORIENTED_EDGE ( 'NONE', *, *, #2428, .T. ) ;
#1744 = LINE ( 'NONE', #2175, #1674 ) ;
#1745 = CARTESIAN_POINT ( 'NONE',  ( 30.00000000000000000, 32.22656249999982947, -16.04520705486859100 ) ) ;
#1746 = EDGE_CURVE ( 'NONE', #5288, #2091, #2054, .T. ) ;
#1747 = LINE ( 'NONE', #5102, #3537 ) ;
#1748 = EDGE_LOOP ( 'NONE', ( #3483, #5063, #3925, #4747 ) ) ;
#1749 = ORIENTED_EDGE ( 'NONE', *, *, #2956, .T. ) ;
#1750 = ORIENTED_EDGE ( 'NONE', *, *, #407, .F. ) ;
#1751 = EDGE_LOOP ( 'NONE', ( #1734, #1355, #2732, #1255 ) ) ;
#1752 = DIRECTION ( 'NONE',  ( 0.000000000000000000, 0.000000000000000000, -1.000000000000000000 ) ) ;
#1753 = CARTESIAN_POINT ( 'NONE',  ( 0.000000000000000000, 13.81670607502544357, 27.75065104166666075 ) ) ;
#1754 = EDGE_CURVE ( 'NONE', #2680, #2986, #2924, .T. ) ;
#1755 = CARTESIAN_POINT ( 'NONE',  ( 32.00000000000000000, 6.938893903907228378E-14, 15.99999999999995914 ) ) ;
#1756 = FACE_OUTER_BOUND ( 'NONE', #1748, .T. ) ;
#1757 = ORIENTED_EDGE ( 'NONE', *, *, #4070, .F. ) ;
#1758 = EDGE_LOOP ( 'NONE', ( #2908, #2053, #1750, #1058 ) ) ;
#1759 = CARTESIAN_POINT ( 'NONE',  ( 32.00000000000000000, 0.000000000000000000, -48.00000000000000000 ) ) ;
#1760 = AXIS2_PLACEMENT_3D ( 'NONE', #1272, #3358, #5019 ) ;
#1761 = CARTESIAN_POINT ( 'NONE',  ( 32.00000000000000000, -8.326672684688674053E-14, -12.00000000000001066 ) ) ;
#1762 = ORIENTED_EDGE ( 'NONE', *, *, #1665, .F. ) ;
#1763 = VERTEX_POINT ( 'NONE', #3676 ) ;
#1764 = DIRECTION ( 'NONE',  ( -1.000000000000000000, 0.000000000000000000, 0.000000000000000000 ) ) ;
#1765 = DIRECTION ( 'NONE',  ( 0.000000000000000000, 0.000000000000000000, -1.000000000000000000 ) ) ;
#1766 = DIRECTION ( 'NONE',  ( -1.000000000000000000, -0.000000000000000000, 0.000000000000000000 ) ) ;
#1767 = ORIENTED_EDGE ( 'NONE', *, *, #767, .F. ) ;
#1768 = EDGE_CURVE ( 'NONE', #2124, #2025, #3553, .T. ) ;
#1769 = CARTESIAN_POINT ( 'NONE',  ( -8.000000000000000000, 18.50000000000000000, -3.398394867633905489E-15 ) ) ;
#1770 = CARTESIAN_POINT ( 'NONE',  ( 30.00000000000000000, 22.43818669639379237, 49.66666666666665009 ) ) ;
#1771 = FACE_OUTER_BOUND ( 'NONE', #4004, .T. ) ;
#1772 = VERTEX_POINT ( 'NONE', #2736 ) ;
#1773 = ORIENTED_EDGE ( 'NONE', *, *, #5124, .F. ) ;
#1774 = EDGE_CURVE ( 'NONE', #3991, #3194, #31, .T. ) ;
#1775 = ORIENTED_EDGE ( 'NONE', *, *, #3513, .T. ) ;
#1776 = CARTESIAN_POINT ( 'NONE',  ( 30.12659442966997503, -69.97142855194793754, 2.126321349372924718 ) ) ;
#1777 = CARTESIAN_POINT ( 'NONE',  ( 30.00000000000000000, -49.66666666666657193, 22.43818669639396646 ) ) ;
#1778 = DIRECTION ( 'NONE',  ( -1.000000000000000000, 0.000000000000000000, -0.000000000000000000 ) ) ;
#1779 = LINE ( 'NONE', #612, #3545 ) ;
#1780 = ORIENTED_EDGE ( 'NONE', *, *, #1281, .F. ) ;
#1781 = EDGE_CURVE ( 'NONE', #805, #3028, #2222, .T. ) ;
#1782 = CARTESIAN_POINT ( 'NONE',  ( 29.99999999999999645, -69.29523809523811906, -1.871713294710593001 ) ) ;
#1783 = DIRECTION ( 'NONE',  ( 1.000000000000000000, 0.000000000000000000, 0.000000000000000000 ) ) ;
#1784 = CARTESIAN_POINT ( 'NONE',  ( 32.00000000000000000, -49.29629629629634735, -17.45192298608387915 ) ) ;
#1785 = DIRECTION ( 'NONE',  ( -1.000000000000000000, 0.000000000000000000, -0.000000000000000000 ) ) ;
#1786 = EDGE_LOOP ( 'NONE', ( #2184, #1724, #613, #4968 ) ) ;
#1787 = ORIENTED_EDGE ( 'NONE', *, *, #3860, .F. ) ;
#1788 = DIRECTION ( 'NONE',  ( -1.000000000000000000, 0.000000000000000000, -0.000000000000000000 ) ) ;
#1789 = DIRECTION ( 'NONE',  ( 0.000000000000000000, 0.000000000000000000, -1.000000000000000000 ) ) ;
#1790 = DIRECTION ( 'NONE',  ( 1.000000000000000000, -0.000000000000000000, -0.000000000000000000 ) ) ;
#1791 = DIRECTION ( 'NONE',  ( 1.000000000000000000, 0.000000000000000000, 0.000000000000000000 ) ) ;
#1792 = ORIENTED_EDGE ( 'NONE', *, *, #221, .F. ) ;
#1793 = DIRECTION ( 'NONE',  ( 0.000000000000000000, 0.000000000000000000, -1.000000000000000000 ) ) ;
#1794 = ADVANCED_FACE ( 'NONE', ( #4766 ), #3952, .F. ) ;
#1795 = CIRCLE ( 'NONE', #1704, 4.999999999999997335 ) ;
#1796 = AXIS2_PLACEMENT_3D ( 'NONE', #4703, #1931, #204 ) ;
#1797 = DIRECTION ( 'NONE',  ( 0.000000000000000000, 0.000000000000000000, -1.000000000000000000 ) ) ;
#1798 = ORIENTED_EDGE ( 'NONE', *, *, #1513, .F. ) ;
#1799 = VERTEX_POINT ( 'NONE', #3480 ) ;
#1800 = CARTESIAN_POINT ( 'NONE',  ( 32.00000000000000000, -7.778174593052051833, -7.778174593051994989 ) ) ;
#1801 = CARTESIAN_POINT ( 'NONE',  ( 30.65509502563665478, -69.14255585832387396, 1.808368833125096442 ) ) ;
#1802 = EDGE_LOOP ( 'NONE', ( #1636, #4737, #4953, #1396 ) ) ;
#1803 = AXIS2_PLACEMENT_3D ( 'NONE', #1143, #2775, #3269 ) ;
#1804 = DIRECTION ( 'NONE',  ( 1.000000000000000000, 0.000000000000000000, 0.000000000000000000 ) ) ;
#1805 = CARTESIAN_POINT ( 'NONE',  ( 32.00000000000000000, 0.000000000000000000, 48.00000000000000000 ) ) ;
#1806 = ADVANCED_FACE ( 'NONE', ( #1498 ), #1106, .F. ) ;
#1807 = DIRECTION ( 'NONE',  ( 1.000000000000000000, -0.000000000000000000, -0.000000000000000000 ) ) ;
#1808 = ORIENTED_EDGE ( 'NONE', *, *, #1520, .T. ) ;
#1809 = AXIS2_PLACEMENT_3D ( 'NONE', #2819, #3140, #4418 ) ;
#1810 = DIRECTION ( 'NONE',  ( -1.000000000000000000, -0.000000000000000000, -0.000000000000000000 ) ) ;
#1811 = DIRECTION ( 'NONE',  ( 0.000000000000000000, 0.000000000000000000, 1.000000000000000000 ) ) ;
#1812 = CYLINDRICAL_SURFACE ( 'NONE', #4083, 1.000000000000000000 ) ;
#1813 = CARTESIAN_POINT ( 'NONE',  ( 31.41278794990612155, -69.42194228191992522, -1.963882530005117477 ) ) ;
#1814 = ADVANCED_FACE ( 'NONE', ( #1894 ), #646, .T. ) ;
#1815 = ORIENTED_EDGE ( 'NONE', *, *, #5237, .F. ) ;
#1816 = CARTESIAN_POINT ( 'NONE',  ( 30.00000000000000000, -56.04587155963309186, -25.32015562987536583 ) ) ;
#1817 = VECTOR ( 'NONE', #643, 1000.000000000000000 ) ;
#1818 = FACE_OUTER_BOUND ( 'NONE', #1025, .T. ) ;
#1819 = EDGE_CURVE ( 'NONE', #1409, #5313, #455, .T. ) ;
#1820 = COLOUR_RGB ( '',0.7921568627450980005, 0.8196078431372548767, 0.9333333333333333481 ) ;
#1821 = CARTESIAN_POINT ( 'NONE',  ( 32.00000000000000000, 0.000000000000000000, -48.00000000000000000 ) ) ;
#1822 = VERTEX_POINT ( 'NONE', #3136 ) ;
#1823 = CARTESIAN_POINT ( 'NONE',  ( 12.00000000000000000, 6.938893903907228378E-14, 15.99999999999995914 ) ) ;
#1824 = FACE_OUTER_BOUND ( 'NONE', #193, .T. ) ;
#1825 = EDGE_LOOP ( 'NONE', ( #2699, #3827, #536, #877 ) ) ;
#1826 = ORIENTED_EDGE ( 'NONE', *, *, #2126, .T. ) ;
#1827 = CARTESIAN_POINT ( 'NONE',  ( 30.00000000000000000, -54.22324159021412981, -24.49673593459486654 ) ) ;
#1828 = CARTESIAN_POINT ( 'NONE',  ( 31.31019006184749287, -69.48057672559697551, 2.742753606017254153 ) ) ;
#1829 = DIRECTION ( 'NONE',  ( -1.000000000000000000, 0.000000000000000000, 0.000000000000000000 ) ) ;
#1830 = DIRECTION ( 'NONE',  ( 1.000000000000000000, 0.000000000000000000, 0.000000000000000000 ) ) ;
#1831 = AXIS2_PLACEMENT_3D ( 'NONE', #4676, #4705, #1017 ) ;
#1832 = DIRECTION ( 'NONE',  ( 1.000000000000000000, -0.000000000000000000, -0.000000000000000000 ) ) ;
#1833 = ORIENTED_EDGE ( 'NONE', *, *, #4542, .T. ) ;
#1834 = CARTESIAN_POINT ( 'NONE',  ( 6.999999999999999112, -1.843143693225357538E-15, -18.50000000000000711 ) ) ;
#1835 = ADVANCED_FACE ( 'NONE', ( #3983 ), #5202, .T. ) ;
#1836 = CARTESIAN_POINT ( 'NONE',  ( 32.00000000000000000, -12.47960548711975370, -35.73177083333332860 ) ) ;
#1837 = FACE_BOUND ( 'NONE', #1118, .T. ) ;
#1838 = CARTESIAN_POINT ( 'NONE',  ( 31.62466716834202529, -69.20431070199670387, -1.863639809644258349 ) ) ;
#1839 = VERTEX_POINT ( 'NONE', #1518 ) ;
#1840 = ORIENTED_EDGE ( 'NONE', *, *, #3239, .F. ) ;
#1841 = AXIS2_PLACEMENT_3D ( 'NONE', #4155, #2092, #848 ) ;
#1842 = ADVANCED_FACE ( 'NONE', ( #3051 ), #1812, .T. ) ;
#1843 = DIRECTION ( 'NONE',  ( 7.797271434387550014E-16, 0.8951822916666667407, -0.4457001959685623071 ) ) ;
#1844 = AXIS2_PLACEMENT_3D ( 'NONE', #2954, #4605, #3401 ) ;
#1845 = CARTESIAN_POINT ( 'NONE',  ( 30.00000000000000000, -22.43818669639379237, -49.66666666666665009 ) ) ;
#1846 = ADVANCED_FACE ( 'NONE', ( #1861 ), #2685, .F. ) ;
#1847 = CARTESIAN_POINT ( 'NONE',  ( 10.00000000000000000, -6.071532165918824830E-15, 48.00000000000000000 ) ) ;
#1848 = ORIENTED_EDGE ( 'NONE', *, *, #648, .T. ) ;
#1849 = CARTESIAN_POINT ( 'NONE',  ( 12.00000000000000000, 0.000000000000000000, 0.000000000000000000 ) ) ;
#1850 = DIRECTION ( 'NONE',  ( -1.000000000000000000, -0.000000000000000000, -0.000000000000000000 ) ) ;
#1851 = EDGE_LOOP ( 'NONE', ( #1299, #1458, #578, #1858 ) ) ;
#1852 = ORIENTED_EDGE ( 'NONE', *, *, #2603, .F. ) ;
#1853 = CARTESIAN_POINT ( 'NONE',  ( 32.00000000000000000, 22.43818669639379237, 49.66666666666665009 ) ) ;
#1854 = CARTESIAN_POINT ( 'NONE',  ( 31.48563173324034992, -69.35270723322049946, 1.934650008174645830 ) ) ;
#1855 = DIRECTION ( 'NONE',  ( 0.000000000000000000, 0.000000000000000000, 1.000000000000000000 ) ) ;
#1856 = FACE_OUTER_BOUND ( 'NONE', #90, .T. ) ;
#1857 = CARTESIAN_POINT ( 'NONE',  ( -8.000000000000000000, 48.00000000000000000, -3.149999999999991918 ) ) ;
#1858 = ORIENTED_EDGE ( 'NONE', *, *, #1546, .F. ) ;
#1859 = DIRECTION ( 'NONE',  ( 0.000000000000000000, 0.000000000000000000, 1.000000000000000000 ) ) ;
#1860 = CARTESIAN_POINT ( 'NONE',  ( 30.00000000000000000, -37.13385416666669414, -11.05336486002022056 ) ) ;
#1861 = FACE_OUTER_BOUND ( 'NONE', #4606, .T. ) ;
#1862 = CARTESIAN_POINT ( 'NONE',  ( 31.24292145683243405, -69.56037868576788696, -2.016274214810499288 ) ) ;
#1863 = VERTEX_POINT ( 'NONE', #214 ) ;
#1864 = EDGE_CURVE ( 'NONE', #4713, #133, #3637, .T. ) ;
#1865 = AXIS2_PLACEMENT_3D ( 'NONE', #1982, #1654, #6 ) ;
#1866 = FACE_OUTER_BOUND ( 'NONE', #1305, .T. ) ;
#1867 = CARTESIAN_POINT ( 'NONE',  ( 12.00000000000000000, 0.000000000000000000, 0.000000000000000000 ) ) ;
#1868 = AXIS2_PLACEMENT_3D ( 'NONE', #2670, #3554, #1874 ) ;
#1869 = ADVANCED_FACE ( 'NONE', ( #1023 ), #2711, .F. ) ;
#1870 = DIRECTION ( 'NONE',  ( 1.000000000000000000, -0.000000000000000000, -0.000000000000000000 ) ) ;
#1871 = ORIENTED_EDGE ( 'NONE', *, *, #2074, .T. ) ;
#1872 = DIRECTION ( 'NONE',  ( 0.000000000000000000, 0.000000000000000000, 1.000000000000000000 ) ) ;
#1873 = ADVANCED_FACE ( 'NONE', ( #2251, #1052, #3904, #1837, #672, #5142, #4336, #3506, #3078, #2300, #725, #3183, #1181, #1613 ), #3693, .T. ) ;
#1874 = DIRECTION ( 'NONE',  ( 0.000000000000000000, 0.8951822916666615226, -0.4457001959685726877 ) ) ;
#1875 = EDGE_LOOP ( 'NONE', ( #3777, #4201, #1482, #517 ) ) ;
#1876 = CIRCLE ( 'NONE', #1207, 59.49999999999999289 ) ;
#1877 = ORIENTED_EDGE ( 'NONE', *, *, #2003, .F. ) ;
#1878 = AXIS2_PLACEMENT_3D ( 'NONE', #3365, #2219, #73 ) ;
#1879 = AXIS2_PLACEMENT_3D ( 'NONE', #427, #738, #32 ) ;
#1880 = FACE_OUTER_BOUND ( 'NONE', #1825, .T. ) ;
#1881 = CARTESIAN_POINT ( 'NONE',  ( 30.78927641993957920, -69.04468510891835820, 1.757477035996731107 ) ) ;
#1882 = DIRECTION ( 'NONE',  ( -1.000000000000000000, 0.000000000000000000, 0.000000000000000000 ) ) ;
#1883 = AXIS2_PLACEMENT_3D ( 'NONE', #1526, #3145, #4794 ) ;
#1884 = DIRECTION ( 'NONE',  ( 1.000000000000000000, 0.000000000000000000, 0.000000000000000000 ) ) ;
#1885 = EDGE_CURVE ( 'NONE', #5080, #2291, #3993, .T. ) ;
#1886 = CIRCLE ( 'NONE', #4903, 17.50000000000000000 ) ;
#1887 = CARTESIAN_POINT ( 'NONE',  ( 30.00000000000000000, 27.75065104166680641, 13.81670607502515047 ) ) ;
#1888 = EDGE_LOOP ( 'NONE', ( #889, #3333, #736, #5113 ) ) ;
#1889 = CYLINDRICAL_SURFACE ( 'NONE', #1291, 5.000000000000000888 ) ;
#1890 = AXIS2_PLACEMENT_3D ( 'NONE', #5094, #596, #3822 ) ;
#1891 = B_SPLINE_CURVE_WITH_KNOTS ( 'NONE', 3,
 ( #3106, #1638, #2451, #411, #771, #1568, #2018, #3209, #847, #3302, #2809, #1991 ),
 .UNSPECIFIED., .F., .F.,
 ( 4, 2, 2, 2, 2, 4 ),
 ( 2.168404344971008868E-18, 0.0007990461442081610169, 0.001598092288416319865, 0.001997615360520392513, 0.002397138432624464511, 0.003196184576832609373 ),
 .UNSPECIFIED. ) ;
#1892 = AXIS2_PLACEMENT_3D ( 'NONE', #5047, #1252, #4557 ) ;
#1893 = CARTESIAN_POINT ( 'NONE',  ( 30.26794856240540454, -69.92858290028897272, 2.845462307699647919 ) ) ;
#1894 = FACE_OUTER_BOUND ( 'NONE', #4031, .T. ) ;
#1895 = CARTESIAN_POINT ( 'NONE',  ( -18.00000000000001421, 0.000000000000000000, 0.000000000000000000 ) ) ;
#1896 = EDGE_LOOP ( 'NONE', ( #539, #707, #1995, #4660 ) ) ;
#1897 = AXIS2_PLACEMENT_3D ( 'NONE', #647, #620, #590 ) ;
#1898 = ORIENTED_EDGE ( 'NONE', *, *, #4883, .T. ) ;
#1899 = CARTESIAN_POINT ( 'NONE',  ( 32.00000000000000000, 0.000000000000000000, 0.000000000000000000 ) ) ;
#1900 = TOROIDAL_SURFACE ( 'NONE', #629, 7.000000000000000000, 2.000000000000000000 ) ;
#1901 = EDGE_CURVE ( 'NONE', #177, #2183, #4344, .T. ) ;
#1902 = CARTESIAN_POINT ( 'NONE',  ( 30.00000000000000000, 49.66666666666688457, 22.43818669639327013 ) ) ;
#1903 = ORIENTED_EDGE ( 'NONE', *, *, #4573, .F. ) ;
#1904 = CARTESIAN_POINT ( 'NONE',  ( 32.00000000000000000, -37.13385416666662309, 11.05336486002048701 ) ) ;
#1905 = AXIS2_PLACEMENT_3D ( 'NONE', #1445, #5272, #3210 ) ;
#1906 = DIRECTION ( 'NONE',  ( 0.000000000000000000, -9.912705577010326536E-16, -1.000000000000000000 ) ) ;
#1907 = ORIENTED_EDGE ( 'NONE', *, *, #49, .F. ) ;
#1908 = EDGE_LOOP ( 'NONE', ( #5182, #2835, #3422, #3240 ) ) ;
#1909 = FACE_OUTER_BOUND ( 'NONE', #4666, .T. ) ;
#1910 = VECTOR ( 'NONE', #4388, 1000.000000000000000 ) ;
#1911 = ADVANCED_FACE ( 'NONE', ( #4491 ), #1242, .T. ) ;
#1912 = CYLINDRICAL_SURFACE ( 'NONE', #3202, 59.49999999999999289 ) ;
#1913 = CARTESIAN_POINT ( 'NONE',  ( -8.000000000000000000, -69.94202898550727809, 2.848259361516116250 ) ) ;
#1914 = CARTESIAN_POINT ( 'NONE',  ( -8.000000000000000000, 0.000000000000000000, 0.000000000000000000 ) ) ;
#1915 = ORIENTED_EDGE ( 'NONE', *, *, #3082, .T. ) ;
#1916 = DIRECTION ( 'NONE',  ( -1.000000000000000000, -0.000000000000000000, -0.000000000000000000 ) ) ;
#1917 = ADVANCED_FACE ( 'NONE', ( #1128 ), #2765, .F. ) ;
#1918 = DIRECTION ( 'NONE',  ( 1.000000000000000000, -0.000000000000000000, -0.000000000000000000 ) ) ;
#1919 = CARTESIAN_POINT ( 'NONE',  ( 30.00000000000000000, 22.43818669639379237, 49.66666666666665009 ) ) ;
#1920 = AXIS2_PLACEMENT_3D ( 'NONE', #1941, #3591, #1993 ) ;
#1921 = DIRECTION ( 'NONE',  ( 0.000000000000000000, 0.000000000000000000, -1.000000000000000000 ) ) ;
#1922 = ORIENTED_EDGE ( 'NONE', *, *, #5304, .T. ) ;
#1923 = FACE_OUTER_BOUND ( 'NONE', #873, .T. ) ;
#1924 = CARTESIAN_POINT ( 'NONE',  ( 32.00000000000000000, 48.00000000000000000, -5.027733127934112032E-13 ) ) ;
#1925 = VERTEX_POINT ( 'NONE', #3211 ) ;
#1926 = CARTESIAN_POINT ( 'NONE',  ( 32.00000000000000000, 49.66666666666641561, -22.43818669639431107 ) ) ;
#1927 = ADVANCED_FACE ( 'NONE', ( #1964 ), #3643, .T. ) ;
#1928 = DIRECTION ( 'NONE',  ( 0.000000000000000000, 0.000000000000000000, -1.000000000000000000 ) ) ;
#1929 = EDGE_LOOP ( 'NONE', ( #284, #2557 ) ) ;
#1930 = ORIENTED_EDGE ( 'NONE', *, *, #2846, .F. ) ;
#1931 = DIRECTION ( 'NONE',  ( -0.000000000000000000, 0.07407407407407361200, 0.9972527420619452521 ) ) ;
#1932 = CARTESIAN_POINT ( 'NONE',  ( 12.00000000000000000, 0.000000000000000000, 0.000000000000000000 ) ) ;
#1933 = FACE_OUTER_BOUND ( 'NONE', #4880, .T. ) ;
#1934 = AXIS2_PLACEMENT_3D ( 'NONE', #3828, #4234, #2903 ) ;
#1935 = EDGE_CURVE ( 'NONE', #3194, #3991, #1999, .T. ) ;
#1936 = CARTESIAN_POINT ( 'NONE',  ( 30.00000000000000000, -16.04520705486824994, -32.22656249999999289 ) ) ;
#1937 = ORIENTED_EDGE ( 'NONE', *, *, #3377, .T. ) ;
#1938 = DIRECTION ( 'NONE',  ( 0.000000000000000000, 0.000000000000000000, -1.000000000000000000 ) ) ;
#1939 = CIRCLE ( 'NONE', #4951, 2.050000000000000711 ) ;
#1940 = DIRECTION ( 'NONE',  ( 0.000000000000000000, 0.000000000000000000, -1.000000000000000000 ) ) ;
#1941 = CARTESIAN_POINT ( 'NONE',  ( 30.00000000000000000, 0.000000000000000000, 0.000000000000000000 ) ) ;
#1942 = DIRECTION ( 'NONE',  ( -1.000000000000000000, -0.000000000000000000, -0.000000000000000000 ) ) ;
#1943 = EDGE_CURVE ( 'NONE', #2901, #2993, #2436, .T. ) ;
#1944 = ADVANCED_FACE ( 'NONE', ( #5296 ), #20, .F. ) ;
#1945 = CARTESIAN_POINT ( 'NONE',  ( 32.00000000000000000, 0.000000000000000000, 0.000000000000000000 ) ) ;
#1946 = EDGE_CURVE ( 'NONE', #1952, #2246, #3619, .T. ) ;
#1947 = DIRECTION ( 'NONE',  ( 0.000000000000000000, -1.776356839400250465E-15, -1.000000000000000000 ) ) ;
#1948 = VERTEX_POINT ( 'NONE', #5273 ) ;
#1949 = DIRECTION ( 'NONE',  ( 0.000000000000000000, 0.000000000000000000, -1.000000000000000000 ) ) ;
#1950 = CIRCLE ( 'NONE', #4970, 59.49999999999999289 ) ;
#1951 = DIRECTION ( 'NONE',  ( 0.000000000000000000, 0.000000000000000000, -1.000000000000000000 ) ) ;
#1952 = VERTEX_POINT ( 'NONE', #4034 ) ;
#1953 = CARTESIAN_POINT ( 'NONE',  ( 10.00000000000000000, 0.000000000000000000, -48.00000000000000000 ) ) ;
#1954 = DIRECTION ( 'NONE',  ( 1.000000000000000000, -0.000000000000000000, -0.000000000000000000 ) ) ;
#1955 = FACE_OUTER_BOUND ( 'NONE', #3709, .T. ) ;
#1956 = EDGE_CURVE ( 'NONE', #2856, #47, #2870, .T. ) ;
#1957 = FACE_OUTER_BOUND ( 'NONE', #4114, .T. ) ;
#1958 = CARTESIAN_POINT ( 'NONE',  ( 30.00000000000000000, 22.43818669639379237, -49.66666666666665009 ) ) ;
#1959 = ORIENTED_EDGE ( 'NONE', *, *, #2459, .T. ) ;
#1960 = ORIENTED_EDGE ( 'NONE', *, *, #622, .F. ) ;
#1961 = FACE_BOUND ( 'NONE', #2999, .T. ) ;
#1962 =( NAMED_UNIT ( * ) SI_UNIT ( $, .STERADIAN. ) SOLID_ANGLE_UNIT ( ) );
#1963 = AXIS2_PLACEMENT_3D ( 'NONE', #3552, #1406, #4669 ) ;
#1964 = FACE_OUTER_BOUND ( 'NONE', #3244, .T. ) ;
#1965 = CIRCLE ( 'NONE', #4979, 14.20000000000000462 ) ;
#1966 = EDGE_CURVE ( 'NONE', #3908, #2375, #131, .T. ) ;
#1967 = VECTOR ( 'NONE', #4275, 1000.000000000000000 ) ;
#1968 = CARTESIAN_POINT ( 'NONE',  ( 10.00000000000000000, 48.00000000000000000, -5.027733127934112032E-13 ) ) ;
#1969 = AXIS2_PLACEMENT_3D ( 'NONE', #3429, #1427, #4662 ) ;
#1970 = AXIS2_PLACEMENT_3D ( 'NONE', #1127, #2683, #1938 ) ;
#1971 = ORIENTED_EDGE ( 'NONE', *, *, #868, .T. ) ;
#1972 = EDGE_CURVE ( 'NONE', #3703, #3972, #3126, .T. ) ;
#1973 = AXIS2_PLACEMENT_3D ( 'NONE', #1598, #324, #1211 ) ;
#1974 = LINE ( 'NONE', #1548, #4743 ) ;
#1975 = CIRCLE ( 'NONE', #5179, 1.999999999999974021 ) ;
#1976 = AXIS2_PLACEMENT_3D ( 'NONE', #3228, #14, #4879 ) ;
#1977 = EDGE_CURVE ( 'NONE', #660, #637, #2514, .T. ) ;
#1978 = CARTESIAN_POINT ( 'NONE',  ( -11.99999999999999822, 0.000000000000000000, -48.00000000000000000 ) ) ;
#1979 = ORIENTED_EDGE ( 'NONE', *, *, #2103, .T. ) ;
#1980 = DIRECTION ( 'NONE',  ( 1.000000000000000000, 0.000000000000000000, 0.000000000000000000 ) ) ;
#1981 = AXIS2_PLACEMENT_3D ( 'NONE', #5189, #1492, #744 ) ;
#1982 = CARTESIAN_POINT ( 'NONE',  ( 30.00000000000000000, 0.000000000000000000, 0.000000000000000000 ) ) ;
#1983 = ORIENTED_EDGE ( 'NONE', *, *, #1693, .F. ) ;
#1984 = DIRECTION ( 'NONE',  ( 0.000000000000000000, 0.000000000000000000, 1.000000000000000000 ) ) ;
#1985 = DIRECTION ( 'NONE',  ( 0.000000000000000000, 0.000000000000000000, -1.000000000000000000 ) ) ;
#1986 = CARTESIAN_POINT ( 'NONE',  ( -8.000000000000000000, -18.50000000000000000, 1.084202172485504434E-15 ) ) ;
#1987 = VECTOR ( 'NONE', #12, 1000.000000000000000 ) ;
#1988 = DIRECTION ( 'NONE',  ( -1.000000000000000000, 0.000000000000000000, 0.000000000000000000 ) ) ;
#1989 = ORIENTED_EDGE ( 'NONE', *, *, #1450, .F. ) ;
#1990 = VERTEX_POINT ( 'NONE', #4834 ) ;
#1991 = CARTESIAN_POINT ( 'NONE',  ( 30.00000000000000000, -69.94202898550726388, -2.848259361516118915 ) ) ;
#1992 = DIRECTION ( 'NONE',  ( 0.000000000000000000, 0.000000000000000000, 1.000000000000000000 ) ) ;
#1993 = DIRECTION ( 'NONE',  ( 0.000000000000000000, 0.000000000000000000, -1.000000000000000000 ) ) ;
#1994 = FACE_OUTER_BOUND ( 'NONE', #753, .T. ) ;
#1995 = ORIENTED_EDGE ( 'NONE', *, *, #5053, .F. ) ;
#1996 = AXIS2_PLACEMENT_3D ( 'NONE', #4249, #2081, #2875 ) ;
#1997 = EDGE_CURVE ( 'NONE', #1685, #444, #4807, .T. ) ;
#1998 = ORIENTED_EDGE ( 'NONE', *, *, #2067, .F. ) ;
#1999 = CIRCLE ( 'NONE', #3369, 2.050000000000000711 ) ;
#2000 = VERTEX_POINT ( 'NONE', #4441 ) ;
#2001 = DIRECTION ( 'NONE',  ( -1.000000000000000000, -0.000000000000000000, -0.000000000000000000 ) ) ;
#2002 = VECTOR ( 'NONE', #4589, 1000.000000000000000 ) ;
#2003 = EDGE_CURVE ( 'NONE', #1566, #5103, #4929, .T. ) ;
#2004 = ORIENTED_EDGE ( 'NONE', *, *, #598, .T. ) ;
#2005 = CARTESIAN_POINT ( 'NONE',  ( 30.00000000000000000, 0.000000000000000000, 0.000000000000000000 ) ) ;
#2006 = DIRECTION ( 'NONE',  ( 1.000000000000000000, 0.000000000000000000, 0.000000000000000000 ) ) ;
#2007 = EDGE_CURVE ( 'NONE', #1565, #158, #43, .T. ) ;
#2008 = DIRECTION ( 'NONE',  ( -1.000000000000000000, -0.000000000000000000, -0.000000000000000000 ) ) ;
#2009 = ORIENTED_EDGE ( 'NONE', *, *, #1956, .T. ) ;
#2010 = TOROIDAL_SURFACE ( 'NONE', #5033, 7.000000000000000000, 2.000000000000000000 ) ;
#2011 = CARTESIAN_POINT ( 'NONE',  ( 32.00000000000000000, 49.66666666666688457, 22.43818669639327013 ) ) ;
#2012 = CARTESIAN_POINT ( 'NONE',  ( 30.00000000000000000, 0.000000000000000000, 0.000000000000000000 ) ) ;
#2013 = PRODUCT ( 'Vztrajnik zrcaljen', 'Vztrajnik zrcaljen', '', ( #3227 ) ) ;
#2014 = PLANE ( 'NONE',  #3102 ) ;
#2015 = VERTEX_POINT ( 'NONE', #523 ) ;
#2016 = ORIENTED_EDGE ( 'NONE', *, *, #477, .F. ) ;
#2017 = CIRCLE ( 'NONE', #2720, 17.50000000000000711 ) ;
#2018 = CARTESIAN_POINT ( 'NONE',  ( 31.24290712394050118, -69.51811060886147686, -2.750454384146493236 ) ) ;
#2019 = CARTESIAN_POINT ( 'NONE',  ( 32.00000000000000000, 0.000000000000000000, 0.000000000000000000 ) ) ;
#2020 = CARTESIAN_POINT ( 'NONE',  ( 32.00000000000000000, -32.22656249999993605, 16.04520705486836718 ) ) ;
#2021 = AXIS2_PLACEMENT_3D ( 'NONE', #2011, #1560, #2393 ) ;
#2022 = DIRECTION ( 'NONE',  ( -1.000000000000000000, 0.000000000000000000, -0.000000000000000000 ) ) ;
#2023 = VERTEX_POINT ( 'NONE', #2592 ) ;
#2024 = ORIENTED_EDGE ( 'NONE', *, *, #2303, .T. ) ;
#2025 = VERTEX_POINT ( 'NONE', #3810 ) ;
#2026 = DIRECTION ( 'NONE',  ( 1.000000000000000000, 0.000000000000000000, 0.000000000000000000 ) ) ;
#2027 = AXIS2_PLACEMENT_3D ( 'NONE', #4580, #4904, #4930 ) ;
#2028 = EDGE_CURVE ( 'NONE', #4141, #2073, #442, .T. ) ;
#2029 = DIRECTION ( 'NONE',  ( 1.000000000000000000, -0.000000000000000000, -0.000000000000000000 ) ) ;
#2030 = CARTESIAN_POINT ( 'NONE',  ( 32.00000000000000000, 0.000000000000000000, 0.000000000000000000 ) ) ;
#2031 = EDGE_CURVE ( 'NONE', #5052, #2482, #2989, .T. ) ;
#2032 = AXIS2_PLACEMENT_3D ( 'NONE', #1031, #1453, #4746 ) ;
#2033 = DIRECTION ( 'NONE',  ( 0.000000000000000000, 0.4457001959685629733, -0.8951822916666664076 ) ) ;
#2034 = ORIENTED_EDGE ( 'NONE', *, *, #5115, .T. ) ;
#2035 = UNCERTAINTY_MEASURE_WITH_UNIT (LENGTH_MEASURE( 1.000000000000000082E-05 ), #5213, 'distance_accuracy_value', 'NONE');
#2036 = LINE ( 'NONE', #4198, #3399 ) ;
#2037 = CARTESIAN_POINT ( 'NONE',  ( 6.999999999999999112, -18.50000000000000000, 1.084202172485504434E-15 ) ) ;
#2038 = ADVANCED_FACE ( 'NONE', ( #66 ), #3305, .T. ) ;
#2039 = EDGE_LOOP ( 'NONE', ( #2239, #4890 ) ) ;
#2040 = ORIENTED_EDGE ( 'NONE', *, *, #2303, .F. ) ;
#2041 = FACE_BOUND ( 'NONE', #2528, .T. ) ;
#2042 = DIRECTION ( 'NONE',  ( 0.000000000000000000, 3.449621540799592364E-14, -1.000000000000000000 ) ) ;
#2043 = DIRECTION ( 'NONE',  ( 0.000000000000000000, 0.000000000000000000, -1.000000000000000000 ) ) ;
#2044 = ADVANCED_FACE ( 'NONE', ( #5021 ), #218, .T. ) ;
#2045 = LINE ( 'NONE', #4136, #3702 ) ;
#2046 = ORIENTED_EDGE ( 'NONE', *, *, #1039, .T. ) ;
#2047 = AXIS2_PLACEMENT_3D ( 'NONE', #3754, #1729, #587 ) ;
#2048 = VERTEX_POINT ( 'NONE', #849 ) ;
#2049 = CARTESIAN_POINT ( 'NONE',  ( 32.00000000000000000, 32.22656250000015632, 16.04520705486791954 ) ) ;
#2050 = AXIS2_PLACEMENT_3D ( 'NONE', #2798, #352, #2823 ) ;
#2051 = AXIS2_PLACEMENT_3D ( 'NONE', #5140, #294, #692 ) ;
#2052 = AXIS2_PLACEMENT_3D ( 'NONE', #1705, #481, #4945 ) ;
#2053 = ORIENTED_EDGE ( 'NONE', *, *, #548, .F. ) ;
#2054 = LINE ( 'NONE', #2414, #2171 ) ;
#2055 = AXIS2_PLACEMENT_3D ( 'NONE', #1358, #2152, #4178 ) ;
#2056 = CARTESIAN_POINT ( 'NONE',  ( 32.00000000000000000, 6.735557395310442023E-16, 5.500000000000000000 ) ) ;
#2057 = CIRCLE ( 'NONE', #192, 2.000000000000066169 ) ;
#2058 = DIRECTION ( 'NONE',  ( 1.000000000000000000, 0.000000000000000000, 0.000000000000000000 ) ) ;
#2059 = ORIENTED_EDGE ( 'NONE', *, *, #3627, .F. ) ;
#2060 = ADVANCED_FACE ( 'NONE', ( #557 ), #2187, .T. ) ;
#2061 = DIRECTION ( 'NONE',  ( 0.000000000000000000, 0.000000000000000000, 1.000000000000000000 ) ) ;
#2062 = CIRCLE ( 'NONE', #1222, 2.000000000000003109 ) ;
#2063 = CARTESIAN_POINT ( 'NONE',  ( 10.00000000000000000, 1.738998454789241549E-15, 33.79999999999999716 ) ) ;
#2064 = DIRECTION ( 'NONE',  ( 0.000000000000000000, 0.000000000000000000, -1.000000000000000000 ) ) ;
#2065 = ORIENTED_EDGE ( 'NONE', *, *, #5206, .F. ) ;
#2066 = ORIENTED_EDGE ( 'NONE', *, *, #2519, .T. ) ;
#2067 = EDGE_CURVE ( 'NONE', #2871, #3133, #4938, .T. ) ;
#2068 = CARTESIAN_POINT ( 'NONE',  ( 12.00000000000000000, -13.43502884254452212, -15.43502884254433916 ) ) ;
#2069 = CARTESIAN_POINT ( 'NONE',  ( 30.00000000000000000, 48.00000000000000000, 17.49999999999950617 ) ) ;
#2070 = DIRECTION ( 'NONE',  ( 0.000000000000000000, 0.000000000000000000, 1.000000000000000000 ) ) ;
#2071 = CARTESIAN_POINT ( 'NONE',  ( -8.000000000000000000, 0.000000000000000000, 48.00000000000000000 ) ) ;
#2072 = ORIENTED_EDGE ( 'NONE', *, *, #1646, .F. ) ;
#2073 = VERTEX_POINT ( 'NONE', #129 ) ;
#2074 = EDGE_CURVE ( 'NONE', #1952, #1273, #2179, .T. ) ;
#2075 = AXIS2_PLACEMENT_3D ( 'NONE', #4409, #5265, #821 ) ;
#2076 = LINE ( 'NONE', #48, #875 ) ;
#2077 = VERTEX_POINT ( 'NONE', #4180 ) ;
#2078 = AXIS2_PLACEMENT_3D ( 'NONE', #4914, #2866, #4064 ) ;
#2079 = DIRECTION ( 'NONE',  ( -1.000000000000000000, -0.000000000000000000, -0.000000000000000000 ) ) ;
#2080 = ORIENTED_EDGE ( 'NONE', *, *, #2535, .T. ) ;
#2081 = DIRECTION ( 'NONE',  ( -1.000000000000000000, 0.000000000000000000, -0.000000000000000000 ) ) ;
#2082 = CARTESIAN_POINT ( 'NONE',  ( 32.00000000000000000, -32.22656249999993605, 16.04520705486836718 ) ) ;
#2083 = DIRECTION ( 'NONE',  ( 0.000000000000000000, 0.000000000000000000, -1.000000000000000000 ) ) ;
#2084 = EDGE_LOOP ( 'NONE', ( #71, #2929 ) ) ;
#2085 = DIRECTION ( 'NONE',  ( 0.000000000000000000, 0.000000000000000000, -1.000000000000000000 ) ) ;
#2086 = DIRECTION ( 'NONE',  ( 0.000000000000000000, 0.000000000000000000, -1.000000000000000000 ) ) ;
#2087 = EDGE_CURVE ( 'NONE', #124, #1376, #2560, .T. ) ;
#2088 = DIRECTION ( 'NONE',  ( 1.000000000000000000, -0.000000000000000000, -0.000000000000000000 ) ) ;
#2089 = ORIENTED_EDGE ( 'NONE', *, *, #1100, .F. ) ;
#2090 = ORIENTED_EDGE ( 'NONE', *, *, #4027, .F. ) ;
#2091 = VERTEX_POINT ( 'NONE', #878 ) ;
#2092 = DIRECTION ( 'NONE',  ( -1.000000000000000000, -0.000000000000000000, 0.000000000000000000 ) ) ;
#2093 = CARTESIAN_POINT ( 'NONE',  ( 6.999999999999999112, 0.000000000000000000, 18.50000000000000000 ) ) ;
#2094 = DIRECTION ( 'NONE',  ( 0.000000000000000000, 0.000000000000000000, 1.000000000000000000 ) ) ;
#2095 = TOROIDAL_SURFACE ( 'NONE', #5131, 15.50000000000000888, 2.000000000000000000 ) ;
#2096 = ORIENTED_EDGE ( 'NONE', *, *, #5120, .F. ) ;
#2097 = EDGE_CURVE ( 'NONE', #3891, #3765, #3837, .T. ) ;
#2098 = ORIENTED_EDGE ( 'NONE', *, *, #4722, .T. ) ;
#2099 = ORIENTED_EDGE ( 'NONE', *, *, #1188, .T. ) ;
#2100 = CARTESIAN_POINT ( 'NONE',  ( 30.23546952948984057, -69.28166218395743670, -1.866782699562622883 ) ) ;
#2101 = CIRCLE ( 'NONE', #1508, 15.50000000000000711 ) ;
#2102 = DIRECTION ( 'NONE',  ( 1.000000000000000000, 0.000000000000000000, 0.000000000000000000 ) ) ;
#2103 = EDGE_CURVE ( 'NONE', #4836, #5169, #379, .T. ) ;
#2104 = ORIENTED_EDGE ( 'NONE', *, *, #3023, .F. ) ;
#2105 = DIRECTION ( 'NONE',  ( 0.000000000000000000, 1.586032892321651496E-15, -1.000000000000000000 ) ) ;
#2106 = DIRECTION ( 'NONE',  ( 0.000000000000000000, -0.07407407407406320365, 0.9972527420619460292 ) ) ;
#2107 = EDGE_CURVE ( 'NONE', #2889, #2604, #136, .T. ) ;
#2108 = DIRECTION ( 'NONE',  ( 0.000000000000000000, 0.000000000000000000, -1.000000000000000000 ) ) ;
#2109 = ORIENTED_EDGE ( 'NONE', *, *, #4027, .T. ) ;
#2110 = CARTESIAN_POINT ( 'NONE',  ( 32.00000000000000000, -48.00000000000000000, 1.675911042644704011E-13 ) ) ;
#2111 = CARTESIAN_POINT ( 'NONE',  ( -8.000000000000000000, -48.00000000000000000, 1.675911042644704011E-13 ) ) ;
#2112 = DIRECTION ( 'NONE',  ( 0.000000000000000000, 0.000000000000000000, -1.000000000000000000 ) ) ;
#2113 = ORIENTED_EDGE ( 'NONE', *, *, #4842, .T. ) ;
#2114 = ORIENTED_EDGE ( 'NONE', *, *, #1754, .F. ) ;
#2115 = ORIENTED_EDGE ( 'NONE', *, *, #1110, .T. ) ;
#2116 = ORIENTED_EDGE ( 'NONE', *, *, #1287, .F. ) ;
#2117 = ADVANCED_FACE ( 'NONE', ( #2153 ), #4535, .T. ) ;
#2118 = DIRECTION ( 'NONE',  ( 0.000000000000000000, 0.000000000000000000, -1.000000000000000000 ) ) ;
#2119 = DIRECTION ( 'NONE',  ( 1.000000000000000000, -0.000000000000000000, -0.000000000000000000 ) ) ;
#2120 = CARTESIAN_POINT ( 'NONE',  ( 32.00000000000000000, -22.43818669639379237, 49.66666666666665009 ) ) ;
#2121 = ORIENTED_EDGE ( 'NONE', *, *, #37, .F. ) ;
#2122 = DIRECTION ( 'NONE',  ( 0.000000000000000000, 0.000000000000000000, -1.000000000000000000 ) ) ;
#2123 = EDGE_LOOP ( 'NONE', ( #1930, #1046 ) ) ;
#2124 = VERTEX_POINT ( 'NONE', #4133 ) ;
#2125 = CARTESIAN_POINT ( 'NONE',  ( 30.00000000000000000, -48.00000000000000000, 1.675911042644704011E-13 ) ) ;
#2126 = EDGE_CURVE ( 'NONE', #322, #531, #3212, .T. ) ;
#2127 = DIRECTION ( 'NONE',  ( 0.000000000000000000, 0.000000000000000000, 1.000000000000000000 ) ) ;
#2128 = ORIENTED_EDGE ( 'NONE', *, *, #2939, .T. ) ;
#2129 = CLOSED_SHELL ( 'NONE', ( #341, #4117, #1030, #1634, #4699, #898, #182, #2811, #2377, #530, #1869, #836, #64, #2894, #1580, #4875, #107, #189, #3713, #3830, #4461, #699, #4661, #2044, #3488, #5270, #25, #814, #3877, #121, #4121, #734, #2635, #4838, #3187, #2038, #3648, #2140, #3340, #2996, #1238, #2706, #719, #4146, #4789, #4688, #430, #3565, #2405, #2577, #1488, #1917, #982, #1200, #760, #2361, #3690, #5277, #3557, #4943, #3139, #4484, #1814, #2117, #1873, #74, #1575, #5185, #4856, #3261, #5245, #1259, #3290, #4907, #2311, #4102, #4899, #2641, #3219, #1182, #5214, #3989, #4253, #1050, #4998, #246, #2132, #5022, #3888, #4942, #862, #3623, #1806, #4098, #2768, #1846, #4183, #4587, #2444, #605, #3122, #1927, #3004, #2333, #4521, #3107, #2793, #5087, #678, #654, #3532, #961, #1338, #275, #5076, #77, #496, #4362, #4763, #1417, #1139, #4041, #1911, #1068, #2204, #4452, #3385, #2338, #1835, #1145, #4681, #906, #16, #2282, #4810, #3034, #463, #250, #4322, #1010, #3781, #2813, #2824, #2524, #3351, #4579, #3999, #3932, #1463, #1168, #1537, #3476, #2734, #3059, #1944, #4394, #5226, #5145, #4628, #4467, #1794, #4433, #4303, #3087, #115, #2060, #2220, #3226, #5068, #2347, #1078, #1842, #971, #3055, #4768, #1429 ) ) ;
#2130 = CIRCLE ( 'NONE', #5167, 2.000000000000011990 ) ;
#2131 = VERTEX_POINT ( 'NONE', #2886 ) ;
#2132 = ADVANCED_FACE ( 'NONE', ( #4987 ), #3720, .F. ) ;
#2133 = DIRECTION ( 'NONE',  ( -1.000000000000000000, 0.000000000000000000, -0.000000000000000000 ) ) ;
#2134 = AXIS2_PLACEMENT_3D ( 'NONE', #4045, #3218, #1190 ) ;
#2135 = CIRCLE ( 'NONE', #2841, 59.49999999999999289 ) ;
#2136 = DIRECTION ( 'NONE',  ( 1.000000000000000000, -0.000000000000000000, -0.000000000000000000 ) ) ;
#2137 = DIRECTION ( 'NONE',  ( 0.000000000000000000, 0.000000000000000000, -1.000000000000000000 ) ) ;
#2138 = ORIENTED_EDGE ( 'NONE', *, *, #3460, .T. ) ;
#2139 = AXIS2_PLACEMENT_3D ( 'NONE', #1652, #2461, #2925 ) ;
#2140 = ADVANCED_FACE ( 'NONE', ( #4728 ), #1491, .F. ) ;
#2141 = CIRCLE ( 'NONE', #2055, 2.000000000000032863 ) ;
#2142 = CARTESIAN_POINT ( 'NONE',  ( 30.00000000000000000, -32.22656249999993605, 9.045207054868367180 ) ) ;
#2143 = CARTESIAN_POINT ( 'NONE',  ( 32.00000000000000000, 0.000000000000000000, 0.000000000000000000 ) ) ;
#2144 = AXIS2_PLACEMENT_3D ( 'NONE', #2049, #3701, #26 ) ;
#2145 = AXIS2_PLACEMENT_3D ( 'NONE', #2196, #5092, #5146 ) ;
#2146 = CARTESIAN_POINT ( 'NONE',  ( -8.000000000000000000, -54.22324159021395218, 24.49673593459528931 ) ) ;
#2147 = ORIENTED_EDGE ( 'NONE', *, *, #236, .T. ) ;
#2148 = ORIENTED_EDGE ( 'NONE', *, *, #810, .T. ) ;
#2149 = ORIENTED_EDGE ( 'NONE', *, *, #3522, .F. ) ;
#2150 = ORIENTED_EDGE ( 'NONE', *, *, #1495, .T. ) ;
#2151 = TOROIDAL_SURFACE ( 'NONE', #2252, 7.000000000000000000, 2.000000000000000000 ) ;
#2152 = DIRECTION ( 'NONE',  ( -1.000000000000000000, 0.000000000000000000, -0.000000000000000000 ) ) ;
#2153 = FACE_OUTER_BOUND ( 'NONE', #2671, .T. ) ;
#2154 = LINE ( 'NONE', #3388, #446 ) ;
#2155 = AXIS2_PLACEMENT_3D ( 'NONE', #332, #1101, #5160 ) ;
#2156 = CARTESIAN_POINT ( 'NONE',  ( -8.000000000000000000, -17.45192298608406389, -49.29629629629628340 ) ) ;
#2157 = EDGE_LOOP ( 'NONE', ( #4517, #854, #595, #4310 ) ) ;
#2158 = CIRCLE ( 'NONE', #1228, 2.000000000000026201 ) ;
#2159 = AXIS2_PLACEMENT_3D ( 'NONE', #3587, #1442, #4802 ) ;
#2160 = VERTEX_POINT ( 'NONE', #3895 ) ;
#2161 = CARTESIAN_POINT ( 'NONE',  ( 30.00000000000000000, -49.66666666666657193, 15.43818669639396646 ) ) ;
#2162 = CARTESIAN_POINT ( 'NONE',  ( 30.25520574504985305, -69.97142855017376917, -2.126321349064965283 ) ) ;
#2163 = CIRCLE ( 'NONE', #1645, 5.000000000000000888 ) ;
#2164 = VECTOR ( 'NONE', #2322, 1000.000000000000000 ) ;
#2165 = EDGE_LOOP ( 'NONE', ( #3286, #2099, #3855, #2304 ) ) ;
#2166 = EDGE_CURVE ( 'NONE', #1685, #2077, #902, .T. ) ;
#2167 = ORIENTED_EDGE ( 'NONE', *, *, #2166, .T. ) ;
#2168 = CARTESIAN_POINT ( 'NONE',  ( 30.00000000000000000, 25.32015562987556478, 56.04587155963300660 ) ) ;
#2169 = FACE_OUTER_BOUND ( 'NONE', #4165, .T. ) ;
#2170 = AXIS2_PLACEMENT_3D ( 'NONE', #2012, #1150, #3583 ) ;
#2171 = VECTOR ( 'NONE', #4100, 1000.000000000000000 ) ;
#2172 = EDGE_CURVE ( 'NONE', #730, #2563, #1086, .T. ) ;
#2173 = CARTESIAN_POINT ( 'NONE',  ( 10.00000000000000000, -48.00000000000000000, -14.19999999999983764 ) ) ;
#2174 = ORIENTED_EDGE ( 'NONE', *, *, #3698, .T. ) ;
#2175 = CARTESIAN_POINT ( 'NONE',  ( 32.00000000000000000, 22.43818669639379237, 54.66666666666665009 ) ) ;
#2176 = EDGE_LOOP ( 'NONE', ( #4179, #3416, #1103, #1370 ) ) ;
#2177 = DIRECTION ( 'NONE',  ( 0.000000000000000000, 0.000000000000000000, -1.000000000000000000 ) ) ;
#2178 = EDGE_CURVE ( 'NONE', #4689, #3875, #4598, .T. ) ;
#2179 = CIRCLE ( 'NONE', #3562, 1.999999999999960032 ) ;
#2180 = PLANE ( 'NONE',  #1477 ) ;
#2181 = VERTEX_POINT ( 'NONE', #1041 ) ;
#2182 = ORIENTED_EDGE ( 'NONE', *, *, #2368, .F. ) ;
#2183 = VERTEX_POINT ( 'NONE', #1099 ) ;
#2184 = ORIENTED_EDGE ( 'NONE', *, *, #4745, .F. ) ;
#2185 = CARTESIAN_POINT ( 'NONE',  ( 30.89397127978696389, -68.93700133808792430, 1.694640101900605433 ) ) ;
#2186 = ORIENTED_EDGE ( 'NONE', *, *, #3860, .T. ) ;
#2187 = PLANE ( 'NONE',  #2705 ) ;
#2188 = CARTESIAN_POINT ( 'NONE',  ( 32.00000000000000000, -25.96028645833328241, 12.92530568308840699 ) ) ;
#2189 = CARTESIAN_POINT ( 'NONE',  ( 12.00000000000000000, 16.26345596729068177, 14.26345596729047926 ) ) ;
#2190 = ORIENTED_EDGE ( 'NONE', *, *, #1611, .T. ) ;
#2191 = CARTESIAN_POINT ( 'NONE',  ( 32.00000000000000000, 9.192388155425030405, -7.192388155425240903 ) ) ;
#2192 = DIRECTION ( 'NONE',  ( -1.000000000000000000, -0.000000000000000000, -0.000000000000000000 ) ) ;
#2193 = CARTESIAN_POINT ( 'NONE',  ( 10.00000000000000000, -48.00000000000000000, -2.927345865710861972E-15 ) ) ;
#2194 = ORIENTED_EDGE ( 'NONE', *, *, #1676, .F. ) ;
#2195 = VERTEX_POINT ( 'NONE', #2677 ) ;
#2196 = CARTESIAN_POINT ( 'NONE',  ( 32.00000000000000000, -12.02081528017120959, 12.02081528017137657 ) ) ;
#2197 = EDGE_CURVE ( 'NONE', #4701, #5163, #819, .T. ) ;
#2198 = ORIENTED_EDGE ( 'NONE', *, *, #3706, .F. ) ;
#2199 = CARTESIAN_POINT ( 'NONE',  ( 30.00000000000000000, -16.04520705486824994, -32.22656249999999289 ) ) ;
#2200 = CIRCLE ( 'NONE', #5222, 1.999999999999999334 ) ;
#2201 = DIRECTION ( 'NONE',  ( 0.000000000000000000, 0.000000000000000000, -1.000000000000000000 ) ) ;
#2202 = ORIENTED_EDGE ( 'NONE', *, *, #421, .T. ) ;
#2203 = AXIS2_PLACEMENT_3D ( 'NONE', #3246, #4949, #2902 ) ;
#2204 = ADVANCED_FACE ( 'NONE', ( #2270 ), #1653, .T. ) ;
#2205 = ORIENTED_EDGE ( 'NONE', *, *, #1351, .F. ) ;
#2206 = DIRECTION ( 'NONE',  ( -1.000000000000000000, 0.000000000000000000, -0.000000000000000000 ) ) ;
#2207 = DIRECTION ( 'NONE',  ( -1.000000000000000000, 0.000000000000000000, -0.000000000000000000 ) ) ;
#2208 = ORIENTED_EDGE ( 'NONE', *, *, #1966, .F. ) ;
#2209 = ORIENTED_EDGE ( 'NONE', *, *, #3444, .F. ) ;
#2210 = VERTEX_POINT ( 'NONE', #5135 ) ;
#2211 = CIRCLE ( 'NONE', #4881, 14.20000000000000462 ) ;
#2212 = EDGE_CURVE ( 'NONE', #5103, #2000, #4090, .T. ) ;
#2213 = CARTESIAN_POINT ( 'NONE',  ( 32.00000000000000000, 54.22324159021430745, 24.49673593459448639 ) ) ;
#2214 = ORIENTED_EDGE ( 'NONE', *, *, #10, .F. ) ;
#2215 = DIRECTION ( 'NONE',  ( -1.000000000000000000, -0.000000000000000000, -0.000000000000000000 ) ) ;
#2216 = LINE ( 'NONE', #3839, #281 ) ;
#2217 = DIRECTION ( 'NONE',  ( -1.000000000000000000, 0.000000000000000000, -0.000000000000000000 ) ) ;
#2218 = ORIENTED_EDGE ( 'NONE', *, *, #4717, .F. ) ;
#2219 = DIRECTION ( 'NONE',  ( -1.000000000000000000, -0.000000000000000000, -0.000000000000000000 ) ) ;
#2220 = ADVANCED_FACE ( 'NONE', ( #3129 ), #3863, .F. ) ;
#2221 = CARTESIAN_POINT ( 'NONE',  ( 30.13509860430977128, -69.94202898550729230, 2.848259361516117139 ) ) ;
#2222 = LINE ( 'NONE', #4786, #1910 ) ;
#2223 = DIRECTION ( 'NONE',  ( 0.000000000000000000, 0.000000000000000000, -1.000000000000000000 ) ) ;
#2224 = ORIENTED_EDGE ( 'NONE', *, *, #4753, .T. ) ;
#2225 = CIRCLE ( 'NONE', #5242, 1.000000000000000000 ) ;
#2226 = ORIENTED_EDGE ( 'NONE', *, *, #310, .T. ) ;
#2227 = VECTOR ( 'NONE', #1076, 1000.000000000000000 ) ;
#2228 = DIRECTION ( 'NONE',  ( 0.000000000000000000, 0.000000000000000000, 1.000000000000000000 ) ) ;
#2229 = DIRECTION ( 'NONE',  ( 0.000000000000000000, 0.000000000000000000, -1.000000000000000000 ) ) ;
#2230 = TOROIDAL_SURFACE ( 'NONE', #2755, 61.49999999999999289, 2.000000000000000000 ) ;
#2231 = AXIS2_PLACEMENT_3D ( 'NONE', #1015, #2645, #3892 ) ;
#2232 = DIRECTION ( 'NONE',  ( 0.000000000000000000, 0.9113149847094839107, 0.4117098476402441531 ) ) ;
#2233 = ORIENTED_EDGE ( 'NONE', *, *, #3549, .F. ) ;
#2234 = DIRECTION ( 'NONE',  ( 1.000000000000000000, 0.000000000000000000, 0.000000000000000000 ) ) ;
#2235 = AXIS2_PLACEMENT_3D ( 'NONE', #626, #2633, #3512 ) ;
#2236 = EDGE_CURVE ( 'NONE', #5208, #3161, #3726, .T. ) ;
#2237 = AXIS2_PLACEMENT_3D ( 'NONE', #3503, #3590, #262 ) ;
#2238 = CARTESIAN_POINT ( 'NONE',  ( -8.000000000000000000, 49.66666666666688457, 17.43818669639326657 ) ) ;
#2239 = ORIENTED_EDGE ( 'NONE', *, *, #2074, .F. ) ;
#2240 = ORIENTED_EDGE ( 'NONE', *, *, #4823, .F. ) ;
#2241 = CYLINDRICAL_SURFACE ( 'NONE', #2321, 5.000000000000000888 ) ;
#2242 = AXIS2_PLACEMENT_3D ( 'NONE', #653, #3487, #1789 ) ;
#2243 = DIRECTION ( 'NONE',  ( 0.000000000000000000, 0.000000000000000000, -1.000000000000000000 ) ) ;
#2244 = EDGE_CURVE ( 'NONE', #852, #520, #1414, .T. ) ;
#2245 = CARTESIAN_POINT ( 'NONE',  ( -8.000000000000000000, -48.00000000000000000, -3.150000000000003464 ) ) ;
#2246 = VERTEX_POINT ( 'NONE', #5074 ) ;
#2247 = AXIS2_PLACEMENT_3D ( 'NONE', #2892, #4278, #5118 ) ;
#2248 = CARTESIAN_POINT ( 'NONE',  ( 30.00000000000000000, -49.14814814814818789, -15.45741750196000375 ) ) ;
#2249 = AXIS2_PLACEMENT_3D ( 'NONE', #4059, #1988, #1591 ) ;
#2250 = DIRECTION ( 'NONE',  ( -1.000000000000000000, -0.000000000000000000, -0.000000000000000000 ) ) ;
#2251 = FACE_OUTER_BOUND ( 'NONE', #4230, .T. ) ;
#2252 = AXIS2_PLACEMENT_3D ( 'NONE', #2562, #3017, #4209 ) ;
#2253 = DIRECTION ( 'NONE',  ( 1.000000000000000000, 0.000000000000000000, 0.000000000000000000 ) ) ;
#2254 = EDGE_CURVE ( 'NONE', #2960, #3696, #650, .T. ) ;
#2255 = ORIENTED_EDGE ( 'NONE', *, *, #4868, .F. ) ;
#2256 = CARTESIAN_POINT ( 'NONE',  ( 30.00000000000000000, -37.13385416666662309, 11.05336486002048524 ) ) ;
#2257 = VERTEX_POINT ( 'NONE', #688 ) ;
#2258 = CARTESIAN_POINT ( 'NONE',  ( 29.99999999999999645, -69.29523809523811906, 1.871713294710593001 ) ) ;
#2259 = AXIS2_PLACEMENT_3D ( 'NONE', #3903, #4734, #5116 ) ;
#2260 = DIRECTION ( 'NONE',  ( -1.000000000000000000, 0.000000000000000000, 0.000000000000000000 ) ) ;
#2261 = VERTEX_POINT ( 'NONE', #991 ) ;
#2262 = CARTESIAN_POINT ( 'NONE',  ( 30.00000000000000000, 0.000000000000000000, 0.000000000000000000 ) ) ;
#2263 = CIRCLE ( 'NONE', #1741, 2.050000000000000711 ) ;
#2264 = LINE ( 'NONE', #3917, #682 ) ;
#2265 = ORIENTED_EDGE ( 'NONE', *, *, #2926, .F. ) ;
#2266 = EDGE_LOOP ( 'NONE', ( #2214, #5181, #912, #68 ) ) ;
#2267 = AXIS2_PLACEMENT_3D ( 'NONE', #1919, #3109, #1083 ) ;
#2268 = DIRECTION ( 'NONE',  ( 0.000000000000000000, 0.000000000000000000, -1.000000000000000000 ) ) ;
#2269 = CARTESIAN_POINT ( 'NONE',  ( 30.99999999999999645, -68.64285714285715301, 1.469068842943076048 ) ) ;
#2270 = FACE_OUTER_BOUND ( 'NONE', #1177, .T. ) ;
#2271 = EDGE_CURVE ( 'NONE', #676, #637, #4851, .T. ) ;
#2272 = DIRECTION ( 'NONE',  ( -1.000000000000000000, 0.000000000000000000, -0.000000000000000000 ) ) ;
#2273 = LINE ( 'NONE', #4829, #4670 ) ;
#2274 = ORIENTED_EDGE ( 'NONE', *, *, #1665, .T. ) ;
#2275 = DIRECTION ( 'NONE',  ( -1.000000000000000000, -0.000000000000000000, -0.000000000000000000 ) ) ;
#2276 = CARTESIAN_POINT ( 'NONE',  ( 32.00000000000000000, 16.26345596729068177, 16.26345596729050769 ) ) ;
#2277 = DIRECTION ( 'NONE',  ( 1.000000000000000000, 0.000000000000000000, 0.000000000000000000 ) ) ;
#2278 = EDGE_CURVE ( 'NONE', #797, #45, #3914, .T. ) ;
#2279 = CARTESIAN_POINT ( 'NONE',  ( 30.00000000000000000, 48.00000000000000000, -5.027733127934112032E-13 ) ) ;
#2280 = ORIENTED_EDGE ( 'NONE', *, *, #5106, .F. ) ;
#2281 = CARTESIAN_POINT ( 'NONE',  ( 10.00000000000000000, -48.00000000000000000, 1.675911042644704011E-13 ) ) ;
#2282 = ADVANCED_FACE ( 'NONE', ( #608 ), #3039, .T. ) ;
#2283 = CARTESIAN_POINT ( 'NONE',  ( 32.00000000000000000, -18.00000000000004974, 5.551115123125782702E-14 ) ) ;
#2284 = AXIS2_PLACEMENT_3D ( 'NONE', #4642, #230, #962 ) ;
#2285 = AXIS2_PLACEMENT_3D ( 'NONE', #1120, #2420, #4081 ) ;
#2286 = EDGE_CURVE ( 'NONE', #3891, #3941, #4435, .T. ) ;
#2287 = DIRECTION ( 'NONE',  ( 0.000000000000000000, 0.000000000000000000, -1.000000000000000000 ) ) ;
#2288 = ORIENTED_EDGE ( 'NONE', *, *, #4391, .T. ) ;
#2289 = FACE_OUTER_BOUND ( 'NONE', #244, .T. ) ;
#2290 = DIRECTION ( 'NONE',  ( 0.000000000000000000, 0.000000000000000000, 1.000000000000000000 ) ) ;
#2291 = VERTEX_POINT ( 'NONE', #5109 ) ;
#2292 = VERTEX_POINT ( 'NONE', #2371 ) ;
#2293 = FACE_OUTER_BOUND ( 'NONE', #305, .T. ) ;
#2294 = DIRECTION ( 'NONE',  ( 0.000000000000000000, 0.000000000000000000, 1.000000000000000000 ) ) ;
#2295 = CARTESIAN_POINT ( 'NONE',  ( -8.000000000000000000, 2.510525938252074679E-16, 16.44999999999999929 ) ) ;
#2296 = DIRECTION ( 'NONE',  ( 1.000000000000000000, 0.000000000000000000, 0.000000000000000000 ) ) ;
#2297 = ORIENTED_EDGE ( 'NONE', *, *, #3030, .T. ) ;
#2298 = DIRECTION ( 'NONE',  ( 0.000000000000000000, 0.000000000000000000, -1.000000000000000000 ) ) ;
#2299 = CARTESIAN_POINT ( 'NONE',  ( 31.60980041092997084, -69.14332811555433977, 2.648080035162588164 ) ) ;
#2300 = FACE_BOUND ( 'NONE', #4691, .T. ) ;
#2301 = FACE_OUTER_BOUND ( 'NONE', #3012, .T. ) ;
#2302 = VECTOR ( 'NONE', #3167, 1000.000000000000000 ) ;
#2303 = EDGE_CURVE ( 'NONE', #1763, #144, #2754, .T. ) ;
#2304 = ORIENTED_EDGE ( 'NONE', *, *, #368, .T. ) ;
#2305 = DIRECTION ( 'NONE',  ( 1.000000000000000000, 0.000000000000000000, 0.000000000000000000 ) ) ;
#2306 = CIRCLE ( 'NONE', #4545, 17.50000000000000711 ) ;
#2307 = EDGE_CURVE ( 'NONE', #2376, #676, #4002, .T. ) ;
#2308 = FACE_OUTER_BOUND ( 'NONE', #809, .T. ) ;
#2309 = EDGE_LOOP ( 'NONE', ( #3797, #586, #1749, #1647 ) ) ;
#2310 = DIRECTION ( 'NONE',  ( -1.000000000000000000, -0.000000000000000000, -0.000000000000000000 ) ) ;
#2311 = ADVANCED_FACE ( 'NONE', ( #765 ), #4508, .F. ) ;
#2312 = CARTESIAN_POINT ( 'NONE',  ( 31.00000000000000000, -67.96428571428572241, 2.203603264414614848 ) ) ;
#2313 = ORIENTED_EDGE ( 'NONE', *, *, #3159, .T. ) ;
#2314 = ORIENTED_EDGE ( 'NONE', *, *, #2682, .T. ) ;
#2315 = CIRCLE ( 'NONE', #4473, 17.50000000000000000 ) ;
#2316 = CARTESIAN_POINT ( 'NONE',  ( 12.00000000000000000, -1.110223024625156540E-13, -20.00000000000007461 ) ) ;
#2317 = LINE ( 'NONE', #2830, #2801 ) ;
#2318 = DIRECTION ( 'NONE',  ( -1.000000000000000000, 0.000000000000000000, 0.000000000000000000 ) ) ;
#2319 = AXIS2_PLACEMENT_3D ( 'NONE', #2262, #3938, #4748 ) ;
#2320 = DIRECTION ( 'NONE',  ( 0.000000000000000000, 0.000000000000000000, -1.000000000000000000 ) ) ;
#2321 = AXIS2_PLACEMENT_3D ( 'NONE', #2752, #662, #5210 ) ;
#2322 = DIRECTION ( 'NONE',  ( 1.000000000000000000, 0.000000000000000000, 0.000000000000000000 ) ) ;
#2323 = EDGE_LOOP ( 'NONE', ( #3342, #2167, #3118, #3629 ) ) ;
#2324 = CARTESIAN_POINT ( 'NONE',  ( -8.000000000000000000, 49.66666666666688457, 22.43818669639327013 ) ) ;
#2325 = CIRCLE ( 'NONE', #4482, 2.000000000000102585 ) ;
#2326 = SURFACE_STYLE_FILL_AREA ( #5295 ) ;
#2327 = CARTESIAN_POINT ( 'NONE',  ( -8.000000000000000000, 0.000000000000000000, 18.50000000000000000 ) ) ;
#2328 = CARTESIAN_POINT ( 'NONE',  ( 32.00000000000000000, 48.00000000000000000, -5.027733127934112032E-13 ) ) ;
#2329 = ORIENTED_EDGE ( 'NONE', *, *, #4056, .T. ) ;
#2330 = AXIS2_PLACEMENT_3D ( 'NONE', #1899, #2001, #4867 ) ;
#2331 = VECTOR ( 'NONE', #4457, 1000.000000000000000 ) ;
#2332 = CIRCLE ( 'NONE', #4495, 2.000000000000000888 ) ;
#2333 = ADVANCED_FACE ( 'NONE', ( #1933 ), #2863, .T. ) ;
#2334 = CIRCLE ( 'NONE', #24, 1.999999999999982681 ) ;
#2335 = CYLINDRICAL_SURFACE ( 'NONE', #591, 1.999999999999976685 ) ;
#2336 = ORIENTED_EDGE ( 'NONE', *, *, #4370, .T. ) ;
#2337 = CYLINDRICAL_SURFACE ( 'NONE', #3604, 5.000000000000000888 ) ;
#2338 = ADVANCED_FACE ( 'NONE', ( #1955 ), #2695, .T. ) ;
#2339 = AXIS2_PLACEMENT_3D ( 'NONE', #3567, #3666, #1992 ) ;
#2340 = DIRECTION ( 'NONE',  ( -1.000000000000000000, 0.000000000000000000, -0.000000000000000000 ) ) ;
#2341 = ORIENTED_EDGE ( 'NONE', *, *, #4651, .F. ) ;
#2342 = ORIENTED_EDGE ( 'NONE', *, *, #1206, .F. ) ;
#2343 = DIRECTION ( 'NONE',  ( 0.000000000000000000, 0.000000000000000000, -1.000000000000000000 ) ) ;
#2344 = AXIS2_PLACEMENT_3D ( 'NONE', #1677, #3704, #4969 ) ;
#2345 = CARTESIAN_POINT ( 'NONE',  ( 12.00000000000000000, -1.110223024625156540E-13, -20.00000000000007461 ) ) ;
#2346 = CARTESIAN_POINT ( 'NONE',  ( 32.00000000000000000, 22.43818669639379237, -49.66666666666665009 ) ) ;
#2347 = ADVANCED_FACE ( 'NONE', ( #287 ), #5212, .T. ) ;
#2348 = DIRECTION ( 'NONE',  ( 0.000000000000000000, 0.000000000000000000, 1.000000000000000000 ) ) ;
#2349 = VECTOR ( 'NONE', #5317, 1000.000000000000000 ) ;
#2350 = CARTESIAN_POINT ( 'NONE',  ( 32.00000000000000000, -12.47960548711975370, 35.73177083333332860 ) ) ;
#2351 = ORIENTED_EDGE ( 'NONE', *, *, #1972, .T. ) ;
#2352 = DIRECTION ( 'NONE',  ( 0.000000000000000000, 0.9972527420619449190, -0.07407407407407710920 ) ) ;
#2353 = SURFACE_SIDE_STYLE ('',( #2326 ) ) ;
#2354 = DIRECTION ( 'NONE',  ( 0.000000000000000000, 0.9972527420619452521, -0.07407407407407361200 ) ) ;
#2355 = CARTESIAN_POINT ( 'NONE',  ( 12.00000000000000000, -12.02081528017120959, 14.02081528017145118 ) ) ;
#2356 = ORIENTED_EDGE ( 'NONE', *, *, #5011, .T. ) ;
#2357 = VECTOR ( 'NONE', #3204, 1000.000000000000000 ) ;
#2358 = ORIENTED_EDGE ( 'NONE', *, *, #4316, .T. ) ;
#2359 = DIRECTION ( 'NONE',  ( 0.000000000000000000, 0.000000000000000000, 1.000000000000000000 ) ) ;
#2360 = AXIS2_PLACEMENT_3D ( 'NONE', #412, #876, #2504 ) ;
#2361 = ADVANCED_FACE ( 'NONE', ( #4905 ), #1912, .F. ) ;
#2362 = CARTESIAN_POINT ( 'NONE',  ( 30.00000000000000000, 49.66666666666641561, -22.43818669639431107 ) ) ;
#2363 = VERTEX_POINT ( 'NONE', #1532 ) ;
#2364 = CARTESIAN_POINT ( 'NONE',  ( 30.00000000000000000, -16.04520705486825349, 32.22656249999999289 ) ) ;
#2365 = AXIS2_PLACEMENT_3D ( 'NONE', #907, #2530, #3774 ) ;
#2366 = DIRECTION ( 'NONE',  ( 1.000000000000000000, -0.000000000000000000, -0.000000000000000000 ) ) ;
#2367 = ORIENTED_EDGE ( 'NONE', *, *, #976, .F. ) ;
#2368 = EDGE_CURVE ( 'NONE', #3741, #1822, #1735, .T. ) ;
#2369 = CARTESIAN_POINT ( 'NONE',  ( -8.000000000000000000, 0.000000000000000000, 0.000000000000000000 ) ) ;
#2370 = DIRECTION ( 'NONE',  ( 1.000000000000000000, 0.000000000000000000, 0.000000000000000000 ) ) ;
#2371 = CARTESIAN_POINT ( 'NONE',  ( 32.00000000000000000, -48.00000000000000000, 14.20000000000017160 ) ) ;
#2372 = FACE_OUTER_BOUND ( 'NONE', #5000, .T. ) ;
#2373 = AXIS2_PLACEMENT_3D ( 'NONE', #4124, #84, #2522 ) ;
#2374 = DIRECTION ( 'NONE',  ( -1.000000000000000000, 0.000000000000000000, 0.000000000000000000 ) ) ;
#2375 = VERTEX_POINT ( 'NONE', #1121 ) ;
#2376 = VERTEX_POINT ( 'NONE', #5308 ) ;
#2377 = ADVANCED_FACE ( 'NONE', ( #3225 ), #3609, .F. ) ;
#2378 = FACE_BOUND ( 'NONE', #498, .T. ) ;
#2379 = CIRCLE ( 'NONE', #59, 5.000000000000004441 ) ;
#2380 = CARTESIAN_POINT ( 'NONE',  ( 30.00000000000000000, 0.000000000000000000, 0.000000000000000000 ) ) ;
#2381 = DIRECTION ( 'NONE',  ( 1.000000000000000000, 0.000000000000000000, 0.000000000000000000 ) ) ;
#2382 = ORIENTED_EDGE ( 'NONE', *, *, #2440, .T. ) ;
#2383 = EDGE_CURVE ( 'NONE', #2774, #3696, #4877, .T. ) ;
#2384 = ORIENTED_EDGE ( 'NONE', *, *, #2891, .F. ) ;
#2385 = DIRECTION ( 'NONE',  ( 0.000000000000000000, 0.000000000000000000, -1.000000000000000000 ) ) ;
#2386 = CARTESIAN_POINT ( 'NONE',  ( 32.00000000000000000, -17.67766952966364613, 19.67766952966372429 ) ) ;
#2387 = ORIENTED_EDGE ( 'NONE', *, *, #504, .F. ) ;
#2388 = DIRECTION ( 'NONE',  ( 0.000000000000000000, 0.000000000000000000, 1.000000000000000000 ) ) ;
#2389 = AXIS2_PLACEMENT_3D ( 'NONE', #711, #1850, #5207 ) ;
#2390 = DIRECTION ( 'NONE',  ( 0.000000000000000000, 0.000000000000000000, -1.000000000000000000 ) ) ;
#2391 = ORIENTED_EDGE ( 'NONE', *, *, #2713, .F. ) ;
#2392 = DIRECTION ( 'NONE',  ( 1.000000000000000000, 0.000000000000000000, 0.000000000000000000 ) ) ;
#2393 = DIRECTION ( 'NONE',  ( 0.000000000000000000, 0.000000000000000000, -1.000000000000000000 ) ) ;
#2394 = CARTESIAN_POINT ( 'NONE',  ( 12.00000000000000000, 10.60660171779827898, 10.60660171779814753 ) ) ;
#2395 = EDGE_CURVE ( 'NONE', #2292, #3825, #1740, .T. ) ;
#2396 = CIRCLE ( 'NONE', #3778, 2.050000000000001599 ) ;
#2397 = DIRECTION ( 'NONE',  ( 1.000000000000000000, 0.000000000000000000, 0.000000000000000000 ) ) ;
#2398 = EDGE_LOOP ( 'NONE', ( #4639, #4793, #2615, #336 ) ) ;
#2399 = FACE_BOUND ( 'NONE', #3162, .T. ) ;
#2400 = CIRCLE ( 'NONE', #4738, 2.000000000000057732 ) ;
#2401 = CARTESIAN_POINT ( 'NONE',  ( -8.000000000000000000, 0.000000000000000000, 0.000000000000000000 ) ) ;
#2402 = AXIS2_PLACEMENT_3D ( 'NONE', #1047, #2275, #2298 ) ;
#2403 = CARTESIAN_POINT ( 'NONE',  ( 12.00000000000000000, -17.67766952966364613, 17.67766952966376337 ) ) ;
#2404 = ORIENTED_EDGE ( 'NONE', *, *, #938, .T. ) ;
#2405 = ADVANCED_FACE ( 'NONE', ( #4854 ), #3120, .T. ) ;
#2406 = ORIENTED_EDGE ( 'NONE', *, *, #1774, .T. ) ;
#2407 = CIRCLE ( 'NONE', #2242, 5.000000000000000888 ) ;
#2408 = VECTOR ( 'NONE', #4131, 1000.000000000000000 ) ;
#2409 = ORIENTED_EDGE ( 'NONE', *, *, #1946, .F. ) ;
#2410 = AXIS2_PLACEMENT_3D ( 'NONE', #4389, #5274, #4835 ) ;
#2411 = PLANE ( 'NONE',  #1973 ) ;
#2412 = EDGE_CURVE ( 'NONE', #4917, #2693, #5199, .T. ) ;
#2413 = AXIS2_PLACEMENT_3D ( 'NONE', #4181, #3234, #4492 ) ;
#2414 = CARTESIAN_POINT ( 'NONE',  ( 2.000000000000000000, -69.94202898550727809, 2.848259361516116250 ) ) ;
#2415 = CARTESIAN_POINT ( 'NONE',  ( 12.00000000000000000, -12.02081528017120959, 14.02081528017145118 ) ) ;
#2416 = CIRCLE ( 'NONE', #109, 6.999999999999999112 ) ;
#2417 = AXIS2_PLACEMENT_3D ( 'NONE', #993, #1334, #4594 ) ;
#2418 = FACE_OUTER_BOUND ( 'NONE', #22, .T. ) ;
#2419 = EDGE_LOOP ( 'NONE', ( #1328, #950, #5088, #4910 ) ) ;
#2420 = DIRECTION ( 'NONE',  ( -1.000000000000000000, -0.000000000000000000, -0.000000000000000000 ) ) ;
#2421 = DIRECTION ( 'NONE',  ( 1.000000000000000000, -0.000000000000000000, -0.000000000000000000 ) ) ;
#2422 = AXIS2_PLACEMENT_3D ( 'NONE', #3812, #2217, #2536 ) ;
#2423 = AXIS2_PLACEMENT_3D ( 'NONE', #5311, #4857, #4509 ) ;
#2424 = CARTESIAN_POINT ( 'NONE',  ( 2.000000000000000000, 0.000000000000000000, -70.00000000000001421 ) ) ;
#2425 = ORIENTED_EDGE ( 'NONE', *, *, #2898, .F. ) ;
#2426 = ORIENTED_EDGE ( 'NONE', *, *, #3913, .F. ) ;
#2427 = FACE_BOUND ( 'NONE', #4772, .T. ) ;
#2428 = EDGE_CURVE ( 'NONE', #5288, #3495, #2433, .T. ) ;
#2429 = LINE ( 'NONE', #5218, #1567 ) ;
#2430 = DIRECTION ( 'NONE',  ( 0.000000000000000000, 0.000000000000000000, -1.000000000000000000 ) ) ;
#2431 = DIRECTION ( 'NONE',  ( 0.000000000000000000, -0.4117098476402625828, -0.9113149847094755840 ) ) ;
#2432 = ORIENTED_EDGE ( 'NONE', *, *, #1864, .F. ) ;
#2433 = CIRCLE ( 'NONE', #367, 70.00000000000001421 ) ;
#2434 = AXIS2_PLACEMENT_3D ( 'NONE', #1240, #3845, #4896 ) ;
#2435 = EDGE_LOOP ( 'NONE', ( #3699, #2098, #4519, #4109, #3434, #2510, #884, #190, #3806, #2750 ) ) ;
#2436 = CIRCLE ( 'NONE', #2786, 59.49999999999999289 ) ;
#2437 = EDGE_CURVE ( 'NONE', #3991, #2941, #3247, .T. ) ;
#2438 = ORIENTED_EDGE ( 'NONE', *, *, #1714, .T. ) ;
#2439 = DIRECTION ( 'NONE',  ( 0.000000000000000000, 0.000000000000000000, -1.000000000000000000 ) ) ;
#2440 = EDGE_CURVE ( 'NONE', #3995, #248, #4432, .T. ) ;
#2441 = CARTESIAN_POINT ( 'NONE',  ( 32.00000000000000000, -67.96428571428572241, -2.203603264414638829 ) ) ;
#2442 = CARTESIAN_POINT ( 'NONE',  ( 32.00000000000000000, -22.43818669639379237, 49.66666666666665009 ) ) ;
#2443 = ORIENTED_EDGE ( 'NONE', *, *, #2742, .T. ) ;
#2444 = ADVANCED_FACE ( 'NONE', ( #4931 ), #4528, .T. ) ;
#2445 = DIRECTION ( 'NONE',  ( 0.000000000000000000, 0.000000000000000000, 1.000000000000000000 ) ) ;
#2446 = CARTESIAN_POINT ( 'NONE',  ( 12.00000000000000000, 22.00000000000000000, 1.999999999999782396 ) ) ;
#2447 = DIRECTION ( 'NONE',  ( 0.000000000000000000, 0.000000000000000000, 1.000000000000000000 ) ) ;
#2448 = CARTESIAN_POINT ( 'NONE',  ( -8.000000000000000000, -24.49673593459509391, -54.22324159021403034 ) ) ;
#2449 = ORIENTED_EDGE ( 'NONE', *, *, #1369, .T. ) ;
#2450 = ORIENTED_EDGE ( 'NONE', *, *, #5254, .F. ) ;
#2451 = CARTESIAN_POINT ( 'NONE',  ( 31.95461765600598270, -68.45402173193025419, -2.417190550179246333 ) ) ;
#2452 = FACE_OUTER_BOUND ( 'NONE', #4187, .T. ) ;
#2453 = ORIENTED_EDGE ( 'NONE', *, *, #317, .T. ) ;
#2454 = DIRECTION ( 'NONE',  ( -1.000000000000000000, 0.000000000000000000, -0.000000000000000000 ) ) ;
#2455 = DIRECTION ( 'NONE',  ( 0.000000000000000000, 0.000000000000000000, -1.000000000000000000 ) ) ;
#2456 = EDGE_LOOP ( 'NONE', ( #399, #50, #1280, #3326 ) ) ;
#2457 = ORIENTED_EDGE ( 'NONE', *, *, #2608, .T. ) ;
#2458 = DIRECTION ( 'NONE',  ( 1.000000000000000000, 0.000000000000000000, 0.000000000000000000 ) ) ;
#2459 = EDGE_CURVE ( 'NONE', #4265, #4674, #3683, .T. ) ;
#2460 = DIRECTION ( 'NONE',  ( -1.000000000000000000, -0.000000000000000000, -0.000000000000000000 ) ) ;
#2461 = DIRECTION ( 'NONE',  ( 1.000000000000000000, -0.000000000000000000, -0.000000000000000000 ) ) ;
#2462 = EDGE_CURVE ( 'NONE', #4775, #248, #3357, .T. ) ;
#2463 = CARTESIAN_POINT ( 'NONE',  ( 32.00000000000000000, 0.000000000000000000, 48.00000000000000000 ) ) ;
#2464 = EDGE_LOOP ( 'NONE', ( #2509, #4174, #3330, #4578 ) ) ;
#2465 = CARTESIAN_POINT ( 'NONE',  ( 12.00000000000000000, -17.67766952966364613, 19.67766952966372429 ) ) ;
#2466 = DIRECTION ( 'NONE',  ( 0.000000000000000000, -1.000000000000000000, 0.000000000000000000 ) ) ;
#2467 = EDGE_CURVE ( 'NONE', #152, #1521, #618, .T. ) ;
#2468 = AXIS2_PLACEMENT_3D ( 'NONE', #3380, #3011, #2983 ) ;
#2469 = CARTESIAN_POINT ( 'NONE',  ( 32.00000000000000000, 10.60660171779827898, 10.60660171779814753 ) ) ;
#2470 = ORIENTED_EDGE ( 'NONE', *, *, #5152, .F. ) ;
#2471 = ORIENTED_EDGE ( 'NONE', *, *, #1403, .T. ) ;
#2472 = DIRECTION ( 'NONE',  ( 1.000000000000000000, 0.000000000000000000, 0.000000000000000000 ) ) ;
#2473 = DIRECTION ( 'NONE',  ( 0.000000000000000000, -0.07407407407407015643, 0.9972527420619454741 ) ) ;
#2474 = CARTESIAN_POINT ( 'NONE',  ( 12.00000000000000000, 1.110223024625156540E-13, 21.99999999999998934 ) ) ;
#2475 = CARTESIAN_POINT ( 'NONE',  ( 32.00000000000000000, 9.192388155425030405, -9.192388155425224028 ) ) ;
#2476 = AXIS2_PLACEMENT_3D ( 'NONE', #3386, #3744, #521 ) ;
#2477 = EDGE_LOOP ( 'NONE', ( #4036, #1379, #3048, #957 ) ) ;
#2478 = ORIENTED_EDGE ( 'NONE', *, *, #4542, .F. ) ;
#2479 = CIRCLE ( 'NONE', #4044, 2.000000000000140332 ) ;
#2480 = CIRCLE ( 'NONE', #181, 1.999999999999999334 ) ;
#2481 = FACE_OUTER_BOUND ( 'NONE', #4377, .T. ) ;
#2482 = VERTEX_POINT ( 'NONE', #3505 ) ;
#2483 = CIRCLE ( 'NONE', #1963, 2.000000000000001776 ) ;
#2484 = AXIS2_PLACEMENT_3D ( 'NONE', #5002, #1673, #356 ) ;
#2485 = CIRCLE ( 'NONE', #2668, 14.20000000000000462 ) ;
#2486 = EDGE_CURVE ( 'NONE', #621, #5104, #449, .T. ) ;
#2487 = VERTEX_POINT ( 'NONE', #997 ) ;
#2488 = CARTESIAN_POINT ( 'NONE',  ( -8.000000000000000000, 18.50000000000000000, -3.398394867633905489E-15 ) ) ;
#2489 = DIRECTION ( 'NONE',  ( -1.000000000000000000, -0.000000000000000000, -0.000000000000000000 ) ) ;
#2490 = AXIS2_PLACEMENT_3D ( 'NONE', #2540, #2102, #4097 ) ;
#2491 = CARTESIAN_POINT ( 'NONE',  ( 30.00000000000000000, 49.66666666666688457, 22.43818669639327013 ) ) ;
#2492 = ORIENTED_EDGE ( 'NONE', *, *, #675, .T. ) ;
#2493 = VECTOR ( 'NONE', #4530, 1000.000000000000000 ) ;
#2494 = EDGE_CURVE ( 'NONE', #2091, #261, #4160, .T. ) ;
#2495 = CARTESIAN_POINT ( 'NONE',  ( 32.00000000000000000, 0.000000000000000000, 0.000000000000000000 ) ) ;
#2496 = AXIS2_PLACEMENT_3D ( 'NONE', #4863, #340, #775 ) ;
#2497 = CARTESIAN_POINT ( 'NONE',  ( -11.99999999999999822, -6.071532165918824830E-15, 44.85000000000000142 ) ) ;
#2498 = PLANE ( 'NONE',  #4915 ) ;
#2499 = VERTEX_POINT ( 'NONE', #4765 ) ;
#2500 = VERTEX_POINT ( 'NONE', #2624 ) ;
#2501 = ORIENTED_EDGE ( 'NONE', *, *, #1110, .F. ) ;
#2502 = CIRCLE ( 'NONE', #1639, 14.20000000000000462 ) ;
#2503 = EDGE_CURVE ( 'NONE', #2181, #1327, #2158, .T. ) ;
#2504 = DIRECTION ( 'NONE',  ( 0.000000000000000000, 0.9972527420619452521, 0.07407407407407361200 ) ) ;
#2505 = VERTEX_POINT ( 'NONE', #4785 ) ;
#2506 = DIRECTION ( 'NONE',  ( -1.000000000000000000, -0.000000000000000000, -0.000000000000000000 ) ) ;
#2507 = DIRECTION ( 'NONE',  ( 0.000000000000000000, 0.000000000000000000, -1.000000000000000000 ) ) ;
#2508 = ORIENTED_EDGE ( 'NONE', *, *, #5045, .F. ) ;
#2509 = ORIENTED_EDGE ( 'NONE', *, *, #2673, .F. ) ;
#2510 = ORIENTED_EDGE ( 'NONE', *, *, #83, .T. ) ;
#2511 = EDGE_CURVE ( 'NONE', #661, #872, #3928, .T. ) ;
#2512 = CARTESIAN_POINT ( 'NONE',  ( -8.000000000000000000, -2.168404344971008868E-15, -18.50000000000000000 ) ) ;
#2513 = ORIENTED_EDGE ( 'NONE', *, *, #477, .T. ) ;
#2514 = CIRCLE ( 'NONE', #899, 4.999999999999997335 ) ;
#2515 = DIRECTION ( 'NONE',  ( -1.000000000000000000, 0.000000000000000000, 0.000000000000000000 ) ) ;
#2516 = ORIENTED_EDGE ( 'NONE', *, *, #392, .F. ) ;
#2517 = FACE_OUTER_BOUND ( 'NONE', #506, .T. ) ;
#2518 = AXIS2_PLACEMENT_3D ( 'NONE', #179, #1462, #2619 ) ;
#2519 = EDGE_CURVE ( 'NONE', #3825, #3603, #1082, .T. ) ;
#2520 = CARTESIAN_POINT ( 'NONE',  ( 0.000000000000000000, 0.000000000000000000, 0.000000000000000000 ) ) ;
#2521 = ORIENTED_EDGE ( 'NONE', *, *, #242, .F. ) ;
#2522 = DIRECTION ( 'NONE',  ( 0.000000000000000000, 0.000000000000000000, -1.000000000000000000 ) ) ;
#2523 = CARTESIAN_POINT ( 'NONE',  ( 30.00000000000000000, 25.96028645833346005, 12.92530568308804284 ) ) ;
#2524 = ADVANCED_FACE ( 'NONE', ( #1105 ), #5195, .F. ) ;
#2525 = DIRECTION ( 'NONE',  ( -1.000000000000000000, 0.000000000000000000, 0.000000000000000000 ) ) ;
#2526 = EDGE_LOOP ( 'NONE', ( #1998, #3650, #2836, #4673, #4214 ) ) ;
#2527 = EDGE_LOOP ( 'NONE', ( #712, #4444, #4292, #4376 ) ) ;
#2528 = EDGE_LOOP ( 'NONE', ( #3633, #3878 ) ) ;
#2529 = DIRECTION ( 'NONE',  ( -1.000000000000000000, -0.000000000000000000, -0.000000000000000000 ) ) ;
#2530 = DIRECTION ( 'NONE',  ( 0.000000000000000000, -0.9972527420619444749, 0.07407407407408396482 ) ) ;
#2531 = CARTESIAN_POINT ( 'NONE',  ( 12.00000000000000000, -17.67766952966364613, 17.67766952966376337 ) ) ;
#2532 = CYLINDRICAL_SURFACE ( 'NONE', #2413, 4.999999999999997335 ) ;
#2533 = CIRCLE ( 'NONE', #1760, 6.999999999999999112 ) ;
#2534 = ORIENTED_EDGE ( 'NONE', *, *, #5175, .F. ) ;
#2535 = EDGE_CURVE ( 'NONE', #3148, #3909, #288, .T. ) ;
#2536 = DIRECTION ( 'NONE',  ( 0.000000000000000000, 0.000000000000000000, -1.000000000000000000 ) ) ;
#2537 = ORIENTED_EDGE ( 'NONE', *, *, #927, .T. ) ;
#2538 = ORIENTED_EDGE ( 'NONE', *, *, #5120, .T. ) ;
#2539 = CARTESIAN_POINT ( 'NONE',  ( 30.97141929589942677, -68.82318214052855865, -1.620378323033839552 ) ) ;
#2540 = CARTESIAN_POINT ( 'NONE',  ( 30.00000000000000000, 0.000000000000000000, 48.00000000000000000 ) ) ;
#2541 = VERTEX_POINT ( 'NONE', #2653 ) ;
#2542 = CIRCLE ( 'NONE', #1011, 2.000000000000140332 ) ;
#2543 = EDGE_CURVE ( 'NONE', #4085, #4326, #978, .T. ) ;
#2544 = ORIENTED_EDGE ( 'NONE', *, *, #2803, .F. ) ;
#2545 = CARTESIAN_POINT ( 'NONE',  ( 12.00000000000000000, 22.00000000000000000, -1.942890293094023946E-13 ) ) ;
#2546 = AXIS2_PLACEMENT_3D ( 'NONE', #460, #867, #3682 ) ;
#2547 = ORIENTED_EDGE ( 'NONE', *, *, #5175, .T. ) ;
#2548 = CARTESIAN_POINT ( 'NONE',  ( 32.00000000000000000, -1.110223024625156540E-13, -22.00000000000010658 ) ) ;
#2549 = CARTESIAN_POINT ( 'NONE',  ( -8.000000000000000000, -6.071532165918824830E-15, 48.00000000000000000 ) ) ;
#2550 = EDGE_LOOP ( 'NONE', ( #1335, #3542, #3742, #2040 ) ) ;
#2551 = FACE_OUTER_BOUND ( 'NONE', #351, .T. ) ;
#2553 = CIRCLE ( 'NONE', #3589, 31.00000000000000000 ) ;
#2552 = CARTESIAN_POINT ( 'NONE',  ( 32.00000000000000000, -48.00000000000000000, -14.19999999999983409 ) ) ;
#2554 = DIRECTION ( 'NONE',  ( 0.000000000000000000, 0.000000000000000000, 1.000000000000000000 ) ) ;
#2555 = ORIENTED_EDGE ( 'NONE', *, *, #3789, .F. ) ;
#2556 = EDGE_LOOP ( 'NONE', ( #492, #981 ) ) ;
#2557 = ORIENTED_EDGE ( 'NONE', *, *, #4963, .T. ) ;
#2558 = DIRECTION ( 'NONE',  ( 1.000000000000000000, 0.000000000000000000, 0.000000000000000000 ) ) ;
#2559 = CARTESIAN_POINT ( 'NONE',  ( 32.00000000000000000, -8.302179748705725761E-14, -9.999999999999907629 ) ) ;
#2560 = LINE ( 'NONE', #2966, #38 ) ;
#2561 = EDGE_CURVE ( 'NONE', #1521, #2738, #3986, .T. ) ;
#2562 = CARTESIAN_POINT ( 'NONE',  ( 30.00000000000000000, -22.43818669639379237, -49.66666666666665009 ) ) ;
#2563 = VERTEX_POINT ( 'NONE', #671 ) ;
#2564 = CYLINDRICAL_SURFACE ( 'NONE', #3021, 2.000000000000000888 ) ;
#2565 = EDGE_LOOP ( 'NONE', ( #2205, #4928, #5105, #474 ) ) ;
#2566 = ORIENTED_EDGE ( 'NONE', *, *, #2662, .F. ) ;
#2567 = DIRECTION ( 'NONE',  ( 0.000000000000000000, 0.000000000000000000, -1.000000000000000000 ) ) ;
#2568 = EDGE_CURVE ( 'NONE', #2487, #2774, #3020, .T. ) ;
#2569 = CARTESIAN_POINT ( 'NONE',  ( 31.85030301424747634, -68.90837560737993783, -1.690292174971935069 ) ) ;
#2570 = ORIENTED_EDGE ( 'NONE', *, *, #2395, .F. ) ;
#2571 = AXIS2_PLACEMENT_3D ( 'NONE', #3440, #2529, #4206 ) ;
#2572 = AXIS2_PLACEMENT_3D ( 'NONE', #4597, #185, #1021 ) ;
#2573 = TOROIDAL_SURFACE ( 'NONE', #267, 7.000000000000000000, 2.000000000000000000 ) ;
#2574 = ORIENTED_EDGE ( 'NONE', *, *, #2097, .F. ) ;
#2575 = CARTESIAN_POINT ( 'NONE',  ( 32.00000000000000000, -54.22324159021396639, 24.49673593459524668 ) ) ;
#2576 = EDGE_CURVE ( 'NONE', #4668, #2023, #3900, .T. ) ;
#2577 = ADVANCED_FACE ( 'NONE', ( #3844 ), #1484, .T. ) ;
#2578 = CARTESIAN_POINT ( 'NONE',  ( -8.000000000000000000, 27.75065104166680996, 13.81670607502514692 ) ) ;
#2579 = DIRECTION ( 'NONE',  ( 0.000000000000000000, 0.000000000000000000, -1.000000000000000000 ) ) ;
#2580 = EDGE_LOOP ( 'NONE', ( #3687, #465, #1643, #1898 ) ) ;
#2581 = AXIS2_PLACEMENT_3D ( 'NONE', #1867, #3958, #755 ) ;
#2582 = CARTESIAN_POINT ( 'NONE',  ( 32.00000000000000000, 0.000000000000000000, 62.20000000000000284 ) ) ;
#2583 = FACE_OUTER_BOUND ( 'NONE', #1888, .T. ) ;
#2584 = AXIS2_PLACEMENT_3D ( 'NONE', #2279, #2253, #2223 ) ;
#2585 = CARTESIAN_POINT ( 'NONE',  ( 32.00000000000000000, 48.00000000000000000, -5.027733127934112032E-13 ) ) ;
#2586 = ORIENTED_EDGE ( 'NONE', *, *, #3634, .T. ) ;
#2587 = VERTEX_POINT ( 'NONE', #4683 ) ;
#2588 = ORIENTED_EDGE ( 'NONE', *, *, #2087, .F. ) ;
#2589 = CARTESIAN_POINT ( 'NONE',  ( 10.00000000000000000, -48.00000000000000000, 14.20000000000017515 ) ) ;
#2590 = AXIS2_PLACEMENT_3D ( 'NONE', #4590, #2913, #2887 ) ;
#2591 = CARTESIAN_POINT ( 'NONE',  ( 32.00000000000000000, 56.04587155963327660, 25.32015562987497503 ) ) ;
#2592 = CARTESIAN_POINT ( 'NONE',  ( 10.00000000000000000, 48.00000000000000000, -3.149999999999991918 ) ) ;
#2593 = FACE_OUTER_BOUND ( 'NONE', #2556, .T. ) ;
#2594 = CARTESIAN_POINT ( 'NONE',  ( 10.00000000000000000, -48.00000000000000000, 1.675911042644704011E-13 ) ) ;
#2595 = ORIENTED_EDGE ( 'NONE', *, *, #4287, .T. ) ;
#2596 = EDGE_CURVE ( 'NONE', #5200, #2997, #1313, .T. ) ;
#2597 = VECTOR ( 'NONE', #3898, 1000.000000000000000 ) ;
#2598 = DIRECTION ( 'NONE',  ( 0.000000000000000000, 0.000000000000000000, -1.000000000000000000 ) ) ;
#2599 = DIRECTION ( 'NONE',  ( 0.000000000000000000, 0.000000000000000000, -1.000000000000000000 ) ) ;
#2600 = CARTESIAN_POINT ( 'NONE',  ( 30.54011619384392873, -69.19309742054761614, -1.830241173703415436 ) ) ;
#2601 = VERTEX_POINT ( 'NONE', #389 ) ;
#2602 = B_SPLINE_CURVE_WITH_KNOTS ( 'NONE', 3,
 ( #1782, #3417, #2100, #5081, #1390, #503, #3393, #2539, #3022, #2947 ),
 .UNSPECIFIED., .F., .F.,
 ( 4, 2, 2, 2, 4 ),
 ( 0.000000000000000000, 0.0003528064935059444939, 0.0007056129870118889877, 0.001058419480517833536, 0.001411225974023777975 ),
 .UNSPECIFIED. ) ;
#2603 = EDGE_CURVE ( 'NONE', #1091, #158, #5278, .T. ) ;
#2604 = VERTEX_POINT ( 'NONE', #724 ) ;
#2605 = AXIS2_PLACEMENT_3D ( 'NONE', #264, #3929, #5166 ) ;
#2606 = CARTESIAN_POINT ( 'NONE',  ( 30.46247738984155617, -69.22621757372216678, 1.844493937334502176 ) ) ;
#2607 = CARTESIAN_POINT ( 'NONE',  ( 12.00000000000000000, 9.192388155425030405, -9.192388155425224028 ) ) ;
#2608 = EDGE_CURVE ( 'NONE', #4918, #5080, #5107, .T. ) ;
#2609 = CARTESIAN_POINT ( 'NONE',  ( 12.00000000000000000, -7.778174593052051833, -9.778174593052135322 ) ) ;
#2610 = ORIENTED_EDGE ( 'NONE', *, *, #1523, .T. ) ;
#2611 = CARTESIAN_POINT ( 'NONE',  ( 12.00000000000000000, -10.00000000000000888, 2.000000000000028866 ) ) ;
#2612 = EDGE_LOOP ( 'NONE', ( #1405, #4037 ) ) ;
#2613 = CARTESIAN_POINT ( 'NONE',  ( -8.000000000000000000, -18.50000000000000000, 1.084202172485504434E-15 ) ) ;
#2614 = CYLINDRICAL_SURFACE ( 'NONE', #3267, 31.00000000000000000 ) ;
#2615 = ORIENTED_EDGE ( 'NONE', *, *, #421, .F. ) ;
#2616 = EDGE_LOOP ( 'NONE', ( #1971, #2034 ) ) ;
#2617 = CARTESIAN_POINT ( 'NONE',  ( 30.00000000000000000, -17.45192298608404968, 49.29629629629628340 ) ) ;
#2618 = CARTESIAN_POINT ( 'NONE',  ( 12.00000000000000000, 9.192388155425030405, -7.192388155425240903 ) ) ;
#2619 = DIRECTION ( 'NONE',  ( 0.000000000000000000, 0.000000000000000000, -1.000000000000000000 ) ) ;
#2620 = CARTESIAN_POINT ( 'NONE',  ( 30.00000000000000000, 49.29629629629609866, -17.45192298608456483 ) ) ;
#2621 = DIRECTION ( 'NONE',  ( -1.000000000000000000, -0.000000000000000000, -0.000000000000000000 ) ) ;
#2622 = EDGE_LOOP ( 'NONE', ( #4891, #3971, #4620, #5024 ) ) ;
#2623 = CARTESIAN_POINT ( 'NONE',  ( 6.999999999999999112, -18.50000000000000000, 1.084202172485504434E-15 ) ) ;
#2624 = CARTESIAN_POINT ( 'NONE',  ( 12.00000000000000000, -18.00000000000004974, 2.000000000000113243 ) ) ;
#2625 = DIRECTION ( 'NONE',  ( -1.000000000000000000, -0.000000000000000000, -0.000000000000000000 ) ) ;
#2626 = AXIS2_PLACEMENT_3D ( 'NONE', #1721, #4132, #3718 ) ;
#2627 = CARTESIAN_POINT ( 'NONE',  ( 30.89500015250586529, -68.93567056440383567, -1.693806051268187840 ) ) ;
#2628 = EDGE_CURVE ( 'NONE', #2869, #512, #4500, .T. ) ;
#2629 = ORIENTED_EDGE ( 'NONE', *, *, #3197, .T. ) ;
#2630 = VECTOR ( 'NONE', #1098, 1000.000000000000000 ) ;
#2631 = ORIENTED_EDGE ( 'NONE', *, *, #2603, .T. ) ;
#2632 = DIRECTION ( 'NONE',  ( 0.000000000000000000, 2.664535259100376091E-15, 1.000000000000000000 ) ) ;
#2633 = DIRECTION ( 'NONE',  ( 0.000000000000000000, -1.000000000000000000, 0.000000000000000000 ) ) ;
#2634 = AXIS2_PLACEMENT_3D ( 'NONE', #3150, #4799, #3582 ) ;
#2635 = ADVANCED_FACE ( 'NONE', ( #1612 ), #4833, .F. ) ;
#2636 = DIRECTION ( 'NONE',  ( 0.000000000000000000, 0.000000000000000000, 1.000000000000000000 ) ) ;
#2637 = AXIS2_PLACEMENT_3D ( 'NONE', #2110, #1245, #2445 ) ;
#2638 = CYLINDRICAL_SURFACE ( 'NONE', #2032, 1.000000000000000000 ) ;
#2639 = ORIENTED_EDGE ( 'NONE', *, *, #3216, .T. ) ;
#2640 = CYLINDRICAL_SURFACE ( 'NONE', #3784, 4.999999999999997335 ) ;
#2641 = ADVANCED_FACE ( 'NONE', ( #3157 ), #1230, .F. ) ;
#2642 = CARTESIAN_POINT ( 'NONE',  ( 30.00000000000000000, -16.04520705486825349, 32.22656249999999289 ) ) ;
#2643 = EDGE_LOOP ( 'NONE', ( #1270, #3027, #1680, #5177 ) ) ;
#2644 = ORIENTED_EDGE ( 'NONE', *, *, #2031, .F. ) ;
#2645 = DIRECTION ( 'NONE',  ( 0.000000000000000000, -1.000000000000000000, 0.000000000000000000 ) ) ;
#2646 = AXIS2_PLACEMENT_3D ( 'NONE', #1902, #4816, #5203 ) ;
#2647 = CARTESIAN_POINT ( 'NONE',  ( 30.61494098450864598, -69.88078589258542195, 2.107366727444104804 ) ) ;
#2648 = EDGE_CURVE ( 'NONE', #45, #604, #4149, .T. ) ;
#2649 = DIRECTION ( 'NONE',  ( 0.000000000000000000, 0.000000000000000000, -1.000000000000000000 ) ) ;
#2650 = LINE ( 'NONE', #5025, #1067 ) ;
#2651 = VERTEX_POINT ( 'NONE', #693 ) ;
#2652 = CARTESIAN_POINT ( 'NONE',  ( 6.999999999999999112, 0.000000000000000000, 20.54999999999999716 ) ) ;
#2653 = CARTESIAN_POINT ( 'NONE',  ( 30.00000000000000000, -48.00000000000000000, 17.50000000000017408 ) ) ;
#2654 = CARTESIAN_POINT ( 'NONE',  ( 12.00000000000000000, 13.99999999999999822, -8.326672684688674053E-14 ) ) ;
#2655 = CARTESIAN_POINT ( 'NONE',  ( 31.15095460943953043, -69.62507067810713579, -2.037636631782051566 ) ) ;
#2656 = MANIFOLD_SOLID_BREP ( 'Solid1', #2129 ) ;
#2657 = CIRCLE ( 'NONE', #853, 6.999999999999999112 ) ;
#2658 = EDGE_LOOP ( 'NONE', ( #3736, #355, #3163, #2984 ) ) ;
#2659 = CARTESIAN_POINT ( 'NONE',  ( 30.97098520083372364, -68.82352662623945605, 1.620548428726716228 ) ) ;
#2660 = ORIENTED_EDGE ( 'NONE', *, *, #1296, .T. ) ;
#2661 = DIRECTION ( 'NONE',  ( -1.000000000000000000, 0.000000000000000000, -0.000000000000000000 ) ) ;
#2662 = EDGE_CURVE ( 'NONE', #1623, #1327, #2429, .T. ) ;
#2663 = CIRCLE ( 'NONE', #1042, 1.999999999999960032 ) ;
#2664 = CARTESIAN_POINT ( 'NONE',  ( 30.00000000000000000, 56.04587155963327660, 25.32015562987497503 ) ) ;
#2665 = TOROIDAL_SURFACE ( 'NONE', #4127, 15.50000000000000888, 2.000000000000000000 ) ;
#2666 = EDGE_LOOP ( 'NONE', ( #2114, #4653, #728, #3782 ) ) ;
#2667 = CARTESIAN_POINT ( 'NONE',  ( 30.00000000000000000, -48.00000000000000000, -17.49999999999984368 ) ) ;
#2668 = AXIS2_PLACEMENT_3D ( 'NONE', #2977, #3705, #4631 ) ;
#2669 = VECTOR ( 'NONE', #4784, 1000.000000000000000 ) ;
#2670 = CARTESIAN_POINT ( 'NONE',  ( 30.00000000000000000, 25.96028645833319715, -12.92530568308858463 ) ) ;
#2671 = EDGE_LOOP ( 'NONE', ( #4585, #5275, #4554, #1525 ) ) ;
#2672 = ORIENTED_EDGE ( 'NONE', *, *, #2087, .T. ) ;
#2673 = EDGE_CURVE ( 'NONE', #278, #3833, #4088, .T. ) ;
#2674 = CARTESIAN_POINT ( 'NONE',  ( 12.00000000000000000, -13.43502884254452212, -13.43502884254432672 ) ) ;
#2675 = DIRECTION ( 'NONE',  ( 1.000000000000000000, 0.000000000000000000, 0.000000000000000000 ) ) ;
#2676 = AXIS2_PLACEMENT_3D ( 'NONE', #3215, #5224, #2385 ) ;
#2677 = CARTESIAN_POINT ( 'NONE',  ( 32.00000000000000000, -10.00000000000000888, 2.000000000000028866 ) ) ;
#2678 = DIRECTION ( 'NONE',  ( 1.000000000000000000, 0.000000000000000000, 0.000000000000000000 ) ) ;
#2679 = DIRECTION ( 'NONE',  ( 0.000000000000000000, 0.000000000000000000, -1.000000000000000000 ) ) ;
#2680 = VERTEX_POINT ( 'NONE', #773 ) ;
#2681 = CIRCLE ( 'NONE', #1144, 2.049999999999999822 ) ;
#2682 = EDGE_CURVE ( 'NONE', #5052, #2073, #451, .T. ) ;
#2683 = DIRECTION ( 'NONE',  ( 1.000000000000000000, 0.000000000000000000, 0.000000000000000000 ) ) ;
#2684 = CARTESIAN_POINT ( 'NONE',  ( 30.52931413957194096, -69.87583642662480088, 2.834181495266193451 ) ) ;
#2685 = CYLINDRICAL_SURFACE ( 'NONE', #2700, 2.049999999999999822 ) ;
#2686 = AXIS2_PLACEMENT_3D ( 'NONE', #5136, #2272, #1723 ) ;
#2687 = CARTESIAN_POINT ( 'NONE',  ( 31.68630627331853233, -69.12902533759513801, -1.823260160448160860 ) ) ;
#2688 = ORIENTED_EDGE ( 'NONE', *, *, #3216, .F. ) ;
#2689 = EDGE_CURVE ( 'NONE', #813, #3671, #2163, .T. ) ;
#2690 = DIRECTION ( 'NONE',  ( 1.000000000000000000, -0.000000000000000000, -0.000000000000000000 ) ) ;
#2691 = DIRECTION ( 'NONE',  ( -1.000000000000000000, -0.000000000000000000, -0.000000000000000000 ) ) ;
#2692 = LINE ( 'NONE', #4346, #1361 ) ;
#2693 = VERTEX_POINT ( 'NONE', #4033 ) ;
#2694 = CARTESIAN_POINT ( 'NONE',  ( 32.00000000000000000, -16.04520705486825349, 32.22656249999999289 ) ) ;
#2695 = TOROIDAL_SURFACE ( 'NONE', #1161, 7.000000000000000000, 2.000000000000000000 ) ;
#2696 = CIRCLE ( 'NONE', #5281, 14.20000000000000462 ) ;
#2697 = CARTESIAN_POINT ( 'NONE',  ( -8.000000000000000000, 54.22324159021380297, -24.49673593459563037 ) ) ;
#2698 = ORIENTED_EDGE ( 'NONE', *, *, #2467, .F. ) ;
#2699 = ORIENTED_EDGE ( 'NONE', *, *, #4006, .T. ) ;
#2700 = AXIS2_PLACEMENT_3D ( 'NONE', #5196, #619, #3872 ) ;
#2701 = DIRECTION ( 'NONE',  ( 1.000000000000000000, 0.000000000000000000, 0.000000000000000000 ) ) ;
#2702 = CARTESIAN_POINT ( 'NONE',  ( 30.28078832610824378, -69.27052021133754067, 1.862248769967703943 ) ) ;
#2703 = DIRECTION ( 'NONE',  ( 1.000000000000000000, 0.000000000000000000, 0.000000000000000000 ) ) ;
#2704 = CARTESIAN_POINT ( 'NONE',  ( 32.00000000000000000, 0.000000000000000000, 48.00000000000000000 ) ) ;
#2705 = AXIS2_PLACEMENT_3D ( 'NONE', #495, #908, #1274 ) ;
#2706 = ADVANCED_FACE ( 'NONE', ( #338 ), #3618, .T. ) ;
#2707 = LINE ( 'NONE', #690, #2164 ) ;
#2708 = ORIENTED_EDGE ( 'NONE', *, *, #838, .F. ) ;
#2709 = CYLINDRICAL_SURFACE ( 'NONE', #2237, 14.20000000000000462 ) ;
#2710 = DIRECTION ( 'NONE',  ( 1.000000000000000000, -0.000000000000000000, -0.000000000000000000 ) ) ;
#2711 = CYLINDRICAL_SURFACE ( 'NONE', #1410, 1.999999999999994893 ) ;
#2712 = DIRECTION ( 'NONE',  ( -1.000000000000000000, 0.000000000000000000, 0.000000000000000000 ) ) ;
#2713 = EDGE_CURVE ( 'NONE', #4398, #1248, #205, .T. ) ;
#2714 = EDGE_LOOP ( 'NONE', ( #4672, #2356, #3229, #3669 ) ) ;
#2715 = AXIS2_PLACEMENT_3D ( 'NONE', #4985, #1301, #2118 ) ;
#2716 = CIRCLE ( 'NONE', #3477, 5.000000000000000888 ) ;
#2717 = CYLINDRICAL_SURFACE ( 'NONE', #1622, 1.999999999999982681 ) ;
#2718 = EDGE_CURVE ( 'NONE', #631, #4648, #1066, .T. ) ;
#2719 = CIRCLE ( 'NONE', #1428, 2.000000000000000888 ) ;
#2720 = AXIS2_PLACEMENT_3D ( 'NONE', #1288, #2928, #4577 ) ;
#2721 = DIRECTION ( 'NONE',  ( 0.000000000000000000, 0.7131203135497005130, 0.7010416666666660079 ) ) ;
#2722 = EDGE_LOOP ( 'NONE', ( #1356, #534, #779, #2708 ) ) ;
#2723 = DIRECTION ( 'NONE',  ( -1.000000000000000000, -0.000000000000000000, 0.000000000000000000 ) ) ;
#2724 = CARTESIAN_POINT ( 'NONE',  ( 32.00000000000000000, -1.110223024625156540E-13, -20.00000000000007461 ) ) ;
#2725 = VERTEX_POINT ( 'NONE', #4273 ) ;
#2726 = ORIENTED_EDGE ( 'NONE', *, *, #4842, .F. ) ;
#2727 = DIRECTION ( 'NONE',  ( 0.000000000000000000, -0.4117098476402568097, -0.9113149847094782485 ) ) ;
#2728 = DIRECTION ( 'NONE',  ( 0.000000000000000000, 0.000000000000000000, -1.000000000000000000 ) ) ;
#2729 = DIRECTION ( 'NONE',  ( 0.000000000000000000, 0.000000000000000000, 1.000000000000000000 ) ) ;
#2730 = DIRECTION ( 'NONE',  ( 1.524740220002124710E-16, -0.9113149847094795808, -0.4117098476402541452 ) ) ;
#2731 = CARTESIAN_POINT ( 'NONE',  ( 32.00000000000000000, -15.45741750196017605, 49.14814814814813815 ) ) ;
#2732 = ORIENTED_EDGE ( 'NONE', *, *, #4573, .T. ) ;
#2733 = DIRECTION ( 'NONE',  ( 0.000000000000000000, 0.000000000000000000, 1.000000000000000000 ) ) ;
#2734 = ADVANCED_FACE ( 'NONE', ( #1756 ), #1363, .F. ) ;
#2735 = DIRECTION ( 'NONE',  ( -1.000000000000000000, -0.000000000000000000, 0.000000000000000000 ) ) ;
#2736 = CARTESIAN_POINT ( 'NONE',  ( 12.00000000000000000, 6.963386839890175407E-14, 17.99999999999993250 ) ) ;
#2737 = FACE_OUTER_BOUND ( 'NONE', #2419, .T. ) ;
#2738 = VERTEX_POINT ( 'NONE', #2156 ) ;
#2739 = EDGE_CURVE ( 'NONE', #805, #4043, #4761, .T. ) ;
#2740 = DIRECTION ( 'NONE',  ( 1.000000000000000000, 0.000000000000000000, 0.000000000000000000 ) ) ;
#2741 = CIRCLE ( 'NONE', #2825, 70.00000000000001421 ) ;
#2742 = EDGE_CURVE ( 'NONE', #2914, #2023, #3779, .T. ) ;
#2743 = EDGE_CURVE ( 'NONE', #2910, #4161, #1779, .T. ) ;
#2744 = CYLINDRICAL_SURFACE ( 'NONE', #4961, 3.149999999999999911 ) ;
#2745 = ORIENTED_EDGE ( 'NONE', *, *, #4972, .F. ) ;
#2746 = AXIS2_PLACEMENT_3D ( 'NONE', #4382, #1884, #2320 ) ;
#2747 = CYLINDRICAL_SURFACE ( 'NONE', #4978, 2.000000000000102585 ) ;
#2748 = CARTESIAN_POINT ( 'NONE',  ( 32.00000000000000000, -48.00000000000000000, 1.675911042644704011E-13 ) ) ;
#2749 = ORIENTED_EDGE ( 'NONE', *, *, #583, .T. ) ;
#2750 = ORIENTED_EDGE ( 'NONE', *, *, #2898, .T. ) ;
#2751 = CIRCLE ( 'NONE', #2051, 6.999999999999999112 ) ;
#2752 = CARTESIAN_POINT ( 'NONE',  ( 32.00000000000000000, 32.22656249999982947, -16.04520705486859100 ) ) ;
#2753 = DIRECTION ( 'NONE',  ( -1.000000000000000000, 0.000000000000000000, -0.000000000000000000 ) ) ;
#2754 = LINE ( 'NONE', #1197, #2357 ) ;
#2755 = AXIS2_PLACEMENT_3D ( 'NONE', #4503, #3242, #5230 ) ;
#2756 = DIRECTION ( 'NONE',  ( 0.000000000000000000, 0.000000000000000000, -1.000000000000000000 ) ) ;
#2757 = AXIS2_PLACEMENT_3D ( 'NONE', #1195, #4052, #78 ) ;
#2758 = CIRCLE ( 'NONE', #4135, 5.000000000000004441 ) ;
#2759 = CARTESIAN_POINT ( 'NONE',  ( 30.00000000000000000, -49.66666666666672825, -22.43818669639361829 ) ) ;
#2760 = EDGE_LOOP ( 'NONE', ( #1333, #1659, #1342, #1289, #3719, #2935 ) ) ;
#2761 = DIRECTION ( 'NONE',  ( 1.000000000000000000, 0.000000000000000000, 0.000000000000000000 ) ) ;
#2762 = AXIS2_PLACEMENT_3D ( 'NONE', #861, #4576, #3734 ) ;
#2763 = AXIS2_PLACEMENT_3D ( 'NONE', #566, #1764, #3057 ) ;
#2764 = DIRECTION ( 'NONE',  ( -1.000000000000000000, -0.000000000000000000, -0.000000000000000000 ) ) ;
#2765 = CYLINDRICAL_SURFACE ( 'NONE', #34, 3.150000000000000355 ) ;
#2766 = CARTESIAN_POINT ( 'NONE',  ( -8.000000000000000000, 35.73177083333319359, -12.47960548712013029 ) ) ;
#2767 = CIRCLE ( 'NONE', #1140, 2.049999999999999822 ) ;
#2768 = ADVANCED_FACE ( 'NONE', ( #3446 ), #5138, .F. ) ;
#2769 = AXIS2_PLACEMENT_3D ( 'NONE', #966, #1778, #3473 ) ;
#2770 = CARTESIAN_POINT ( 'NONE',  ( 6.999999999999999112, -2.168404344971008868E-15, -18.50000000000000000 ) ) ;
#2771 = EDGE_CURVE ( 'NONE', #1586, #444, #979, .T. ) ;
#2772 = AXIS2_PLACEMENT_3D ( 'NONE', #1497, #588, #237 ) ;
#2773 = DIRECTION ( 'NONE',  ( 0.000000000000000000, 0.000000000000000000, -1.000000000000000000 ) ) ;
#2774 = VERTEX_POINT ( 'NONE', #2245 ) ;
#2775 = DIRECTION ( 'NONE',  ( 1.000000000000000000, 0.000000000000000000, 0.000000000000000000 ) ) ;
#2776 = AXIS2_PLACEMENT_3D ( 'NONE', #2019, #4861, #4463 ) ;
#2777 = EDGE_CURVE ( 'NONE', #4623, #958, #5112, .T. ) ;
#2778 = DIRECTION ( 'NONE',  ( 0.000000000000000000, 0.000000000000000000, 1.000000000000000000 ) ) ;
#2779 = ORIENTED_EDGE ( 'NONE', *, *, #3414, .T. ) ;
#2780 = CARTESIAN_POINT ( 'NONE',  ( 32.00000000000000000, 22.00000000000000000, 1.999999999999782396 ) ) ;
#2781 = AXIS2_PLACEMENT_3D ( 'NONE', #3420, #562, #4076 ) ;
#2782 = CYLINDRICAL_SURFACE ( 'NONE', #320, 5.000000000000000888 ) ;
#2783 = DIRECTION ( 'NONE',  ( -1.000000000000000000, 0.000000000000000000, 0.000000000000000000 ) ) ;
#2784 = DIRECTION ( 'NONE',  ( -1.000000000000000000, -0.000000000000000000, -0.000000000000000000 ) ) ;
#2785 = EDGE_CURVE ( 'NONE', #3603, #33, #2502, .T. ) ;
#2786 = AXIS2_PLACEMENT_3D ( 'NONE', #802, #4464, #774 ) ;
#2787 = DIRECTION ( 'NONE',  ( 0.000000000000000000, -0.9972527420619452521, -0.07407407407407361200 ) ) ;
#2788 = EDGE_LOOP ( 'NONE', ( #918, #2109, #3751, #5032 ) ) ;
#2789 = LINE ( 'NONE', #1104, #5077 ) ;
#2790 = CARTESIAN_POINT ( 'NONE',  ( -11.99999999999999822, 3.857637417314162196E-16, -44.85000000000000142 ) ) ;
#2791 = AXIS2_PLACEMENT_3D ( 'NONE', #1075, #3045, #5158 ) ;
#2792 = DIRECTION ( 'NONE',  ( 1.000000000000000000, 0.000000000000000000, 0.000000000000000000 ) ) ;
#2793 = ADVANCED_FACE ( 'NONE', ( #1725 ), #3192, .T. ) ;
#2794 = CARTESIAN_POINT ( 'NONE',  ( 30.00000000000000000, -12.47960548711975370, 35.73177083333332860 ) ) ;
#2795 = EDGE_CURVE ( 'NONE', #1178, #1248, #2650, .T. ) ;
#2796 = CARTESIAN_POINT ( 'NONE',  ( 12.00000000000000000, 22.00000000000000000, -1.942890293094023946E-13 ) ) ;
#2797 = ORIENTED_EDGE ( 'NONE', *, *, #4512, .F. ) ;
#2798 = CARTESIAN_POINT ( 'NONE',  ( 30.00000000000000000, -25.96028645833337123, -12.92530568308822581 ) ) ;
#2799 = CARTESIAN_POINT ( 'NONE',  ( -8.000000000000000000, -69.94202898550727809, -2.848259361516116250 ) ) ;
#2800 = ORIENTED_EDGE ( 'NONE', *, *, #542, .T. ) ;
#2801 = VECTOR ( 'NONE', #5290, 1000.000000000000000 ) ;
#2802 = DIRECTION ( 'NONE',  ( 1.000000000000000000, 0.000000000000000000, 0.000000000000000000 ) ) ;
#2803 = EDGE_CURVE ( 'NONE', #316, #2181, #3415, .T. ) ;
#2804 = DIRECTION ( 'NONE',  ( 0.000000000000000000, 0.000000000000000000, -1.000000000000000000 ) ) ;
#2805 = CARTESIAN_POINT ( 'NONE',  ( 32.00000000000000000, 0.000000000000000000, 0.000000000000000000 ) ) ;
#2806 = CYLINDRICAL_SURFACE ( 'NONE', #3956, 31.00000000000000000 ) ;
#2807 = FACE_OUTER_BOUND ( 'NONE', #227, .T. ) ;
#2808 = VERTEX_POINT ( 'NONE', #3867 ) ;
#2809 = CARTESIAN_POINT ( 'NONE',  ( 30.27026068569007577, -69.94202898550727809, -2.848259361516118471 ) ) ;
#2810 = CIRCLE ( 'NONE', #5144, 5.000000000000007994 ) ;
#2811 = ADVANCED_FACE ( 'NONE', ( #3841 ), #2564, .F. ) ;
#2812 = CARTESIAN_POINT ( 'NONE',  ( 2.000000000000000000, 0.000000000000000000, 0.000000000000000000 ) ) ;
#2813 = ADVANCED_FACE ( 'NONE', ( #4213 ), #4679, .F. ) ;
#2814 = DIRECTION ( 'NONE',  ( -1.000000000000000000, 0.000000000000000000, 0.000000000000000000 ) ) ;
#2815 = DIRECTION ( 'NONE',  ( 0.000000000000000000, 0.000000000000000000, -1.000000000000000000 ) ) ;
#2816 = ORIENTED_EDGE ( 'NONE', *, *, #10, .T. ) ;
#2817 = AXIS2_PLACEMENT_3D ( 'NONE', #4042, #4771, #2721 ) ;
#2818 = ORIENTED_EDGE ( 'NONE', *, *, #575, .F. ) ;
#2819 = CARTESIAN_POINT ( 'NONE',  ( 32.00000000000000000, 49.66666666666688457, 22.43818669639327013 ) ) ;
#2820 = AXIS2_PLACEMENT_3D ( 'NONE', #5305, #3243, #4103 ) ;
#2821 = DIRECTION ( 'NONE',  ( 0.000000000000000000, 0.000000000000000000, -1.000000000000000000 ) ) ;
#2822 = CIRCLE ( 'NONE', #2820, 2.049999999999999822 ) ;
#2823 = DIRECTION ( 'NONE',  ( 0.000000000000000000, 0.8951822916666681840, 0.4457001959685595316 ) ) ;
#2824 = ADVANCED_FACE ( 'NONE', ( #527 ), #585, .F. ) ;
#2825 = AXIS2_PLACEMENT_3D ( 'NONE', #1505, #201, #3146 ) ;
#2826 = DIRECTION ( 'NONE',  ( 0.000000000000000000, 0.000000000000000000, 1.000000000000000000 ) ) ;
#2827 = ORIENTED_EDGE ( 'NONE', *, *, #5309, .F. ) ;
#2828 = DIRECTION ( 'NONE',  ( 1.000000000000000000, 0.000000000000000000, 0.000000000000000000 ) ) ;
#2829 = AXIS2_PLACEMENT_3D ( 'NONE', #4878, #2447, #114 ) ;
#2830 = CARTESIAN_POINT ( 'NONE',  ( 32.00000000000000000, 49.29629629629646814, 17.45192298608353454 ) ) ;
#2831 = CARTESIAN_POINT ( 'NONE',  ( 32.00000000000000000, -48.00000000000000000, 1.675911042644704011E-13 ) ) ;
#2832 = EDGE_CURVE ( 'NONE', #5298, #177, #3449, .T. ) ;
#2834 = DIRECTION ( 'NONE',  ( 1.000000000000000000, 0.000000000000000000, 0.000000000000000000 ) ) ;
#2833 = AXIS2_PLACEMENT_3D ( 'NONE', #4900, #3678, #2826 ) ;
#2835 = ORIENTED_EDGE ( 'NONE', *, *, #1456, .T. ) ;
#2836 = ORIENTED_EDGE ( 'NONE', *, *, #2689, .T. ) ;
#2837 = CARTESIAN_POINT ( 'NONE',  ( 6.999999999999999112, 0.000000000000000000, 20.54999999999999716 ) ) ;
#2838 = CARTESIAN_POINT ( 'NONE',  ( 32.00000000000000000, 48.00000000000000000, -5.027733127934112032E-13 ) ) ;
#2839 = VECTOR ( 'NONE', #4101, 1000.000000000000000 ) ;
#2840 = DIRECTION ( 'NONE',  ( 1.000000000000000000, -0.000000000000000000, -0.000000000000000000 ) ) ;
#2841 = AXIS2_PLACEMENT_3D ( 'NONE', #2369, #1171, #2228 ) ;
#2842 = AXIS2_PLACEMENT_3D ( 'NONE', #3156, #318, #3076 ) ;
#2843 = DIRECTION ( 'NONE',  ( 0.000000000000000000, 0.9113149847094755840, -0.4117098476402625273 ) ) ;
#2844 = ORIENTED_EDGE ( 'NONE', *, *, #1362, .F. ) ;
#2845 = ORIENTED_EDGE ( 'NONE', *, *, #4020, .F. ) ;
#2846 = EDGE_CURVE ( 'NONE', #2077, #1685, #3801, .T. ) ;
#2847 = CIRCLE ( 'NONE', #4057, 1.999999999999960032 ) ;
#2848 = ORIENTED_EDGE ( 'NONE', *, *, #4848, .T. ) ;
#2849 = VECTOR ( 'NONE', #4540, 1000.000000000000000 ) ;
#2850 = FACE_OUTER_BOUND ( 'NONE', #1726, .T. ) ;
#2851 = EDGE_CURVE ( 'NONE', #5018, #3457, #2273, .T. ) ;
#2852 = CIRCLE ( 'NONE', #2496, 1.999999999999999334 ) ;
#2853 = DIRECTION ( 'NONE',  ( 0.000000000000000000, 0.000000000000000000, 1.000000000000000000 ) ) ;
#2854 = CARTESIAN_POINT ( 'NONE',  ( -8.000000000000000000, 0.000000000000000000, -70.00000000000001421 ) ) ;
#2855 = DIRECTION ( 'NONE',  ( 0.000000000000000000, 0.000000000000000000, 1.000000000000000000 ) ) ;
#2856 = VERTEX_POINT ( 'NONE', #2731 ) ;
#2857 = DIRECTION ( 'NONE',  ( 0.000000000000000000, 0.000000000000000000, -1.000000000000000000 ) ) ;
#2858 = DIRECTION ( 'NONE',  ( -1.000000000000000000, -0.000000000000000000, -0.000000000000000000 ) ) ;
#2859 = AXIS2_PLACEMENT_3D ( 'NONE', #2882, #2088, #435 ) ;
#2860 = CARTESIAN_POINT ( 'NONE',  ( 29.99999999999999645, -69.29523809523811906, -1.871713294710593001 ) ) ;
#2861 = ORIENTED_EDGE ( 'NONE', *, *, #2494, .F. ) ;
#2862 = ORIENTED_EDGE ( 'NONE', *, *, #4425, .F. ) ;
#2863 = TOROIDAL_SURFACE ( 'NONE', #5016, 15.50000000000000888, 2.000000000000000000 ) ;
#2864 = FACE_BOUND ( 'NONE', #2612, .T. ) ;
#2865 = DIRECTION ( 'NONE',  ( 0.000000000000000000, 0.000000000000000000, 1.000000000000000000 ) ) ;
#2866 = DIRECTION ( 'NONE',  ( 0.000000000000000000, -0.7131203135497069523, -0.7010416666666594576 ) ) ;
#2867 = EDGE_CURVE ( 'NONE', #2091, #4289, #112, .T. ) ;
#2868 = CARTESIAN_POINT ( 'NONE',  ( 30.00000000000000000, 32.22656249999982947, -11.04520705486859100 ) ) ;
#2869 = VERTEX_POINT ( 'NONE', #3132 ) ;
#2870 = CIRCLE ( 'NONE', #4424, 2.000000000000000444 ) ;
#2871 = VERTEX_POINT ( 'NONE', #1154 ) ;
#2872 = EDGE_CURVE ( 'NONE', #4261, #4468, #5215, .T. ) ;
#2873 = CARTESIAN_POINT ( 'NONE',  ( 32.00000000000000000, 32.22656250000015632, 9.045207054867919538 ) ) ;
#2874 = EDGE_CURVE ( 'NONE', #1690, #4954, #3271, .T. ) ;
#2875 = DIRECTION ( 'NONE',  ( 0.000000000000000000, 0.000000000000000000, -1.000000000000000000 ) ) ;
#2876 = CARTESIAN_POINT ( 'NONE',  ( 32.00000000000000000, -13.43502884254452212, -13.43502884254432672 ) ) ;
#2877 = DIRECTION ( 'NONE',  ( -1.000000000000000000, 0.000000000000000000, -0.000000000000000000 ) ) ;
#2878 = ORIENTED_EDGE ( 'NONE', *, *, #4963, .F. ) ;
#2879 = DIRECTION ( 'NONE',  ( 1.000000000000000000, -0.000000000000000000, -0.000000000000000000 ) ) ;
#2880 = DIRECTION ( 'NONE',  ( -1.000000000000000000, 0.000000000000000000, 0.000000000000000000 ) ) ;
#2881 = AXIS2_PLACEMENT_3D ( 'NONE', #5235, #4825, #1985 ) ;
#2882 = CARTESIAN_POINT ( 'NONE',  ( -8.000000000000000000, 0.000000000000000000, 48.00000000000000000 ) ) ;
#2883 = ORIENTED_EDGE ( 'NONE', *, *, #3869, .T. ) ;
#2884 = CARTESIAN_POINT ( 'NONE',  ( 32.00000000000000000, -1.110223024625156540E-13, -20.00000000000007461 ) ) ;
#2885 = DIRECTION ( 'NONE',  ( -0.000000000000000000, 0.9972527420619454741, 0.07407407407407015643 ) ) ;
#2886 = CARTESIAN_POINT ( 'NONE',  ( 32.00000000000000000, 0.000000000000000000, -5.500000000000000000 ) ) ;
#2887 = DIRECTION ( 'NONE',  ( 0.000000000000000000, 0.000000000000000000, 1.000000000000000000 ) ) ;
#2888 = ORIENTED_EDGE ( 'NONE', *, *, #879, .T. ) ;
#2889 = VERTEX_POINT ( 'NONE', #292 ) ;
#2890 = CIRCLE ( 'NONE', #582, 2.000000000000000000 ) ;
#2891 = EDGE_CURVE ( 'NONE', #2505, #1948, #1152, .T. ) ;
#2892 = CARTESIAN_POINT ( 'NONE',  ( 30.00000000000000000, 48.00000000000000000, -5.027733127934112032E-13 ) ) ;
#2893 = ORIENTED_EDGE ( 'NONE', *, *, #1768, .T. ) ;
#2894 = ADVANCED_FACE ( 'NONE', ( #667 ), #4003, .F. ) ;
#2895 = VECTOR ( 'NONE', #706, 1000.000000000000000 ) ;
#2896 = DIRECTION ( 'NONE',  ( 0.000000000000000000, 0.000000000000000000, -1.000000000000000000 ) ) ;
#2897 = CARTESIAN_POINT ( 'NONE',  ( 6.999999999999999112, 18.50000000000000000, -3.398394867633905489E-15 ) ) ;
#2898 = EDGE_CURVE ( 'NONE', #1170, #3908, #3707, .T. ) ;
#2899 = DIRECTION ( 'NONE',  ( 0.000000000000000000, 0.000000000000000000, -1.000000000000000000 ) ) ;
#2900 = EDGE_CURVE ( 'NONE', #637, #1376, #1480, .T. ) ;
#2901 = VERTEX_POINT ( 'NONE', #3154 ) ;
#2902 = DIRECTION ( 'NONE',  ( 0.000000000000000000, 0.000000000000000000, 1.000000000000000000 ) ) ;
#2903 = DIRECTION ( 'NONE',  ( 0.000000000000000000, 0.000000000000000000, -1.000000000000000000 ) ) ;
#2904 = AXIS2_PLACEMENT_3D ( 'NONE', #2748, #226, #3889 ) ;
#2905 = EDGE_CURVE ( 'NONE', #2604, #4811, #3533, .T. ) ;
#2906 = CYLINDRICAL_SURFACE ( 'NONE', #4762, 5.500000000000000000 ) ;
#2907 = ORIENTED_EDGE ( 'NONE', *, *, #2872, .T. ) ;
#2908 = ORIENTED_EDGE ( 'NONE', *, *, #4494, .T. ) ;
#2909 = PRODUCT_DEFINITION_FORMATION_WITH_SPECIFIED_SOURCE ( 'ANY', '', #2013, .NOT_KNOWN. ) ;
#2910 = VERTEX_POINT ( 'NONE', #1887 ) ;
#2911 = CARTESIAN_POINT ( 'NONE',  ( 12.00000000000000000, 16.26345596729068177, 16.26345596729050769 ) ) ;
#2912 = DIRECTION ( 'NONE',  ( -1.000000000000000000, 0.000000000000000000, -0.000000000000000000 ) ) ;
#2913 = DIRECTION ( 'NONE',  ( -1.000000000000000000, -0.000000000000000000, -0.000000000000000000 ) ) ;
#2914 = VERTEX_POINT ( 'NONE', #1857 ) ;
#2915 = ORIENTED_EDGE ( 'NONE', *, *, #3681, .F. ) ;
#2916 = CIRCLE ( 'NONE', #3427, 4.999999999999997335 ) ;
#2917 = CYLINDRICAL_SURFACE ( 'NONE', #1474, 2.000000000000057732 ) ;
#2918 = EDGE_CURVE ( 'NONE', #152, #4449, #5276, .T. ) ;
#2919 = ORIENTED_EDGE ( 'NONE', *, *, #2851, .F. ) ;
#2920 = VECTOR ( 'NONE', #4368, 1000.000000000000000 ) ;
#2921 = FACE_OUTER_BOUND ( 'NONE', #4516, .T. ) ;
#2922 = AXIS2_PLACEMENT_3D ( 'NONE', #977, #1843, #3821 ) ;
#2923 = ORIENTED_EDGE ( 'NONE', *, *, #2511, .F. ) ;
#2924 = LINE ( 'NONE', #400, #554 ) ;
#2925 = DIRECTION ( 'NONE',  ( 0.000000000000000000, 0.000000000000000000, -1.000000000000000000 ) ) ;
#2926 = EDGE_CURVE ( 'NONE', #316, #1623, #4498, .T. ) ;
#2927 = AXIS2_PLACEMENT_3D ( 'NONE', #4306, #3052, #4652 ) ;
#2928 = DIRECTION ( 'NONE',  ( 1.000000000000000000, -0.000000000000000000, -0.000000000000000000 ) ) ;
#2929 = ORIENTED_EDGE ( 'NONE', *, *, #829, .F. ) ;
#2930 = CARTESIAN_POINT ( 'NONE',  ( 12.00000000000000000, 0.000000000000000000, 0.000000000000000000 ) ) ;
#2931 = AXIS2_PLACEMENT_3D ( 'NONE', #2403, #4066, #1921 ) ;
#2932 = CARTESIAN_POINT ( 'NONE',  ( 30.00000000000000000, -48.00000000000000000, -15.49999999999984013 ) ) ;
#2933 = EDGE_CURVE ( 'NONE', #3468, #5007, #5239, .T. ) ;
#2934 = DIRECTION ( 'NONE',  ( 0.000000000000000000, 0.000000000000000000, -1.000000000000000000 ) ) ;
#2935 = ORIENTED_EDGE ( 'NONE', *, *, #4599, .T. ) ;
#2936 = ORIENTED_EDGE ( 'NONE', *, *, #3285, .F. ) ;
#2937 = ORIENTED_EDGE ( 'NONE', *, *, #333, .F. ) ;
#2938 = DIRECTION ( 'NONE',  ( 1.000000000000000000, 0.000000000000000000, 0.000000000000000000 ) ) ;
#2939 = EDGE_CURVE ( 'NONE', #2195, #4538, #540, .T. ) ;
#2940 = DIRECTION ( 'NONE',  ( -1.000000000000000000, -0.000000000000000000, -0.000000000000000000 ) ) ;
#2941 = VERTEX_POINT ( 'NONE', #3074 ) ;
#2942 = VERTEX_POINT ( 'NONE', #4028 ) ;
#2943 = AXIS2_PLACEMENT_3D ( 'NONE', #801, #3232, #3253 ) ;
#2944 = DIRECTION ( 'NONE',  ( 0.000000000000000000, 0.000000000000000000, -1.000000000000000000 ) ) ;
#2945 = ORIENTED_EDGE ( 'NONE', *, *, #5004, .F. ) ;
#2946 = ORIENTED_EDGE ( 'NONE', *, *, #3097, .T. ) ;
#2947 = CARTESIAN_POINT ( 'NONE',  ( 30.99999999999999645, -68.64285714285716722, -1.469068842943090702 ) ) ;
#2948 = DIRECTION ( 'NONE',  ( 1.000000000000000000, -0.000000000000000000, -0.000000000000000000 ) ) ;
#2949 = ORIENTED_EDGE ( 'NONE', *, *, #1433, .T. ) ;
#2950 = EDGE_LOOP ( 'NONE', ( #3014, #2066, #370, #1629 ) ) ;
#2951 = DIRECTION ( 'NONE',  ( 1.000000000000000000, 0.000000000000000000, 0.000000000000000000 ) ) ;
#2952 = CARTESIAN_POINT ( 'NONE',  ( 6.999999999999999112, -1.917351751145801499E-15, -20.54999999999999716 ) ) ;
#2953 = AXIS2_PLACEMENT_3D ( 'NONE', #4354, #2318, #1855 ) ;
#2954 = CARTESIAN_POINT ( 'NONE',  ( -8.000000000000000000, 22.43818669639379237, -49.66666666666665009 ) ) ;
#2955 = ORIENTED_EDGE ( 'NONE', *, *, #1400, .T. ) ;
#2956 = EDGE_CURVE ( 'NONE', #2376, #1376, #1229, .T. ) ;
#2957 = PLANE ( 'NONE',  #3306 ) ;
#2958 = CARTESIAN_POINT ( 'NONE',  ( 0.000000000000000000, -27.75065104166661101, 13.81670607502553771 ) ) ;
#2959 = FACE_OUTER_BOUND ( 'NONE', #3858, .T. ) ;
#2960 = VERTEX_POINT ( 'NONE', #4759 ) ;
#2961 = VERTEX_POINT ( 'NONE', #1079 ) ;
#2962 = EDGE_CURVE ( 'NONE', #3331, #4616, #2707, .T. ) ;
#2963 = ORIENTED_EDGE ( 'NONE', *, *, #2576, .F. ) ;
#2964 = DIRECTION ( 'NONE',  ( 0.000000000000000000, 0.9113149847094801359, -0.4117098476402526464 ) ) ;
#2965 = CIRCLE ( 'NONE', #658, 3.149999999999999911 ) ;
#2966 = CARTESIAN_POINT ( 'NONE',  ( 32.00000000000000000, 24.49673593459505838, -54.22324159021404455 ) ) ;
#2967 = DIRECTION ( 'NONE',  ( -1.000000000000000000, -0.000000000000000000, -0.000000000000000000 ) ) ;
#2968 = ORIENTED_EDGE ( 'NONE', *, *, #3634, .F. ) ;
#2969 = DIRECTION ( 'NONE',  ( 1.000000000000000000, 0.000000000000000000, 0.000000000000000000 ) ) ;
#2970 = EDGE_LOOP ( 'NONE', ( #4486, #4487, #4532, #2121 ) ) ;
#2971 = EDGE_CURVE ( 'NONE', #4830, #4261, #3115, .T. ) ;
#2972 = EDGE_LOOP ( 'NONE', ( #1312, #4233, #1775, #2233 ) ) ;
#2973 = LINE ( 'NONE', #4709, #1967 ) ;
#2974 = DIRECTION ( 'NONE',  ( 0.000000000000000000, 0.000000000000000000, -1.000000000000000000 ) ) ;
#2975 = ORIENTED_EDGE ( 'NONE', *, *, #1315, .T. ) ;
#2976 = DIRECTION ( 'NONE',  ( 6.080567184022887135E-16, 0.7131203135496976264, -0.7010416666666691166 ) ) ;
#2977 = CARTESIAN_POINT ( 'NONE',  ( 32.00000000000000000, 0.000000000000000000, -48.00000000000000000 ) ) ;
#2978 = LINE ( 'NONE', #1318, #4609 ) ;
#2979 = ORIENTED_EDGE ( 'NONE', *, *, #1557, .T. ) ;
#2980 = DIRECTION ( 'NONE',  ( 0.000000000000000000, 0.000000000000000000, -1.000000000000000000 ) ) ;
#2981 = CARTESIAN_POINT ( 'NONE',  ( 32.00000000000000000, -11.05336486002035379, 37.13385416666665861 ) ) ;
#2982 = EDGE_CURVE ( 'NONE', #5007, #4797, #4501, .T. ) ;
#2983 = DIRECTION ( 'NONE',  ( 0.000000000000000000, -5.329070518200751394E-15, 1.000000000000000000 ) ) ;
#2984 = ORIENTED_EDGE ( 'NONE', *, *, #4805, .T. ) ;
#2985 = EDGE_LOOP ( 'NONE', ( #3814, #1848, #3301, #960 ) ) ;
#2986 = VERTEX_POINT ( 'NONE', #4952 ) ;
#2987 = LINE ( 'NONE', #4586, #3514 ) ;
#2988 = CARTESIAN_POINT ( 'NONE',  ( 31.00000002341753813, -68.71315056492129258, 1.534006722550786073 ) ) ;
#2989 = LINE ( 'NONE', #3359, #1576 ) ;
#2990 = DIRECTION ( 'NONE',  ( 1.000000000000000000, 0.000000000000000000, 0.000000000000000000 ) ) ;
#2991 = EDGE_CURVE ( 'NONE', #2025, #2124, #807, .T. ) ;
#2992 = CARTESIAN_POINT ( 'NONE',  ( -11.99999999999999822, 48.00000000000000000, -3.149999999999991918 ) ) ;
#2993 = VERTEX_POINT ( 'NONE', #3207 ) ;
#2994 = DIRECTION ( 'NONE',  ( 0.000000000000000000, 1.776356839400250465E-15, -1.000000000000000000 ) ) ;
#2995 = FACE_OUTER_BOUND ( 'NONE', #3295, .T. ) ;
#2996 = ADVANCED_FACE ( 'NONE', ( #871 ), #2906, .F. ) ;
#2997 = VERTEX_POINT ( 'NONE', #4485 ) ;
#2998 = AXIS2_PLACEMENT_3D ( 'NONE', #4995, #135, #5028 ) ;
#2999 = EDGE_LOOP ( 'NONE', ( #437, #4176 ) ) ;
#3000 = DIRECTION ( 'NONE',  ( -1.000000000000000000, 1.486905836551537986E-16, -3.651254956762470090E-15 ) ) ;
#3001 = VECTOR ( 'NONE', #279, 1000.000000000000000 ) ;
#3002 = AXIS2_PLACEMENT_3D ( 'NONE', #3201, #892, #1587 ) ;
#3003 = DIRECTION ( 'NONE',  ( -1.000000000000000000, 0.000000000000000000, -0.000000000000000000 ) ) ;
#3004 = ADVANCED_FACE ( 'NONE', ( #359 ), #5193, .T. ) ;
#3005 = FACE_OUTER_BOUND ( 'NONE', #1552, .T. ) ;
#3006 = VERTEX_POINT ( 'NONE', #1658 ) ;
#3007 = AXIS2_PLACEMENT_3D ( 'NONE', #1111, #2740, #4841 ) ;
#3008 = VERTEX_POINT ( 'NONE', #2448 ) ;
#3009 = DIRECTION ( 'NONE',  ( 0.000000000000000000, 0.000000000000000000, -1.000000000000000000 ) ) ;
#3010 = VECTOR ( 'NONE', #3547, 1000.000000000000000 ) ;
#3011 = DIRECTION ( 'NONE',  ( 1.000000000000000000, -0.000000000000000000, -0.000000000000000000 ) ) ;
#3012 = EDGE_LOOP ( 'NONE', ( #4994, #830, #4837, #4720 ) ) ;
#3013 = ORIENTED_EDGE ( 'NONE', *, *, #2962, .T. ) ;
#3014 = ORIENTED_EDGE ( 'NONE', *, *, #2395, .T. ) ;
#3015 = CARTESIAN_POINT ( 'NONE',  ( 31.68298793664568080, -69.13323880076529804, 1.825638281745987079 ) ) ;
#3016 = CARTESIAN_POINT ( 'NONE',  ( 32.00000000000000000, 16.04520705486825349, 32.22656249999999289 ) ) ;
#3017 = DIRECTION ( 'NONE',  ( 1.000000000000000000, 0.000000000000000000, 0.000000000000000000 ) ) ;
#3018 = DIRECTION ( 'NONE',  ( 0.000000000000000000, 0.000000000000000000, -1.000000000000000000 ) ) ;
#3019 = EDGE_LOOP ( 'NONE', ( #4390, #1826 ) ) ;
#3020 = CIRCLE ( 'NONE', #888, 3.150000000000000355 ) ;
#3021 = AXIS2_PLACEMENT_3D ( 'NONE', #210, #5079, #3018 ) ;
#3022 = CARTESIAN_POINT ( 'NONE',  ( 31.00000000000043343, -68.72995914361864322, -1.549534682746388059 ) ) ;
#3023 = EDGE_CURVE ( 'NONE', #2131, #4145, #1713, .T. ) ;
#3024 = DIRECTION ( 'NONE',  ( -1.000000000000000000, 0.000000000000000000, 0.000000000000000000 ) ) ;
#3025 = DIRECTION ( 'NONE',  ( 0.000000000000000000, -8.881784197001252323E-16, -1.000000000000000000 ) ) ;
#3026 = CARTESIAN_POINT ( 'NONE',  ( 30.99999999999999645, -68.64285714285716722, -1.469068842943085818 ) ) ;
#3027 = ORIENTED_EDGE ( 'NONE', *, *, #3372, .T. ) ;
#3028 = VERTEX_POINT ( 'NONE', #822 ) ;
#3029 = CIRCLE ( 'NONE', #1996, 2.000000000000011990 ) ;
#3030 = EDGE_CURVE ( 'NONE', #2738, #1690, #1176, .T. ) ;
#3031 = CARTESIAN_POINT ( 'NONE',  ( 10.00000000000000000, 3.857637417314161703E-16, -44.85000000000000142 ) ) ;
#3032 = LINE ( 'NONE', #4769, #2920 ) ;
#3033 = CARTESIAN_POINT ( 'NONE',  ( 32.00000000000000000, 0.000000000000000000, 0.000000000000000000 ) ) ;
#3034 = ADVANCED_FACE ( 'NONE', ( #4128, #408 ), #2498, .T. ) ;
#3035 = AXIS2_PLACEMENT_3D ( 'NONE', #3472, #2703, #1412 ) ;
#3036 = DIRECTION ( 'NONE',  ( -1.000000000000000000, -0.000000000000000000, -0.000000000000000000 ) ) ;
#3037 = ORIENTED_EDGE ( 'NONE', *, *, #2742, .F. ) ;
#3038 = FACE_OUTER_BOUND ( 'NONE', #4350, .T. ) ;
#3039 = TOROIDAL_SURFACE ( 'NONE', #733, 28.99999999999999645, 2.000000000000000000 ) ;
#3040 = FACE_OUTER_BOUND ( 'NONE', #458, .T. ) ;
#3041 = ORIENTED_EDGE ( 'NONE', *, *, #1885, .F. ) ;
#3042 = ORIENTED_EDGE ( 'NONE', *, *, #4272, .F. ) ;
#3043 = CARTESIAN_POINT ( 'NONE',  ( 30.00000000000000000, 32.22656250000015632, 11.04520705486791776 ) ) ;
#3044 = CARTESIAN_POINT ( 'NONE',  ( 30.82867080214529665, -69.00923136093003052, 1.737857512580355923 ) ) ;
#3045 = DIRECTION ( 'NONE',  ( -1.000000000000000000, 0.000000000000000000, -0.000000000000000000 ) ) ;
#3046 = CYLINDRICAL_SURFACE ( 'NONE', #1306, 70.00000000000001421 ) ;
#3047 = CARTESIAN_POINT ( 'NONE',  ( 12.00000000000000000, 10.60660171779827898, 10.60660171779814753 ) ) ;
#3048 = ORIENTED_EDGE ( 'NONE', *, *, #4218, .F. ) ;
#3049 = CARTESIAN_POINT ( 'NONE',  ( 32.00000000000000000, 49.66666666666688457, 15.43818669639327190 ) ) ;
#3050 = CARTESIAN_POINT ( 'NONE',  ( 31.25190927989604361, -69.52726451271236385, 2.754410058446219445 ) ) ;
#3051 = FACE_OUTER_BOUND ( 'NONE', #4159, .T. ) ;
#3052 = DIRECTION ( 'NONE',  ( -1.000000000000000000, 0.000000000000000000, 0.000000000000000000 ) ) ;
#3053 = CIRCLE ( 'NONE', #3739, 2.000000000000032863 ) ;
#3054 = EDGE_LOOP ( 'NONE', ( #125, #2800, #3056, #600 ) ) ;
#3055 = ADVANCED_FACE ( 'NONE', ( #1607 ), #4663, .T. ) ;
#3056 = ORIENTED_EDGE ( 'NONE', *, *, #2511, .T. ) ;
#3057 = DIRECTION ( 'NONE',  ( 0.000000000000000000, 0.000000000000000000, 1.000000000000000000 ) ) ;
#3058 = PLANE ( 'NONE',  #3092 ) ;
#3059 = ADVANCED_FACE ( 'NONE', ( #2807 ), #4553, .T. ) ;
#3060 = VECTOR ( 'NONE', #3433, 1000.000000000000000 ) ;
#3061 = DIRECTION ( 'NONE',  ( 1.000000000000000000, 0.000000000000000000, 0.000000000000000000 ) ) ;
#3062 = VERTEX_POINT ( 'NONE', #5267 ) ;
#3063 = LINE ( 'NONE', #5127, #3001 ) ;
#3064 = EDGE_CURVE ( 'NONE', #4029, #1694, #1564, .T. ) ;
#3065 = CARTESIAN_POINT ( 'NONE',  ( 32.00000000000000000, -16.04520705486825349, 32.22656249999999289 ) ) ;
#3066 = EDGE_LOOP ( 'NONE', ( #3918, #1815 ) ) ;
#3067 = ORIENTED_EDGE ( 'NONE', *, *, #2846, .T. ) ;
#3068 = CARTESIAN_POINT ( 'NONE',  ( 12.00000000000000000, 6.938893903907228378E-14, 15.99999999999995914 ) ) ;
#3069 = CIRCLE ( 'NONE', #2646, 5.000000000000000888 ) ;
#3070 = CARTESIAN_POINT ( 'NONE',  ( 30.56157665272808188, -69.86736774793511984, 2.832353878696817873 ) ) ;
#3071 = DIRECTION ( 'NONE',  ( 1.000000000000000000, 0.000000000000000000, 0.000000000000000000 ) ) ;
#3072 = DIRECTION ( 'NONE',  ( 1.000000000000000000, -0.000000000000000000, -0.000000000000000000 ) ) ;
#3073 = EDGE_CURVE ( 'NONE', #531, #322, #1302, .T. ) ;
#3074 = CARTESIAN_POINT ( 'NONE',  ( -8.000000000000000000, 18.50000000000000000, 2.049999999999997158 ) ) ;
#3075 = ORIENTED_EDGE ( 'NONE', *, *, #4075, .T. ) ;
#3076 = DIRECTION ( 'NONE',  ( 0.000000000000000000, 0.000000000000000000, -1.000000000000000000 ) ) ;
#3077 = CARTESIAN_POINT ( 'NONE',  ( 31.95373448276453487, -68.45679467130028684, 2.418219794541852874 ) ) ;
#3078 = FACE_BOUND ( 'NONE', #1650, .T. ) ;
#3079 = CARTESIAN_POINT ( 'NONE',  ( 30.28628878119683421, -69.27450778823671840, -1.864238794029993374 ) ) ;
#3080 = AXIS2_PLACEMENT_3D ( 'NONE', #307, #4795, #4821 ) ;
#3081 = DIRECTION ( 'NONE',  ( 0.000000000000000000, 0.000000000000000000, 1.000000000000000000 ) ) ;
#3082 = EDGE_CURVE ( 'NONE', #2997, #4999, #4323, .T. ) ;
#3083 = FACE_OUTER_BOUND ( 'NONE', #4584, .T. ) ;
#3084 = CIRCLE ( 'NONE', #778, 2.000000000000000000 ) ;
#3085 = AXIS2_PLACEMENT_3D ( 'NONE', #1849, #5178, #1483 ) ;
#3086 = CIRCLE ( 'NONE', #1465, 15.50000000000000888 ) ;
#3087 = ADVANCED_FACE ( 'NONE', ( #384 ), #2014, .T. ) ;
#3088 = DIRECTION ( 'NONE',  ( 0.000000000000000000, 0.000000000000000000, 1.000000000000000000 ) ) ;
#3089 = VECTOR ( 'NONE', #1227, 1000.000000000000000 ) ;
#3090 = VERTEX_POINT ( 'NONE', #2860 ) ;
#3091 = CARTESIAN_POINT ( 'NONE',  ( -8.000000000000000000, 12.47960548711975370, 35.73177083333332860 ) ) ;
#3092 = AXIS2_PLACEMENT_3D ( 'NONE', #1401, #5123, #1765 ) ;
#3093 = DIRECTION ( 'NONE',  ( 1.000000000000000000, -0.000000000000000000, -0.000000000000000000 ) ) ;
#3094 = VERTEX_POINT ( 'NONE', #1635 ) ;
#3095 = EDGE_LOOP ( 'NONE', ( #4254, #79, #528, #4627 ) ) ;
#3096 = CARTESIAN_POINT ( 'NONE',  ( 30.00000000000000000, -12.47960548711975370, -35.73177083333332860 ) ) ;
#3097 = EDGE_CURVE ( 'NONE', #1822, #2375, #576, .T. ) ;
#3098 = CARTESIAN_POINT ( 'NONE',  ( 31.93139025795782970, -68.76898500334058895, 1.585587220278045217 ) ) ;
#3099 = CIRCLE ( 'NONE', #2410, 5.000000000000004441 ) ;
#3100 = DIRECTION ( 'NONE',  ( -1.000000000000000000, -0.000000000000000000, -0.000000000000000000 ) ) ;
#3101 = FACE_OUTER_BOUND ( 'NONE', #2456, .T. ) ;
#3102 = AXIS2_PLACEMENT_3D ( 'NONE', #3249, #4908, #1225 ) ;
#3103 = DIRECTION ( 'NONE',  ( 0.000000000000000000, 0.000000000000000000, -1.000000000000000000 ) ) ;
#3104 = ORIENTED_EDGE ( 'NONE', *, *, #3166, .F. ) ;
#3105 = VECTOR ( 'NONE', #1233, 1000.000000000000000 ) ;
#3106 = CARTESIAN_POINT ( 'NONE',  ( 32.00000000000000000, -67.96428571428572241, -2.203603264414638829 ) ) ;
#3107 = ADVANCED_FACE ( 'NONE', ( #3040 ), #1900, .T. ) ;
#3108 = DIRECTION ( 'NONE',  ( 0.000000000000000000, -0.7010416666666620111, 0.7131203135497042878 ) ) ;
#3109 = DIRECTION ( 'NONE',  ( 1.000000000000000000, 0.000000000000000000, 0.000000000000000000 ) ) ;
#3110 = AXIS2_PLACEMENT_3D ( 'NONE', #558, #2967, #936 ) ;
#3111 = FACE_OUTER_BOUND ( 'NONE', #3168, .T. ) ;
#3112 = ORIENTED_EDGE ( 'NONE', *, *, #4287, .F. ) ;
#3113 = AXIS2_PLACEMENT_3D ( 'NONE', #1514, #2296, #4782 ) ;
#3114 = EDGE_LOOP ( 'NONE', ( #2566, #3382, #5014, #3189 ) ) ;
#3115 = CIRCLE ( 'NONE', #2859, 17.50000000000000000 ) ;
#3116 = DIRECTION ( 'NONE',  ( 0.000000000000000000, 0.000000000000000000, -1.000000000000000000 ) ) ;
#3117 = DIRECTION ( 'NONE',  ( 0.000000000000000000, 0.000000000000000000, -1.000000000000000000 ) ) ;
#3118 = ORIENTED_EDGE ( 'NONE', *, *, #4272, .T. ) ;
#3119 = CARTESIAN_POINT ( 'NONE',  ( 32.00000000000000000, -11.05336486002035379, -37.13385416666665861 ) ) ;
#3120 = TOROIDAL_SURFACE ( 'NONE', #2170, 68.00000000000001421, 2.000000000000000000 ) ;
#3121 = CIRCLE ( 'NONE', #297, 17.50000000000000711 ) ;
#3122 = ADVANCED_FACE ( 'NONE', ( #4236 ), #2180, .T. ) ;
#3123 = DIRECTION ( 'NONE',  ( 1.000000000000000000, -0.000000000000000000, -0.000000000000000000 ) ) ;
#3124 = ORIENTED_EDGE ( 'NONE', *, *, #1385, .T. ) ;
#3125 = ORIENTED_EDGE ( 'NONE', *, *, #2596, .F. ) ;
#3126 = CIRCLE ( 'NONE', #215, 1.999999999999982681 ) ;
#3127 = CARTESIAN_POINT ( 'NONE',  ( 32.00000000000000000, 0.000000000000000000, -48.00000000000000000 ) ) ;
#3128 = CARTESIAN_POINT ( 'NONE',  ( 10.00000000000000000, -6.071532165918824830E-15, 48.00000000000000000 ) ) ;
#3129 = FACE_OUTER_BOUND ( 'NONE', #5066, .T. ) ;
#3130 = CYLINDRICAL_SURFACE ( 'NONE', #3799, 2.000000000000011990 ) ;
#3131 = EDGE_CURVE ( 'NONE', #2500, #4420, #3437, .T. ) ;
#3132 = CARTESIAN_POINT ( 'NONE',  ( 12.00000000000000000, -1.110223024625156540E-13, -22.00000000000010658 ) ) ;
#3133 = VERTEX_POINT ( 'NONE', #4291 ) ;
#3134 = CARTESIAN_POINT ( 'NONE',  ( 32.00000000000000000, 35.73177083333319359, -12.47960548712012852 ) ) ;
#3135 = CARTESIAN_POINT ( 'NONE',  ( -8.000000000000000000, 0.000000000000000000, -48.00000000000000000 ) ) ;
#3136 = CARTESIAN_POINT ( 'NONE',  ( -8.000000000000000000, 35.73177083333346360, 12.47960548711938600 ) ) ;
#3137 = CYLINDRICAL_SURFACE ( 'NONE', #3624, 5.500000000000000000 ) ;
#3138 = EDGE_LOOP ( 'NONE', ( #858, #2096 ) ) ;
#3139 = ADVANCED_FACE ( 'NONE', ( #928 ), #2614, .T. ) ;
#3140 = DIRECTION ( 'NONE',  ( -1.000000000000000000, -0.000000000000000000, -0.000000000000000000 ) ) ;
#3141 = AXIS2_PLACEMENT_3D ( 'NONE', #3128, #3203, #715 ) ;
#3142 = DIRECTION ( 'NONE',  ( 1.000000000000000000, -0.000000000000000000, -0.000000000000000000 ) ) ;
#3143 = EDGE_LOOP ( 'NONE', ( #4624, #4629 ) ) ;
#3144 = AXIS2_PLACEMENT_3D ( 'NONE', #2932, #2466, #2177 ) ;
#3145 = DIRECTION ( 'NONE',  ( -1.000000000000000000, -0.000000000000000000, -0.000000000000000000 ) ) ;
#3146 = DIRECTION ( 'NONE',  ( 0.000000000000000000, 0.000000000000000000, 1.000000000000000000 ) ) ;
#3147 = ORIENTED_EDGE ( 'NONE', *, *, #3967, .F. ) ;
#3148 = VERTEX_POINT ( 'NONE', #2146 ) ;
#3149 = DIRECTION ( 'NONE',  ( 0.000000000000000000, 0.9113149847094782485, -0.4117098476402568652 ) ) ;
#3150 = CARTESIAN_POINT ( 'NONE',  ( 30.00000000000000000, 48.00000000000000000, -5.027733127934112032E-13 ) ) ;
#3151 = DIRECTION ( 'NONE',  ( 0.000000000000000000, 0.000000000000000000, -1.000000000000000000 ) ) ;
#3152 = EDGE_CURVE ( 'NONE', #2292, #33, #1297, .T. ) ;
#3153 = DIRECTION ( 'NONE',  ( 0.000000000000000000, 0.000000000000000000, 1.000000000000000000 ) ) ;
#3154 = CARTESIAN_POINT ( 'NONE',  ( 30.00000000000000000, 54.22324159021430745, 24.49673593459448639 ) ) ;
#3155 = EDGE_LOOP ( 'NONE', ( #1473, #3104 ) ) ;
#3156 = CARTESIAN_POINT ( 'NONE',  ( 30.00000000000000000, -48.00000000000000000, 1.675911042644704011E-13 ) ) ;
#3157 = FACE_OUTER_BOUND ( 'NONE', #1908, .T. ) ;
#3158 = CARTESIAN_POINT ( 'NONE',  ( -11.99999999999999822, 48.00000000000000000, 8.673617379884035472E-15 ) ) ;
#3159 = EDGE_CURVE ( 'NONE', #1273, #1582, #1747, .T. ) ;
#3160 = DIRECTION ( 'NONE',  ( 1.000000000000000000, -0.000000000000000000, -0.000000000000000000 ) ) ;
#3161 = VERTEX_POINT ( 'NONE', #4264 ) ;
#3162 = EDGE_LOOP ( 'NONE', ( #3402, #769 ) ) ;
#3163 = ORIENTED_EDGE ( 'NONE', *, *, #4316, .F. ) ;
#3164 = EDGE_CURVE ( 'NONE', #3972, #3703, #2334, .T. ) ;
#3165 = AXIS2_PLACEMENT_3D ( 'NONE', #1324, #4612, #516 ) ;
#3166 = EDGE_CURVE ( 'NONE', #1341, #592, #1452, .T. ) ;
#3167 = DIRECTION ( 'NONE',  ( -1.000000000000000000, -0.000000000000000000, -0.000000000000000000 ) ) ;
#3168 = EDGE_LOOP ( 'NONE', ( #1354, #1808 ) ) ;
#3169 = CARTESIAN_POINT ( 'NONE',  ( 12.00000000000000000, -8.326672684688674053E-14, -12.00000000000001066 ) ) ;
#3170 = AXIS2_PLACEMENT_3D ( 'NONE', #1346, #1373, #2083 ) ;
#3171 = DIRECTION ( 'NONE',  ( -1.000000000000000000, -0.000000000000000000, -0.000000000000000000 ) ) ;
#3172 = ORIENTED_EDGE ( 'NONE', *, *, #5282, .T. ) ;
#3173 = AXIS2_PLACEMENT_3D ( 'NONE', #110, #191, #3081 ) ;
#3174 = CIRCLE ( 'NONE', #2833, 5.500000000000000000 ) ;
#3175 = CARTESIAN_POINT ( 'NONE',  ( 30.00000000000000000, 22.43818669639379237, 49.66666666666665009 ) ) ;
#3176 = DIRECTION ( 'NONE',  ( 1.000000000000000000, 0.000000000000000000, 0.000000000000000000 ) ) ;
#3177 = DIRECTION ( 'NONE',  ( 1.000000000000000000, -0.000000000000000000, -0.000000000000000000 ) ) ;
#3178 = AXIS2_PLACEMENT_3D ( 'NONE', #2523, #1349, #4581 ) ;
#3179 = AXIS2_PLACEMENT_3D ( 'NONE', #1953, #2828, #3760 ) ;
#3180 = DIRECTION ( 'NONE',  ( -1.000000000000000000, 0.000000000000000000, -0.000000000000000000 ) ) ;
#3181 = ORIENTED_EDGE ( 'NONE', *, *, #4340, .T. ) ;
#3182 = FACE_OUTER_BOUND ( 'NONE', #5059, .T. ) ;
#3183 = FACE_BOUND ( 'NONE', #1037, .T. ) ;
#3184 = CYLINDRICAL_SURFACE ( 'NONE', #625, 4.999999999999997335 ) ;
#3185 = ORIENTED_EDGE ( 'NONE', *, *, #5221, .F. ) ;
#3186 = CIRCLE ( 'NONE', #4408, 4.999999999999999112 ) ;
#3187 = ADVANCED_FACE ( 'NONE', ( #1771 ), #5069, .F. ) ;
#3188 = AXIS2_PLACEMENT_3D ( 'NONE', #1441, #3072, #3896 ) ;
#3189 = ORIENTED_EDGE ( 'NONE', *, *, #440, .F. ) ;
#3190 = CARTESIAN_POINT ( 'NONE',  ( 30.00000000000000000, 49.29629629629646814, 17.45192298608353454 ) ) ;
#3191 = EDGE_CURVE ( 'NONE', #4161, #3891, #5159, .T. ) ;
#3192 = TOROIDAL_SURFACE ( 'NONE', #4073, 7.000000000000000000, 2.000000000000000000 ) ;
#3193 = CARTESIAN_POINT ( 'NONE',  ( 32.00000000000000000, -16.04520705486824994, -32.22656249999999289 ) ) ;
#3194 = VERTEX_POINT ( 'NONE', #3857 ) ;
#3195 = FACE_OUTER_BOUND ( 'NONE', #2550, .T. ) ;
#3196 = AXIS2_PLACEMENT_3D ( 'NONE', #2838, #1538, #2865 ) ;
#3197 = EDGE_CURVE ( 'NONE', #846, #3741, #174, .T. ) ;
#3198 = FACE_OUTER_BOUND ( 'NONE', #176, .T. ) ;
#3199 = EDGE_CURVE ( 'NONE', #2257, #1690, #251, .T. ) ;
#3200 = ORIENTED_EDGE ( 'NONE', *, *, #2494, .T. ) ;
#3201 = CARTESIAN_POINT ( 'NONE',  ( 30.00000000000000000, 0.000000000000000000, 0.000000000000000000 ) ) ;
#3202 = AXIS2_PLACEMENT_3D ( 'NONE', #2805, #4481, #331 ) ;
#3203 = DIRECTION ( 'NONE',  ( -1.000000000000000000, -0.000000000000000000, -0.000000000000000000 ) ) ;
#3204 = DIRECTION ( 'NONE',  ( 1.000000000000000000, -0.000000000000000000, -0.000000000000000000 ) ) ;
#3205 = DIRECTION ( 'NONE',  ( 0.000000000000000000, 0.000000000000000000, -1.000000000000000000 ) ) ;
#3206 = VECTOR ( 'NONE', #2938, 1000.000000000000000 ) ;
#3207 = CARTESIAN_POINT ( 'NONE',  ( 30.00000000000000000, 24.49673593459505838, 54.22324159021404455 ) ) ;
#3208 = ORIENTED_EDGE ( 'NONE', *, *, #2519, .F. ) ;
#3209 = CARTESIAN_POINT ( 'NONE',  ( 31.02452390800313253, -69.66704126604587088, -2.787028702167838379 ) ) ;
#3210 = DIRECTION ( 'NONE',  ( 0.000000000000000000, 0.000000000000000000, -1.000000000000000000 ) ) ;
#3211 = CARTESIAN_POINT ( 'NONE',  ( 32.00000000000000000, 6.963386839890175407E-14, 17.99999999999993250 ) ) ;
#3212 = CIRCLE ( 'NONE', #3374, 2.049999999999999822 ) ;
#3213 = DIRECTION ( 'NONE',  ( 0.000000000000000000, 0.000000000000000000, -1.000000000000000000 ) ) ;
#3214 = EDGE_LOOP ( 'NONE', ( #2104, #1179 ) ) ;
#3215 = CARTESIAN_POINT ( 'NONE',  ( 12.00000000000000000, 0.000000000000000000, 0.000000000000000000 ) ) ;
#3216 = EDGE_CURVE ( 'NONE', #5169, #1521, #4634, .T. ) ;
#3217 = DIRECTION ( 'NONE',  ( 1.000000000000000000, 0.000000000000000000, 0.000000000000000000 ) ) ;
#3218 = DIRECTION ( 'NONE',  ( -1.000000000000000000, -0.000000000000000000, -0.000000000000000000 ) ) ;
#3219 = ADVANCED_FACE ( 'NONE', ( #2959 ), #488, .F. ) ;
#3220 = CIRCLE ( 'NONE', #664, 2.000000000000001776 ) ;
#3221 = LINE ( 'NONE', #377, #4393 ) ;
#3222 = EDGE_LOOP ( 'NONE', ( #941, #2631 ) ) ;
#3223 = FACE_OUTER_BOUND ( 'NONE', #2526, .T. ) ;
#3224 = FACE_OUTER_BOUND ( 'NONE', #5058, .T. ) ;
#3225 = FACE_OUTER_BOUND ( 'NONE', #309, .T. ) ;
#3226 = ADVANCED_FACE ( 'NONE', ( #5012 ), #4200, .T. ) ;
#3227 = PRODUCT_CONTEXT ( 'NONE', #886, 'mechanical' ) ;
#3228 = CARTESIAN_POINT ( 'NONE',  ( 32.00000000000000000, 0.000000000000000000, 0.000000000000000000 ) ) ;
#3229 = ORIENTED_EDGE ( 'NONE', *, *, #3444, .T. ) ;
#3230 = FACE_BOUND ( 'NONE', #386, .T. ) ;
#3231 = TOROIDAL_SURFACE ( 'NONE', #926, 61.49999999999999289, 2.000000000000000000 ) ;
#3232 = DIRECTION ( 'NONE',  ( -1.000000000000000000, -0.000000000000000000, -0.000000000000000000 ) ) ;
#3233 = DIRECTION ( 'NONE',  ( 0.000000000000000000, -0.07407407407407361200, -0.9972527420619452521 ) ) ;
#3234 = DIRECTION ( 'NONE',  ( -1.000000000000000000, -0.000000000000000000, -0.000000000000000000 ) ) ;
#3235 = ORIENTED_EDGE ( 'NONE', *, *, #1946, .T. ) ;
#3236 = AXIS2_PLACEMENT_3D ( 'NONE', #4448, #735, #1501 ) ;
#3237 = EDGE_LOOP ( 'NONE', ( #3067, #4086, #4702, #3042 ) ) ;
#3238 = PLANE ( 'NONE',  #2676 ) ;
#3239 = EDGE_CURVE ( 'NONE', #3495, #4029, #2741, .T. ) ;
#3240 = ORIENTED_EDGE ( 'NONE', *, *, #1520, .F. ) ;
#3241 = DIRECTION ( 'NONE',  ( 0.000000000000000000, 0.000000000000000000, -1.000000000000000000 ) ) ;
#3242 = DIRECTION ( 'NONE',  ( 1.000000000000000000, 0.000000000000000000, 0.000000000000000000 ) ) ;
#3243 = DIRECTION ( 'NONE',  ( -1.000000000000000000, 0.000000000000000000, 0.000000000000000000 ) ) ;
#3244 = EDGE_LOOP ( 'NONE', ( #2406, #5261 ) ) ;
#3245 = EDGE_CURVE ( 'NONE', #261, #1728, #1115, .T. ) ;
#3246 = CARTESIAN_POINT ( 'NONE',  ( -8.000000000000000000, 0.000000000000000000, 0.000000000000000000 ) ) ;
#3247 = LINE ( 'NONE', #1223, #5101 ) ;
#3248 = AXIS2_PLACEMENT_3D ( 'NONE', #1072, #2701, #229 ) ;
#3249 = CARTESIAN_POINT ( 'NONE',  ( 12.00000000000000000, 0.000000000000000000, 0.000000000000000000 ) ) ;
#3250 = ORIENTED_EDGE ( 'NONE', *, *, #5053, .T. ) ;
#3251 = EDGE_CURVE ( 'NONE', #1565, #3640, #3768, .T. ) ;
#3252 = CARTESIAN_POINT ( 'NONE',  ( 12.00000000000000000, -10.00000000000000888, 2.775557561562891351E-14 ) ) ;
#3253 = DIRECTION ( 'NONE',  ( 0.000000000000000000, 0.000000000000000000, 1.000000000000000000 ) ) ;
#3254 = CIRCLE ( 'NONE', #3880, 1.999999999999974021 ) ;
#3255 = CARTESIAN_POINT ( 'NONE',  ( 12.00000000000000000, -17.67766952966364613, 15.67766952966380423 ) ) ;
#3256 = AXIS2_PLACEMENT_3D ( 'NONE', #255, #2727, #3149 ) ;
#3257 = LINE ( 'NONE', #4916, #3105 ) ;
#3258 = ORIENTED_EDGE ( 'NONE', *, *, #1596, .T. ) ;
#3259 = ADVANCED_BREP_SHAPE_REPRESENTATION ( 'Vztrajnik zrcaljen', ( #2656, #2829 ), #4470 ) ;
#3260 = CIRCLE ( 'NONE', #4654, 1.000000000000000000 ) ;
#3261 = ADVANCED_FACE ( 'NONE', ( #1824 ), #4375, .T. ) ;
#3262 = ORIENTED_EDGE ( 'NONE', *, *, #3656, .F. ) ;
#3263 = AXIS2_PLACEMENT_3D ( 'NONE', #1761, #1785, #3396 ) ;
#3264 = DIRECTION ( 'NONE',  ( 0.000000000000000000, 0.000000000000000000, -1.000000000000000000 ) ) ;
#3265 = CIRCLE ( 'NONE', #4996, 15.50000000000000711 ) ;
#3266 = ORIENTED_EDGE ( 'NONE', *, *, #1670, .F. ) ;
#3267 = AXIS2_PLACEMENT_3D ( 'NONE', #4637, #602, #1797 ) ;
#3268 = DIRECTION ( 'NONE',  ( 1.000000000000000000, 0.000000000000000000, 0.000000000000000000 ) ) ;
#3269 = DIRECTION ( 'NONE',  ( 0.000000000000000000, 0.000000000000000000, -1.000000000000000000 ) ) ;
#3270 = AXIS2_PLACEMENT_3D ( 'NONE', #1632, #3275, #5141 ) ;
#3271 = CIRCLE ( 'NONE', #200, 2.000000000000000444 ) ;
#3272 = CARTESIAN_POINT ( 'NONE',  ( 12.00000000000000000, -13.43502884254452212, -13.43502884254432672 ) ) ;
#3273 = ORIENTED_EDGE ( 'NONE', *, *, #3463, .F. ) ;
#3274 = DIRECTION ( 'NONE',  ( 0.000000000000000000, 0.000000000000000000, 1.000000000000000000 ) ) ;
#3275 = DIRECTION ( 'NONE',  ( -1.000000000000000000, 0.000000000000000000, -0.000000000000000000 ) ) ;
#3276 = AXIS2_PLACEMENT_3D ( 'NONE', #4622, #2621, #3389 ) ;
#3277 = EDGE_CURVE ( 'NONE', #2073, #4999, #417, .T. ) ;
#3278 = DIRECTION ( 'NONE',  ( -1.000000000000000000, 0.000000000000000000, -0.000000000000000000 ) ) ;
#3279 = EDGE_LOOP ( 'NONE', ( #2698, #3868, #2827, #2639 ) ) ;
#3280 = LINE ( 'NONE', #2068, #3089 ) ;
#3281 = FACE_OUTER_BOUND ( 'NONE', #5037, .T. ) ;
#3282 = DIRECTION ( 'NONE',  ( 0.000000000000000000, 0.000000000000000000, -1.000000000000000000 ) ) ;
#3283 = DIRECTION ( 'NONE',  ( 0.000000000000000000, 0.000000000000000000, -1.000000000000000000 ) ) ;
#3284 = ORIENTED_EDGE ( 'NONE', *, *, #3681, .T. ) ;
#3285 = EDGE_CURVE ( 'NONE', #3381, #4169, #3412, .T. ) ;
#3286 = ORIENTED_EDGE ( 'NONE', *, *, #4162, .F. ) ;
#3287 = AXIS2_PLACEMENT_3D ( 'NONE', #4270, #3071, #4757 ) ;
#3288 = FACE_OUTER_BOUND ( 'NONE', #2165, .T. ) ;
#3289 = EDGE_CURVE ( 'NONE', #958, #144, #4040, .T. ) ;
#3290 = ADVANCED_FACE ( 'NONE', ( #3578 ), #3994, .T. ) ;
#3291 = ORIENTED_EDGE ( 'NONE', *, *, #4499, .T. ) ;
#3292 = DIRECTION ( 'NONE',  ( 0.000000000000000000, 0.000000000000000000, -1.000000000000000000 ) ) ;
#3293 = DIRECTION ( 'NONE',  ( -3.280275122312074522E-18, -0.8951822916666665186, -0.4457001959685630843 ) ) ;
#3294 = CARTESIAN_POINT ( 'NONE',  ( -8.000000000000000000, 8.572527594031474570E-15, 70.00000000000001421 ) ) ;
#3295 = EDGE_LOOP ( 'NONE', ( #2537, #1408, #4221, #668 ) ) ;
#3296 = FACE_OUTER_BOUND ( 'NONE', #326, .T. ) ;
#3297 = CARTESIAN_POINT ( 'NONE',  ( 32.00000000000000000, 49.14814814814797472, -15.45741750196067521 ) ) ;
#3298 = VECTOR ( 'NONE', #5263, 1000.000000000000000 ) ;
#3299 = DIRECTION ( 'NONE',  ( 0.000000000000000000, 0.000000000000000000, -1.000000000000000000 ) ) ;
#3300 = ORIENTED_EDGE ( 'NONE', *, *, #2718, .F. ) ;
#3301 = ORIENTED_EDGE ( 'NONE', *, *, #1039, .F. ) ;
#3302 = CARTESIAN_POINT ( 'NONE',  ( 30.53778583594806051, -69.88712734236629842, -2.837125572315368771 ) ) ;
#3303 = EDGE_CURVE ( 'NONE', #3732, #4918, #2657, .T. ) ;
#3304 = CARTESIAN_POINT ( 'NONE',  ( 32.00000000000000000, -49.66666666666672825, -22.43818669639361829 ) ) ;
#3305 = CYLINDRICAL_SURFACE ( 'NONE', #3644, 17.50000000000000711 ) ;
#3306 = AXIS2_PLACEMENT_3D ( 'NONE', #2930, #4607, #4147 ) ;
#3307 = CARTESIAN_POINT ( 'NONE',  ( 30.00000000000000000, 56.04587155963274370, -25.32015562987615098 ) ) ;
#3308 = ORIENTED_EDGE ( 'NONE', *, *, #633, .T. ) ;
#3309 = EDGE_CURVE ( 'NONE', #3875, #4449, #3864, .T. ) ;
#3310 = DIRECTION ( 'NONE',  ( -1.000000000000000000, -0.000000000000000000, -0.000000000000000000 ) ) ;
#3311 = ORIENTED_EDGE ( 'NONE', *, *, #3030, .F. ) ;
#3312 = AXIS2_PLACEMENT_3D ( 'NONE', #3193, #1581, #4471 ) ;
#3313 = EDGE_CURVE ( 'NONE', #1799, #1592, #2306, .T. ) ;
#3314 = CARTESIAN_POINT ( 'NONE',  ( 32.00000000000000000, 1.738998454789241549E-15, 33.79999999999999716 ) ) ;
#3315 = CARTESIAN_POINT ( 'NONE',  ( 30.00000000000000000, 12.47960548711975370, 35.73177083333332860 ) ) ;
#3316 = DIRECTION ( 'NONE',  ( -0.000000000000000000, 0.9972527420619460292, 0.07407407407406325917 ) ) ;
#3317 = DIRECTION ( 'NONE',  ( 0.000000000000000000, 1.000000000000000000, -1.224646799147353207E-16 ) ) ;
#3318 = ORIENTED_EDGE ( 'NONE', *, *, #3313, .F. ) ;
#3319 = EDGE_CURVE ( 'NONE', #261, #1839, #2225, .T. ) ;
#3320 = DIRECTION ( 'NONE',  ( -1.000000000000000000, 0.000000000000000000, -0.000000000000000000 ) ) ;
#3321 = DIRECTION ( 'NONE',  ( 1.000000000000000000, -0.000000000000000000, -0.000000000000000000 ) ) ;
#3322 = AXIS2_PLACEMENT_3D ( 'NONE', #2585, #1012, #2554 ) ;
#3323 = CARTESIAN_POINT ( 'NONE',  ( 30.00000000000000000, -22.43818669639379237, -49.66666666666665009 ) ) ;
#3324 = ORIENTED_EDGE ( 'NONE', *, *, #2576, .T. ) ;
#3325 = VERTEX_POINT ( 'NONE', #1069 ) ;
#3326 = ORIENTED_EDGE ( 'NONE', *, *, #3191, .T. ) ;
#3327 = FACE_OUTER_BOUND ( 'NONE', #2580, .T. ) ;
#3328 = CARTESIAN_POINT ( 'NONE',  ( 32.00000000000000000, -35.73177083333328596, 12.47960548711987805 ) ) ;
#3329 = CARTESIAN_POINT ( 'NONE',  ( 32.00000000000000000, 1.738998454789241549E-15, -62.20000000000000284 ) ) ;
#3330 = ORIENTED_EDGE ( 'NONE', *, *, #1287, .T. ) ;
#3331 = VERTEX_POINT ( 'NONE', #2238 ) ;
#3332 = EDGE_LOOP ( 'NONE', ( #3743, #1486, #881, #3899 ) ) ;
#3333 = ORIENTED_EDGE ( 'NONE', *, *, #3493, .T. ) ;
#3334 = CARTESIAN_POINT ( 'NONE',  ( 10.00000000000000000, 0.000000000000000000, 62.20000000000000284 ) ) ;
#3335 = AXIS2_PLACEMENT_3D ( 'NONE', #2442, #784, #4423 ) ;
#3336 = CIRCLE ( 'NONE', #4050, 1.999999999999976685 ) ;
#3337 = CARTESIAN_POINT ( 'NONE',  ( -11.99999999999999822, 48.00000000000000000, 8.673617379884035472E-15 ) ) ;
#3338 = ORIENTED_EDGE ( 'NONE', *, *, #1005, .F. ) ;
#3339 = CIRCLE ( 'NONE', #963, 3.149999999999999911 ) ;
#3340 = ADVANCED_FACE ( 'NONE', ( #1034 ), #635, .T. ) ;
#3341 = DIRECTION ( 'NONE',  ( -1.000000000000000000, 0.000000000000000000, 0.000000000000000000 ) ) ;
#3342 = ORIENTED_EDGE ( 'NONE', *, *, #1997, .F. ) ;
#3343 = LINE ( 'NONE', #5003, #272 ) ;
#3344 = EDGE_CURVE ( 'NONE', #1054, #3447, #2264, .T. ) ;
#3345 = VECTOR ( 'NONE', #2940, 1000.000000000000000 ) ;
#3346 = CYLINDRICAL_SURFACE ( 'NONE', #1344, 5.000000000000000888 ) ;
#3347 = VERTEX_POINT ( 'NONE', #3494 ) ;
#3348 = CARTESIAN_POINT ( 'NONE',  ( 2.000000000000000000, 0.000000000000000000, 0.000000000000000000 ) ) ;
#3349 = DIRECTION ( 'NONE',  ( 0.000000000000000000, 0.000000000000000000, -1.000000000000000000 ) ) ;
#3350 = VECTOR ( 'NONE', #3831, 1000.000000000000000 ) ;
#3351 = ADVANCED_FACE ( 'NONE', ( #5153 ), #1457, .F. ) ;
#3352 = DIRECTION ( 'NONE',  ( 0.000000000000000000, 0.000000000000000000, 1.000000000000000000 ) ) ;
#3353 = ORIENTED_EDGE ( 'NONE', *, *, #3285, .T. ) ;
#3354 = ORIENTED_EDGE ( 'NONE', *, *, #3706, .T. ) ;
#3355 = EDGE_LOOP ( 'NONE', ( #560, #4564, #518, #4339, #3376, #4017, #1353, #2915, #1903, #2726, #3486 ) ) ;
#3356 = ORIENTED_EDGE ( 'NONE', *, *, #1385, .F. ) ;
#3357 = CIRCLE ( 'NONE', #3270, 1.999999999999976685 ) ;
#3358 = DIRECTION ( 'NONE',  ( -1.000000000000000000, -0.000000000000000000, -0.000000000000000000 ) ) ;
#3359 = CARTESIAN_POINT ( 'NONE',  ( 32.00000000000000000, 32.22656249999982947, -11.04520705486859100 ) ) ;
#3360 = DIRECTION ( 'NONE',  ( -1.000000000000000000, -0.000000000000000000, -0.000000000000000000 ) ) ;
#3361 = ORIENTED_EDGE ( 'NONE', *, *, #2543, .F. ) ;
#3362 = DIRECTION ( 'NONE',  ( 0.000000000000000000, 0.000000000000000000, -1.000000000000000000 ) ) ;
#3363 = VERTEX_POINT ( 'NONE', #3970 ) ;
#3364 = VERTEX_POINT ( 'NONE', #2697 ) ;
#3365 = CARTESIAN_POINT ( 'NONE',  ( 30.00000000000000000, 0.000000000000000000, 0.000000000000000000 ) ) ;
#3366 = CIRCLE ( 'NONE', #4245, 6.999999999999999112 ) ;
#3367 = DIRECTION ( 'NONE',  ( 1.000000000000000000, 0.000000000000000000, 0.000000000000000000 ) ) ;
#3368 = ORIENTED_EDGE ( 'NONE', *, *, #4939, .T. ) ;
#3369 = AXIS2_PLACEMENT_3D ( 'NONE', #390, #1203, #827 ) ;
#3370 = EDGE_LOOP ( 'NONE', ( #5198, #3571, #409, #2844, #342, #4412, #897, #1989, #1368, #2182, #4493, #4215 ) ) ;
#3371 = LINE ( 'NONE', #2575, #4655 ) ;
#3372 = EDGE_CURVE ( 'NONE', #5015, #1054, #3598, .T. ) ;
#3373 = DIRECTION ( 'NONE',  ( 0.000000000000000000, -0.7010416666666730023, -0.7131203135496936296 ) ) ;
#3374 = AXIS2_PLACEMENT_3D ( 'NONE', #2093, #5048, #2070 ) ;
#3375 = DIRECTION ( 'NONE',  ( 1.000000000000000000, 0.000000000000000000, 0.000000000000000000 ) ) ;
#3376 = ORIENTED_EDGE ( 'NONE', *, *, #46, .F. ) ;
#3377 = EDGE_CURVE ( 'NONE', #1376, #2808, #1950, .T. ) ;
#3378 = CARTESIAN_POINT ( 'NONE',  ( 30.00000000000000000, -32.22656250000004974, -16.04520705486814336 ) ) ;
#3379 = CARTESIAN_POINT ( 'NONE',  ( -8.000000000000000000, -32.22656250000004974, -16.04520705486814336 ) ) ;
#3380 = CARTESIAN_POINT ( 'NONE',  ( -8.000000000000000000, 0.000000000000000000, 0.000000000000000000 ) ) ;
#3381 = VERTEX_POINT ( 'NONE', #4927 ) ;
#3382 = ORIENTED_EDGE ( 'NONE', *, *, #832, .T. ) ;
#3383 = ORIENTED_EDGE ( 'NONE', *, *, #2872, .F. ) ;
#3384 = ORIENTED_EDGE ( 'NONE', *, *, #3199, .T. ) ;
#3385 = ADVANCED_FACE ( 'NONE', ( #1555 ), #1451, .T. ) ;
#3386 = CARTESIAN_POINT ( 'NONE',  ( 6.999999999999999112, -2.168404344971008868E-15, -18.50000000000000000 ) ) ;
#3387 = DIRECTION ( 'NONE',  ( -1.000000000000000000, -0.000000000000000000, -0.000000000000000000 ) ) ;
#3388 = CARTESIAN_POINT ( 'NONE',  ( 32.00000000000000000, -24.49673593459505838, 54.22324159021404455 ) ) ;
#3389 = DIRECTION ( 'NONE',  ( 0.000000000000000000, 0.000000000000000000, 1.000000000000000000 ) ) ;
#3390 = AXIS2_PLACEMENT_3D ( 'NONE', #980, #3375, #2201 ) ;
#3391 = ORIENTED_EDGE ( 'NONE', *, *, #976, .T. ) ;
#3392 = ORIENTED_EDGE ( 'NONE', *, *, #642, .F. ) ;
#3393 = CARTESIAN_POINT ( 'NONE',  ( 30.85275947577091316, -68.99516951703664347, -1.732293821681686552 ) ) ;
#3394 = EDGE_CURVE ( 'NONE', #5313, #1409, #2822, .T. ) ;
#3395 = CIRCLE ( 'NONE', #3144, 2.000000000000001776 ) ;
#3396 = DIRECTION ( 'NONE',  ( 0.000000000000000000, 0.000000000000000000, -1.000000000000000000 ) ) ;
#3397 = ORIENTED_EDGE ( 'NONE', *, *, #3159, .F. ) ;
#3398 = CARTESIAN_POINT ( 'NONE',  ( 12.00000000000000000, 13.99999999999999822, 1.999999999999911626 ) ) ;
#3399 = VECTOR ( 'NONE', #2879, 1000.000000000000000 ) ;
#3400 = DIRECTION ( 'NONE',  ( 0.000000000000000000, 0.000000000000000000, -1.000000000000000000 ) ) ;
#3401 = DIRECTION ( 'NONE',  ( 0.000000000000000000, 0.000000000000000000, 1.000000000000000000 ) ) ;
#3402 = ORIENTED_EDGE ( 'NONE', *, *, #4781, .T. ) ;
#3403 = DIRECTION ( 'NONE',  ( 0.000000000000000000, 0.000000000000000000, -1.000000000000000000 ) ) ;
#3404 = ORIENTED_EDGE ( 'NONE', *, *, #2739, .F. ) ;
#3405 = CARTESIAN_POINT ( 'NONE',  ( -8.000000000000000000, -6.071532165918824830E-15, 44.85000000000000142 ) ) ;
#3406 = EDGE_CURVE ( 'NONE', #4999, #4351, #4886, .T. ) ;
#3407 = CARTESIAN_POINT ( 'NONE',  ( 12.00000000000000000, -10.00000000000000888, 2.775557561562891351E-14 ) ) ;
#3408 = VERTEX_POINT ( 'NONE', #1602 ) ;
#3409 = CARTESIAN_POINT ( 'NONE',  ( -8.000000000000000000, 24.49673593459506193, 54.22324159021404455 ) ) ;
#3410 = CARTESIAN_POINT ( 'NONE',  ( 31.84071296130167639, -68.74554928737607895, 2.520870628065531083 ) ) ;
#3411 = DIRECTION ( 'NONE',  ( 0.000000000000000000, 0.000000000000000000, 1.000000000000000000 ) ) ;
#3412 = CIRCLE ( 'NONE', #4889, 2.000000000000032863 ) ;
#3413 = CARTESIAN_POINT ( 'NONE',  ( 32.00000000000000000, 8.450062914116739422E-15, 68.00000000000001421 ) ) ;
#3414 = EDGE_CURVE ( 'NONE', #61, #278, #5319, .T. ) ;
#3415 = LINE ( 'NONE', #2189, #2597 ) ;
#3416 = ORIENTED_EDGE ( 'NONE', *, *, #3656, .T. ) ;
#3417 = CARTESIAN_POINT ( 'NONE',  ( 30.11782504355270618, -69.29523809523813327, -1.871713294710591668 ) ) ;
#3418 = DIRECTION ( 'NONE',  ( 0.000000000000000000, 0.000000000000000000, -1.000000000000000000 ) ) ;
#3419 = AXIS2_PLACEMENT_3D ( 'NONE', #3379, #36, #3738 ) ;
#3420 = CARTESIAN_POINT ( 'NONE',  ( 6.999999999999999112, -18.50000000000000000, 1.084202172485504434E-15 ) ) ;
#3421 = CYLINDRICAL_SURFACE ( 'NONE', #4062, 3.149999999999999911 ) ;
#3422 = ORIENTED_EDGE ( 'NONE', *, *, #3627, .T. ) ;
#3423 = EDGE_CURVE ( 'NONE', #4918, #661, #2480, .T. ) ;
#3424 = AXIS2_PLACEMENT_3D ( 'NONE', #837, #2058, #4021 ) ;
#3425 = ORIENTED_EDGE ( 'NONE', *, *, #1251, .F. ) ;
#3426 = CARTESIAN_POINT ( 'NONE',  ( 12.00000000000000000, -7.778174593052051833, -7.778174593051994989 ) ) ;
#3427 = AXIS2_PLACEMENT_3D ( 'NONE', #816, #327, #401 ) ;
#3428 = CIRCLE ( 'NONE', #1133, 5.000000000000004441 ) ;
#3429 = CARTESIAN_POINT ( 'NONE',  ( 30.00000000000000000, -11.05336486002035379, 37.13385416666665861 ) ) ;
#3430 = VECTOR ( 'NONE', #1157, 1000.000000000000000 ) ;
#3431 = LINE ( 'NONE', #81, #920 ) ;
#3432 = CIRCLE ( 'NONE', #4906, 1.999999999999999334 ) ;
#3433 = DIRECTION ( 'NONE',  ( -1.000000000000000000, -0.000000000000000000, -0.000000000000000000 ) ) ;
#3434 = ORIENTED_EDGE ( 'NONE', *, *, #1134, .T. ) ;
#3435 = DIRECTION ( 'NONE',  ( 1.000000000000000000, 0.000000000000000000, 0.000000000000000000 ) ) ;
#3436 = VECTOR ( 'NONE', #4892, 1000.000000000000000 ) ;
#3437 = LINE ( 'NONE', #5042, #3350 ) ;
#3438 = ORIENTED_EDGE ( 'NONE', *, *, #3251, .F. ) ;
#3439 = ORIENTED_EDGE ( 'NONE', *, *, #1864, .T. ) ;
#3440 = CARTESIAN_POINT ( 'NONE',  ( 6.999999999999999112, 0.000000000000000000, 18.50000000000000000 ) ) ;
#3441 = AXIS2_PLACEMENT_3D ( 'NONE', #130, #4619, #5050 ) ;
#3442 = CARTESIAN_POINT ( 'NONE',  ( 30.98263545324449808, -68.78712904813920659, 1.592893245730612195 ) ) ;
#3443 = DIRECTION ( 'NONE',  ( 0.000000000000000000, 0.000000000000000000, -1.000000000000000000 ) ) ;
#3444 = EDGE_CURVE ( 'NONE', #621, #2124, #3221, .T. ) ;
#3445 = PLANE ( 'NONE',  #3441 ) ;
#3446 = FACE_OUTER_BOUND ( 'NONE', #4094, .T. ) ;
#3447 = VERTEX_POINT ( 'NONE', #3632 ) ;
#3448 = AXIS2_PLACEMENT_3D ( 'NONE', #4276, #2735, #1811 ) ;
#3449 = CIRCLE ( 'NONE', #4074, 5.000000000000000888 ) ;
#3450 = FACE_OUTER_BOUND ( 'NONE', #235, .T. ) ;
#3451 = DIRECTION ( 'NONE',  ( 0.000000000000000000, 0.000000000000000000, 1.000000000000000000 ) ) ;
#3452 = DIRECTION ( 'NONE',  ( 1.000000000000000000, -0.000000000000000000, -0.000000000000000000 ) ) ;
#3453 = EDGE_CURVE ( 'NONE', #4351, #5031, #5078, .T. ) ;
#3454 = CARTESIAN_POINT ( 'NONE',  ( 30.47883302704666164, -69.21692736984739724, -1.840442491231898181 ) ) ;
#3455 = AXIS2_PLACEMENT_3D ( 'NONE', #1387, #2969, #2122 ) ;
#3456 = ORIENTED_EDGE ( 'NONE', *, *, #1495, .F. ) ;
#3457 = VERTEX_POINT ( 'NONE', #2799 ) ;
#3458 = AXIS2_PLACEMENT_3D ( 'NONE', #5117, #2277, #188 ) ;
#3459 = DIRECTION ( 'NONE',  ( 1.000000000000000000, -0.000000000000000000, -0.000000000000000000 ) ) ;
#3460 = EDGE_CURVE ( 'NONE', #3447, #254, #426, .T. ) ;
#3461 = CARTESIAN_POINT ( 'NONE',  ( 6.999999999999999112, 18.50000000000000000, -2.050000000000004263 ) ) ;
#3462 = AXIS2_PLACEMENT_3D ( 'NONE', #4514, #2840, #5244 ) ;
#3463 = EDGE_CURVE ( 'NONE', #1948, #2505, #3174, .T. ) ;
#3464 = LINE ( 'NONE', #599, #164 ) ;
#3465 = ORIENTED_EDGE ( 'NONE', *, *, #3652, .T. ) ;
#3466 = DIRECTION ( 'NONE',  ( 0.000000000000000000, 0.000000000000000000, -1.000000000000000000 ) ) ;
#3467 = DIRECTION ( 'NONE',  ( -1.000000000000000000, -0.000000000000000000, -0.000000000000000000 ) ) ;
#3468 = VERTEX_POINT ( 'NONE', #4122 ) ;
#3469 = ORIENTED_EDGE ( 'NONE', *, *, #3522, .T. ) ;
#3470 = DIRECTION ( 'NONE',  ( 0.000000000000000000, 0.000000000000000000, 1.000000000000000000 ) ) ;
#3471 = CARTESIAN_POINT ( 'NONE',  ( 31.40842586925746716, -69.42576952313454797, 1.965413217983922989 ) ) ;
#3472 = CARTESIAN_POINT ( 'NONE',  ( 30.00000000000000000, 16.04520705486824994, -32.22656249999999289 ) ) ;
#3473 = DIRECTION ( 'NONE',  ( 0.000000000000000000, 0.000000000000000000, -1.000000000000000000 ) ) ;
#3474 = CARTESIAN_POINT ( 'NONE',  ( 10.00000000000000000, 48.00000000000000000, -5.027733127934112032E-13 ) ) ;
#3475 = ORIENTED_EDGE ( 'NONE', *, *, #1589, .T. ) ;
#3476 = ADVANCED_FACE ( 'NONE', ( #2418 ), #3708, .T. ) ;
#3477 = AXIS2_PLACEMENT_3D ( 'NONE', #2491, #1707, #2579 ) ;
#3478 = LINE ( 'NONE', #3134, #3684 ) ;
#3479 = DIRECTION ( 'NONE',  ( 0.000000000000000000, 0.000000000000000000, 1.000000000000000000 ) ) ;
#3480 = CARTESIAN_POINT ( 'NONE',  ( -8.000000000000000000, -49.29629629629634735, -17.45192298608387915 ) ) ;
#3481 = AXIS2_PLACEMENT_3D ( 'NONE', #155, #663, #3921 ) ;
#3482 = FACE_OUTER_BOUND ( 'NONE', #1758, .T. ) ;
#3483 = ORIENTED_EDGE ( 'NONE', *, *, #373, .F. ) ;
#3484 = EDGE_CURVE ( 'NONE', #2604, #2889, #2130, .T. ) ;
#3485 = DIRECTION ( 'NONE',  ( 1.000000000000000000, -0.000000000000000000, -0.000000000000000000 ) ) ;
#3486 = ORIENTED_EDGE ( 'NONE', *, *, #280, .F. ) ;
#3487 = DIRECTION ( 'NONE',  ( 1.000000000000000000, 0.000000000000000000, 0.000000000000000000 ) ) ;
#3488 = ADVANCED_FACE ( 'NONE', ( #3198 ), #4525, .F. ) ;
#3489 = FACE_OUTER_BOUND ( 'NONE', #395, .T. ) ;
#3490 = ORIENTED_EDGE ( 'NONE', *, *, #749, .T. ) ;
#3491 = CARTESIAN_POINT ( 'NONE',  ( 12.00000000000000000, -18.00000000000004974, 5.551115123125782702E-14 ) ) ;
#3492 = AXIS2_PLACEMENT_3D ( 'NONE', #1821, #5065, #2980 ) ;
#3493 = EDGE_CURVE ( 'NONE', #4888, #5031, #4212, .T. ) ;
#3494 = CARTESIAN_POINT ( 'NONE',  ( 12.00000000000000000, 10.60660171779827898, 12.60660171779821326 ) ) ;
#3495 = VERTEX_POINT ( 'NONE', #3294 ) ;
#3496 = ORIENTED_EDGE ( 'NONE', *, *, #4126, .F. ) ;
#3497 = CIRCLE ( 'NONE', #4379, 5.000000000000000888 ) ;
#3498 = CARTESIAN_POINT ( 'NONE',  ( 30.95353975530821344, -69.75302255700805176, 2.076361408836290501 ) ) ;
#3499 = DIRECTION ( 'NONE',  ( -1.000000000000000000, 0.000000000000000000, 0.000000000000000000 ) ) ;
#3500 = DIRECTION ( 'NONE',  ( 0.000000000000000000, 0.4117098476402540896, -0.9113149847094794698 ) ) ;
#3501 = DIRECTION ( 'NONE',  ( 0.000000000000000000, 0.000000000000000000, -1.000000000000000000 ) ) ;
#3502 = EDGE_LOOP ( 'NONE', ( #3391, #3469, #5306, #3356 ) ) ;
#3503 = CARTESIAN_POINT ( 'NONE',  ( 32.00000000000000000, 0.000000000000000000, -48.00000000000000000 ) ) ;
#3504 = AXIS2_PLACEMENT_3D ( 'NONE', #3323, #4981, #2934 ) ;
#3505 = CARTESIAN_POINT ( 'NONE',  ( -8.000000000000000000, 32.22656249999982947, -11.04520705486859278 ) ) ;
#3506 = FACE_BOUND ( 'NONE', #4570, .T. ) ;
#3507 = CARTESIAN_POINT ( 'NONE',  ( 31.30161258305907168, -69.47077767699583717, -2.738393935856677341 ) ) ;
#3508 = ORIENTED_EDGE ( 'NONE', *, *, #3303, .T. ) ;
#3509 = AXIS2_PLACEMENT_3D ( 'NONE', #1528, #683, #1928 ) ;
#3510 = AXIS2_PLACEMENT_3D ( 'NONE', #258, #2730, #3500 ) ;
#3511 = PLANE ( 'NONE',  #3606 ) ;
#3512 = DIRECTION ( 'NONE',  ( 0.000000000000000000, 0.000000000000000000, -1.000000000000000000 ) ) ;
#3513 = EDGE_CURVE ( 'NONE', #134, #4775, #4946, .T. ) ;
#3514 = VECTOR ( 'NONE', #3807, 1000.000000000000000 ) ;
#3515 = CIRCLE ( 'NONE', #5, 15.50000000000001421 ) ;
#3516 = AXIS2_PLACEMENT_3D ( 'NONE', #2364, #1980, #1601 ) ;
#3517 = CIRCLE ( 'NONE', #1796, 2.000000000000000444 ) ;
#3518 = CARTESIAN_POINT ( 'NONE',  ( 32.00000000000000000, 25.96028645833346005, 12.92530568308804284 ) ) ;
#3519 = CIRCLE ( 'NONE', #956, 1.999999999999999334 ) ;
#3520 = ORIENTED_EDGE ( 'NONE', *, *, #440, .T. ) ;
#3521 = CARTESIAN_POINT ( 'NONE',  ( 32.00000000000000000, 37.13385416666677941, 11.05336486001997010 ) ) ;
#3522 = EDGE_CURVE ( 'NONE', #360, #171, #328, .T. ) ;
#3523 = AXIS2_PLACEMENT_3D ( 'NONE', #4343, #5173, #3116 ) ;
#3524 = DIRECTION ( 'NONE',  ( 0.000000000000000000, 0.7345344214715378017, -0.6785714285714313787 ) ) ;
#3525 = ORIENTED_EDGE ( 'NONE', *, *, #1393, .T. ) ;
#3526 = EDGE_LOOP ( 'NONE', ( #3354, #1644, #3996, #4405 ) ) ;
#3527 = CIRCLE ( 'NONE', #967, 3.150000000000000355 ) ;
#3528 = CARTESIAN_POINT ( 'NONE',  ( 12.00000000000000000, 22.00000000000000000, -2.000000000000170974 ) ) ;
#3529 = CARTESIAN_POINT ( 'NONE',  ( 30.07188238283211845, -69.29523808680295360, 1.871713291534471857 ) ) ;
#3530 = VECTOR ( 'NONE', #2026, 1000.000000000000000 ) ;
#3531 = DIRECTION ( 'NONE',  ( 0.000000000000000000, 0.000000000000000000, 1.000000000000000000 ) ) ;
#3532 = ADVANCED_FACE ( 'NONE', ( #4047 ), #2573, .T. ) ;
#3533 = LINE ( 'NONE', #315, #1562 ) ;
#3534 = VERTEX_POINT ( 'NONE', #4872 ) ;
#3535 = AXIS2_PLACEMENT_3D ( 'NONE', #2328, #268, #3620 ) ;
#3536 = CARTESIAN_POINT ( 'NONE',  ( 32.00000000000000000, 32.22656250000015632, 16.04520705486791954 ) ) ;
#3537 = VECTOR ( 'NONE', #3740, 1000.000000000000000 ) ;
#3538 = CARTESIAN_POINT ( 'NONE',  ( 31.02751087566969801, -69.68064627363821728, 2.790510093296024952 ) ) ;
#3539 = DIRECTION ( 'NONE',  ( -1.000000000000000000, 0.000000000000000000, -0.000000000000000000 ) ) ;
#3540 = CIRCLE ( 'NONE', #3110, 17.50000000000000711 ) ;
#3541 = FACE_BOUND ( 'NONE', #4595, .T. ) ;
#3542 = ORIENTED_EDGE ( 'NONE', *, *, #2777, .T. ) ;
#3543 = AXIS2_PLACEMENT_3D ( 'NONE', #2037, #2880, #406 ) ;
#3544 = AXIS2_PLACEMENT_3D ( 'NONE', #1045, #3180, #3501 ) ;
#3545 = VECTOR ( 'NONE', #4647, 1000.000000000000000 ) ;
#3546 = ORIENTED_EDGE ( 'NONE', *, *, #5148, .T. ) ;
#3547 = DIRECTION ( 'NONE',  ( -1.000000000000000000, -0.000000000000000000, -0.000000000000000000 ) ) ;
#3548 = AXIS2_PLACEMENT_3D ( 'NONE', #313, #5291, #4827 ) ;
#3549 = EDGE_CURVE ( 'NONE', #248, #4775, #4205, .T. ) ;
#3550 = CARTESIAN_POINT ( 'NONE',  ( 2.000000000000000000, 8.572527594031474570E-15, 70.00000000000001421 ) ) ;
#3551 = ORIENTED_EDGE ( 'NONE', *, *, #2236, .F. ) ;
#3552 = CARTESIAN_POINT ( 'NONE',  ( 30.00000000000000000, 0.000000000000000000, -68.00000000000001421 ) ) ;
#3553 = CIRCLE ( 'NONE', #4678, 1.999999999999974021 ) ;
#3554 = DIRECTION ( 'NONE',  ( 3.280275122291011011E-18, -0.4457001959685727988, -0.8951822916666617447 ) ) ;
#3555 = ORIENTED_EDGE ( 'NONE', *, *, #4939, .F. ) ;
#3556 = ORIENTED_EDGE ( 'NONE', *, *, #4355, .F. ) ;
#3557 = ADVANCED_FACE ( 'NONE', ( #4229 ), #457, .T. ) ;
#3558 = DIRECTION ( 'NONE',  ( 0.000000000000000000, 0.000000000000000000, -1.000000000000000000 ) ) ;
#3559 = FACE_OUTER_BOUND ( 'NONE', #930, .T. ) ;
#3560 = CARTESIAN_POINT ( 'NONE',  ( 30.00000000000000000, 49.66666666666688457, 22.43818669639327013 ) ) ;
#3561 = CARTESIAN_POINT ( 'NONE',  ( -8.000000000000000000, 49.66666666666688457, 22.43818669639327013 ) ) ;
#3562 = AXIS2_PLACEMENT_3D ( 'NONE', #2531, #2912, #4559 ) ;
#3563 = DIRECTION ( 'NONE',  ( 1.000000000000000000, 0.000000000000000000, 0.000000000000000000 ) ) ;
#3564 = VERTEX_POINT ( 'NONE', #3796 ) ;
#3565 = ADVANCED_FACE ( 'NONE', ( #949 ), #4976, .T. ) ;
#3566 = CARTESIAN_POINT ( 'NONE',  ( 30.00000000000000000, 17.45192298608404968, -49.29629629629628340 ) ) ;
#3567 = CARTESIAN_POINT ( 'NONE',  ( 32.00000000000000000, 1.110223024625156540E-13, 24.00000000000002132 ) ) ;
#3568 = DIRECTION ( 'NONE',  ( -1.000000000000000000, 0.000000000000000000, 0.000000000000000000 ) ) ;
#3569 = DIRECTION ( 'NONE',  ( -1.000000000000000000, -0.000000000000000000, -0.000000000000000000 ) ) ;
#3570 = ORIENTED_EDGE ( 'NONE', *, *, #2535, .F. ) ;
#3571 = ORIENTED_EDGE ( 'NONE', *, *, #2648, .F. ) ;
#3572 = CARTESIAN_POINT ( 'NONE',  ( 30.00000000000000000, -22.43818669639379237, -49.66666666666665009 ) ) ;
#3573 = DIRECTION ( 'NONE',  ( 1.000000000000000000, 0.000000000000000000, 0.000000000000000000 ) ) ;
#3574 = EDGE_LOOP ( 'NONE', ( #2644, #2314, #419, #2113 ) ) ;
#3575 = TOROIDAL_SURFACE ( 'NONE', #1934, 7.000000000000000000, 2.000000000000000000 ) ;
#3576 = CYLINDRICAL_SURFACE ( 'NONE', #1803, 5.000000000000000888 ) ;
#3577 = EDGE_CURVE ( 'NONE', #4468, #47, #5161, .T. ) ;
#3578 = FACE_OUTER_BOUND ( 'NONE', #5119, .T. ) ;
#3579 = ORIENTED_EDGE ( 'NONE', *, *, #4126, .T. ) ;
#3580 = VERTEX_POINT ( 'NONE', #5062 ) ;
#3581 = CYLINDRICAL_SURFACE ( 'NONE', #265, 1.999999999999974021 ) ;
#3582 = DIRECTION ( 'NONE',  ( 0.000000000000000000, 0.000000000000000000, -1.000000000000000000 ) ) ;
#3583 = DIRECTION ( 'NONE',  ( 0.000000000000000000, 0.000000000000000000, -1.000000000000000000 ) ) ;
#3584 = CIRCLE ( 'NONE', #1262, 3.150000000000000355 ) ;
#3585 = DIRECTION ( 'NONE',  ( 0.000000000000000000, 0.000000000000000000, 1.000000000000000000 ) ) ;
#3586 = EDGE_CURVE ( 'NONE', #124, #1863, #1504, .T. ) ;
#3587 = CARTESIAN_POINT ( 'NONE',  ( 12.00000000000000000, 16.26345596729068177, 16.26345596729050769 ) ) ;
#3588 = ORIENTED_EDGE ( 'NONE', *, *, #1329, .T. ) ;
#3589 = AXIS2_PLACEMENT_3D ( 'NONE', #1141, #4016, #1947 ) ;
#3590 = DIRECTION ( 'NONE',  ( -1.000000000000000000, -0.000000000000000000, -0.000000000000000000 ) ) ;
#3591 = DIRECTION ( 'NONE',  ( 1.000000000000000000, 0.000000000000000000, 0.000000000000000000 ) ) ;
#3592 = DIRECTION ( 'NONE',  ( 0.000000000000000000, 0.000000000000000000, -1.000000000000000000 ) ) ;
#3593 = ORIENTED_EDGE ( 'NONE', *, *, #4868, .T. ) ;
#3594 = EDGE_CURVE ( 'NONE', #2680, #3772, #2965, .T. ) ;
#3595 = ORIENTED_EDGE ( 'NONE', *, *, #4162, .T. ) ;
#3596 = FACE_OUTER_BOUND ( 'NONE', #770, .T. ) ;
#3597 = EDGE_CURVE ( 'NONE', #4526, #4616, #2716, .T. ) ;
#3598 = CIRCLE ( 'NONE', #4298, 14.20000000000000462 ) ;
#3599 = CYLINDRICAL_SURFACE ( 'NONE', #3759, 2.000000000000027978 ) ;
#3600 = ORIENTED_EDGE ( 'NONE', *, *, #838, .T. ) ;
#3601 = DIRECTION ( 'NONE',  ( -1.000000000000000000, -0.000000000000000000, -0.000000000000000000 ) ) ;
#3602 = DIRECTION ( 'NONE',  ( 1.000000000000000000, -0.000000000000000000, -0.000000000000000000 ) ) ;
#3603 = VERTEX_POINT ( 'NONE', #2173 ) ;
#3604 = AXIS2_PLACEMENT_3D ( 'NONE', #1926, #3601, #2388 ) ;
#3605 = CIRCLE ( 'NONE', #1285, 31.00000000000000000 ) ;
#3606 = AXIS2_PLACEMENT_3D ( 'NONE', #2281, #995, #561 ) ;
#3607 = CARTESIAN_POINT ( 'NONE',  ( -8.000000000000000000, 0.000000000000000000, 0.000000000000000000 ) ) ;
#3608 = PLANE ( 'NONE',  #1430 ) ;
#3609 = CYLINDRICAL_SURFACE ( 'NONE', #3910, 2.000000000000066169 ) ;
#3610 = TOROIDAL_SURFACE ( 'NONE', #4313, 7.000000000000000000, 2.000000000000000000 ) ;
#3611 = DIRECTION ( 'NONE',  ( -1.000000000000000000, -0.000000000000000000, -0.000000000000000000 ) ) ;
#3612 = DIRECTION ( 'NONE',  ( -1.000000000000000000, -0.000000000000000000, -0.000000000000000000 ) ) ;
#3613 = EDGE_LOOP ( 'NONE', ( #404, #2862 ) ) ;
#3614 = ORIENTED_EDGE ( 'NONE', *, *, #944, .T. ) ;
#3615 = DIRECTION ( 'NONE',  ( 0.000000000000000000, 0.000000000000000000, -1.000000000000000000 ) ) ;
#3616 = AXIS2_PLACEMENT_3D ( 'NONE', #3337, #1310, #2439 ) ;
#3617 = EDGE_CURVE ( 'NONE', #3640, #1565, #3053, .T. ) ;
#3618 = CYLINDRICAL_SURFACE ( 'NONE', #4582, 70.00000000000001421 ) ;
#3619 = LINE ( 'NONE', #3255, #2349 ) ;
#3620 = DIRECTION ( 'NONE',  ( 0.000000000000000000, 0.000000000000000000, 1.000000000000000000 ) ) ;
#3621 = EDGE_LOOP ( 'NONE', ( #4384, #293, #917, #573, #2016 ) ) ;
#3622 = AXIS2_PLACEMENT_3D ( 'NONE', #5197, #3569, #415 ) ;
#3623 = ADVANCED_FACE ( 'NONE', ( #543 ), #3346, .F. ) ;
#3624 = AXIS2_PLACEMENT_3D ( 'NONE', #1895, #321, #5247 ) ;
#3625 = ORIENTED_EDGE ( 'NONE', *, *, #1265, .T. ) ;
#3626 = CARTESIAN_POINT ( 'NONE',  ( -8.000000000000000000, 32.22656249999982947, -16.04520705486859100 ) ) ;
#3627 = EDGE_CURVE ( 'NONE', #1733, #4398, #5036, .T. ) ;
#3628 = CARTESIAN_POINT ( 'NONE',  ( 32.00000000000000000, -18.00000000000004974, 5.551115123125782702E-14 ) ) ;
#3629 = ORIENTED_EDGE ( 'NONE', *, *, #4134, .F. ) ;
#3630 = FACE_OUTER_BOUND ( 'NONE', #2658, .T. ) ;
#3631 =( GEOMETRIC_REPRESENTATION_CONTEXT ( 3 ) GLOBAL_UNCERTAINTY_ASSIGNED_CONTEXT ( ( #4053 ) ) GLOBAL_UNIT_ASSIGNED_CONTEXT ( ( #4490, #295, #1962 ) ) REPRESENTATION_CONTEXT ( 'NONE', 'WORKASPACE' ) );
#3632 = CARTESIAN_POINT ( 'NONE',  ( 10.00000000000000000, 0.000000000000000000, -33.79999999999999716 ) ) ;
#3633 = ORIENTED_EDGE ( 'NONE', *, *, #4153, .F. ) ;
#3634 = EDGE_CURVE ( 'NONE', #322, #5313, #2978, .T. ) ;
#3635 = CARTESIAN_POINT ( 'NONE',  ( -21.00000000000003197, -70.00000000000001421, 0.000000000000000000 ) ) ;
#3636 = DIRECTION ( 'NONE',  ( 1.000000000000000000, 0.000000000000000000, 0.000000000000000000 ) ) ;
#3637 = CIRCLE ( 'NONE', #4592, 2.000000000000000000 ) ;
#3638 = DIRECTION ( 'NONE',  ( 0.000000000000000000, 0.000000000000000000, -1.000000000000000000 ) ) ;
#3639 = ORIENTED_EDGE ( 'NONE', *, *, #173, .F. ) ;
#3640 = VERTEX_POINT ( 'NONE', #3824 ) ;
#3641 = FACE_BOUND ( 'NONE', #5099, .T. ) ;
#3642 = CARTESIAN_POINT ( 'NONE',  ( -8.000000000000000000, 0.000000000000000000, 0.000000000000000000 ) ) ;
#3643 = PLANE ( 'NONE',  #3819 ) ;
#3644 = AXIS2_PLACEMENT_3D ( 'NONE', #1331, #2506, #3775 ) ;
#3645 = CARTESIAN_POINT ( 'NONE',  ( 32.00000000000000000, -18.00000000000004974, -2.000000000000002220 ) ) ;
#3646 = ORIENTED_EDGE ( 'NONE', *, *, #3319, .F. ) ;
#3647 = EDGE_LOOP ( 'NONE', ( #4372, #4268, #4451, #3037 ) ) ;
#3648 = ADVANCED_FACE ( 'NONE', ( #3005 ), #922, .F. ) ;
#3649 = ORIENTED_EDGE ( 'NONE', *, *, #1738, .T. ) ;
#3650 = ORIENTED_EDGE ( 'NONE', *, *, #3935, .T. ) ;
#3651 = DIRECTION ( 'NONE',  ( 0.000000000000000000, 0.000000000000000000, 1.000000000000000000 ) ) ;
#3652 = EDGE_CURVE ( 'NONE', #2499, #4085, #231, .T. ) ;
#3653 = ORIENTED_EDGE ( 'NONE', *, *, #2486, .T. ) ;
#3654 = CYLINDRICAL_SURFACE ( 'NONE', #3816, 1.999999999999982681 ) ;
#3655 = CARTESIAN_POINT ( 'NONE',  ( 6.999999999999999112, 18.50000000000000000, 2.049999999999997158 ) ) ;
#3656 = EDGE_CURVE ( 'NONE', #1319, #5129, #3220, .T. ) ;
#3657 = CARTESIAN_POINT ( 'NONE',  ( 32.00000000000000000, 22.00000000000000000, -1.942890293094023946E-13 ) ) ;
#3658 = ORIENTED_EDGE ( 'NONE', *, *, #4391, .F. ) ;
#3659 = CARTESIAN_POINT ( 'NONE',  ( -18.00000000000001421, 0.000000000000000000, -5.500000000000000000 ) ) ;
#3660 = DIRECTION ( 'NONE',  ( -1.000000000000000000, -0.000000000000000000, -0.000000000000000000 ) ) ;
#3661 = EDGE_CURVE ( 'NONE', #2261, #520, #3764, .T. ) ;
#3662 = CARTESIAN_POINT ( 'NONE',  ( 32.00000000000000000, 14.84924240491741720, -14.84924240491769609 ) ) ;
#3663 = ORIENTED_EDGE ( 'NONE', *, *, #4367, .T. ) ;
#3664 = ORIENTED_EDGE ( 'NONE', *, *, #2028, .T. ) ;
#3665 = FACE_BOUND ( 'NONE', #127, .T. ) ;
#3666 = DIRECTION ( 'NONE',  ( -1.000000000000000000, -0.000000000000000000, 0.000000000000000000 ) ) ;
#3667 = CARTESIAN_POINT ( 'NONE',  ( 6.999999999999999112, 18.50000000000000000, 0.000000000000000000 ) ) ;
#3668 = CARTESIAN_POINT ( 'NONE',  ( 32.00000000000000000, 10.60660171779827898, 8.606601717798081808 ) ) ;
#3669 = ORIENTED_EDGE ( 'NONE', *, *, #2991, .F. ) ;
#3670 = VERTEX_POINT ( 'NONE', #4973 ) ;
#3671 = VERTEX_POINT ( 'NONE', #168 ) ;
#3672 = ORIENTED_EDGE ( 'NONE', *, *, #4331, .F. ) ;
#3673 = CARTESIAN_POINT ( 'NONE',  ( 12.00000000000000000, -12.02081528017120959, 12.02081528017137657 ) ) ;
#3674 = EDGE_CURVE ( 'NONE', #1186, #56, #3431, .T. ) ;
#3675 = ORIENTED_EDGE ( 'NONE', *, *, #4512, .T. ) ;
#3676 = CARTESIAN_POINT ( 'NONE',  ( 12.00000000000000000, -8.326672684688674053E-14, -14.00000000000011369 ) ) ;
#3677 = FACE_OUTER_BOUND ( 'NONE', #1502, .T. ) ;
#3678 = DIRECTION ( 'NONE',  ( -1.000000000000000000, 0.000000000000000000, 0.000000000000000000 ) ) ;
#3679 = ORIENTED_EDGE ( 'NONE', *, *, #3730, .F. ) ;
#3680 = CIRCLE ( 'NONE', #3419, 5.000000000000000888 ) ;
#3681 = EDGE_CURVE ( 'NONE', #4803, #2160, #2017, .T. ) ;
#3682 = DIRECTION ( 'NONE',  ( 0.000000000000000000, 0.000000000000000000, -1.000000000000000000 ) ) ;
#3683 = LINE ( 'NONE', #4106, #1987 ) ;
#3684 = VECTOR ( 'NONE', #1916, 1000.000000000000000 ) ;
#3686 = CARTESIAN_POINT ( 'NONE',  ( 12.00000000000000000, 0.000000000000000000, 0.000000000000000000 ) ) ;
#3685 = AXIS2_PLACEMENT_3D ( 'NONE', #4504, #761, #5260 ) ;
#3687 = ORIENTED_EDGE ( 'NONE', *, *, #4075, .F. ) ;
#3688 = ORIENTED_EDGE ( 'NONE', *, *, #3959, .T. ) ;
#3689 = FACE_BOUND ( 'NONE', #2616, .T. ) ;
#3690 = ADVANCED_FACE ( 'NONE', ( #4694 ), #597, .F. ) ;
#3691 = CARTESIAN_POINT ( 'NONE',  ( 32.00000000000000000, 56.04587155963274370, -25.32015562987615098 ) ) ;
#3692 = AXIS2_PLACEMENT_3D ( 'NONE', #3800, #4529, #841 ) ;
#3693 = PLANE ( 'NONE',  #376 ) ;
#3694 = AXIS2_PLACEMENT_3D ( 'NONE', #479, #4572, #1530 ) ;
#3695 = LINE ( 'NONE', #1595, #791 ) ;
#3696 = VERTEX_POINT ( 'NONE', #4286 ) ;
#3697 = CIRCLE ( 'NONE', #522, 2.000000000000011990 ) ;
#3698 = EDGE_CURVE ( 'NONE', #3842, #2499, #3395, .T. ) ;
#3699 = ORIENTED_EDGE ( 'NONE', *, *, #5249, .T. ) ;
#3700 = AXIS2_PLACEMENT_3D ( 'NONE', #371, #4469, #1138 ) ;
#3701 = DIRECTION ( 'NONE',  ( -1.000000000000000000, -0.000000000000000000, -0.000000000000000000 ) ) ;
#3702 = VECTOR ( 'NONE', #1666, 1000.000000000000000 ) ;
#3703 = VERTEX_POINT ( 'NONE', #5067 ) ;
#3704 = DIRECTION ( 'NONE',  ( 1.000000000000000000, 0.000000000000000000, 0.000000000000000000 ) ) ;
#3705 = DIRECTION ( 'NONE',  ( 1.000000000000000000, 0.000000000000000000, 0.000000000000000000 ) ) ;
#3706 = EDGE_CURVE ( 'NONE', #1603, #2000, #2200, .T. ) ;
#3707 = CIRCLE ( 'NONE', #3113, 15.50000000000000888 ) ;
#3708 = PLANE ( 'NONE',  #863 ) ;
#3709 = EDGE_LOOP ( 'NONE', ( #3639, #2089, #2660, #3456 ) ) ;
#3710 = DIRECTION ( 'NONE',  ( 0.000000000000000000, 0.000000000000000000, 1.000000000000000000 ) ) ;
#3711 = LINE ( 'NONE', #4373, #8 ) ;
#3712 = PRESENTATION_LAYER_ASSIGNMENT (  '', '', ( #891 ) ) ;
#3713 = ADVANCED_FACE ( 'NONE', ( #1657 ), #3575, .T. ) ;
#3714 = VERTEX_POINT ( 'NONE', #4199 ) ;
#3715 = ORIENTED_EDGE ( 'NONE', *, *, #4813, .T. ) ;
#3716 = CIRCLE ( 'NONE', #5017, 5.000000000000000888 ) ;
#3717 = DIRECTION ( 'NONE',  ( 0.000000000000000000, 0.000000000000000000, -1.000000000000000000 ) ) ;
#3718 = DIRECTION ( 'NONE',  ( 0.000000000000000000, 0.000000000000000000, 1.000000000000000000 ) ) ;
#3719 = ORIENTED_EDGE ( 'NONE', *, *, #344, .T. ) ;
#3720 = CYLINDRICAL_SURFACE ( 'NONE', #4163, 4.999999999999997335 ) ;
#3721 = DIRECTION ( 'NONE',  ( 1.000000000000000000, -0.000000000000000000, -0.000000000000000000 ) ) ;
#3722 = ORIENTED_EDGE ( 'NONE', *, *, #3577, .T. ) ;
#3723 = ORIENTED_EDGE ( 'NONE', *, *, #4920, .T. ) ;
#3724 = EDGE_CURVE ( 'NONE', #428, #5052, #4948, .T. ) ;
#3725 = VERTEX_POINT ( 'NONE', #3297 ) ;
#3726 = CIRCLE ( 'NONE', #4770, 2.000000000000002220 ) ;
#3727 = LINE ( 'NONE', #75, #3530 ) ;
#3728 = ORIENTED_EDGE ( 'NONE', *, *, #1001, .F. ) ;
#3729 = AXIS2_PLACEMENT_3D ( 'NONE', #4297, #1384, #4779 ) ;
#3730 = EDGE_CURVE ( 'NONE', #2774, #2487, #3527, .T. ) ;
#3731 = DIRECTION ( 'NONE',  ( 1.000000000000000000, 0.000000000000000000, 0.000000000000000000 ) ) ;
#3732 = VERTEX_POINT ( 'NONE', #2981 ) ;
#3733 = DIRECTION ( 'NONE',  ( 0.000000000000000000, 0.000000000000000000, 1.000000000000000000 ) ) ;
#3734 = DIRECTION ( 'NONE',  ( 0.000000000000000000, 0.000000000000000000, -1.000000000000000000 ) ) ;
#3735 = DIRECTION ( 'NONE',  ( -1.000000000000000000, -0.000000000000000000, -0.000000000000000000 ) ) ;
#3736 = ORIENTED_EDGE ( 'NONE', *, *, #4547, .F. ) ;
#3737 = DIRECTION ( 'NONE',  ( -1.000000000000000000, 0.000000000000000000, -0.000000000000000000 ) ) ;
#3738 = DIRECTION ( 'NONE',  ( 0.000000000000000000, 0.000000000000000000, 1.000000000000000000 ) ) ;
#3739 = AXIS2_PLACEMENT_3D ( 'NONE', #4195, #1766, #483 ) ;
#3740 = DIRECTION ( 'NONE',  ( 1.000000000000000000, -0.000000000000000000, -0.000000000000000000 ) ) ;
#3741 = VERTEX_POINT ( 'NONE', #4950 ) ;
#3742 = ORIENTED_EDGE ( 'NONE', *, *, #4781, .F. ) ;
#3743 = ORIENTED_EDGE ( 'NONE', *, *, #1005, .T. ) ;
#3744 = DIRECTION ( 'NONE',  ( -1.000000000000000000, -0.000000000000000000, -0.000000000000000000 ) ) ;
#3745 = CARTESIAN_POINT ( 'NONE',  ( 32.00000000000000000, 22.43818669639379237, 49.66666666666665009 ) ) ;
#3746 = CIRCLE ( 'NONE', #4790, 2.000000000000000000 ) ;
#3747 = EDGE_CURVE ( 'NONE', #2363, #3062, #1217, .T. ) ;
#3748 = DIRECTION ( 'NONE',  ( -1.000000000000000000, 0.000000000000000000, -0.000000000000000000 ) ) ;
#3749 = ORIENTED_EDGE ( 'NONE', *, *, #5148, .F. ) ;
#3750 = ORIENTED_EDGE ( 'NONE', *, *, #2254, .F. ) ;
#3751 = ORIENTED_EDGE ( 'NONE', *, *, #749, .F. ) ;
#3752 = AXIS2_PLACEMENT_3D ( 'NONE', #3348, #4527, #405 ) ;
#3753 = ORIENTED_EDGE ( 'NONE', *, *, #1550, .F. ) ;
#3754 = CARTESIAN_POINT ( 'NONE',  ( 32.00000000000000000, 13.99999999999999822, -8.326672684688674053E-14 ) ) ;
#3755 = EDGE_CURVE ( 'NONE', #3772, #2961, #1711, .T. ) ;
#3756 = CARTESIAN_POINT ( 'NONE',  ( 30.00000000000000000, -32.22656249999993605, 16.04520705486836718 ) ) ;
#3757 = AXIS2_PLACEMENT_3D ( 'NONE', #3378, #1791, #572 ) ;
#3758 = EDGE_LOOP ( 'NONE', ( #4252, #4708, #184, #2080 ) ) ;
#3759 = AXIS2_PLACEMENT_3D ( 'NONE', #5255, #757, #3117 ) ;
#3760 = DIRECTION ( 'NONE',  ( 0.000000000000000000, 0.000000000000000000, -1.000000000000000000 ) ) ;
#3761 = EDGE_CURVE ( 'NONE', #1694, #5018, #4203, .T. ) ;
#3762 = EDGE_CURVE ( 'NONE', #1592, #4836, #3680, .T. ) ;
#3763 = CARTESIAN_POINT ( 'NONE',  ( -8.000000000000000000, -12.47960548711975548, 35.73177083333332860 ) ) ;
#3764 = LINE ( 'NONE', #2609, #4364 ) ;
#3765 = VERTEX_POINT ( 'NONE', #4636 ) ;
#3766 = DIRECTION ( 'NONE',  ( -1.000000000000000000, 0.000000000000000000, 0.000000000000000000 ) ) ;
#3767 = DIRECTION ( 'NONE',  ( 0.000000000000000000, 0.000000000000000000, -1.000000000000000000 ) ) ;
#3768 = CIRCLE ( 'NONE', #4197, 2.000000000000032863 ) ;
#3769 = DIRECTION ( 'NONE',  ( -1.000000000000000000, -0.000000000000000000, -0.000000000000000000 ) ) ;
#3770 = EDGE_LOOP ( 'NONE', ( #1388, #684, #4983, #1787 ) ) ;
#3771 = EDGE_LOOP ( 'NONE', ( #2470, #4417, #299, #298 ) ) ;
#3772 = VERTEX_POINT ( 'NONE', #3405 ) ;
#3773 = ORIENTED_EDGE ( 'NONE', *, *, #5038, .T. ) ;
#3774 = DIRECTION ( 'NONE',  ( 0.000000000000000000, -0.07407407407408403421, -0.9972527420619445859 ) ) ;
#3775 = DIRECTION ( 'NONE',  ( 0.000000000000000000, 0.000000000000000000, 1.000000000000000000 ) ) ;
#3776 = DIRECTION ( 'NONE',  ( -1.000000000000000000, 0.000000000000000000, -0.000000000000000000 ) ) ;
#3777 = ORIENTED_EDGE ( 'NONE', *, *, #3463, .T. ) ;
#3778 = AXIS2_PLACEMENT_3D ( 'NONE', #2623, #4649, #3870 ) ;
#3779 = LINE ( 'NONE', #2992, #5192 ) ;
#3780 = ORIENTED_EDGE ( 'NONE', *, *, #2926, .T. ) ;
#3781 = ADVANCED_FACE ( 'NONE', ( #461 ), #58, .F. ) ;
#3782 = ORIENTED_EDGE ( 'NONE', *, *, #1107, .F. ) ;
#3783 = DIRECTION ( 'NONE',  ( 1.000000000000000000, 0.000000000000000000, 0.000000000000000000 ) ) ;
#3784 = AXIS2_PLACEMENT_3D ( 'NONE', #601, #2234, #3466 ) ;
#3785 = CIRCLE ( 'NONE', #4902, 2.000000000000102585 ) ;
#3786 = CARTESIAN_POINT ( 'NONE',  ( 12.00000000000000000, -18.00000000000004974, 5.551115123125782702E-14 ) ) ;
#3787 = ORIENTED_EDGE ( 'NONE', *, *, #583, .F. ) ;
#3788 = AXIS2_PLACEMENT_3D ( 'NONE', #1845, #245, #3400 ) ;
#3789 = EDGE_CURVE ( 'NONE', #526, #994, #5082, .T. ) ;
#3790 = VERTEX_POINT ( 'NONE', #85 ) ;
#3791 = CARTESIAN_POINT ( 'NONE',  ( 30.76808948113018971, -69.06824644040059979, 1.770866965215087019 ) ) ;
#3792 = AXIS2_PLACEMENT_3D ( 'NONE', #1968, #4767, #1543 ) ;
#3793 = DIRECTION ( 'NONE',  ( -1.000000000000000000, -0.000000000000000000, -0.000000000000000000 ) ) ;
#3794 = APPLICATION_PROTOCOL_DEFINITION ( 'draft international standard', 'automotive_design', 1998, #4014 ) ;
#3795 = EDGE_CURVE ( 'NONE', #2993, #3714, #1795, .T. ) ;
#3796 = CARTESIAN_POINT ( 'NONE',  ( -8.000000000000000000, 49.66666666666641561, -17.43818669639430752 ) ) ;
#3797 = ORIENTED_EDGE ( 'NONE', *, *, #2271, .F. ) ;
#3798 = CARTESIAN_POINT ( 'NONE',  ( 32.00000000000000000, 1.738998454789241944E-15, -62.20000000000000284 ) ) ;
#3799 = AXIS2_PLACEMENT_3D ( 'NONE', #689, #5266, #3205 ) ;
#3800 = CARTESIAN_POINT ( 'NONE',  ( 30.00000000000000000, 48.00000000000000000, -5.027733127934112032E-13 ) ) ;
#3801 = CIRCLE ( 'NONE', #5005, 3.149999999999999911 ) ;
#3802 = EDGE_CURVE ( 'NONE', #1566, #2910, #3876, .T. ) ;
#3803 = CARTESIAN_POINT ( 'NONE',  ( 12.00000000000000000, 9.192388155425030405, -9.192388155425224028 ) ) ;
#3804 = ORIENTED_EDGE ( 'NONE', *, *, #4367, .F. ) ;
#3805 = ORIENTED_EDGE ( 'NONE', *, *, #2178, .T. ) ;
#3806 = ORIENTED_EDGE ( 'NONE', *, *, #4552, .T. ) ;
#3807 = DIRECTION ( 'NONE',  ( 1.000000000000000000, 0.000000000000000000, 0.000000000000000000 ) ) ;
#3808 = AXIS2_PLACEMENT_3D ( 'NONE', #3662, #39, #1268 ) ;
#3809 = DIRECTION ( 'NONE',  ( -1.000000000000000000, -0.000000000000000000, -0.000000000000000000 ) ) ;
#3810 = CARTESIAN_POINT ( 'NONE',  ( 32.00000000000000000, 14.84924240491741720, -12.84924240491772096 ) ) ;
#3811 = DIRECTION ( 'NONE',  ( 0.000000000000000000, 0.000000000000000000, 1.000000000000000000 ) ) ;
#3812 = CARTESIAN_POINT ( 'NONE',  ( 12.00000000000000000, -12.02081528017120959, 12.02081528017137657 ) ) ;
#3813 = VERTEX_POINT ( 'NONE', #432 ) ;
#3814 = ORIENTED_EDGE ( 'NONE', *, *, #2962, .F. ) ;
#3815 = PLANE ( 'NONE',  #695 ) ;
#3816 = AXIS2_PLACEMENT_3D ( 'NONE', #4522, #4119, #2599 ) ;
#3817 = CARTESIAN_POINT ( 'NONE',  ( 30.28959444748547014, -69.94202898569643878, -2.848259356870838754 ) ) ;
#3818 = ORIENTED_EDGE ( 'NONE', *, *, #373, .T. ) ;
#3819 = AXIS2_PLACEMENT_3D ( 'NONE', #3667, #2814, #1232 ) ;
#3820 = ORIENTED_EDGE ( 'NONE', *, *, #223, .F. ) ;
#3821 = DIRECTION ( 'NONE',  ( 0.000000000000000000, 0.4457001959685623071, 0.8951822916666667407 ) ) ;
#3822 = DIRECTION ( 'NONE',  ( 0.000000000000000000, 0.000000000000000000, 1.000000000000000000 ) ) ;
#3823 = EDGE_CURVE ( 'NONE', #4099, #3671, #901, .T. ) ;
#3824 = CARTESIAN_POINT ( 'NONE',  ( 12.00000000000000000, 1.112672318223451243E-13, 26.00000000000005329 ) ) ;
#3825 = VERTEX_POINT ( 'NONE', #2552 ) ;
#3826 = DIRECTION ( 'NONE',  ( 1.000000000000000000, 0.000000000000000000, 0.000000000000000000 ) ) ;
#3827 = ORIENTED_EDGE ( 'NONE', *, *, #810, .F. ) ;
#3828 = CARTESIAN_POINT ( 'NONE',  ( 30.00000000000000000, 22.43818669639379237, -49.66666666666665009 ) ) ;
#3829 = CIRCLE ( 'NONE', #2360, 2.000000000000000444 ) ;
#3830 = ADVANCED_FACE ( 'NONE', ( #2583 ), #270, .T. ) ;
#3831 = DIRECTION ( 'NONE',  ( 1.000000000000000000, -0.000000000000000000, -0.000000000000000000 ) ) ;
#3832 = VERTEX_POINT ( 'NONE', #4125 ) ;
#3833 = VERTEX_POINT ( 'NONE', #2063 ) ;
#3834 = ORIENTED_EDGE ( 'NONE', *, *, #4599, .F. ) ;
#3835 = ORIENTED_EDGE ( 'NONE', *, *, #4717, .T. ) ;
#3836 = CARTESIAN_POINT ( 'NONE',  ( 30.92035647689599287, -68.89996154464023448, 1.670929862762093432 ) ) ;
#3837 = LINE ( 'NONE', #1753, #5029 ) ;
#3838 = EDGE_CURVE ( 'NONE', #5154, #4917, #3711, .T. ) ;
#3839 = CARTESIAN_POINT ( 'NONE',  ( 6.999999999999999112, -2.168404344971008868E-15, -16.44999999999999929 ) ) ;
#3840 = AXIS2_PLACEMENT_3D ( 'NONE', #3635, #3974, #4407 ) ;
#3841 = FACE_OUTER_BOUND ( 'NONE', #1896, .T. ) ;
#3842 = VERTEX_POINT ( 'NONE', #2667 ) ;
#3843 = DIRECTION ( 'NONE',  ( 0.000000000000000000, 0.000000000000000000, -1.000000000000000000 ) ) ;
#3844 = FACE_OUTER_BOUND ( 'NONE', #5233, .T. ) ;
#3845 = DIRECTION ( 'NONE',  ( -1.000000000000000000, -0.000000000000000000, -0.000000000000000000 ) ) ;
#3846 = CARTESIAN_POINT ( 'NONE',  ( 30.00000000000000000, -69.97142857142860350, -2.126321353182256679 ) ) ;
#3847 = ORIENTED_EDGE ( 'NONE', *, *, #2777, .F. ) ;
#3848 = EDGE_LOOP ( 'NONE', ( #5316, #4404, #2745, #4563 ) ) ;
#3849 = FACE_OUTER_BOUND ( 'NONE', #4279, .T. ) ;
#3850 = CARTESIAN_POINT ( 'NONE',  ( 32.00000000000000000, 17.45192298608404968, -49.29629629629628340 ) ) ;
#3851 = CARTESIAN_POINT ( 'NONE',  ( 30.00000000000000000, 8.327598234202002696E-15, 68.00000000000001421 ) ) ;
#3852 = EDGE_LOOP ( 'NONE', ( #2893, #472 ) ) ;
#3853 = EDGE_CURVE ( 'NONE', #3408, #1772, #3254, .T. ) ;
#3854 = DIRECTION ( 'NONE',  ( 0.000000000000000000, 0.000000000000000000, -1.000000000000000000 ) ) ;
#3855 = ORIENTED_EDGE ( 'NONE', *, *, #3935, .F. ) ;
#3856 = DIRECTION ( 'NONE',  ( 0.000000000000000000, 0.000000000000000000, -1.000000000000000000 ) ) ;
#3857 = CARTESIAN_POINT ( 'NONE',  ( 6.999999999999999112, 18.50000000000000000, -2.050000000000004263 ) ) ;
#3858 = EDGE_LOOP ( 'NONE', ( #776, #3919, #656, #4895 ) ) ;
#3859 = ORIENTED_EDGE ( 'NONE', *, *, #4257, .T. ) ;
#3860 = EDGE_CURVE ( 'NONE', #2073, #631, #1544, .T. ) ;
#3861 = ORIENTED_EDGE ( 'NONE', *, *, #380, .F. ) ;
#3862 = DIRECTION ( 'NONE',  ( 0.000000000000000000, 0.000000000000000000, -1.000000000000000000 ) ) ;
#3863 = CYLINDRICAL_SURFACE ( 'NONE', #462, 2.000000000000102585 ) ;
#3864 = CIRCLE ( 'NONE', #3080, 1.999999999999998446 ) ;
#3865 = CARTESIAN_POINT ( 'NONE',  ( 12.00000000000000000, 14.84924240491741720, -12.84924240491772096 ) ) ;
#3866 = CIRCLE ( 'NONE', #1696, 5.000000000000004441 ) ;
#3867 = CARTESIAN_POINT ( 'NONE',  ( 30.00000000000000000, 54.22324159021378875, -24.49673593459562326 ) ) ;
#3868 = ORIENTED_EDGE ( 'NONE', *, *, #2918, .T. ) ;
#3869 = EDGE_CURVE ( 'NONE', #3670, #2500, #2400, .T. ) ;
#3870 = DIRECTION ( 'NONE',  ( 0.000000000000000000, 0.000000000000000000, 1.000000000000000000 ) ) ;
#3871 = CARTESIAN_POINT ( 'NONE',  ( 32.00000000000000000, -67.96428571428572241, 2.203603264414638829 ) ) ;
#3872 = DIRECTION ( 'NONE',  ( 0.000000000000000000, 0.000000000000000000, 1.000000000000000000 ) ) ;
#3873 = AXIS2_PLACEMENT_3D ( 'NONE', #1853, #1119, #3920 ) ;
#3874 = CARTESIAN_POINT ( 'NONE',  ( 31.65996427138007618, -69.07302228406092581, -2.627020791169329961 ) ) ;
#3875 = VERTEX_POINT ( 'NONE', #681 ) ;
#3876 = CIRCLE ( 'NONE', #3178, 2.000000000000000000 ) ;
#3877 = ADVANCED_FACE ( 'NONE', ( #5151 ), #4290, .F. ) ;
#3878 = ORIENTED_EDGE ( 'NONE', *, *, #3372, .F. ) ;
#3879 = CARTESIAN_POINT ( 'NONE',  ( 29.99999999999999645, -69.29523809523811906, 1.871713294710593001 ) ) ;
#3880 = AXIS2_PLACEMENT_3D ( 'NONE', #1823, #2723, #3887 ) ;
#3881 = TOROIDAL_SURFACE ( 'NONE', #1541, 7.000000000000000000, 2.000000000000000000 ) ;
#3882 = CARTESIAN_POINT ( 'NONE',  ( 32.00000000000000000, -18.00000000000004974, 2.000000000000113243 ) ) ;
#3883 = CIRCLE ( 'NONE', #1545, 2.049999999999999822 ) ;
#3884 = AXIS2_PLACEMENT_3D ( 'NONE', #4167, #4228, #541 ) ;
#3885 = DIRECTION ( 'NONE',  ( -1.000000000000000000, 0.000000000000000000, 0.000000000000000000 ) ) ;
#3886 = ORIENTED_EDGE ( 'NONE', *, *, #4729, .T. ) ;
#3887 = DIRECTION ( 'NONE',  ( 0.000000000000000000, 0.000000000000000000, 1.000000000000000000 ) ) ;
#3888 = ADVANCED_FACE ( 'NONE', ( #3038 ), #1065, .F. ) ;
#3889 = DIRECTION ( 'NONE',  ( 0.000000000000000000, 0.000000000000000000, 1.000000000000000000 ) ) ;
#3890 = ORIENTED_EDGE ( 'NONE', *, *, #4263, .F. ) ;
#3891 = VERTEX_POINT ( 'NONE', #632 ) ;
#3892 = DIRECTION ( 'NONE',  ( 0.000000000000000000, 0.000000000000000000, -1.000000000000000000 ) ) ;
#3893 = TOROIDAL_SURFACE ( 'NONE', #23, 28.99999999999999645, 2.000000000000000000 ) ;
#3894 = CARTESIAN_POINT ( 'NONE',  ( 31.15727698377762067, -69.62962130589833976, 2.042311549252291858 ) ) ;
#3895 = CARTESIAN_POINT ( 'NONE',  ( -8.000000000000000000, 49.29629629629609866, -17.45192298608456483 ) ) ;
#3896 = DIRECTION ( 'NONE',  ( 0.000000000000000000, 0.000000000000000000, -1.000000000000000000 ) ) ;
#3897 = EDGE_CURVE ( 'NONE', #3161, #3090, #3916, .T. ) ;
#3898 = DIRECTION ( 'NONE',  ( 1.000000000000000000, -0.000000000000000000, -0.000000000000000000 ) ) ;
#3899 = ORIENTED_EDGE ( 'NONE', *, *, #2648, .T. ) ;
#3900 = CIRCLE ( 'NONE', #2259, 3.150000000000000355 ) ;
#3901 = AXIS2_PLACEMENT_3D ( 'NONE', #1914, #2374, #3947 ) ;
#3902 = CARTESIAN_POINT ( 'NONE',  ( 32.00000000000000000, 22.43818669639379237, -56.66666666666665009 ) ) ;
#3903 = CARTESIAN_POINT ( 'NONE',  ( 10.00000000000000000, 48.00000000000000000, 8.673617379884035472E-15 ) ) ;
#3904 = FACE_BOUND ( 'NONE', #4238, .T. ) ;
#3905 = CARTESIAN_POINT ( 'NONE',  ( 30.95238731867339510, -69.74154023871298591, -2.072543390209592662 ) ) ;
#3906 = AXIS2_PLACEMENT_3D ( 'NONE', #4912, #1569, #5315 ) ;
#3907 = EDGE_CURVE ( 'NONE', #2693, #4917, #86, .T. ) ;
#3908 = VERTEX_POINT ( 'NONE', #3521 ) ;
#3909 = VERTEX_POINT ( 'NONE', #4348 ) ;
#3910 = AXIS2_PLACEMENT_3D ( 'NONE', #2394, #3177, #1561 ) ;
#3911 = CARTESIAN_POINT ( 'NONE',  ( 30.57247015942914103, -69.18391998976329660, 1.827059911773094347 ) ) ;
#3912 = FACE_OUTER_BOUND ( 'NONE', #3155, .T. ) ;
#3913 = EDGE_CURVE ( 'NONE', #2183, #3008, #3063, .T. ) ;
#3914 = CIRCLE ( 'NONE', #3729, 5.000000000000004441 ) ;
#3915 = LINE ( 'NONE', #2582, #487 ) ;
#3916 = LINE ( 'NONE', #1455, #346 ) ;
#3917 = CARTESIAN_POINT ( 'NONE',  ( 32.00000000000000000, 0.000000000000000000, -33.79999999999999716 ) ) ;
#3918 = ORIENTED_EDGE ( 'NONE', *, *, #3414, .F. ) ;
#3919 = ORIENTED_EDGE ( 'NONE', *, *, #2718, .T. ) ;
#3920 = DIRECTION ( 'NONE',  ( 0.000000000000000000, 9.912705577010326536E-16, -1.000000000000000000 ) ) ;
#3921 = DIRECTION ( 'NONE',  ( 0.000000000000000000, 0.000000000000000000, -1.000000000000000000 ) ) ;
#3922 = DIRECTION ( 'NONE',  ( 1.000000000000000000, 0.000000000000000000, 0.000000000000000000 ) ) ;
#3923 = LINE ( 'NONE', #4758, #2227 ) ;
#3924 = DIRECTION ( 'NONE',  ( 0.000000000000000000, -0.07407407407407361200, 0.9972527420619452521 ) ) ;
#3925 = ORIENTED_EDGE ( 'NONE', *, *, #2933, .T. ) ;
#3926 = CARTESIAN_POINT ( 'NONE',  ( 32.00000000000000000, -49.29629629629622656, 17.45192298608422377 ) ) ;
#3927 = EDGE_CURVE ( 'NONE', #1582, #2246, #2663, .T. ) ;
#3928 = LINE ( 'NONE', #4710, #199 ) ;
#3929 = DIRECTION ( 'NONE',  ( 1.000000000000000000, -0.000000000000000000, -0.000000000000000000 ) ) ;
#3930 = CARTESIAN_POINT ( 'NONE',  ( 30.98286891073897920, -68.78601287584331203, -1.591999005585940319 ) ) ;
#3931 = ORIENTED_EDGE ( 'NONE', *, *, #2971, .T. ) ;
#3932 = ADVANCED_FACE ( 'NONE', ( #2289 ), #225, .T. ) ;
#3933 = DIRECTION ( 'NONE',  ( 0.000000000000000000, 0.9113149847094814682, 0.4117098476402497598 ) ) ;
#3934 = CARTESIAN_POINT ( 'NONE',  ( 32.00000000000000000, 37.13385416666654493, -11.05336486002074103 ) ) ;
#3935 = EDGE_CURVE ( 'NONE', #2871, #813, #515, .T. ) ;
#3936 = CARTESIAN_POINT ( 'NONE',  ( 12.00000000000000000, 1.110223024625156540E-13, 21.99999999999998934 ) ) ;
#3937 = ORIENTED_EDGE ( 'NONE', *, *, #2673, .T. ) ;
#3938 = DIRECTION ( 'NONE',  ( -1.000000000000000000, -0.000000000000000000, -0.000000000000000000 ) ) ;
#3939 = TOROIDAL_SURFACE ( 'NONE', #842, 7.000000000000000000, 2.000000000000000000 ) ;
#3940 = CARTESIAN_POINT ( 'NONE',  ( 12.00000000000000000, 6.938893903907228378E-14, 15.99999999999995914 ) ) ;
#3941 = VERTEX_POINT ( 'NONE', #3091 ) ;
#3942 = VERTEX_POINT ( 'NONE', #3119 ) ;
#3943 = DIRECTION ( 'NONE',  ( -1.000000000000000000, 0.000000000000000000, 0.000000000000000000 ) ) ;
#3944 = CARTESIAN_POINT ( 'NONE',  ( 29.99999999999999645, -69.29523809523811906, 1.871713294710591446 ) ) ;
#3945 = CARTESIAN_POINT ( 'NONE',  ( -8.000000000000000000, 16.04520705486825349, 32.22656249999999289 ) ) ;
#3946 = CARTESIAN_POINT ( 'NONE',  ( -8.000000000000000000, -69.29523809523811906, 1.871713294710593223 ) ) ;
#3947 = DIRECTION ( 'NONE',  ( 0.000000000000000000, 0.000000000000000000, 1.000000000000000000 ) ) ;
#3948 = ORIENTED_EDGE ( 'NONE', *, *, #4848, .F. ) ;
#3949 = DIRECTION ( 'NONE',  ( 1.000000000000000000, 0.000000000000000000, 0.000000000000000000 ) ) ;
#3950 = AXIS2_PLACEMENT_3D ( 'NONE', #5232, #5128, #2778 ) ;
#3951 = CARTESIAN_POINT ( 'NONE',  ( 31.75164867889826326, -68.92579142769751854, 2.580900699320600733 ) ) ;
#3952 = CYLINDRICAL_SURFACE ( 'NONE', #2605, 2.000000000000074607 ) ;
#3953 = CYLINDRICAL_SURFACE ( 'NONE', #3622, 17.50000000000000000 ) ;
#3954 = EDGE_LOOP ( 'NONE', ( #2190, #649 ) ) ;
#3955 = EDGE_CURVE ( 'NONE', #631, #2563, #5205, .T. ) ;
#3956 = AXIS2_PLACEMENT_3D ( 'NONE', #4001, #1512, #2756 ) ;
#3957 = VERTEX_POINT ( 'NONE', #1904 ) ;
#3958 = DIRECTION ( 'NONE',  ( 1.000000000000000000, -0.000000000000000000, 0.000000000000000000 ) ) ;
#3959 = EDGE_CURVE ( 'NONE', #1694, #4115, #2483, .T. ) ;
#3960 = CIRCLE ( 'NONE', #2998, 2.000000000000074607 ) ;
#3961 = AXIS2_PLACEMENT_3D ( 'NONE', #2694, #657, #3856 ) ;
#3962 = CIRCLE ( 'NONE', #347, 5.000000000000004441 ) ;
#3963 = LINE ( 'NONE', #1189, #2302 ) ;
#3964 = AXIS2_PLACEMENT_3D ( 'NONE', #3981, #2761, #1444 ) ;
#3965 = ORIENTED_EDGE ( 'NONE', *, *, #879, .F. ) ;
#3966 = DIRECTION ( 'NONE',  ( -1.000000000000000000, 0.000000000000000000, 0.000000000000000000 ) ) ;
#3967 = EDGE_CURVE ( 'NONE', #565, #1839, #1539, .T. ) ;
#3968 = AXIS2_PLACEMENT_3D ( 'NONE', #113, #1737, #3373 ) ;
#3969 = AXIS2_PLACEMENT_3D ( 'NONE', #2256, #2976, #1343 ) ;
#3970 = CARTESIAN_POINT ( 'NONE',  ( 32.00000000000000000, 15.45741750196016007, 49.14814814814813815 ) ) ;
#3971 = ORIENTED_EDGE ( 'NONE', *, *, #1403, .F. ) ;
#3972 = VERTEX_POINT ( 'NONE', #4721 ) ;
#3973 = DIRECTION ( 'NONE',  ( -1.000000000000000000, 0.000000000000000000, -0.000000000000000000 ) ) ;
#3974 = DIRECTION ( 'NONE',  ( 1.000000000000000000, -0.000000000000000000, -0.000000000000000000 ) ) ;
#3975 = CIRCLE ( 'NONE', #3263, 2.000000000000102585 ) ;
#3976 = DIRECTION ( 'NONE',  ( 1.000000000000000000, 0.000000000000000000, 0.000000000000000000 ) ) ;
#3977 = CARTESIAN_POINT ( 'NONE',  ( 0.000000000000000000, -13.81670607502544179, -27.75065104166666430 ) ) ;
#3978 = DIRECTION ( 'NONE',  ( -3.469446951953614189E-15, 0.000000000000000000, -1.000000000000000000 ) ) ;
#3979 = ORIENTED_EDGE ( 'NONE', *, *, #2244, .T. ) ;
#3980 = CIRCLE ( 'NONE', #4831, 4.999999999999999112 ) ;
#3981 = CARTESIAN_POINT ( 'NONE',  ( 30.00000000000000000, -32.22656249999993605, 16.04520705486836718 ) ) ;
#3982 = SURFACE_STYLE_USAGE ( .BOTH. , #2353 ) ;
#3983 = FACE_OUTER_BOUND ( 'NONE', #4865, .T. ) ;
#3984 = CARTESIAN_POINT ( 'NONE',  ( 32.00000000000000000, 10.60660171779827898, 12.60660171779821326 ) ) ;
#3985 = EDGE_LOOP ( 'NONE', ( #1960, #4965, #2443, #2963 ) ) ;
#3986 = CIRCLE ( 'NONE', #27, 17.50000000000000711 ) ;
#3987 = DIRECTION ( 'NONE',  ( 1.000000000000000000, -0.000000000000000000, -0.000000000000000000 ) ) ;
#3988 = CIRCLE ( 'NONE', #812, 5.000000000000004441 ) ;
#3989 = ADVANCED_FACE ( 'NONE', ( #5100 ), #2640, .F. ) ;
#3990 = CARTESIAN_POINT ( 'NONE',  ( 32.00000000000000000, 0.000000000000000000, -48.00000000000000000 ) ) ;
#3991 = VERTEX_POINT ( 'NONE', #3655 ) ;
#3992 = FACE_OUTER_BOUND ( 'NONE', #874, .T. ) ;
#3993 = CIRCLE ( 'NONE', #4685, 6.999999999999999112 ) ;
#3994 = CYLINDRICAL_SURFACE ( 'NONE', #3950, 17.50000000000000000 ) ;
#3995 = VERTEX_POINT ( 'NONE', #759 ) ;
#3996 = ORIENTED_EDGE ( 'NONE', *, *, #402, .F. ) ;
#3997 = AXIS2_PLACEMENT_3D ( 'NONE', #1777, #3922, #640 ) ;
#3998 = CYLINDRICAL_SURFACE ( 'NONE', #4309, 2.000000000000032863 ) ;
#3999 = ADVANCED_FACE ( 'NONE', ( #4846 ), #4870, .F. ) ;
#4000 = DIRECTION ( 'NONE',  ( 1.000000000000000000, 0.000000000000000000, 0.000000000000000000 ) ) ;
#4001 = CARTESIAN_POINT ( 'NONE',  ( 0.000000000000000000, 0.000000000000000000, 0.000000000000000000 ) ) ;
#4002 = CIRCLE ( 'NONE', #1419, 6.999999999999999112 ) ;
#4003 = CYLINDRICAL_SURFACE ( 'NONE', #717, 2.000000000000032863 ) ;
#4004 = EDGE_LOOP ( 'NONE', ( #2547, #4191, #2391, #2059 ) ) ;
#4005 = LINE ( 'NONE', #3926, #2669 ) ;
#4006 = EDGE_CURVE ( 'NONE', #4689, #2601, #4476, .T. ) ;
#4007 = DIRECTION ( 'NONE',  ( 0.000000000000000000, 0.000000000000000000, -1.000000000000000000 ) ) ;
#4008 = DIRECTION ( 'NONE',  ( -1.000000000000000000, -0.000000000000000000, -0.000000000000000000 ) ) ;
#4009 = CARTESIAN_POINT ( 'NONE',  ( -8.000000000000000000, -27.75065104166672114, -13.81670607502532988 ) ) ;
#4010 = EDGE_LOOP ( 'NONE', ( #5070, #1616 ) ) ;
#4011 = ORIENTED_EDGE ( 'NONE', *, *, #3131, .T. ) ;
#4012 = FACE_OUTER_BOUND ( 'NONE', #674, .T. ) ;
#4013 = AXIS2_PLACEMENT_3D ( 'NONE', #4454, #2370, #5211 ) ;
#4014 = APPLICATION_CONTEXT ( 'automotive_design' ) ;
#4015 = AXIS2_PLACEMENT_3D ( 'NONE', #4550, #1321, #1710 ) ;
#4016 = DIRECTION ( 'NONE',  ( -1.000000000000000000, -0.000000000000000000, -0.000000000000000000 ) ) ;
#4017 = ORIENTED_EDGE ( 'NONE', *, *, #4791, .F. ) ;
#4018 = CARTESIAN_POINT ( 'NONE',  ( 10.00000000000000000, 0.000000000000000000, -48.00000000000000000 ) ) ;
#4019 = AXIS2_PLACEMENT_3D ( 'NONE', #655, #170, #5039 ) ;
#4020 = EDGE_CURVE ( 'NONE', #661, #4468, #186, .T. ) ;
#4021 = DIRECTION ( 'NONE',  ( 0.000000000000000000, 0.000000000000000000, -1.000000000000000000 ) ) ;
#4022 = ORIENTED_EDGE ( 'NONE', *, *, #5038, .F. ) ;
#4023 = CARTESIAN_POINT ( 'NONE',  ( 12.00000000000000000, 16.26345596729068177, 14.26345596729047926 ) ) ;
#4024 = CARTESIAN_POINT ( 'NONE',  ( 32.00000000000000000, 0.000000000000000000, 48.00000000000000000 ) ) ;
#4025 = DIRECTION ( 'NONE',  ( 0.000000000000000000, 0.000000000000000000, -1.000000000000000000 ) ) ;
#4026 = CYLINDRICAL_SURFACE ( 'NONE', #1061, 17.50000000000000711 ) ;
#4027 = EDGE_CURVE ( 'NONE', #512, #3381, #1216, .T. ) ;
#4028 = CARTESIAN_POINT ( 'NONE',  ( 30.00000000000000000, -49.29629629629622656, 17.45192298608422377 ) ) ;
#4029 = VERTEX_POINT ( 'NONE', #2854 ) ;
#4030 = ORIENTED_EDGE ( 'NONE', *, *, #2503, .F. ) ;
#4031 = EDGE_LOOP ( 'NONE', ( #885, #2148, #603, #1979 ) ) ;
#4032 = CARTESIAN_POINT ( 'NONE',  ( 30.00000000000000000, 0.000000000000000000, 0.000000000000000000 ) ) ;
#4033 = CARTESIAN_POINT ( 'NONE',  ( -8.000000000000000000, -18.50000000000000000, -2.050000000000000711 ) ) ;
#4034 = CARTESIAN_POINT ( 'NONE',  ( 12.00000000000000000, -17.67766952966364613, 15.67766952966380423 ) ) ;
#4035 = CYLINDRICAL_SURFACE ( 'NONE', #3535, 17.50000000000000711 ) ;
#4036 = ORIENTED_EDGE ( 'NONE', *, *, #2107, .T. ) ;
#4037 = ORIENTED_EDGE ( 'NONE', *, *, #3549, .T. ) ;
#4038 = EDGE_CURVE ( 'NONE', #818, #2376, #4217, .T. ) ;
#4039 = DIRECTION ( 'NONE',  ( -1.000000000000000000, 0.000000000000000000, 0.000000000000000000 ) ) ;
#4040 = CIRCLE ( 'NONE', #3509, 2.000000000000102585 ) ;
#4041 = ADVANCED_FACE ( 'NONE', ( #375 ), #2230, .T. ) ;
#4042 = CARTESIAN_POINT ( 'NONE',  ( 30.00000000000000000, 11.05336486002035556, -37.13385416666665861 ) ) ;
#4043 = VERTEX_POINT ( 'NONE', #2415 ) ;
#4044 = AXIS2_PLACEMENT_3D ( 'NONE', #1800, #686, #4327 ) ;
#4045 = CARTESIAN_POINT ( 'NONE',  ( 32.00000000000000000, 0.000000000000000000, 0.000000000000000000 ) ) ;
#4046 = AXIS2_PLACEMENT_3D ( 'NONE', #4302, #970, #2994 ) ;
#4047 = FACE_OUTER_BOUND ( 'NONE', #2722, .T. ) ;
#4048 = ORIENTED_EDGE ( 'NONE', *, *, #2286, .T. ) ;
#4049 = AXIS2_PLACEMENT_3D ( 'NONE', #5040, #148, #3767 ) ;
#4050 = AXIS2_PLACEMENT_3D ( 'NONE', #2545, #2133, #789 ) ;
#4051 = AXIS2_PLACEMENT_3D ( 'NONE', #2125, #1810, #2598 ) ;
#4052 = DIRECTION ( 'NONE',  ( -1.000000000000000000, 0.000000000000000000, -0.000000000000000000 ) ) ;
#4053 = UNCERTAINTY_MEASURE_WITH_UNIT (LENGTH_MEASURE( 1.000000000000000082E-05 ), #4490, 'distance_accuracy_value', 'NONE');
#4054 = CARTESIAN_POINT ( 'NONE',  ( 12.00000000000000000, 6.938893903907228378E-14, 13.99999999999998401 ) ) ;
#4055 = DIRECTION ( 'NONE',  ( 0.000000000000000000, 0.000000000000000000, -1.000000000000000000 ) ) ;
#4056 = EDGE_CURVE ( 'NONE', #4129, #2856, #5170, .T. ) ;
#4057 = AXIS2_PLACEMENT_3D ( 'NONE', #4, #4604, #4546 ) ;
#4058 = AXIS2_PLACEMENT_3D ( 'NONE', #2884, #17, #5271 ) ;
#4059 = CARTESIAN_POINT ( 'NONE',  ( 6.999999999999999112, 0.000000000000000000, 18.50000000000000000 ) ) ;
#4060 = EDGE_LOOP ( 'NONE', ( #2265, #1459 ) ) ;
#4061 = FACE_BOUND ( 'NONE', #4638, .T. ) ;
#4062 = AXIS2_PLACEMENT_3D ( 'NONE', #5086, #1499, #2815 ) ;
#4063 = DIRECTION ( 'NONE',  ( 1.000000000000000000, 0.000000000000000000, 0.000000000000000000 ) ) ;
#4064 = DIRECTION ( 'NONE',  ( 0.000000000000000000, 0.7010416666666589025, -0.7131203135497073964 ) ) ;
#4065 = EDGE_CURVE ( 'NONE', #254, #3447, #429, .T. ) ;
#4066 = DIRECTION ( 'NONE',  ( 1.000000000000000000, -0.000000000000000000, -0.000000000000000000 ) ) ;
#4067 = CIRCLE ( 'NONE', #883, 1.999999999999982681 ) ;
#4068 = AXIS2_PLACEMENT_3D ( 'NONE', #1153, #3611, #3153 ) ;
#4069 = ORIENTED_EDGE ( 'NONE', *, *, #1676, .T. ) ;
#4070 = EDGE_CURVE ( 'NONE', #4099, #3133, #2916, .T. ) ;
#4071 = DIRECTION ( 'NONE',  ( 0.000000000000000000, 0.000000000000000000, 1.000000000000000000 ) ) ;
#4072 = VECTOR ( 'NONE', #1246, 1000.000000000000000 ) ;
#4073 = AXIS2_PLACEMENT_3D ( 'NONE', #4246, #4707, #3362 ) ;
#4074 = AXIS2_PLACEMENT_3D ( 'NONE', #2759, #3563, #4357 ) ;
#4075 = EDGE_CURVE ( 'NONE', #1000, #133, #4472, .T. ) ;
#4076 = DIRECTION ( 'NONE',  ( 0.000000000000000000, 0.000000000000000000, 1.000000000000000000 ) ) ;
#4077 = CARTESIAN_POINT ( 'NONE',  ( 32.00000000000000000, -49.14814814814818789, -15.45741750196000375 ) ) ;
#4078 = DIRECTION ( 'NONE',  ( 0.000000000000000000, 0.000000000000000000, -1.000000000000000000 ) ) ;
#4079 = VERTEX_POINT ( 'NONE', #4077 ) ;
#4080 = FACE_OUTER_BOUND ( 'NONE', #2622, .T. ) ;
#4081 = DIRECTION ( 'NONE',  ( 0.000000000000000000, 1.586032892321651496E-15, -1.000000000000000000 ) ) ;
#4082 = DIRECTION ( 'NONE',  ( 0.000000000000000000, -1.000000000000000000, 3.491481338843132566E-15 ) ) ;
#4083 = AXIS2_PLACEMENT_3D ( 'NONE', #238, #3452, #4684 ) ;
#4084 = DIRECTION ( 'NONE',  ( 1.000000000000000000, -0.000000000000000000, 0.000000000000000000 ) ) ;
#4085 = VERTEX_POINT ( 'NONE', #4819 ) ;
#4086 = ORIENTED_EDGE ( 'NONE', *, *, #1997, .T. ) ;
#4087 = CYLINDRICAL_SURFACE ( 'NONE', #2476, 2.049999999999999822 ) ;
#4088 = LINE ( 'NONE', #1517, #806 ) ;
#4089 = DIRECTION ( 'NONE',  ( -1.000000000000000000, 0.000000000000000000, 0.000000000000000000 ) ) ;
#4090 = CIRCLE ( 'NONE', #732, 6.999999999999999112 ) ;
#4091 = CARTESIAN_POINT ( 'NONE',  ( 12.00000000000000000, -7.778174593052051833, -7.778174593051994989 ) ) ;
#4092 = EDGE_LOOP ( 'NONE', ( #4549, #739 ) ) ;
#4093 = EDGE_CURVE ( 'NONE', #4145, #2131, #1132, .T. ) ;
#4094 = EDGE_LOOP ( 'NONE', ( #476, #3749, #197, #721 ) ) ;
#4095 = CIRCLE ( 'NONE', #2626, 3.149999999999999911 ) ;
#4096 = ORIENTED_EDGE ( 'NONE', *, *, #3152, .T. ) ;
#4097 = DIRECTION ( 'NONE',  ( 0.000000000000000000, 0.000000000000000000, -1.000000000000000000 ) ) ;
#4098 = ADVANCED_FACE ( 'NONE', ( #3630 ), #2337, .F. ) ;
#4099 = VERTEX_POINT ( 'NONE', #1553 ) ;
#4100 = DIRECTION ( 'NONE',  ( 1.000000000000000000, 0.000000000000000000, 0.000000000000000000 ) ) ;
#4101 = DIRECTION ( 'NONE',  ( 1.000000000000000000, 0.000000000000000000, 0.000000000000000000 ) ) ;
#4102 = ADVANCED_FACE ( 'NONE', ( #3677 ), #1503, .T. ) ;
#4103 = DIRECTION ( 'NONE',  ( 0.000000000000000000, 0.000000000000000000, 1.000000000000000000 ) ) ;
#4104 = ORIENTED_EDGE ( 'NONE', *, *, #913, .F. ) ;
#4105 = DIRECTION ( 'NONE',  ( 0.000000000000000000, 0.000000000000000000, -1.000000000000000000 ) ) ;
#4106 = CARTESIAN_POINT ( 'NONE',  ( 6.999999999999999112, -1.917351751145801499E-15, -20.54999999999999716 ) ) ;
#4107 = CARTESIAN_POINT ( 'NONE',  ( 32.00000000000000000, -17.45192298608404968, -49.29629629629628340 ) ) ;
#4108 = EDGE_LOOP ( 'NONE', ( #2450, #5240, #2574, #4048 ) ) ;
#4109 = ORIENTED_EDGE ( 'NONE', *, *, #2212, .T. ) ;
#4110 = DIRECTION ( 'NONE',  ( -1.000000000000000000, 0.000000000000000000, -0.000000000000000000 ) ) ;
#4111 = CARTESIAN_POINT ( 'NONE',  ( 30.00000000000000000, -49.14814814814808841, 15.45741750196034658 ) ) ;
#4112 = DIRECTION ( 'NONE',  ( 0.000000000000000000, 0.000000000000000000, -1.000000000000000000 ) ) ;
#4113 = CARTESIAN_POINT ( 'NONE',  ( -8.000000000000000000, -18.50000000000000000, 2.050000000000002487 ) ) ;
#4114 = EDGE_LOOP ( 'NONE', ( #1529, #5150, #1716, #484 ) ) ;
#4115 = VERTEX_POINT ( 'NONE', #1114 ) ;
#4116 = DIRECTION ( 'NONE',  ( 0.000000000000000000, 0.000000000000000000, -1.000000000000000000 ) ) ;
#4117 = ADVANCED_FACE ( 'NONE', ( #3195 ), #2747, .F. ) ;
#4118 = EDGE_LOOP ( 'NONE', ( #62, #5071, #4307, #2749 ) ) ;
#4119 = DIRECTION ( 'NONE',  ( 1.000000000000000000, -0.000000000000000000, -0.000000000000000000 ) ) ;
#4120 = DIRECTION ( 'NONE',  ( -1.000000000000000000, 0.000000000000000000, 0.000000000000000000 ) ) ;
#4121 = ADVANCED_FACE ( 'NONE', ( #3992 ), #3576, .F. ) ;
#4122 = CARTESIAN_POINT ( 'NONE',  ( 12.00000000000000000, 10.60660171779827898, 8.606601717798081808 ) ) ;
#4123 = ORIENTED_EDGE ( 'NONE', *, *, #1774, .F. ) ;
#4124 = CARTESIAN_POINT ( 'NONE',  ( 32.00000000000000000, 22.43818669639379237, -49.66666666666665009 ) ) ;
#4125 = CARTESIAN_POINT ( 'NONE',  ( 32.00000000000000000, -56.04587155963309186, -25.32015562987536583 ) ) ;
#4126 = EDGE_CURVE ( 'NONE', #3062, #3148, #4986, .T. ) ;
#4127 = AXIS2_PLACEMENT_3D ( 'NONE', #4625, #3783, #3843 ) ;
#4128 = FACE_OUTER_BOUND ( 'NONE', #4596, .T. ) ;
#4129 = VERTEX_POINT ( 'NONE', #1345 ) ;
#4130 = ORIENTED_EDGE ( 'NONE', *, *, #3319, .T. ) ;
#4131 = DIRECTION ( 'NONE',  ( -1.000000000000000000, -0.000000000000000000, -0.000000000000000000 ) ) ;
#4132 = DIRECTION ( 'NONE',  ( -1.000000000000000000, 0.000000000000000000, 0.000000000000000000 ) ) ;
#4133 = CARTESIAN_POINT ( 'NONE',  ( 32.00000000000000000, 14.84924240491741720, -16.84924240491766767 ) ) ;
#4134 = EDGE_CURVE ( 'NONE', #444, #1586, #3339, .T. ) ;
#4135 = AXIS2_PLACEMENT_3D ( 'NONE', #2324, #1081, #723 ) ;
#4136 = CARTESIAN_POINT ( 'NONE',  ( 32.00000000000000000, -35.73177083333337123, -12.47960548711962758 ) ) ;
#4137 = VERTEX_POINT ( 'NONE', #4971 ) ;
#4138 = AXIS2_PLACEMENT_3D ( 'NONE', #424, #4120, #4926 ) ;
#4139 = AXIS2_PLACEMENT_3D ( 'NONE', #2512, #4964, #2127 ) ;
#4140 = CARTESIAN_POINT ( 'NONE',  ( 10.00000000000000000, 48.00000000000000000, 3.150000000000009237 ) ) ;
#4141 = VERTEX_POINT ( 'NONE', #54 ) ;
#4142 = DIRECTION ( 'NONE',  ( -1.000000000000000000, -0.000000000000000000, -0.000000000000000000 ) ) ;
#4143 = DIRECTION ( 'NONE',  ( 0.000000000000000000, 0.000000000000000000, 1.000000000000000000 ) ) ;
#4144 = CARTESIAN_POINT ( 'NONE',  ( 32.00000000000000000, 49.66666666666688457, 22.43818669639327013 ) ) ;
#4145 = VERTEX_POINT ( 'NONE', #2056 ) ;
#4146 = ADVANCED_FACE ( 'NONE', ( #2517 ), #895, .F. ) ;
#4147 = DIRECTION ( 'NONE',  ( 0.000000000000000000, 0.000000000000000000, -1.000000000000000000 ) ) ;
#4148 = DIRECTION ( 'NONE',  ( -1.000000000000000000, -0.000000000000000000, -0.000000000000000000 ) ) ;
#4149 = CIRCLE ( 'NONE', #4923, 59.49999999999999289 ) ;
#4150 = CARTESIAN_POINT ( 'NONE',  ( 10.00000000000000000, 0.000000000000000000, 48.00000000000000000 ) ) ;
#4151 = ORIENTED_EDGE ( 'NONE', *, *, #4231, .T. ) ;
#4152 = ORIENTED_EDGE ( 'NONE', *, *, #2561, .T. ) ;
#4153 = EDGE_CURVE ( 'NONE', #1054, #5015, #2485, .T. ) ;
#4154 = FACE_OUTER_BOUND ( 'NONE', #3526, .T. ) ;
#4155 = CARTESIAN_POINT ( 'NONE',  ( 32.00000000000000000, 6.938893903907228378E-14, 15.99999999999995914 ) ) ;
#4156 = DIRECTION ( 'NONE',  ( 1.000000000000000000, 0.000000000000000000, 0.000000000000000000 ) ) ;
#4157 = FACE_OUTER_BOUND ( 'NONE', #4809, .T. ) ;
#4158 = VERTEX_POINT ( 'NONE', #946 ) ;
#4159 = EDGE_LOOP ( 'NONE', ( #4752, #3834, #5216, #1080 ) ) ;
#4160 = B_SPLINE_CURVE_WITH_KNOTS ( 'NONE', 3,
 ( #645, #2221, #1893, #2684, #1022, #3538, #3050, #4335, #2299, #3951, #263, #3077, #187, #3871 ),
 .UNSPECIFIED., .F., .F.,
 ( 4, 2, 2, 2, 2, 2, 4 ),
 ( 0.000000000000000000, 0.0003999699819510697915, 0.0007999399639021395831, 0.001599879927804253579, 0.001999849909755317678, 0.002399819891706381995, 0.003199759855608517133 ),
 .UNSPECIFIED. ) ;
#4161 = VERTEX_POINT ( 'NONE', #2578 ) ;
#4162 = EDGE_CURVE ( 'NONE', #2291, #3957, #4400, .T. ) ;
#4163 = AXIS2_PLACEMENT_3D ( 'NONE', #3745, #5187, #3411 ) ;
#4164 = DIRECTION ( 'NONE',  ( 0.000000000000000000, 0.000000000000000000, -1.000000000000000000 ) ) ;
#4165 = EDGE_LOOP ( 'NONE', ( #3672, #4123, #4541, #3588 ) ) ;
#4166 = DIRECTION ( 'NONE',  ( 0.000000000000000000, 0.000000000000000000, -1.000000000000000000 ) ) ;
#4167 = CARTESIAN_POINT ( 'NONE',  ( 30.00000000000000000, 16.04520705486825349, 32.22656249999999289 ) ) ;
#4168 = DIRECTION ( 'NONE',  ( 0.000000000000000000, 1.224646799147349509E-16, 1.000000000000000000 ) ) ;
#4169 = VERTEX_POINT ( 'NONE', #2548 ) ;
#4170 = CARTESIAN_POINT ( 'NONE',  ( 12.00000000000000000, 13.99999999999999822, -8.326672684688674053E-14 ) ) ;
#4171 = DIRECTION ( 'NONE',  ( 0.000000000000000000, 0.7131203135497005130, -0.7010416666666660079 ) ) ;
#4172 = EDGE_CURVE ( 'NONE', #1603, #3765, #4565, .T. ) ;
#4173 = DIRECTION ( 'NONE',  ( 0.000000000000000000, 0.000000000000000000, 1.000000000000000000 ) ) ;
#4174 = ORIENTED_EDGE ( 'NONE', *, *, #5237, .T. ) ;
#4175 = ORIENTED_EDGE ( 'NONE', *, *, #3838, .F. ) ;
#4176 = ORIENTED_EDGE ( 'NONE', *, *, #3927, .T. ) ;
#4177 = LINE ( 'NONE', #153, #1617 ) ;
#4178 = DIRECTION ( 'NONE',  ( 0.000000000000000000, 0.000000000000000000, -1.000000000000000000 ) ) ;
#4179 = ORIENTED_EDGE ( 'NONE', *, *, #1627, .F. ) ;
#4180 = CARTESIAN_POINT ( 'NONE',  ( -8.000000000000000000, 0.000000000000000000, -51.14999999999999858 ) ) ;
#4181 = CARTESIAN_POINT ( 'NONE',  ( 32.00000000000000000, 16.04520705486825349, 32.22656249999999289 ) ) ;
#4182 = ORIENTED_EDGE ( 'NONE', *, *, #2383, .F. ) ;
#4183 = ADVANCED_FACE ( 'NONE', ( #2169 ), #835, .F. ) ;
#4184 = CARTESIAN_POINT ( 'NONE',  ( 12.00000000000000000, -8.302179748705725761E-14, -9.999999999999907629 ) ) ;
#4185 = ORIENTED_EDGE ( 'NONE', *, *, #598, .F. ) ;
#4186 = AXIS2_PLACEMENT_3D ( 'NONE', #2495, #1221, #2857 ) ;
#4187 = EDGE_LOOP ( 'NONE', ( #2883, #4011, #1798, #2387 ) ) ;
#4188 = FACE_OUTER_BOUND ( 'NONE', #1184, .T. ) ;
#4189 = CARTESIAN_POINT ( 'NONE',  ( 12.00000000000000000, -7.778174593052051833, -5.778174593051854657 ) ) ;
#4190 = EDGE_CURVE ( 'NONE', #2246, #1582, #2847, .T. ) ;
#4191 = ORIENTED_EDGE ( 'NONE', *, *, #2795, .T. ) ;
#4192 = CIRCLE ( 'NONE', #499, 5.000000000000000888 ) ;
#4193 = PLANE ( 'NONE',  #3179 ) ;
#4194 = FACE_OUTER_BOUND ( 'NONE', #3848, .T. ) ;
#4195 = CARTESIAN_POINT ( 'NONE',  ( 12.00000000000000000, 1.110223024625156540E-13, 24.00000000000002132 ) ) ;
#4196 = ORIENTED_EDGE ( 'NONE', *, *, #5318, .T. ) ;
#4197 = AXIS2_PLACEMENT_3D ( 'NONE', #1146, #4324, #2290 ) ;
#4198 = CARTESIAN_POINT ( 'NONE',  ( 12.00000000000000000, -1.110223024625156540E-13, -22.00000000000010658 ) ) ;
#4199 = CARTESIAN_POINT ( 'NONE',  ( 30.00000000000000000, 22.43818669639379237, 54.66666666666665009 ) ) ;
#4200 = PLANE ( 'NONE',  #3165 ) ;
#4201 = ORIENTED_EDGE ( 'NONE', *, *, #5286, .T. ) ;
#4202 = ORIENTED_EDGE ( 'NONE', *, *, #4056, .F. ) ;
#4203 = CIRCLE ( 'NONE', #4894, 70.00000000000001421 ) ;
#4204 = ORIENTED_EDGE ( 'NONE', *, *, #3197, .F. ) ;
#4205 = CIRCLE ( 'NONE', #948, 1.999999999999976685 ) ;
#4206 = DIRECTION ( 'NONE',  ( 0.000000000000000000, 0.000000000000000000, 1.000000000000000000 ) ) ;
#4207 = CYLINDRICAL_SURFACE ( 'NONE', #1892, 1.999999999999974021 ) ;
#4208 = CARTESIAN_POINT ( 'NONE',  ( 12.00000000000000000, -13.43502884254452212, -13.43502884254432672 ) ) ;
#4209 = DIRECTION ( 'NONE',  ( 0.000000000000000000, 0.000000000000000000, -1.000000000000000000 ) ) ;
#4210 = ORIENTED_EDGE ( 'NONE', *, *, #4611, .F. ) ;
#4211 = CIRCLE ( 'NONE', #1878, 70.00000000000001421 ) ;
#4212 = CIRCLE ( 'NONE', #1879, 2.000000000000000000 ) ;
#4213 = FACE_OUTER_BOUND ( 'NONE', #4060, .T. ) ;
#4214 = ORIENTED_EDGE ( 'NONE', *, *, #4070, .T. ) ;
#4215 = ORIENTED_EDGE ( 'NONE', *, *, #648, .F. ) ;
#4216 = DIRECTION ( 'NONE',  ( 0.000000000000000000, 0.000000000000000000, -1.000000000000000000 ) ) ;
#4217 = CIRCLE ( 'NONE', #2134, 61.49999999999999289 ) ;
#4218 = EDGE_CURVE ( 'NONE', #2015, #4811, #3697, .T. ) ;
#4219 = AXIS2_PLACEMENT_3D ( 'NONE', #3252, #4110, #3717 ) ;
#4220 = CARTESIAN_POINT ( 'NONE',  ( 30.14479722282849750, -69.29523808606008117, -1.871713291254762712 ) ) ;
#4221 = ORIENTED_EDGE ( 'NONE', *, *, #1369, .F. ) ;
#4222 = CIRCLE ( 'NONE', #3788, 4.999999999999997335 ) ;
#4223 = AXIS2_PLACEMENT_3D ( 'NONE', #3426, #4630, #5034 ) ;
#4224 = ORIENTED_EDGE ( 'NONE', *, *, #4225, .T. ) ;
#4225 = EDGE_CURVE ( 'NONE', #631, #2997, #3432, .T. ) ;
#4226 = DIRECTION ( 'NONE',  ( 0.000000000000000000, 0.000000000000000000, -1.000000000000000000 ) ) ;
#4227 = CIRCLE ( 'NONE', #1055, 5.000000000000004441 ) ;
#4228 = DIRECTION ( 'NONE',  ( 1.000000000000000000, 0.000000000000000000, 0.000000000000000000 ) ) ;
#4229 = FACE_OUTER_BOUND ( 'NONE', #1070, .T. ) ;
#4230 = EDGE_LOOP ( 'NONE', ( #1743, #4840, #1117, #636, #3551, #4437 ) ) ;
#4231 = EDGE_CURVE ( 'NONE', #1535, #3741, #4741, .T. ) ;
#4232 = LINE ( 'NONE', #3798, #3060 ) ;
#4233 = ORIENTED_EDGE ( 'NONE', *, *, #397, .T. ) ;
#4234 = DIRECTION ( 'NONE',  ( 1.000000000000000000, 0.000000000000000000, 0.000000000000000000 ) ) ;
#4235 = AXIS2_PLACEMENT_3D ( 'NONE', #1958, #260, #3103 ) ;
#4236 = FACE_OUTER_BOUND ( 'NONE', #3019, .T. ) ;
#4237 = ORIENTED_EDGE ( 'NONE', *, *, #1956, .F. ) ;
#4238 = EDGE_LOOP ( 'NONE', ( #1336, #4776 ) ) ;
#4239 = EDGE_LOOP ( 'NONE', ( #4247, #2975, #552, #1506 ) ) ;
#4240 = CARTESIAN_POINT ( 'NONE',  ( 30.00000000000000000, 16.04520705486825349, 32.22656249999999289 ) ) ;
#4241 = AXIS2_PLACEMENT_3D ( 'NONE', #1415, #5051, #2944 ) ;
#4242 = CARTESIAN_POINT ( 'NONE',  ( 30.25075704892175921, -69.95977915179400952, 2.124081472224839118 ) ) ;
#4243 = CARTESIAN_POINT ( 'NONE',  ( -8.000000000000000000, 0.000000000000000000, 0.000000000000000000 ) ) ;
#4244 = CARTESIAN_POINT ( 'NONE',  ( 30.00000000000000000, -49.66666666666657193, 17.43818669639396290 ) ) ;
#4245 = AXIS2_PLACEMENT_3D ( 'NONE', #834, #4575, #5302 ) ;
#4246 = CARTESIAN_POINT ( 'NONE',  ( 30.00000000000000000, -49.66666666666657193, 22.43818669639396646 ) ) ;
#4247 = ORIENTED_EDGE ( 'NONE', *, *, #4153, .T. ) ;
#4248 = DIRECTION ( 'NONE',  ( 0.000000000000000000, -1.000000000000000000, 0.000000000000000000 ) ) ;
#4249 = CARTESIAN_POINT ( 'NONE',  ( 32.00000000000000000, -13.43502884254452212, -13.43502884254432672 ) ) ;
#4250 = AXIS2_PLACEMENT_3D ( 'NONE', #589, #4735, #1471 ) ;
#4251 = CARTESIAN_POINT ( 'NONE',  ( 30.84370057268977661, -69.79429165940453572, -2.086361280514306138 ) ) ;
#4252 = ORIENTED_EDGE ( 'NONE', *, *, #5124, .T. ) ;
#4253 = ADVANCED_FACE ( 'NONE', ( #4194 ), #1261, .F. ) ;
#4254 = ORIENTED_EDGE ( 'NONE', *, *, #3493, .F. ) ;
#4255 = DIRECTION ( 'NONE',  ( -3.469446951953614189E-15, 0.000000000000000000, 1.000000000000000000 ) ) ;
#4256 = DIRECTION ( 'NONE',  ( 1.000000000000000000, -0.000000000000000000, -0.000000000000000000 ) ) ;
#4257 = EDGE_CURVE ( 'NONE', #3725, #5122, #5089, .T. ) ;
#4258 = CARTESIAN_POINT ( 'NONE',  ( 30.00000000000000000, 0.000000000000000000, 48.00000000000000000 ) ) ;
#4259 = ORIENTED_EDGE ( 'NONE', *, *, #5282, .F. ) ;
#4260 = CARTESIAN_POINT ( 'NONE',  ( -8.000000000000000000, 22.43818669639379237, 49.66666666666665009 ) ) ;
#4261 = VERTEX_POINT ( 'NONE', #3763 ) ;
#4262 = DIRECTION ( 'NONE',  ( 0.000000000000000000, 0.000000000000000000, -1.000000000000000000 ) ) ;
#4263 = EDGE_CURVE ( 'NONE', #2487, #2960, #3343, .T. ) ;
#4264 = CARTESIAN_POINT ( 'NONE',  ( -8.000000000000000000, -69.29523809523811906, -1.871713294710593223 ) ) ;
#4265 = VERTEX_POINT ( 'NONE', #2952 ) ;
#4266 = B_SPLINE_CURVE_WITH_KNOTS ( 'NONE', 3,
 ( #4658, #4282, #2659, #538, #3791, #3911, #2606, #140, #4715, #3879 ),
 .UNSPECIFIED., .F., .F.,
 ( 4, 2, 2, 2, 4 ),
 ( 0.000000000000000000, 0.0003555020478573281254, 0.0007110040957146562509, 0.001066506143571984431, 0.001422008191429312502 ),
 .UNSPECIFIED. ) ;
#4267 = ORIENTED_EDGE ( 'NONE', *, *, #5152, .T. ) ;
#4268 = ORIENTED_EDGE ( 'NONE', *, *, #622, .T. ) ;
#4269 = DIRECTION ( 'NONE',  ( 1.000000000000000000, -0.000000000000000000, -0.000000000000000000 ) ) ;
#4270 = CARTESIAN_POINT ( 'NONE',  ( 32.00000000000000000, 0.000000000000000000, 0.000000000000000000 ) ) ;
#4271 = CARTESIAN_POINT ( 'NONE',  ( 32.00000000000000000, 48.00000000000000000, -5.027733127934112032E-13 ) ) ;
#4272 = EDGE_CURVE ( 'NONE', #2077, #1586, #921, .T. ) ;
#4273 = CARTESIAN_POINT ( 'NONE',  ( 32.00000000000000000, -49.14814814814808841, 15.45741750196033237 ) ) ;
#4274 = ORIENTED_EDGE ( 'NONE', *, *, #2982, .F. ) ;
#4275 = DIRECTION ( 'NONE',  ( 1.000000000000000000, -0.000000000000000000, -0.000000000000000000 ) ) ;
#4276 = CARTESIAN_POINT ( 'NONE',  ( 12.00000000000000000, 1.110223024625156540E-13, 24.00000000000002132 ) ) ;
#4277 = DIRECTION ( 'NONE',  ( 0.000000000000000000, 0.000000000000000000, -1.000000000000000000 ) ) ;
#4278 = DIRECTION ( 'NONE',  ( -1.000000000000000000, -0.000000000000000000, -0.000000000000000000 ) ) ;
#4279 = EDGE_LOOP ( 'NONE', ( #117, #422, #1907, #845 ) ) ;
#4280 = AXIS2_PLACEMENT_3D ( 'NONE', #1681, #431, #2061 ) ;
#4281 = ORIENTED_EDGE ( 'NONE', *, *, #3423, .T. ) ;
#4282 = CARTESIAN_POINT ( 'NONE',  ( 30.99999999999998934, -68.72992683463799324, 1.549504835334856612 ) ) ;
#4283 = EDGE_CURVE ( 'NONE', #428, #4351, #1213, .T. ) ;
#4284 = DIRECTION ( 'NONE',  ( -1.000000000000000000, -0.000000000000000000, -0.000000000000000000 ) ) ;
#4285 = CIRCLE ( 'NONE', #3312, 6.999999999999999112 ) ;
#4286 = CARTESIAN_POINT ( 'NONE',  ( 10.00000000000000000, -48.00000000000000000, -3.150000000000003464 ) ) ;
#4287 = EDGE_CURVE ( 'NONE', #133, #2375, #2407, .T. ) ;
#4288 = DIRECTION ( 'NONE',  ( 1.000000000000000000, -0.000000000000000000, -0.000000000000000000 ) ) ;
#4289 = VERTEX_POINT ( 'NONE', #2258 ) ;
#4290 = CYLINDRICAL_SURFACE ( 'NONE', #955, 5.000000000000000888 ) ;
#4291 = CARTESIAN_POINT ( 'NONE',  ( -8.000000000000000000, -35.73177083333328596, 12.47960548711988160 ) ) ;
#4292 = ORIENTED_EDGE ( 'NONE', *, *, #2956, .F. ) ;
#4293 = ORIENTED_EDGE ( 'NONE', *, *, #3289, .F. ) ;
#4294 = CARTESIAN_POINT ( 'NONE',  ( 30.00000000000000000, 32.22656250000015632, 16.04520705486791954 ) ) ;
#4295 = EDGE_CURVE ( 'NONE', #660, #4458, #4742, .T. ) ;
#4296 = CARTESIAN_POINT ( 'NONE',  ( 30.14376476604278920, -69.94202898568174476, 2.848259357231762046 ) ) ;
#4297 = CARTESIAN_POINT ( 'NONE',  ( -8.000000000000000000, 22.43818669639379237, 49.66666666666665009 ) ) ;
#4298 = AXIS2_PLACEMENT_3D ( 'NONE', #252, #4349, #4774 ) ;
#4299 = CARTESIAN_POINT ( 'NONE',  ( 2.000000000000000000, 0.000000000000000000, 0.000000000000000000 ) ) ;
#4300 = DIRECTION ( 'NONE',  ( 1.000000000000000000, -0.000000000000000000, -0.000000000000000000 ) ) ;
#4301 = ORIENTED_EDGE ( 'NONE', *, *, #633, .F. ) ;
#4302 = CARTESIAN_POINT ( 'NONE',  ( 30.00000000000000000, 0.000000000000000000, 0.000000000000000000 ) ) ;
#4303 = ADVANCED_FACE ( 'NONE', ( #1088 ), #2717, .F. ) ;
#4304 = DIRECTION ( 'NONE',  ( -0.000000000000000000, 0.7131203135497043988, 0.7010416666666621222 ) ) ;
#4305 = DIRECTION ( 'NONE',  ( 1.000000000000000000, -0.000000000000000000, -0.000000000000000000 ) ) ;
#4306 = CARTESIAN_POINT ( 'NONE',  ( -8.000000000000000000, 0.000000000000000000, 0.000000000000000000 ) ) ;
#4307 = ORIENTED_EDGE ( 'NONE', *, *, #1746, .T. ) ;
#4308 = AXIS2_PLACEMENT_3D ( 'NONE', #1009, #3435, #198 ) ;
#4309 = AXIS2_PLACEMENT_3D ( 'NONE', #2316, #638, #5183 ) ;
#4310 = ORIENTED_EDGE ( 'NONE', *, *, #323, .T. ) ;
#4311 = DIRECTION ( 'NONE',  ( -1.000000000000000000, -0.000000000000000000, 0.000000000000000000 ) ) ;
#4312 = ORIENTED_EDGE ( 'NONE', *, *, #3927, .F. ) ;
#4313 = AXIS2_PLACEMENT_3D ( 'NONE', #2199, #167, #1029 ) ;
#4314 = DIRECTION ( 'NONE',  ( 1.000000000000000000, 0.000000000000000000, 0.000000000000000000 ) ) ;
#4315 = AXIS2_PLACEMENT_3D ( 'NONE', #4439, #2472, #1201 ) ;
#4316 = EDGE_CURVE ( 'NONE', #2160, #5122, #5061, .T. ) ;
#4317 = CIRCLE ( 'NONE', #1897, 14.20000000000000462 ) ;
#4318 = DIRECTION ( 'NONE',  ( 1.000000000000000000, -0.000000000000000000, -0.000000000000000000 ) ) ;
#4319 = ORIENTED_EDGE ( 'NONE', *, *, #4518, .T. ) ;
#4320 = DIRECTION ( 'NONE',  ( -1.000000000000000000, 0.000000000000000000, -0.000000000000000000 ) ) ;
#4321 = AXIS2_PLACEMENT_3D ( 'NONE', #44, #1275, #2094 ) ;
#4322 = ADVANCED_FACE ( 'NONE', ( #3083 ), #5147, .F. ) ;
#4323 = CIRCLE ( 'NONE', #1976, 28.99999999999999645 ) ;
#4324 = DIRECTION ( 'NONE',  ( -1.000000000000000000, -0.000000000000000000, 0.000000000000000000 ) ) ;
#4325 = EDGE_LOOP ( 'NONE', ( #418, #1166, #2198, #1983 ) ) ;
#4326 = VERTEX_POINT ( 'NONE', #1449 ) ;
#4327 = DIRECTION ( 'NONE',  ( 0.000000000000000000, 0.000000000000000000, -1.000000000000000000 ) ) ;
#4328 = CIRCLE ( 'NONE', #2686, 1.999999999999982681 ) ;
#4329 = CARTESIAN_POINT ( 'NONE',  ( 31.62238194630347721, -69.20696852798162979, 1.865009432350366092 ) ) ;
#4330 = CARTESIAN_POINT ( 'NONE',  ( 12.00000000000000000, -8.326672684688674053E-14, -12.00000000000001066 ) ) ;
#4331 = EDGE_CURVE ( 'NONE', #3194, #4158, #1059, .T. ) ;
#4332 = DIRECTION ( 'NONE',  ( 1.000000000000000000, 0.000000000000000000, 0.000000000000000000 ) ) ;
#4333 = ORIENTED_EDGE ( 'NONE', *, *, #3313, .T. ) ;
#4334 = CARTESIAN_POINT ( 'NONE',  ( 30.00000000000000000, 22.43818669639379237, -54.66666666666665009 ) ) ;
#4335 = CARTESIAN_POINT ( 'NONE',  ( 31.52697051767142966, -69.24659090294412067, 2.677771963292569168 ) ) ;
#4336 = FACE_BOUND ( 'NONE', #3355, .T. ) ;
#4337 = CARTESIAN_POINT ( 'NONE',  ( 30.82998213109886976, -69.00796679446143855, -1.737137359536680359 ) ) ;
#4338 = AXIS2_PLACEMENT_3D ( 'NONE', #1051, #1783, #3418 ) ;
#4339 = ORIENTED_EDGE ( 'NONE', *, *, #3586, .F. ) ;
#4340 = EDGE_CURVE ( 'NONE', #138, #2257, #869, .T. ) ;
#4341 = CIRCLE ( 'NONE', #1648, 3.150000000000000355 ) ;
#4342 = CARTESIAN_POINT ( 'NONE',  ( 12.00000000000000000, 10.60660171779827898, 12.60660171779821326 ) ) ;
#4343 = CARTESIAN_POINT ( 'NONE',  ( 12.00000000000000000, -17.67766952966364613, 17.67766952966376337 ) ) ;
#4344 = CIRCLE ( 'NONE', #4847, 59.49999999999999289 ) ;
#4345 = AXIS2_PLACEMENT_3D ( 'NONE', #964, #3387, #1253 ) ;
#4346 = CARTESIAN_POINT ( 'NONE',  ( 12.00000000000000000, -10.00000000000000888, -1.999999999999973133 ) ) ;
#4347 = ORIENTED_EDGE ( 'NONE', *, *, #3747, .T. ) ;
#4348 = CARTESIAN_POINT ( 'NONE',  ( -8.000000000000000000, -24.49673593459504772, 54.22324159021404455 ) ) ;
#4349 = DIRECTION ( 'NONE',  ( 1.000000000000000000, 0.000000000000000000, 0.000000000000000000 ) ) ;
#4350 = EDGE_LOOP ( 'NONE', ( #2923, #211, #3383, #2226 ) ) ;
#4351 = VERTEX_POINT ( 'NONE', #3934 ) ;
#4352 = CYLINDRICAL_SURFACE ( 'NONE', #860, 17.50000000000000711 ) ;
#4353 = CARTESIAN_POINT ( 'NONE',  ( 31.57855283459207740, -69.18425490621602592, 2.659929303421031399 ) ) ;
#4354 = CARTESIAN_POINT ( 'NONE',  ( -8.000000000000000000, 0.000000000000000000, -48.00000000000000000 ) ) ;
#4355 = EDGE_CURVE ( 'NONE', #3972, #1990, #3032, .T. ) ;
#4356 = DIRECTION ( 'NONE',  ( 1.000000000000000000, -0.000000000000000000, -0.000000000000000000 ) ) ;
#4357 = DIRECTION ( 'NONE',  ( 0.000000000000000000, 0.000000000000000000, -1.000000000000000000 ) ) ;
#4358 = EDGE_LOOP ( 'NONE', ( #165, #1147, #3861, #76 ) ) ;
#4359 = CARTESIAN_POINT ( 'NONE',  ( 30.00000000000000000, -13.81670607502544357, 27.75065104166666075 ) ) ;
#4360 = DIRECTION ( 'NONE',  ( -1.000000000000000000, -0.000000000000000000, -0.000000000000000000 ) ) ;
#4361 = DIRECTION ( 'NONE',  ( 0.000000000000000000, 0.000000000000000000, -1.000000000000000000 ) ) ;
#4362 = ADVANCED_FACE ( 'NONE', ( #677 ), #3610, .T. ) ;
#4363 = DIRECTION ( 'NONE',  ( 0.000000000000000000, 0.000000000000000000, -1.000000000000000000 ) ) ;
#4364 = VECTOR ( 'NONE', #1790, 1000.000000000000000 ) ;
#4365 = EDGE_LOOP ( 'NONE', ( #1020, #959, #4696, #698 ) ) ;
#4366 = CIRCLE ( 'NONE', #2021, 6.999999999999999112 ) ;
#4367 = EDGE_CURVE ( 'NONE', #3732, #4468, #94, .T. ) ;
#4368 = DIRECTION ( 'NONE',  ( 1.000000000000000000, -0.000000000000000000, -0.000000000000000000 ) ) ;
#4369 = CIRCLE ( 'NONE', #2027, 14.20000000000000462 ) ;
#4370 = EDGE_CURVE ( 'NONE', #1772, #3408, #348, .T. ) ;
#4371 = CARTESIAN_POINT ( 'NONE',  ( 10.00000000000000000, 0.000000000000000000, -51.14999999999999858 ) ) ;
#4372 = ORIENTED_EDGE ( 'NONE', *, *, #1235, .T. ) ;
#4373 = CARTESIAN_POINT ( 'NONE',  ( 6.999999999999999112, -18.50000000000000000, 2.050000000000002487 ) ) ;
#4374 = AXIS2_PLACEMENT_3D ( 'NONE', #952, #545, #3854 ) ;
#4375 = CYLINDRICAL_SURFACE ( 'NONE', #5321, 17.50000000000000711 ) ;
#4376 = ORIENTED_EDGE ( 'NONE', *, *, #4038, .F. ) ;
#4377 = EDGE_LOOP ( 'NONE', ( #1618, #2538, #4859, #3658 ) ) ;
#4378 = CARTESIAN_POINT ( 'NONE',  ( -8.000000000000000000, 24.49673593459505483, -54.22324159021404455 ) ) ;
#4379 = AXIS2_PLACEMENT_3D ( 'NONE', #2362, #3217, #2821 ) ;
#4380 = DIRECTION ( 'NONE',  ( 0.000000000000000000, 0.000000000000000000, -1.000000000000000000 ) ) ;
#4381 = CARTESIAN_POINT ( 'NONE',  ( 32.00000000000000000, -48.00000000000000000, 1.675911042644704011E-13 ) ) ;
#4382 = CARTESIAN_POINT ( 'NONE',  ( 32.00000000000000000, 48.00000000000000000, -5.027733127934112032E-13 ) ) ;
#4383 = DIRECTION ( 'NONE',  ( 1.000000000000000000, -0.000000000000000000, -0.000000000000000000 ) ) ;
#4384 = ORIENTED_EDGE ( 'NONE', *, *, #913, .T. ) ;
#4385 = PRODUCT_RELATED_PRODUCT_CATEGORY ( 'part', '', ( #2013 ) ) ;
#4386 = CARTESIAN_POINT ( 'NONE',  ( 30.00000000000000000, 13.81670607502544179, -27.75065104166666430 ) ) ;
#4387 = CARTESIAN_POINT ( 'NONE',  ( -8.000000000000000000, -48.00000000000000000, -2.927345865710861972E-15 ) ) ;
#4388 = DIRECTION ( 'NONE',  ( 1.000000000000000000, -0.000000000000000000, -0.000000000000000000 ) ) ;
#4389 = CARTESIAN_POINT ( 'NONE',  ( -8.000000000000000000, 49.66666666666641561, -22.43818669639431107 ) ) ;
#4390 = ORIENTED_EDGE ( 'NONE', *, *, #3073, .T. ) ;
#4391 = EDGE_CURVE ( 'NONE', #4420, #4901, #1048, .T. ) ;
#4392 = DIRECTION ( 'NONE',  ( 1.000000000000000000, 0.000000000000000000, 0.000000000000000000 ) ) ;
#4393 = VECTOR ( 'NONE', #1628, 1000.000000000000000 ) ;
#4394 = ADVANCED_FACE ( 'NONE', ( #3912 ), #3058, .T. ) ;
#4395 = AXIS2_PLACEMENT_3D ( 'NONE', #5303, #5285, #737 ) ;
#4396 = CIRCLE ( 'NONE', #2757, 2.000000000000066169 ) ;
#4397 = CARTESIAN_POINT ( 'NONE',  ( 10.00000000000000000, 48.00000000000000000, -5.027733127934112032E-13 ) ) ;
#4398 = VERTEX_POINT ( 'NONE', #4692 ) ;
#4399 = DIRECTION ( 'NONE',  ( 1.000000000000000000, -0.000000000000000000, -0.000000000000000000 ) ) ;
#4400 = CIRCLE ( 'NONE', #1547, 6.999999999999999112 ) ;
#4401 = CIRCLE ( 'NONE', #2763, 1.000000000000000000 ) ;
#4402 = EDGE_CURVE ( 'NONE', #138, #3580, #1709, .T. ) ;
#4403 = CARTESIAN_POINT ( 'NONE',  ( 32.00000000000000000, -48.00000000000000000, 1.675911042644704011E-13 ) ) ;
#4404 = ORIENTED_EDGE ( 'NONE', *, *, #2832, .T. ) ;
#4405 = ORIENTED_EDGE ( 'NONE', *, *, #4172, .F. ) ;
#4406 = CARTESIAN_POINT ( 'NONE',  ( 32.00000000000000000, -22.43818669639379237, -56.66666666666665009 ) ) ;
#4407 = DIRECTION ( 'NONE',  ( 0.000000000000000000, 0.000000000000000000, -1.000000000000000000 ) ) ;
#4408 = AXIS2_PLACEMENT_3D ( 'NONE', #3626, #5280, #2359 ) ;
#4409 = CARTESIAN_POINT ( 'NONE',  ( 32.00000000000000000, 0.000000000000000000, 48.00000000000000000 ) ) ;
#4410 = CYLINDRICAL_SURFACE ( 'NONE', #2155, 2.050000000000000711 ) ;
#4411 = DIRECTION ( 'NONE',  ( -1.000000000000000000, 0.000000000000000000, 0.000000000000000000 ) ) ;
#4412 = ORIENTED_EDGE ( 'NONE', *, *, #2286, .F. ) ;
#4413 = FACE_OUTER_BOUND ( 'NONE', #4239, .T. ) ;
#4414 = CARTESIAN_POINT ( 'NONE',  ( 30.00000000000000000, -32.22656249999993605, 16.04520705486836718 ) ) ;
#4415 = DIRECTION ( 'NONE',  ( 1.000000000000000000, -0.000000000000000000, -0.000000000000000000 ) ) ;
#4416 = LINE ( 'NONE', #2355, #4659 ) ;
#4417 = ORIENTED_EDGE ( 'NONE', *, *, #509, .T. ) ;
#4418 = DIRECTION ( 'NONE',  ( 0.000000000000000000, 0.000000000000000000, -1.000000000000000000 ) ) ;
#4419 = EDGE_CURVE ( 'NONE', #2183, #2257, #4222, .T. ) ;
#4420 = VERTEX_POINT ( 'NONE', #3882 ) ;
#4421 = CARTESIAN_POINT ( 'NONE',  ( -8.000000000000000000, 49.29629629629646814, 17.45192298608353099 ) ) ;
#4422 = ORIENTED_EDGE ( 'NONE', *, *, #2867, .T. ) ;
#4423 = DIRECTION ( 'NONE',  ( 0.000000000000000000, 1.982541115402065307E-15, -1.000000000000000000 ) ) ;
#4424 = AXIS2_PLACEMENT_3D ( 'NONE', #1540, #3233, #2354 ) ;
#4425 = EDGE_CURVE ( 'NONE', #4623, #1763, #2325, .T. ) ;
#4426 =( BOUNDED_SURFACE ( )  B_SPLINE_SURFACE ( 3, 2, ( 
 ( #3944, #256, #1016 ),
 ( #3529, #1776, #4296 ),
 ( #4704, #4242, #556 ),
 ( #2702, #1382, #3070 ),
 ( #639, #2647, #1074 ),
 ( #206, #3498, #1411 ),
 ( #1801, #3894, #1828 ),
 ( #1881, #3471, #4353 ),
 ( #3044, #1854, #4727 ),
 ( #2185, #4329, #1040 ),
 ( #3836, #3015, #3410 ),
 ( #3442, #5133, #5157 ),
 ( #2988, #3098, #5108 ),
 ( #2269, #4756, #1461 ) ),
 .UNSPECIFIED., .F., .F., .F. ) 
 B_SPLINE_SURFACE_WITH_KNOTS ( ( 4, 2, 2, 2, 2, 2, 4 ),
 ( 3, 3 ),
 ( -3.415236843329338967E-18, 0.0002126003303927122572, 0.0004252006607854279295, 0.0008504013215708592201, 0.001063001651963574974, 0.001275601982356290619, 0.001700802643141721910 ),
 ( 0.000000000000000000, 1.000000000000000000 ),
 .UNSPECIFIED. ) 
 GEOMETRIC_REPRESENTATION_ITEM ( )  RATIONAL_B_SPLINE_SURFACE ( (
 ( 1.000000000000000000, 0.8105583451657715210, 1.000000000000000000),
 ( 1.000000000000000000, 0.8105522008159151692, 1.000000000000000000),
 ( 1.000000000000000000, 0.8106319183834876929, 1.000000000000000000),
 ( 1.000000000000000000, 0.8107121290554134552, 1.000000000000000000),
 ( 1.000000000000000000, 0.8107130086873571839, 1.000000000000000000),
 ( 1.000000000000000000, 0.8097438410845669843, 1.000000000000000000),
 ( 1.000000000000000000, 0.8077176393143210564, 1.000000000000000000),
 ( 1.000000000000000000, 0.7983845070471315974, 1.000000000000000000),
 ( 1.000000000000000000, 0.7941645093395266475, 1.000000000000000000),
 ( 1.000000000000000000, 0.7833604317357245606, 1.000000000000000000),
 ( 1.000000000000000000, 0.7767687599921980768, 1.000000000000000000),
 ( 1.000000000000000000, 0.7529000001593122438, 1.000000000000000000),
 ( 1.000000000000000000, 0.7322394227934235778, 1.000000000000000000),
 ( 1.000000000000000000, 0.7071067811865463515, 1.000000000000000000) ) ) 
 REPRESENTATION_ITEM ( '' )  SURFACE ( )  );
#4427 = DIRECTION ( 'NONE',  ( 0.000000000000000000, 1.586032892321651496E-15, 1.000000000000000000 ) ) ;
#4428 = ORIENTED_EDGE ( 'NONE', *, *, #575, .T. ) ;
#4429 = AXIS2_PLACEMENT_3D ( 'NONE', #4208, #4643, #3282 ) ;
#4430 = CARTESIAN_POINT ( 'NONE',  ( 6.999999999999999112, 2.510525938252074679E-16, 16.44999999999999929 ) ) ;
#4431 = CARTESIAN_POINT ( 'NONE',  ( 32.00000000000000000, 0.000000000000000000, 0.000000000000000000 ) ) ;
#4432 = LINE ( 'NONE', #2446, #4072 ) ;
#4433 = ADVANCED_FACE ( 'NONE', ( #1818 ), #4716, .T. ) ;
#4434 = DIRECTION ( 'NONE',  ( -1.000000000000000000, -0.000000000000000000, -0.000000000000000000 ) ) ;
#4435 = CIRCLE ( 'NONE', #996, 4.999999999999997335 ) ;
#4436 = DIRECTION ( 'NONE',  ( 0.000000000000000000, 0.000000000000000000, -1.000000000000000000 ) ) ;
#4437 = ORIENTED_EDGE ( 'NONE', *, *, #4447, .T. ) ;
#4438 = ORIENTED_EDGE ( 'NONE', *, *, #2971, .F. ) ;
#4439 = CARTESIAN_POINT ( 'NONE',  ( 32.00000000000000000, 0.000000000000000000, 0.000000000000000000 ) ) ;
#4440 = DIRECTION ( 'NONE',  ( -1.000000000000000000, 0.000000000000000000, 0.000000000000000000 ) ) ;
#4441 = CARTESIAN_POINT ( 'NONE',  ( 32.00000000000000000, 11.05336486002035556, 37.13385416666665861 ) ) ;
#4442 = DIRECTION ( 'NONE',  ( 0.000000000000000000, 0.000000000000000000, 1.000000000000000000 ) ) ;
#4443 = CIRCLE ( 'NONE', #4698, 17.50000000000000711 ) ;
#4444 = ORIENTED_EDGE ( 'NONE', *, *, #3377, .F. ) ;
#4445 = FACE_OUTER_BOUND ( 'NONE', #2157, .T. ) ;
#4446 = AXIS2_PLACEMENT_3D ( 'NONE', #4431, #286, #2804 ) ;
#4447 = EDGE_CURVE ( 'NONE', #5208, #5288, #3260, .T. ) ;
#4448 = CARTESIAN_POINT ( 'NONE',  ( 12.00000000000000000, 13.99999999999999822, -8.326672684688674053E-14 ) ) ;
#4449 = VERTEX_POINT ( 'NONE', #1578 ) ;
#4450 = CARTESIAN_POINT ( 'NONE',  ( 12.00000000000000000, 13.99999999999999822, 1.999999999999911626 ) ) ;
#4451 = ORIENTED_EDGE ( 'NONE', *, *, #1400, .F. ) ;
#4452 = ADVANCED_FACE ( 'NONE', ( #2850 ), #13, .T. ) ;
#4453 = DIRECTION ( 'NONE',  ( 0.000000000000000000, 0.000000000000000000, -1.000000000000000000 ) ) ;
#4454 = CARTESIAN_POINT ( 'NONE',  ( 30.00000000000000000, 32.22656249999982947, -16.04520705486859100 ) ) ;
#4455 = DIRECTION ( 'NONE',  ( 0.000000000000000000, -4.460717509654647040E-15, -1.000000000000000000 ) ) ;
#4456 = CARTESIAN_POINT ( 'NONE',  ( -18.00000000000001421, 6.735557395310442023E-16, 5.500000000000000000 ) ) ;
#4457 = DIRECTION ( 'NONE',  ( 1.000000000000000000, 0.000000000000000000, 0.000000000000000000 ) ) ;
#4458 = VERTEX_POINT ( 'NONE', #274 ) ;
#4459 = ORIENTED_EDGE ( 'NONE', *, *, #407, .T. ) ;
#4460 = CIRCLE ( 'NONE', #2817, 1.999999999999999334 ) ;
#4461 = ADVANCED_FACE ( 'NONE', ( #3596 ), #702, .T. ) ;
#4462 = FACE_BOUND ( 'NONE', #1276, .T. ) ;
#4463 = DIRECTION ( 'NONE',  ( 0.000000000000000000, 0.000000000000000000, -1.000000000000000000 ) ) ;
#4464 = DIRECTION ( 'NONE',  ( 1.000000000000000000, 0.000000000000000000, 0.000000000000000000 ) ) ;
#4465 = CARTESIAN_POINT ( 'NONE',  ( 30.00000000000000000, -22.43818669639379237, 49.66666666666665009 ) ) ;
#4466 = ORIENTED_EDGE ( 'NONE', *, *, #1107, .T. ) ;
#4467 = ADVANCED_FACE ( 'NONE', ( #1163 ), #3238, .T. ) ;
#4468 = VERTEX_POINT ( 'NONE', #2794 ) ;
#4469 = DIRECTION ( 'NONE',  ( 1.000000000000000000, 0.000000000000000000, 0.000000000000000000 ) ) ;
#4470 =( GEOMETRIC_REPRESENTATION_CONTEXT ( 3 ) GLOBAL_UNCERTAINTY_ASSIGNED_CONTEXT ( ( #2035 ) ) GLOBAL_UNIT_ASSIGNED_CONTEXT ( ( #5213, #1633, #5310 ) ) REPRESENTATION_CONTEXT ( 'NONE', 'WORKASPACE' ) );
#4471 = DIRECTION ( 'NONE',  ( 0.000000000000000000, 9.912705577010326536E-16, -1.000000000000000000 ) ) ;
#4472 = LINE ( 'NONE', #1583, #2839 ) ;
#4473 = AXIS2_PLACEMENT_3D ( 'NONE', #1418, #942, #1366 ) ;
#4474 = DIRECTION ( 'NONE',  ( 1.000000000000000000, 0.000000000000000000, 0.000000000000000000 ) ) ;
#4475 = ORIENTED_EDGE ( 'NONE', *, *, #3166, .T. ) ;
#4476 = CIRCLE ( 'NONE', #2050, 1.999999999999999334 ) ;
#4477 = CIRCLE ( 'NONE', #3002, 59.49999999999999289 ) ;
#4478 = TOROIDAL_SURFACE ( 'NONE', #1970, 15.50000000000000888, 2.000000000000000000 ) ;
#4479 = CARTESIAN_POINT ( 'NONE',  ( 10.00000000000000000, 1.738998454789241549E-15, -62.20000000000000284 ) ) ;
#4480 = FACE_OUTER_BOUND ( 'NONE', #2309, .T. ) ;
#4481 = DIRECTION ( 'NONE',  ( -1.000000000000000000, -0.000000000000000000, -0.000000000000000000 ) ) ;
#4482 = AXIS2_PLACEMENT_3D ( 'NONE', #1372, #3003, #194 ) ;
#4483 = CIRCLE ( 'NONE', #434, 1.999999999999960032 ) ;
#4484 = ADVANCED_FACE ( 'NONE', ( #4445 ), #1522, .F. ) ;
#4485 = CARTESIAN_POINT ( 'NONE',  ( 32.00000000000000000, 12.92530568308831285, -25.96028645833332504 ) ) ;
#4486 = ORIENTED_EDGE ( 'NONE', *, *, #1670, .T. ) ;
#4487 = ORIENTED_EDGE ( 'NONE', *, *, #4547, .T. ) ;
#4488 = FACE_BOUND ( 'NONE', #3852, .T. ) ;
#4489 = AXIS2_PLACEMENT_3D ( 'NONE', #4465, #296, #3592 ) ;
#4490 =( LENGTH_UNIT ( ) NAMED_UNIT ( * ) SI_UNIT ( .MILLI., .METRE. ) );
#4491 = FACE_OUTER_BOUND ( 'NONE', #3770, .T. ) ;
#4492 = DIRECTION ( 'NONE',  ( 0.000000000000000000, 0.000000000000000000, 1.000000000000000000 ) ) ;
#4493 = ORIENTED_EDGE ( 'NONE', *, *, #4231, .F. ) ;
#4494 = EDGE_CURVE ( 'NONE', #1728, #565, #276, .T. ) ;
#4495 = AXIS2_PLACEMENT_3D ( 'NONE', #4515, #828, #2455 ) ;
#4496 = ORIENTED_EDGE ( 'NONE', *, *, #1164, .F. ) ;
#4497 = CARTESIAN_POINT ( 'NONE',  ( 32.00000000000000000, -10.00000000000000888, -1.999999999999973133 ) ) ;
#4498 = CIRCLE ( 'NONE', #2159, 2.000000000000026201 ) ;
#4499 = EDGE_CURVE ( 'NONE', #1728, #4115, #786, .T. ) ;
#4500 = CIRCLE ( 'NONE', #3906, 2.000000000000032863 ) ;
#4501 = CIRCLE ( 'NONE', #116, 2.000000000000066169 ) ;
#4502 = CARTESIAN_POINT ( 'NONE',  ( -8.000000000000000000, -22.43818669639379237, -49.66666666666665009 ) ) ;
#4503 = CARTESIAN_POINT ( 'NONE',  ( 30.00000000000000000, 0.000000000000000000, 0.000000000000000000 ) ) ;
#4504 = CARTESIAN_POINT ( 'NONE',  ( 32.00000000000000000, 48.00000000000000000, -5.027733127934112032E-13 ) ) ;
#4505 = ORIENTED_EDGE ( 'NONE', *, *, #2383, .T. ) ;
#4506 = CIRCLE ( 'NONE', #2344, 68.00000000000001421 ) ;
#4507 = DIRECTION ( 'NONE',  ( -1.000000000000000000, 0.000000000000000000, 0.000000000000000000 ) ) ;
#4508 = CYLINDRICAL_SURFACE ( 'NONE', #2075, 14.20000000000000462 ) ;
#4509 = DIRECTION ( 'NONE',  ( 0.000000000000000000, 0.000000000000000000, -1.000000000000000000 ) ) ;
#4510 = ORIENTED_EDGE ( 'NONE', *, *, #1296, .F. ) ;
#4511 = FACE_OUTER_BOUND ( 'NONE', #111, .T. ) ;
#4512 = EDGE_CURVE ( 'NONE', #1772, #1925, #1974, .T. ) ;
#4513 = CARTESIAN_POINT ( 'NONE',  ( 30.00000000000000000, 48.00000000000000000, -5.027733127934112032E-13 ) ) ;
#4514 = CARTESIAN_POINT ( 'NONE',  ( 12.00000000000000000, -10.00000000000000888, 2.775557561562891351E-14 ) ) ;
#4515 = CARTESIAN_POINT ( 'NONE',  ( 32.00000000000000000, -10.00000000000000888, 2.775557561562891351E-14 ) ) ;
#4516 = EDGE_LOOP ( 'NONE', ( #2138, #4613 ) ) ;
#4517 = ORIENTED_EDGE ( 'NONE', *, *, #4972, .T. ) ;
#4518 = EDGE_CURVE ( 'NONE', #2541, #2363, #703, .T. ) ;
#4519 = ORIENTED_EDGE ( 'NONE', *, *, #2003, .T. ) ;
#4520 = CARTESIAN_POINT ( 'NONE',  ( 32.00000000000000000, 15.45741750196017605, -49.14814814814813815 ) ) ;
#4521 = ADVANCED_FACE ( 'NONE', ( #1923 ), #705, .T. ) ;
#4522 = CARTESIAN_POINT ( 'NONE',  ( 12.00000000000000000, 9.192388155425030405, -9.192388155425224028 ) ) ;
#4523 = DIRECTION ( 'NONE',  ( -1.000000000000000000, -0.000000000000000000, -0.000000000000000000 ) ) ;
#4524 = CIRCLE ( 'NONE', #4446, 68.00000000000001421 ) ;
#4525 = CYLINDRICAL_SURFACE ( 'NONE', #1209, 2.050000000000001599 ) ;
#4526 = VERTEX_POINT ( 'NONE', #3190 ) ;
#4527 = DIRECTION ( 'NONE',  ( 1.000000000000000000, 0.000000000000000000, 0.000000000000000000 ) ) ;
#4528 = PLANE ( 'NONE',  #3543 ) ;
#4529 = DIRECTION ( 'NONE',  ( 1.000000000000000000, 0.000000000000000000, 0.000000000000000000 ) ) ;
#4530 = DIRECTION ( 'NONE',  ( 1.000000000000000000, 0.000000000000000000, 0.000000000000000000 ) ) ;
#4531 = ORIENTED_EDGE ( 'NONE', *, *, #1966, .T. ) ;
#4532 = ORIENTED_EDGE ( 'NONE', *, *, #4791, .T. ) ;
#4533 = FACE_BOUND ( 'NONE', #63, .T. ) ;
#4534 = CARTESIAN_POINT ( 'NONE',  ( 32.00000000000000000, -7.778174593052051833, -5.778174593051854657 ) ) ;
#4535 = CYLINDRICAL_SURFACE ( 'NONE', #4345, 17.50000000000000711 ) ;
#4536 = CARTESIAN_POINT ( 'NONE',  ( 32.00000000000000000, -15.45741750196016007, -49.14814814814813815 ) ) ;
#4537 = EDGE_LOOP ( 'NONE', ( #3728, #2351, #1436, #2878 ) ) ;
#4538 = VERTEX_POINT ( 'NONE', #4497 ) ;
#4539 = CIRCLE ( 'NONE', #70, 14.20000000000000462 ) ;
#4540 = DIRECTION ( 'NONE',  ( 1.000000000000000000, -0.000000000000000000, -0.000000000000000000 ) ) ;
#4541 = ORIENTED_EDGE ( 'NONE', *, *, #2437, .T. ) ;
#4542 = EDGE_CURVE ( 'NONE', #4265, #3006, #2767, .T. ) ;
#4543 = EDGE_LOOP ( 'NONE', ( #452, #3688, #4783, #1692 ) ) ;
#4544 = CARTESIAN_POINT ( 'NONE',  ( 30.00000000000000000, 0.000000000000000000, -70.00000000000001421 ) ) ;
#4545 = AXIS2_PLACEMENT_3D ( 'NONE', #1116, #3123, #4427 ) ;
#4546 = DIRECTION ( 'NONE',  ( 0.000000000000000000, 0.000000000000000000, -1.000000000000000000 ) ) ;
#4547 = EDGE_CURVE ( 'NONE', #652, #3564, #780, .T. ) ;
#4548 = DIRECTION ( 'NONE',  ( -1.000000000000000000, 0.000000000000000000, 0.000000000000000000 ) ) ;
#4549 = ORIENTED_EDGE ( 'NONE', *, *, #473, .T. ) ;
#4550 = CARTESIAN_POINT ( 'NONE',  ( 32.00000000000000000, 13.99999999999999822, -8.326672684688674053E-14 ) ) ;
#4551 = CARTESIAN_POINT ( 'NONE',  ( 30.00000000000000000, 0.000000000000000000, 0.000000000000000000 ) ) ;
#4552 = EDGE_CURVE ( 'NONE', #564, #1170, #1389, .T. ) ;
#4553 = PLANE ( 'NONE',  #103 ) ;
#4554 = ORIENTED_EDGE ( 'NONE', *, *, #4295, .T. ) ;
#4555 = EDGE_LOOP ( 'NONE', ( #1556, #5126, #4751, #940 ) ) ;
#4556 = ORIENTED_EDGE ( 'NONE', *, *, #3698, .F. ) ;
#4557 = DIRECTION ( 'NONE',  ( 0.000000000000000000, 0.000000000000000000, -1.000000000000000000 ) ) ;
#4558 = VECTOR ( 'NONE', #2691, 1000.000000000000000 ) ;
#4559 = DIRECTION ( 'NONE',  ( 0.000000000000000000, 0.000000000000000000, -1.000000000000000000 ) ) ;
#4560 = TOROIDAL_SURFACE ( 'NONE', #9, 7.000000000000000000, 2.000000000000000000 ) ;
#4561 = TOROIDAL_SURFACE ( 'NONE', #2842, 15.50000000000000888, 2.000000000000000000 ) ;
#4562 = DIRECTION ( 'NONE',  ( 0.000000000000000000, 0.8951822916666649643, -0.4457001959685657488 ) ) ;
#4563 = ORIENTED_EDGE ( 'NONE', *, *, #1281, .T. ) ;
#4564 = ORIENTED_EDGE ( 'NONE', *, *, #447, .F. ) ;
#4565 = CIRCLE ( 'NONE', #3884, 5.000000000000000888 ) ;
#4566 = CIRCLE ( 'NONE', #5259, 2.000000000000032863 ) ;
#4567 = EDGE_LOOP ( 'NONE', ( #2516, #147, #3835, #1094, #3579 ) ) ;
#4568 = AXIS2_PLACEMENT_3D ( 'NONE', #3673, #5323, #3264 ) ;
#4569 = FACE_OUTER_BOUND ( 'NONE', #4365, .T. ) ;
#4570 = EDGE_LOOP ( 'NONE', ( #1780, #489, #1691, #4909, #2688, #69, #4614, #3318 ) ) ;
#4571 = AXIS2_PLACEMENT_3D ( 'NONE', #5292, #2397, #3299 ) ;
#4572 = DIRECTION ( 'NONE',  ( 1.000000000000000000, 0.000000000000000000, 0.000000000000000000 ) ) ;
#4573 = EDGE_CURVE ( 'NONE', #2482, #4803, #3186, .T. ) ;
#4574 = ORIENTED_EDGE ( 'NONE', *, *, #46, .T. ) ;
#4575 = DIRECTION ( 'NONE',  ( -1.000000000000000000, -0.000000000000000000, -0.000000000000000000 ) ) ;
#4576 = DIRECTION ( 'NONE',  ( 1.000000000000000000, 0.000000000000000000, 0.000000000000000000 ) ) ;
#4577 = DIRECTION ( 'NONE',  ( 0.000000000000000000, 1.586032892321651496E-15, 1.000000000000000000 ) ) ;
#4578 = ORIENTED_EDGE ( 'NONE', *, *, #290, .F. ) ;
#4579 = ADVANCED_FACE ( 'NONE', ( #4012 ), #2411, .F. ) ;
#4580 = CARTESIAN_POINT ( 'NONE',  ( 32.00000000000000000, -48.00000000000000000, 1.675911042644704011E-13 ) ) ;
#4581 = DIRECTION ( 'NONE',  ( 0.000000000000000000, -0.8951822916666712926, -0.4457001959685532588 ) ) ;
#4582 = AXIS2_PLACEMENT_3D ( 'NONE', #2812, #4884, #1202 ) ;
#4583 = DIRECTION ( 'NONE',  ( -1.000000000000000000, 0.000000000000000000, -0.000000000000000000 ) ) ;
#4584 = EDGE_LOOP ( 'NONE', ( #3397, #1347, #3235, #4312 ) ) ;
#4585 = ORIENTED_EDGE ( 'NONE', *, *, #4644, .T. ) ;
#4586 = CARTESIAN_POINT ( 'NONE',  ( 32.00000000000000000, 22.43818669639379237, -54.66666666666665009 ) ) ;
#4587 = ADVANCED_FACE ( 'NONE', ( #4569 ), #448, .F. ) ;
#4588 = DIRECTION ( 'NONE',  ( 0.000000000000000000, 0.000000000000000000, -1.000000000000000000 ) ) ;
#4589 = DIRECTION ( 'NONE',  ( -1.000000000000000000, -0.000000000000000000, -0.000000000000000000 ) ) ;
#4590 = CARTESIAN_POINT ( 'NONE',  ( 32.00000000000000000, 0.000000000000000000, 0.000000000000000000 ) ) ;
#4591 = ORIENTED_EDGE ( 'NONE', *, *, #1706, .T. ) ;
#4592 = AXIS2_PLACEMENT_3D ( 'NONE', #998, #4711, #1446 ) ;
#4593 = ORIENTED_EDGE ( 'NONE', *, *, #1935, .F. ) ;
#4594 = DIRECTION ( 'NONE',  ( 0.000000000000000000, 0.000000000000000000, 1.000000000000000000 ) ) ;
#4595 = EDGE_LOOP ( 'NONE', ( #2955, #3324 ) ) ;
#4596 = EDGE_LOOP ( 'NONE', ( #1256, #4724 ) ) ;
#4597 = CARTESIAN_POINT ( 'NONE',  ( 12.00000000000000000, 22.00000000000000000, -1.942890293094023946E-13 ) ) ;
#4598 = CIRCLE ( 'NONE', #3287, 28.99999999999999645 ) ;
#4599 = EDGE_CURVE ( 'NONE', #4289, #5208, #2076, .T. ) ;
#4600 = LINE ( 'NONE', #1258, #1626 ) ;
#4601 = ORIENTED_EDGE ( 'NONE', *, *, #397, .F. ) ;
#4602 = ORIENTED_EDGE ( 'NONE', *, *, #1320, .F. ) ;
#4603 = CARTESIAN_POINT ( 'NONE',  ( 32.00000000000000000, -67.96428571428572241, 2.203603264414638829 ) ) ;
#4604 = DIRECTION ( 'NONE',  ( -1.000000000000000000, 0.000000000000000000, -0.000000000000000000 ) ) ;
#4605 = DIRECTION ( 'NONE',  ( -1.000000000000000000, 0.000000000000000000, 0.000000000000000000 ) ) ;
#4606 = EDGE_LOOP ( 'NONE', ( #2968, #1199, #5268, #4732 ) ) ;
#4607 = DIRECTION ( 'NONE',  ( 1.000000000000000000, -0.000000000000000000, 0.000000000000000000 ) ) ;
#4608 = DIRECTION ( 'NONE',  ( 0.000000000000000000, 8.881784197001252323E-16, -1.000000000000000000 ) ) ;
#4609 = VECTOR ( 'NONE', #569, 1000.000000000000000 ) ;
#4610 = TOROIDAL_SURFACE ( 'NONE', #2881, 7.000000000000000000, 2.000000000000000000 ) ;
#4611 = EDGE_CURVE ( 'NONE', #3094, #852, #1619, .T. ) ;
#4612 = DIRECTION ( 'NONE',  ( 1.000000000000000000, -0.000000000000000000, 0.000000000000000000 ) ) ;
#4613 = ORIENTED_EDGE ( 'NONE', *, *, #4065, .T. ) ;
#4614 = ORIENTED_EDGE ( 'NONE', *, *, #3762, .F. ) ;
#4615 = ORIENTED_EDGE ( 'NONE', *, *, #2596, .T. ) ;
#4616 = VERTEX_POINT ( 'NONE', #4997 ) ;
#4617 = DIRECTION ( 'NONE',  ( -1.000000000000000000, -0.000000000000000000, -0.000000000000000000 ) ) ;
#4618 = DIRECTION ( 'NONE',  ( 1.000000000000000000, 0.000000000000000000, 0.000000000000000000 ) ) ;
#4619 = DIRECTION ( 'NONE',  ( 1.000000000000000000, -0.000000000000000000, 0.000000000000000000 ) ) ;
#4620 = ORIENTED_EDGE ( 'NONE', *, *, #4006, .F. ) ;
#4621 = EDGE_CURVE ( 'NONE', #4674, #3790, #100, .T. ) ;
#4622 = CARTESIAN_POINT ( 'NONE',  ( 6.999999999999999112, -2.168404344971008868E-15, -18.50000000000000000 ) ) ;
#4623 = VERTEX_POINT ( 'NONE', #420 ) ;
#4624 = ORIENTED_EDGE ( 'NONE', *, *, #1235, .F. ) ;
#4625 = CARTESIAN_POINT ( 'NONE',  ( 30.00000000000000000, 0.000000000000000000, -48.00000000000000000 ) ) ;
#4626 = CARTESIAN_POINT ( 'NONE',  ( 31.40246051663232763, -69.37923590120973927, -2.714473643643152023 ) ) ;
#4627 = ORIENTED_EDGE ( 'NONE', *, *, #5318, .F. ) ;
#4628 = ADVANCED_FACE ( 'NONE', ( #2481 ), #2917, .F. ) ;
#4629 = ORIENTED_EDGE ( 'NONE', *, *, #1423, .F. ) ;
#4630 = DIRECTION ( 'NONE',  ( 1.000000000000000000, -0.000000000000000000, -0.000000000000000000 ) ) ;
#4631 = DIRECTION ( 'NONE',  ( 0.000000000000000000, 0.000000000000000000, -1.000000000000000000 ) ) ;
#4632 = DIRECTION ( 'NONE',  ( 1.000000000000000000, 0.000000000000000000, 0.000000000000000000 ) ) ;
#4633 = ORIENTED_EDGE ( 'NONE', *, *, #4883, .F. ) ;
#4634 = CIRCLE ( 'NONE', #1527, 4.999999999999997335 ) ;
#4635 = DIRECTION ( 'NONE',  ( 0.000000000000000000, 0.000000000000000000, -1.000000000000000000 ) ) ;
#4636 = CARTESIAN_POINT ( 'NONE',  ( 30.00000000000000000, 13.81670607502544357, 27.75065104166666075 ) ) ;
#4637 = CARTESIAN_POINT ( 'NONE',  ( 0.000000000000000000, 0.000000000000000000, 0.000000000000000000 ) ) ;
#4638 = EDGE_LOOP ( 'NONE', ( #746, #2147 ) ) ;
#4639 = ORIENTED_EDGE ( 'NONE', *, *, #2739, .T. ) ;
#4640 = ORIENTED_EDGE ( 'NONE', *, *, #3762, .T. ) ;
#4641 = ORIENTED_EDGE ( 'NONE', *, *, #37, .T. ) ;
#4642 = CARTESIAN_POINT ( 'NONE',  ( -11.99999999999999822, -6.071532165918824830E-15, 48.00000000000000000 ) ) ;
#4643 = DIRECTION ( 'NONE',  ( -1.000000000000000000, 0.000000000000000000, -0.000000000000000000 ) ) ;
#4644 = EDGE_CURVE ( 'NONE', #730, #4648, #3727, .T. ) ;
#4645 = DIRECTION ( 'NONE',  ( 0.000000000000000000, 1.000000000000000000, -1.047444401652940007E-14 ) ) ;
#4646 = AXIS2_PLACEMENT_3D ( 'NONE', #4294, #606, #2343 ) ;
#4647 = DIRECTION ( 'NONE',  ( -1.000000000000000000, -0.000000000000000000, -0.000000000000000000 ) ) ;
#4648 = VERTEX_POINT ( 'NONE', #1237 ) ;
#4649 = DIRECTION ( 'NONE',  ( -1.000000000000000000, 0.000000000000000000, 0.000000000000000000 ) ) ;
#4650 = AXIS2_PLACEMENT_3D ( 'NONE', #2613, #3966, #1872 ) ;
#4651 = EDGE_CURVE ( 'NONE', #3347, #3468, #2057, .T. ) ;
#4652 = DIRECTION ( 'NONE',  ( 0.000000000000000000, 0.000000000000000000, 1.000000000000000000 ) ) ;
#4653 = ORIENTED_EDGE ( 'NONE', *, *, #3594, .T. ) ;
#4654 = AXIS2_PLACEMENT_3D ( 'NONE', #4812, #4039, #4071 ) ;
#4655 = VECTOR ( 'NONE', #1003, 1000.000000000000000 ) ;
#4656 = VECTOR ( 'NONE', #3321, 1000.000000000000000 ) ;
#4657 = EDGE_LOOP ( 'NONE', ( #2534, #4947 ) ) ;
#4658 = CARTESIAN_POINT ( 'NONE',  ( 30.99999999999999289, -68.64285714285715301, 1.469068842943077380 ) ) ;
#4659 = VECTOR ( 'NONE', #3160, 1000.000000000000000 ) ;
#4660 = ORIENTED_EDGE ( 'NONE', *, *, #1433, .F. ) ;
#4661 = ADVANCED_FACE ( 'NONE', ( #3288 ), #4826, .T. ) ;
#4662 = DIRECTION ( 'NONE',  ( 0.000000000000000000, 0.7131203135497010681, 0.7010416666666656749 ) ) ;
#4663 = TOROIDAL_SURFACE ( 'NONE', #4571, 3.000000000000002220, 1.000000000000000000 ) ;
#4664 = AXIS2_PLACEMENT_3D ( 'NONE', #2120, #850, #2507 ) ;
#4665 = DIRECTION ( 'NONE',  ( 0.000000000000000000, 0.000000000000000000, 1.000000000000000000 ) ) ;
#4666 = EDGE_LOOP ( 'NONE', ( #203, #3675, #378, #4935 ) ) ;
#4667 = FACE_OUTER_BOUND ( 'NONE', #4555, .T. ) ;
#4668 = VERTEX_POINT ( 'NONE', #4140 ) ;
#4669 = DIRECTION ( 'NONE',  ( 0.000000000000000000, 0.000000000000000000, -1.000000000000000000 ) ) ;
#4670 = VECTOR ( 'NONE', #3612, 1000.000000000000000 ) ;
#4671 = DIRECTION ( 'NONE',  ( 1.000000000000000000, 0.000000000000000000, 0.000000000000000000 ) ) ;
#4672 = ORIENTED_EDGE ( 'NONE', *, *, #5301, .F. ) ;
#4673 = ORIENTED_EDGE ( 'NONE', *, *, #3823, .F. ) ;
#4674 = VERTEX_POINT ( 'NONE', #1671 ) ;
#4675 = CARTESIAN_POINT ( 'NONE',  ( 30.00000000000000000, -48.00000000000000000, 1.675911042644704011E-13 ) ) ;
#4676 = CARTESIAN_POINT ( 'NONE',  ( 10.00000000000000000, -48.00000000000000000, -2.927345865710861972E-15 ) ) ;
#4677 = DIRECTION ( 'NONE',  ( 1.000000000000000000, 0.000000000000000000, 0.000000000000000000 ) ) ;
#4678 = AXIS2_PLACEMENT_3D ( 'NONE', #3, #3539, #4277 ) ;
#4679 = PLANE ( 'NONE',  #2417 ) ;
#4680 = EDGE_LOOP ( 'NONE', ( #445, #5130, #4104, #2218 ) ) ;
#4681 = ADVANCED_FACE ( 'NONE', ( #1340 ), #529, .T. ) ;
#4682 = DIRECTION ( 'NONE',  ( 1.000000000000000000, 0.000000000000000000, 0.000000000000000000 ) ) ;
#4683 = CARTESIAN_POINT ( 'NONE',  ( 6.999999999999999112, -18.50000000000000000, -2.050000000000000711 ) ) ;
#4684 = DIRECTION ( 'NONE',  ( 0.000000000000000000, 0.000000000000000000, -1.000000000000000000 ) ) ;
#4685 = AXIS2_PLACEMENT_3D ( 'NONE', #2020, #4008, #751 ) ;
#4686 = CARTESIAN_POINT ( 'NONE',  ( 31.93149620960825885, -68.76879022233030980, -1.585407266275557170 ) ) ;
#4687 = ORIENTED_EDGE ( 'NONE', *, *, #5249, .F. ) ;
#4688 = ADVANCED_FACE ( 'NONE', ( #811 ), #1697, .F. ) ;
#4689 = VERTEX_POINT ( 'NONE', #505 ) ;
#4690 = CARTESIAN_POINT ( 'NONE',  ( -8.000000000000000000, 0.000000000000000000, -48.00000000000000000 ) ) ;
#4691 = EDGE_LOOP ( 'NONE', ( #3273, #2384 ) ) ;
#4692 = CARTESIAN_POINT ( 'NONE',  ( 10.00000000000000000, 48.00000000000000000, 14.19999999999950369 ) ) ;
#4693 = EDGE_CURVE ( 'NONE', #2587, #2693, #4600, .T. ) ;
#4694 = FACE_OUTER_BOUND ( 'NONE', #3332, .T. ) ;
#4695 = DIRECTION ( 'NONE',  ( -1.000000000000000000, -0.000000000000000000, -0.000000000000000000 ) ) ;
#4696 = ORIENTED_EDGE ( 'NONE', *, *, #3838, .T. ) ;
#4697 = DIRECTION ( 'NONE',  ( 1.000000000000000000, 0.000000000000000000, 0.000000000000000000 ) ) ;
#4698 = AXIS2_PLACEMENT_3D ( 'NONE', #4956, #4617, #2042 ) ;
#4699 = ADVANCED_FACE ( 'NONE', ( #5030 ), #396, .F. ) ;
#4700 = DIRECTION ( 'NONE',  ( 0.000000000000000000, 0.000000000000000000, -1.000000000000000000 ) ) ;
#4701 = VERTEX_POINT ( 'NONE', #4922 ) ;
#4702 = ORIENTED_EDGE ( 'NONE', *, *, #2771, .F. ) ;
#4703 = CARTESIAN_POINT ( 'NONE',  ( 30.00000000000000000, 15.45741750196017605, -49.14814814814813815 ) ) ;
#4704 = CARTESIAN_POINT ( 'NONE',  ( 30.14240394730489569, -69.29020173896512347, 1.869838942782268143 ) ) ;
#4705 = DIRECTION ( 'NONE',  ( -1.000000000000000000, -0.000000000000000000, -0.000000000000000000 ) ) ;
#4706 = CARTESIAN_POINT ( 'NONE',  ( 32.00000000000000000, 12.92530568308831640, 25.96028645833332504 ) ) ;
#4707 = DIRECTION ( 'NONE',  ( 1.000000000000000000, 0.000000000000000000, 0.000000000000000000 ) ) ;
#4708 = ORIENTED_EDGE ( 'NONE', *, *, #221, .T. ) ;
#4709 = CARTESIAN_POINT ( 'NONE',  ( 12.00000000000000000, -18.00000000000004974, -2.000000000000002220 ) ) ;
#4710 = CARTESIAN_POINT ( 'NONE',  ( 0.000000000000000000, -13.81670607502544357, 27.75065104166666075 ) ) ;
#4711 = DIRECTION ( 'NONE',  ( 0.000000000000000000, -1.000000000000000000, 0.000000000000000000 ) ) ;
#4712 = CARTESIAN_POINT ( 'NONE',  ( 32.00000000000000000, -67.96428571428575083, -2.203603264414628615 ) ) ;
#4713 = VERTEX_POINT ( 'NONE', #2873 ) ;
#4714 = VERTEX_POINT ( 'NONE', #4520 ) ;
#4715 = CARTESIAN_POINT ( 'NONE',  ( 30.11795191652489834, -69.29523809523811906, 1.871713294710588560 ) ) ;
#4716 = PLANE ( 'NONE',  #2581 ) ;
#4717 = EDGE_CURVE ( 'NONE', #5163, #2942, #5258, .T. ) ;
#4718 = AXIS2_PLACEMENT_3D ( 'NONE', #3628, #4844, #1524 ) ;
#4719 = CARTESIAN_POINT ( 'NONE',  ( -8.000000000000000000, 48.00000000000000000, 8.673617379884035472E-15 ) ) ;
#4720 = ORIENTED_EDGE ( 'NONE', *, *, #4980, .T. ) ;
#4721 = CARTESIAN_POINT ( 'NONE',  ( 12.00000000000000000, 9.192388155425030405, -11.19238815542520626 ) ) ;
#4722 = EDGE_CURVE ( 'NONE', #4713, #1566, #5264, .T. ) ;
#4723 = DIRECTION ( 'NONE',  ( 0.000000000000000000, 0.6785714285714311567, 0.7345344214715380238 ) ) ;
#4724 = ORIENTED_EDGE ( 'NONE', *, *, #290, .T. ) ;
#4725 = ORIENTED_EDGE ( 'NONE', *, *, #3406, .F. ) ;
#4726 = CARTESIAN_POINT ( 'NONE',  ( 12.00000000000000000, -8.326672684688674053E-14, -12.00000000000001066 ) ) ;
#4727 = CARTESIAN_POINT ( 'NONE',  ( 31.65734161821205106, -69.07685399934173631, 2.628182984491527652 ) ) ;
#4728 = FACE_OUTER_BOUND ( 'NONE', #2950, .T. ) ;
#4729 = EDGE_CURVE ( 'NONE', #4888, #428, #1218, .T. ) ;
#4730 = FACE_OUTER_BOUND ( 'NONE', #754, .T. ) ;
#4731 = DIRECTION ( 'NONE',  ( 0.000000000000000000, 0.000000000000000000, 1.000000000000000000 ) ) ;
#4732 = ORIENTED_EDGE ( 'NONE', *, *, #1819, .T. ) ;
#4733 = DIRECTION ( 'NONE',  ( 1.000000000000000000, -0.000000000000000000, -0.000000000000000000 ) ) ;
#4734 = DIRECTION ( 'NONE',  ( -1.000000000000000000, -0.000000000000000000, -0.000000000000000000 ) ) ;
#4735 = DIRECTION ( 'NONE',  ( -1.000000000000000000, 0.000000000000000000, 0.000000000000000000 ) ) ;
#4736 = CARTESIAN_POINT ( 'NONE',  ( 30.50392782930278202, -69.92302087928138121, -2.117646101928210900 ) ) ;
#4737 = ORIENTED_EDGE ( 'NONE', *, *, #173, .T. ) ;
#4738 = AXIS2_PLACEMENT_3D ( 'NONE', #3491, #4320, #4262 ) ;
#4739 = CIRCLE ( 'NONE', #87, 4.999999999999997335 ) ;
#4740 = CARTESIAN_POINT ( 'NONE',  ( 12.00000000000000000, 22.00000000000000000, -1.942890293094023946E-13 ) ) ;
#4741 = CIRCLE ( 'NONE', #2052, 17.50000000000000711 ) ;
#4742 = LINE ( 'NONE', #3850, #1290 ) ;
#4743 = VECTOR ( 'NONE', #3987, 1000.000000000000000 ) ;
#4744 = CIRCLE ( 'NONE', #2922, 1.999999999999998446 ) ;
#4745 = EDGE_CURVE ( 'NONE', #4029, #3457, #969, .T. ) ;
#4746 = DIRECTION ( 'NONE',  ( 0.000000000000000000, 0.000000000000000000, 1.000000000000000000 ) ) ;
#4747 = ORIENTED_EDGE ( 'NONE', *, *, #236, .F. ) ;
#4748 = DIRECTION ( 'NONE',  ( 0.000000000000000000, -2.664535259100375697E-15, -1.000000000000000000 ) ) ;
#4749 = CIRCLE ( 'NONE', #104, 17.50000000000000000 ) ;
#4750 = DIRECTION ( 'NONE',  ( 0.000000000000000000, 0.000000000000000000, -1.000000000000000000 ) ) ;
#4751 = ORIENTED_EDGE ( 'NONE', *, *, #947, .F. ) ;
#4752 = ORIENTED_EDGE ( 'NONE', *, *, #4447, .F. ) ;
#4753 = EDGE_CURVE ( 'NONE', #33, #3603, #4317, .T. ) ;
#4754 = CARTESIAN_POINT ( 'NONE',  ( 32.00000000000000000, 0.000000000000000000, 62.20000000000000284 ) ) ;
#4755 = CIRCLE ( 'NONE', #537, 14.20000000000000462 ) ;
#4756 = CARTESIAN_POINT ( 'NONE',  ( 32.00000000000000000, -68.64285714285715301, 1.469068842943073383 ) ) ;
#4757 = DIRECTION ( 'NONE',  ( 0.000000000000000000, 0.000000000000000000, -1.000000000000000000 ) ) ;
#4758 = CARTESIAN_POINT ( 'NONE',  ( 12.00000000000000000, 14.84924240491741720, -12.84924240491772096 ) ) ;
#4759 = CARTESIAN_POINT ( 'NONE',  ( 10.00000000000000000, -48.00000000000000000, 3.149999999999997247 ) ) ;
#4760 = ORIENTED_EDGE ( 'NONE', *, *, #5301, .T. ) ;
#4761 = CIRCLE ( 'NONE', #2422, 2.000000000000074607 ) ;
#4762 = AXIS2_PLACEMENT_3D ( 'NONE', #4933, #768, #3638 ) ;
#4763 = ADVANCED_FACE ( 'NONE', ( #973 ), #354, .T. ) ;
#4764 = DIRECTION ( 'NONE',  ( 0.000000000000000000, 0.07407407407407712308, 0.9972527420619449190 ) ) ;
#4765 = CARTESIAN_POINT ( 'NONE',  ( 32.00000000000000000, -48.00000000000000000, -15.49999999999984013 ) ) ;
#4766 = FACE_OUTER_BOUND ( 'NONE', #4941, .T. ) ;
#4767 = DIRECTION ( 'NONE',  ( 1.000000000000000000, 0.000000000000000000, 0.000000000000000000 ) ) ;
#4768 = ADVANCED_FACE ( 'NONE', ( #3482 ), #4962, .T. ) ;
#4769 = CARTESIAN_POINT ( 'NONE',  ( 12.00000000000000000, 9.192388155425030405, -11.19238815542520626 ) ) ;
#4770 = AXIS2_PLACEMENT_3D ( 'NONE', #156, #3499, #2294 ) ;
#4771 = DIRECTION ( 'NONE',  ( 6.080567184022863470E-16, 0.7010416666666663410, -0.7131203135497001799 ) ) ;
#4772 = EDGE_LOOP ( 'NONE', ( #3805, #2979, #151, #3308, #1435, #931, #3600, #2453, #3465, #3614 ) ) ;
#4773 = CARTESIAN_POINT ( 'NONE',  ( 0.000000000000000000, 13.81670607502544179, -27.75065104166666430 ) ) ;
#4774 = DIRECTION ( 'NONE',  ( 0.000000000000000000, 0.000000000000000000, -1.000000000000000000 ) ) ;
#4775 = VERTEX_POINT ( 'NONE', #1367 ) ;
#4776 = ORIENTED_EDGE ( 'NONE', *, *, #3907, .F. ) ;
#4777 = DIRECTION ( 'NONE',  ( 0.000000000000000000, 0.000000000000000000, 1.000000000000000000 ) ) ;
#4778 = FACE_OUTER_BOUND ( 'NONE', #988, .T. ) ;
#4779 = DIRECTION ( 'NONE',  ( 0.000000000000000000, 0.000000000000000000, 1.000000000000000000 ) ) ;
#4780 = CYLINDRICAL_SURFACE ( 'NONE', #4068, 4.999999999999997335 ) ;
#4781 = EDGE_CURVE ( 'NONE', #144, #958, #3975, .T. ) ;
#4782 = DIRECTION ( 'NONE',  ( 0.000000000000000000, 0.000000000000000000, -1.000000000000000000 ) ) ;
#4783 = ORIENTED_EDGE ( 'NONE', *, *, #4499, .F. ) ;
#4784 = DIRECTION ( 'NONE',  ( 1.000000000000000000, 0.000000000000000000, 0.000000000000000000 ) ) ;
#4785 = CARTESIAN_POINT ( 'NONE',  ( -8.000000000000000000, 6.735557395310442023E-16, 5.500000000000000000 ) ) ;
#4786 = CARTESIAN_POINT ( 'NONE',  ( 12.00000000000000000, -12.02081528017120959, 10.02081528017130196 ) ) ;
#4787 = CIRCLE ( 'NONE', #2285, 17.50000000000000711 ) ;
#4788 = FACE_OUTER_BOUND ( 'NONE', #123, .T. ) ;
#4789 = ADVANCED_FACE ( 'NONE', ( #2995 ), #3421, .F. ) ;
#4790 = AXIS2_PLACEMENT_3D ( 'NONE', #2142, #513, #4105 ) ;
#4791 = EDGE_CURVE ( 'NONE', #3564, #3364, #4227, .T. ) ;
#4792 = DIRECTION ( 'NONE',  ( 1.000000000000000000, 0.000000000000000000, 0.000000000000000000 ) ) ;
#4793 = ORIENTED_EDGE ( 'NONE', *, *, #4823, .T. ) ;
#4794 = DIRECTION ( 'NONE',  ( 0.000000000000000000, 0.000000000000000000, 1.000000000000000000 ) ) ;
#4795 = DIRECTION ( 'NONE',  ( 0.000000000000000000, 0.8951822916666667407, -0.4457001959685623071 ) ) ;
#4796 = VERTEX_POINT ( 'NONE', #5297 ) ;
#4797 = VERTEX_POINT ( 'NONE', #3984 ) ;
#4798 = CARTESIAN_POINT ( 'NONE',  ( 32.00000000000000000, 13.99999999999999822, 1.999999999999911626 ) ) ;
#4799 = DIRECTION ( 'NONE',  ( 1.000000000000000000, 0.000000000000000000, 0.000000000000000000 ) ) ;
#4800 = DIRECTION ( 'NONE',  ( 1.000000000000000000, -0.000000000000000000, 0.000000000000000000 ) ) ;
#4801 = CARTESIAN_POINT ( 'NONE',  ( 32.00000000000000000, 32.22656250000015632, 16.04520705486791954 ) ) ;
#4802 = DIRECTION ( 'NONE',  ( 0.000000000000000000, 0.000000000000000000, 1.000000000000000000 ) ) ;
#4803 = VERTEX_POINT ( 'NONE', #2766 ) ;
#4804 = FACE_OUTER_BOUND ( 'NONE', #5299, .T. ) ;
#4805 = EDGE_CURVE ( 'NONE', #2160, #3564, #3099, .T. ) ;
#4806 = PRESENTATION_STYLE_ASSIGNMENT (( #3982 ) ) ;
#4807 = LINE ( 'NONE', #2790, #4932 ) ;
#4808 = CARTESIAN_POINT ( 'NONE',  ( -8.000000000000000000, -17.45192298608404968, 49.29629629629628340 ) ) ;
#4809 = EDGE_LOOP ( 'NONE', ( #4924, #3715, #1773, #1193 ) ) ;
#4810 = ADVANCED_FACE ( 'NONE', ( #3111, #3541 ), #673, .T. ) ;
#4811 = VERTEX_POINT ( 'NONE', #726 ) ;
#4812 = CARTESIAN_POINT ( 'NONE',  ( -8.000000000000000000, -68.94285714285716438, 2.807569942065886170 ) ) ;
#4813 = EDGE_CURVE ( 'NONE', #47, #4796, #5174, .T. ) ;
#4814 = AXIS2_PLACEMENT_3D ( 'NONE', #172, #4697, #1793 ) ;
#4815 = AXIS2_PLACEMENT_3D ( 'NONE', #3175, #3731, #381 ) ;
#4816 = DIRECTION ( 'NONE',  ( 1.000000000000000000, 0.000000000000000000, 0.000000000000000000 ) ) ;
#4817 = TOROIDAL_SURFACE ( 'NONE', #3964, 7.000000000000000000, 2.000000000000000000 ) ;
#4818 = ORIENTED_EDGE ( 'NONE', *, *, #4693, .T. ) ;
#4819 = CARTESIAN_POINT ( 'NONE',  ( 32.00000000000000000, -37.13385416666669414, -11.05336486002022056 ) ) ;
#4820 = AXIS2_PLACEMENT_3D ( 'NONE', #2897, #3793, #4143 ) ;
#4821 = DIRECTION ( 'NONE',  ( 0.000000000000000000, 0.4457001959685623071, 0.8951822916666667407 ) ) ;
#4822 = ORIENTED_EDGE ( 'NONE', *, *, #1599, .T. ) ;
#4823 = EDGE_CURVE ( 'NONE', #4043, #4137, #4416, .T. ) ;
#4824 = CARTESIAN_POINT ( 'NONE',  ( 32.00000000000000000, -48.00000000000000000, 1.675911042644704011E-13 ) ) ;
#4825 = DIRECTION ( 'NONE',  ( 1.000000000000000000, 0.000000000000000000, 0.000000000000000000 ) ) ;
#4826 = TOROIDAL_SURFACE ( 'NONE', #1712, 7.000000000000000000, 2.000000000000000000 ) ;
#4827 = DIRECTION ( 'NONE',  ( 0.000000000000000000, 0.000000000000000000, 1.000000000000000000 ) ) ;
#4828 = DIRECTION ( 'NONE',  ( -1.000000000000000000, -0.000000000000000000, -0.000000000000000000 ) ) ;
#4829 = CARTESIAN_POINT ( 'NONE',  ( 2.000000000000000000, -69.94202898550727809, -2.848259361516116250 ) ) ;
#4830 = VERTEX_POINT ( 'NONE', #4808 ) ;
#4831 = AXIS2_PLACEMENT_3D ( 'NONE', #1084, #2712, #5220 ) ;
#4832 = CARTESIAN_POINT ( 'NONE',  ( 12.00000000000000000, 14.84924240491741720, -16.84924240491766767 ) ) ;
#4833 = CYLINDRICAL_SURFACE ( 'NONE', #2943, 4.999999999999997335 ) ;
#4834 = CARTESIAN_POINT ( 'NONE',  ( 32.00000000000000000, 9.192388155425030405, -11.19238815542520626 ) ) ;
#4835 = DIRECTION ( 'NONE',  ( 0.000000000000000000, 0.000000000000000000, 1.000000000000000000 ) ) ;
#4836 = VERTEX_POINT ( 'NONE', #4009 ) ;
#4837 = ORIENTED_EDGE ( 'NONE', *, *, #5254, .T. ) ;
#4838 = ADVANCED_FACE ( 'NONE', ( #1571 ), #3184, .F. ) ;
#4839 = AXIS2_PLACEMENT_3D ( 'NONE', #183, #1807, #1019 ) ;
#4840 = ORIENTED_EDGE ( 'NONE', *, *, #3239, .T. ) ;
#4841 = DIRECTION ( 'NONE',  ( 0.000000000000000000, 0.000000000000000000, -1.000000000000000000 ) ) ;
#4842 = EDGE_CURVE ( 'NONE', #4141, #2482, #3980, .T. ) ;
#4843 = AXIS2_PLACEMENT_3D ( 'NONE', #2005, #2460, #2896 ) ;
#4844 = DIRECTION ( 'NONE',  ( -1.000000000000000000, 0.000000000000000000, -0.000000000000000000 ) ) ;
#4845 = ORIENTED_EDGE ( 'NONE', *, *, #363, .F. ) ;
#4846 = FACE_OUTER_BOUND ( 'NONE', #2714, .T. ) ;
#4847 = AXIS2_PLACEMENT_3D ( 'NONE', #2380, #4862, #365 ) ;
#4848 = EDGE_CURVE ( 'NONE', #152, #3942, #2852, .T. ) ;
#4849 = CARTESIAN_POINT ( 'NONE',  ( 32.00000000000000000, 32.22656249999982947, -16.04520705486859100 ) ) ;
#4850 = ORIENTED_EDGE ( 'NONE', *, *, #2368, .T. ) ;
#4851 = CIRCLE ( 'NONE', #2518, 2.000000000000001776 ) ;
#4852 = DIRECTION ( 'NONE',  ( 0.000000000000000000, 0.000000000000000000, -1.000000000000000000 ) ) ;
#4853 = LINE ( 'NONE', #4054, #3298 ) ;
#4854 = FACE_OUTER_BOUND ( 'NONE', #4543, .T. ) ;
#4855 = LINE ( 'NONE', #4456, #4893 ) ;
#4856 = ADVANCED_FACE ( 'NONE', ( #2737 ), #3137, .F. ) ;
#4857 = DIRECTION ( 'NONE',  ( 1.000000000000000000, 0.000000000000000000, 0.000000000000000000 ) ) ;
#4858 = ORIENTED_EDGE ( 'NONE', *, *, #829, .T. ) ;
#4859 = ORIENTED_EDGE ( 'NONE', *, *, #504, .T. ) ;
#4860 = FACE_BOUND ( 'NONE', #3066, .T. ) ;
#4861 = DIRECTION ( 'NONE',  ( 1.000000000000000000, 0.000000000000000000, 0.000000000000000000 ) ) ;
#4862 = DIRECTION ( 'NONE',  ( 1.000000000000000000, 0.000000000000000000, 0.000000000000000000 ) ) ;
#4863 = CARTESIAN_POINT ( 'NONE',  ( 30.00000000000000000, -11.05336486002035379, -37.13385416666665861 ) ) ;
#4864 = AXIS2_PLACEMENT_3D ( 'NONE', #4513, #441, #826 ) ;
#4865 = EDGE_LOOP ( 'NONE', ( #416, #1095, #220, #393, #1374 ) ) ;
#4866 = ORIENTED_EDGE ( 'NONE', *, *, #3853, .F. ) ;
#4867 = DIRECTION ( 'NONE',  ( 0.000000000000000000, 0.000000000000000000, 1.000000000000000000 ) ) ;
#4868 = EDGE_CURVE ( 'NONE', #676, #4714, #1057, .T. ) ;
#4869 = FACE_OUTER_BOUND ( 'NONE', #2972, .T. ) ;
#4870 = CYLINDRICAL_SURFACE ( 'NONE', #4395, 1.999999999999974021 ) ;
#4871 = CIRCLE ( 'NONE', #1350, 3.150000000000000355 ) ;
#4872 = CARTESIAN_POINT ( 'NONE',  ( -8.000000000000000000, 48.00000000000000000, 3.150000000000009237 ) ) ;
#4873 = ORIENTED_EDGE ( 'NONE', *, *, #3277, .F. ) ;
#4874 = FACE_BOUND ( 'NONE', #544, .T. ) ;
#4875 = ADVANCED_FACE ( 'NONE', ( #4788 ), #1519, .F. ) ;
#4876 = FACE_OUTER_BOUND ( 'NONE', #2788, .T. ) ;
#4877 = LINE ( 'NONE', #716, #1573 ) ;
#4878 = CARTESIAN_POINT ( 'NONE',  ( 0.000000000000000000, 0.000000000000000000, 0.000000000000000000 ) ) ;
#4879 = DIRECTION ( 'NONE',  ( 0.000000000000000000, 0.000000000000000000, -1.000000000000000000 ) ) ;
#4880 = EDGE_LOOP ( 'NONE', ( #2009, #1234, #3804, #2280 ) ) ;
#4881 = AXIS2_PLACEMENT_3D ( 'NONE', #4397, #4792, #350 ) ;
#4882 = FACE_BOUND ( 'NONE', #2435, .T. ) ;
#4883 = EDGE_CURVE ( 'NONE', #2910, #133, #1631, .T. ) ;
#4884 = DIRECTION ( 'NONE',  ( 1.000000000000000000, 0.000000000000000000, 0.000000000000000000 ) ) ;
#4885 = DIRECTION ( 'NONE',  ( 0.000000000000000000, 0.000000000000000000, 1.000000000000000000 ) ) ;
#4886 = CIRCLE ( 'NONE', #414, 6.999999999999999112 ) ;
#4887 = CARTESIAN_POINT ( 'NONE',  ( 32.00000000000000000, -12.92530568308831640, 25.96028645833332504 ) ) ;
#4888 = VERTEX_POINT ( 'NONE', #1183 ) ;
#4889 = AXIS2_PLACEMENT_3D ( 'NONE', #2724, #2340, #4750 ) ;
#4890 = ORIENTED_EDGE ( 'NONE', *, *, #345, .F. ) ;
#4891 = ORIENTED_EDGE ( 'NONE', *, *, #2543, .T. ) ;
#4892 = DIRECTION ( 'NONE',  ( -1.000000000000000000, -0.000000000000000000, -0.000000000000000000 ) ) ;
#4893 = VECTOR ( 'NONE', #4356, 1000.000000000000000 ) ;
#4894 = AXIS2_PLACEMENT_3D ( 'NONE', #4551, #4148, #3349 ) ;
#4895 = ORIENTED_EDGE ( 'NONE', *, *, #2172, .T. ) ;
#4896 = DIRECTION ( 'NONE',  ( 0.000000000000000000, 1.982541115402065307E-15, -1.000000000000000000 ) ) ;
#4897 = DIRECTION ( 'NONE',  ( 0.000000000000000000, 0.000000000000000000, -1.000000000000000000 ) ) ;
#4898 = VECTOR ( 'NONE', #2366, 1000.000000000000000 ) ;
#4899 = ADVANCED_FACE ( 'NONE', ( #1994 ), #4035, .T. ) ;
#4900 = CARTESIAN_POINT ( 'NONE',  ( -8.000000000000000000, 0.000000000000000000, 0.000000000000000000 ) ) ;
#4901 = VERTEX_POINT ( 'NONE', #3645 ) ;
#4902 = AXIS2_PLACEMENT_3D ( 'NONE', #4726, #3973, #3558 ) ;
#4903 = AXIS2_PLACEMENT_3D ( 'NONE', #1250, #41, #1661 ) ;
#4904 = DIRECTION ( 'NONE',  ( 1.000000000000000000, 0.000000000000000000, 0.000000000000000000 ) ) ;
#4905 = FACE_OUTER_BOUND ( 'NONE', #1515, .T. ) ;
#4906 = AXIS2_PLACEMENT_3D ( 'NONE', #454, #3293, #80 ) ;
#4907 = ADVANCED_FACE ( 'NONE', ( #2301 ), #3953, .T. ) ;
#4908 = DIRECTION ( 'NONE',  ( 1.000000000000000000, -0.000000000000000000, 0.000000000000000000 ) ) ;
#4909 = ORIENTED_EDGE ( 'NONE', *, *, #2561, .F. ) ;
#4910 = ORIENTED_EDGE ( 'NONE', *, *, #3023, .T. ) ;
#4911 = FACE_BOUND ( 'NONE', #1364, .T. ) ;
#4912 = CARTESIAN_POINT ( 'NONE',  ( 12.00000000000000000, -1.110223024625156540E-13, -20.00000000000007461 ) ) ;
#4913 = ORIENTED_EDGE ( 'NONE', *, *, #4722, .F. ) ;
#4914 = CARTESIAN_POINT ( 'NONE',  ( 30.00000000000000000, 37.13385416666677941, 11.05336486001997010 ) ) ;
#4915 = AXIS2_PLACEMENT_3D ( 'NONE', #4150, #844, #795 ) ;
#4916 = CARTESIAN_POINT ( 'NONE',  ( 12.00000000000000000, -10.00000000000000888, 2.000000000000028866 ) ) ;
#4917 = VERTEX_POINT ( 'NONE', #4113 ) ;
#4918 = VERTEX_POINT ( 'NONE', #4887 ) ;
#4919 = CIRCLE ( 'NONE', #1720, 1.999999999999998446 ) ;
#4920 = EDGE_CURVE ( 'NONE', #47, #4830, #497, .T. ) ;
#4921 = ORIENTED_EDGE ( 'NONE', *, *, #4621, .T. ) ;
#4922 = CARTESIAN_POINT ( 'NONE',  ( 30.00000000000000000, -54.22324159021396639, 24.49673593459524668 ) ) ;
#4923 = AXIS2_PLACEMENT_3D ( 'NONE', #3642, #4440, #750 ) ;
#4924 = ORIENTED_EDGE ( 'NONE', *, *, #4920, .F. ) ;
#4925 = CARTESIAN_POINT ( 'NONE',  ( 32.00000000000000000, 48.00000000000000000, 14.19999999999950013 ) ) ;
#4926 = DIRECTION ( 'NONE',  ( 0.000000000000000000, 0.000000000000000000, 1.000000000000000000 ) ) ;
#4927 = CARTESIAN_POINT ( 'NONE',  ( 32.00000000000000000, -1.107773731026861837E-13, -18.00000000000003908 ) ) ;
#4928 = ORIENTED_EDGE ( 'NONE', *, *, #216, .T. ) ;
#4929 = CIRCLE ( 'NONE', #729, 28.99999999999999645 ) ;
#4930 = DIRECTION ( 'NONE',  ( 0.000000000000000000, -1.000000000000000000, 3.491481338843132566E-15 ) ) ;
#4931 = FACE_OUTER_BOUND ( 'NONE', #4092, .T. ) ;
#4932 = VECTOR ( 'NONE', #4415, 1000.000000000000000 ) ;
#4933 = CARTESIAN_POINT ( 'NONE',  ( -18.00000000000001421, 0.000000000000000000, 0.000000000000000000 ) ) ;
#4934 = ORIENTED_EDGE ( 'NONE', *, *, #1596, .F. ) ;
#4935 = ORIENTED_EDGE ( 'NONE', *, *, #1062, .F. ) ;
#4936 = CARTESIAN_POINT ( 'NONE',  ( -8.000000000000000000, 22.43818669639379237, 54.66666666666665719 ) ) ;
#4937 = DIRECTION ( 'NONE',  ( 1.000000000000000000, 0.000000000000000000, 0.000000000000000000 ) ) ;
#4938 = LINE ( 'NONE', #3328, #2002 ) ;
#4939 = EDGE_CURVE ( 'NONE', #1592, #4326, #2045, .T. ) ;
#4940 = CARTESIAN_POINT ( 'NONE',  ( 30.00000000000000000, -25.96028645833328241, 12.92530568308840699 ) ) ;
#4941 = EDGE_LOOP ( 'NONE', ( #2240, #2004, #385, #691 ) ) ;
#4942 = ADVANCED_FACE ( 'NONE', ( #4157 ), #1303, .F. ) ;
#4943 = ADVANCED_FACE ( 'NONE', ( #443 ), #470, .F. ) ;
#4944 = DIRECTION ( 'NONE',  ( -1.000000000000000000, 0.000000000000000000, 0.000000000000000000 ) ) ;
#4945 = DIRECTION ( 'NONE',  ( 0.000000000000000000, 1.427429603089486485E-14, 1.000000000000000000 ) ) ;
#4946 = LINE ( 'NONE', #1263, #4898 ) ;
#4947 = ORIENTED_EDGE ( 'NONE', *, *, #1456, .F. ) ;
#4948 = CIRCLE ( 'NONE', #353, 5.000000000000000888 ) ;
#4949 = DIRECTION ( 'NONE',  ( 1.000000000000000000, -0.000000000000000000, -0.000000000000000000 ) ) ;
#4950 = CARTESIAN_POINT ( 'NONE',  ( -8.000000000000000000, 48.00000000000000000, 17.49999999999950617 ) ) ;
#4951 = AXIS2_PLACEMENT_3D ( 'NONE', #1769, #3885, #3088 ) ;
#4952 = CARTESIAN_POINT ( 'NONE',  ( 10.00000000000000000, -5.685768424187408956E-15, 51.14999999999999858 ) ) ;
#4953 = ORIENTED_EDGE ( 'NONE', *, *, #3597, .F. ) ;
#4954 = VERTEX_POINT ( 'NONE', #4536 ) ;
#4955 = FACE_BOUND ( 'NONE', #1929, .T. ) ;
#4956 = CARTESIAN_POINT ( 'NONE',  ( 30.00000000000000000, 48.00000000000000000, -5.027733127934112032E-13 ) ) ;
#4957 = CARTESIAN_POINT ( 'NONE',  ( 30.00000000000000000, -49.66666666666657193, 22.43818669639396646 ) ) ;
#4958 = DIRECTION ( 'NONE',  ( 0.000000000000000000, -0.4457001959685657488, -0.8951822916666649643 ) ) ;
#4959 = ORIENTED_EDGE ( 'NONE', *, *, #208, .T. ) ;
#4960 = EDGE_LOOP ( 'NONE', ( #4210, #3773, #1494, #519 ) ) ;
#4961 = AXIS2_PLACEMENT_3D ( 'NONE', #1978, #3142, #2773 ) ;
#4962 =( BOUNDED_SURFACE ( )  B_SPLINE_SURFACE ( 3, 2, ( 
 ( #3026, #1053, #4712 ),
 ( #533, #4686, #999 ),
 ( #3930, #2569, #5168 ),
 ( #1422, #2687, #1472 ),
 ( #2627, #1838, #563 ),
 ( #4337, #5143, #3874 ),
 ( #239, #1813, #1447 ),
 ( #1024, #1862, #4626 ),
 ( #217, #2655, #3507 ),
 ( #2600, #3905, #163 ),
 ( #3454, #4251, #1395 ),
 ( #3079, #4736, #943 ),
 ( #4220, #2162, #3817 ),
 ( #137, #3846, #5056 ) ),
 .UNSPECIFIED., .F., .F., .T. ) 
 B_SPLINE_SURFACE_WITH_KNOTS ( ( 4, 2, 2, 2, 2, 2, 4 ),
 ( 3, 3 ),
 ( -8.673617379884035472E-19, 0.0004223113924422316817, 0.0006334670886633479020, 0.0008446227848844642307, 0.001055778481105580559, 0.001266934177326696671, 0.001689245569768929329 ),
 ( 0.000000000000000000, 1.000000000000000000 ),
 .UNSPECIFIED. ) 
 GEOMETRIC_REPRESENTATION_ITEM ( )  RATIONAL_B_SPLINE_SURFACE ( (
 ( 1.000000000000000000, 0.7071067811865494601, 1.000000000000000000),
 ( 1.000000000000000000, 0.7321780320224938743, 1.000000000000000000),
 ( 1.000000000000000000, 0.7525842458473744889, 1.000000000000000000),
 ( 1.000000000000000000, 0.7763535558931169422, 1.000000000000000000),
 ( 1.000000000000000000, 0.7831357417722586423, 1.000000000000000000),
 ( 1.000000000000000000, 0.7940000877627708675, 1.000000000000000000),
 ( 1.000000000000000000, 0.7981857792564293064, 1.000000000000000000),
 ( 1.000000000000000000, 0.8045478071230001138, 1.000000000000000000),
 ( 1.000000000000000000, 0.8066226831064046143, 1.000000000000000000),
 ( 1.000000000000000000, 0.8093718651286511134, 1.000000000000000000),
 ( 1.000000000000000000, 0.8100523977497290362, 1.000000000000000000),
 ( 1.000000000000000000, 0.8110422486302795164, 1.000000000000000000),
 ( 1.000000000000000000, 0.8104680667782265813, 1.000000000000000000),
 ( 1.000000000000000000, 0.8105583451657715210, 1.000000000000000000) ) ) 
 REPRESENTATION_ITEM ( '' )  SURFACE ( )  );
#4963 = EDGE_CURVE ( 'NONE', #490, #1990, #4067, .T. ) ;
#4964 = DIRECTION ( 'NONE',  ( -1.000000000000000000, 0.000000000000000000, 0.000000000000000000 ) ) ;
#4965 = ORIENTED_EDGE ( 'NONE', *, *, #1423, .T. ) ;
#4966 = EDGE_CURVE ( 'NONE', #5080, #3671, #4919, .T. ) ;
#4967 = FACE_OUTER_BOUND ( 'NONE', #1802, .T. ) ;
#4968 = ORIENTED_EDGE ( 'NONE', *, *, #2851, .T. ) ;
#4969 = DIRECTION ( 'NONE',  ( 0.000000000000000000, 0.000000000000000000, -1.000000000000000000 ) ) ;
#4970 = AXIS2_PLACEMENT_3D ( 'NONE', #282, #659, #1093 ) ;
#4971 = CARTESIAN_POINT ( 'NONE',  ( 32.00000000000000000, -12.02081528017120959, 14.02081528017145118 ) ) ;
#4972 = EDGE_CURVE ( 'NONE', #2210, #177, #3695, .T. ) ;
#4973 = CARTESIAN_POINT ( 'NONE',  ( 12.00000000000000000, -18.00000000000004974, -2.000000000000002220 ) ) ;
#4974 = ORIENTED_EDGE ( 'NONE', *, *, #3097, .F. ) ;
#4975 = CARTESIAN_POINT ( 'NONE',  ( 12.00000000000000000, -7.778174593052051833, -7.778174593051994989 ) ) ;
#4976 = TOROIDAL_SURFACE ( 'NONE', #3170, 68.00000000000001421, 2.000000000000000000 ) ;
#4977 = DIRECTION ( 'NONE',  ( -1.000000000000000000, -0.000000000000000000, -0.000000000000000000 ) ) ;
#4978 = AXIS2_PLACEMENT_3D ( 'NONE', #3169, #4399, #708 ) ;
#4979 = AXIS2_PLACEMENT_3D ( 'NONE', #1282, #740, #4453 ) ;
#4980 = EDGE_CURVE ( 'NONE', #3941, #1186, #4749, .T. ) ;
#4981 = DIRECTION ( 'NONE',  ( 1.000000000000000000, 0.000000000000000000, 0.000000000000000000 ) ) ;
#4982 = ORIENTED_EDGE ( 'NONE', *, *, #302, .F. ) ;
#4983 = ORIENTED_EDGE ( 'NONE', *, *, #4225, .F. ) ;
#4984 = VERTEX_POINT ( 'NONE', #5320 ) ;
#4985 = CARTESIAN_POINT ( 'NONE',  ( 12.00000000000000000, -18.00000000000004974, 5.551115123125782702E-14 ) ) ;
#4986 = CIRCLE ( 'NONE', #4138, 5.000000000000004441 ) ;
#4987 = FACE_OUTER_BOUND ( 'NONE', #2565, .T. ) ;
#4988 = CIRCLE ( 'NONE', #2402, 61.49999999999999289 ) ;
#4989 = FACE_OUTER_BOUND ( 'NONE', #4108, .T. ) ;
#4990 = ORIENTED_EDGE ( 'NONE', *, *, #1972, .F. ) ;
#4991 = ORIENTED_EDGE ( 'NONE', *, *, #4134, .T. ) ;
#4992 = ORIENTED_EDGE ( 'NONE', *, *, #2785, .T. ) ;
#4993 = AXIS2_PLACEMENT_3D ( 'NONE', #1371, #3000, #4255 ) ;
#4994 = ORIENTED_EDGE ( 'NONE', *, *, #3674, .T. ) ;
#4995 = CARTESIAN_POINT ( 'NONE',  ( 12.00000000000000000, -12.02081528017120959, 12.02081528017137657 ) ) ;
#4996 = AXIS2_PLACEMENT_3D ( 'NONE', #1805, #1830, #2243 ) ;
#4997 = CARTESIAN_POINT ( 'NONE',  ( 30.00000000000000000, 49.66666666666688457, 17.43818669639327013 ) ) ;
#4998 = ADVANCED_FACE ( 'NONE', ( #21 ), #67, .F. ) ;
#4999 = VERTEX_POINT ( 'NONE', #1642 ) ;
#5000 = EDGE_LOOP ( 'NONE', ( #4593, #1304, #3258, #475 ) ) ;
#5001 = CIRCLE ( 'NONE', #1981, 17.50000000000000711 ) ;
#5002 = CARTESIAN_POINT ( 'NONE',  ( 32.00000000000000000, -32.22656249999993605, 16.04520705486836718 ) ) ;
#5003 = CARTESIAN_POINT ( 'NONE',  ( -11.99999999999999822, -48.00000000000000000, 3.149999999999997247 ) ) ;
#5004 = EDGE_CURVE ( 'NONE', #818, #2808, #2062, .T. ) ;
#5005 = AXIS2_PLACEMENT_3D ( 'NONE', #1493, #4411, #4731 ) ;
#5006 = DIRECTION ( 'NONE',  ( 1.000000000000000000, 0.000000000000000000, 0.000000000000000000 ) ) ;
#5007 = VERTEX_POINT ( 'NONE', #3668 ) ;
#5008 = DIRECTION ( 'NONE',  ( 0.000000000000000000, 0.000000000000000000, -1.000000000000000000 ) ) ;
#5009 = DIRECTION ( 'NONE',  ( 1.000000000000000000, 0.000000000000000000, 0.000000000000000000 ) ) ;
#5010 = AXIS2_PLACEMENT_3D ( 'NONE', #3474, #157, #939 ) ;
#5011 = EDGE_CURVE ( 'NONE', #5104, #621, #1975, .T. ) ;
#5012 = FACE_OUTER_BOUND ( 'NONE', #3613, .T. ) ;
#5013 = ORIENTED_EDGE ( 'NONE', *, *, #2939, .F. ) ;
#5014 = ORIENTED_EDGE ( 'NONE', *, *, #2803, .T. ) ;
#5015 = VERTEX_POINT ( 'NONE', #3329 ) ;
#5016 = AXIS2_PLACEMENT_3D ( 'NONE', #1173, #3636, #4055 ) ;
#5017 = AXIS2_PLACEMENT_3D ( 'NONE', #453, #3268, #1260 ) ;
#5018 = VERTEX_POINT ( 'NONE', #1204 ) ;
#5019 = DIRECTION ( 'NONE',  ( 0.000000000000000000, 1.982541115402065307E-15, -1.000000000000000000 ) ) ;
#5020 = ORIENTED_EDGE ( 'NONE', *, *, #3724, .F. ) ;
#5021 = FACE_OUTER_BOUND ( 'NONE', #3771, .T. ) ;
#5022 = ADVANCED_FACE ( 'NONE', ( #4989 ), #2532, .F. ) ;
#5023 = CARTESIAN_POINT ( 'NONE',  ( 32.00000000000000000, 11.05336486002035379, -37.13385416666665861 ) ) ;
#5024 = ORIENTED_EDGE ( 'NONE', *, *, #944, .F. ) ;
#5025 = CARTESIAN_POINT ( 'NONE',  ( 32.00000000000000000, 48.00000000000000000, -14.20000000000050555 ) ) ;
#5026 = ORIENTED_EDGE ( 'NONE', *, *, #402, .T. ) ;
#5027 = ORIENTED_EDGE ( 'NONE', *, *, #1001, .T. ) ;
#5028 = DIRECTION ( 'NONE',  ( 0.000000000000000000, 0.000000000000000000, -1.000000000000000000 ) ) ;
#5029 = VECTOR ( 'NONE', #4156, 1000.000000000000000 ) ;
#5030 = FACE_OUTER_BOUND ( 'NONE', #2398, .T. ) ;
#5031 = VERTEX_POINT ( 'NONE', #804 ) ;
#5032 = ORIENTED_EDGE ( 'NONE', *, *, #1265, .F. ) ;
#5033 = AXIS2_PLACEMENT_3D ( 'NONE', #468, #4937, #4588 ) ;
#5034 = DIRECTION ( 'NONE',  ( 0.000000000000000000, 0.000000000000000000, -1.000000000000000000 ) ) ;
#5035 = CARTESIAN_POINT ( 'NONE',  ( 10.00000000000000000, 0.000000000000000000, -48.00000000000000000 ) ) ;
#5036 = LINE ( 'NONE', #143, #5134 ) ;
#5037 = EDGE_LOOP ( 'NONE', ( #2432, #4687, #4531, #3112 ) ) ;
#5038 = EDGE_CURVE ( 'NONE', #3094, #2261, #972, .T. ) ;
#5039 = DIRECTION ( 'NONE',  ( 0.000000000000000000, -1.586032892321651496E-15, -1.000000000000000000 ) ) ;
#5040 = CARTESIAN_POINT ( 'NONE',  ( 12.00000000000000000, 16.26345596729068177, 16.26345596729050769 ) ) ;
#5041 = CIRCLE ( 'NONE', #3141, 3.149999999999999911 ) ;
#5042 = CARTESIAN_POINT ( 'NONE',  ( 12.00000000000000000, -18.00000000000004974, 2.000000000000113243 ) ) ;
#5043 = EDGE_LOOP ( 'NONE', ( #3653, #4760, #1672, #2209 ) ) ;
#5044 = ORIENTED_EDGE ( 'NONE', *, *, #1604, .F. ) ;
#5045 = EDGE_CURVE ( 'NONE', #1341, #2195, #3257, .T. ) ;
#5046 = ORIENTED_EDGE ( 'NONE', *, *, #4190, .F. ) ;
#5047 = CARTESIAN_POINT ( 'NONE',  ( 12.00000000000000000, 14.84924240491741720, -14.84924240491769609 ) ) ;
#5048 = DIRECTION ( 'NONE',  ( -1.000000000000000000, 0.000000000000000000, 0.000000000000000000 ) ) ;
#5049 = AXIS2_PLACEMENT_3D ( 'NONE', #1510, #2753, #5307 ) ;
#5050 = DIRECTION ( 'NONE',  ( 0.000000000000000000, 0.000000000000000000, -1.000000000000000000 ) ) ;
#5051 = DIRECTION ( 'NONE',  ( -1.000000000000000000, -0.000000000000000000, -0.000000000000000000 ) ) ;
#5052 = VERTEX_POINT ( 'NONE', #2868 ) ;
#5053 = EDGE_CURVE ( 'NONE', #4538, #2195, #2332, .T. ) ;
#5054 = EDGE_LOOP ( 'NONE', ( #3392, #5091, #5204, #1852 ) ) ;
#5055 = CYLINDRICAL_SURFACE ( 'NONE', #2572, 1.999999999999976685 ) ;
#5056 = CARTESIAN_POINT ( 'NONE',  ( 30.00000000000000711, -69.94202898550727809, -2.848259361516119803 ) ) ;
#5057 = CIRCLE ( 'NONE', #5227, 3.149999999999999911 ) ;
#5058 = EDGE_LOOP ( 'NONE', ( #5139, #2471, #3555, #4640 ) ) ;
#5059 = EDGE_LOOP ( 'NONE', ( #253, #3075, #2595, #4974 ) ) ;
#5060 = DIRECTION ( 'NONE',  ( 0.000000000000000000, -0.4117098476402526464, -0.9113149847094800249 ) ) ;
#5061 = LINE ( 'NONE', #1004, #616 ) ;
#5062 = CARTESIAN_POINT ( 'NONE',  ( 32.00000000000000000, -25.32015562987556834, -56.04587155963301370 ) ) ;
#5063 = ORIENTED_EDGE ( 'NONE', *, *, #4651, .T. ) ;
#5064 = AXIS2_PLACEMENT_3D ( 'NONE', #1715, #3769, #3352 ) ;
#5065 = DIRECTION ( 'NONE',  ( 1.000000000000000000, 0.000000000000000000, 0.000000000000000000 ) ) ;
#5066 = EDGE_LOOP ( 'NONE', ( #3847, #1156, #2024, #4293 ) ) ;
#5067 = CARTESIAN_POINT ( 'NONE',  ( 12.00000000000000000, 9.192388155425030405, -7.192388155425240903 ) ) ;
#5068 = ADVANCED_FACE ( 'NONE', ( #96 ), #610, .F. ) ;
#5069 = CYLINDRICAL_SURFACE ( 'NONE', #3322, 14.20000000000000284 ) ;
#5070 = ORIENTED_EDGE ( 'NONE', *, *, #1819, .F. ) ;
#5071 = ORIENTED_EDGE ( 'NONE', *, *, #2428, .F. ) ;
#5072 = CARTESIAN_POINT ( 'NONE',  ( -8.000000000000000000, 0.000000000000000000, 0.000000000000000000 ) ) ;
#5073 = CARTESIAN_POINT ( 'NONE',  ( -8.000000000000000000, 32.22656250000015632, 11.04520705486791776 ) ) ;
#5074 = CARTESIAN_POINT ( 'NONE',  ( 32.00000000000000000, -17.67766952966364613, 15.67766952966380423 ) ) ;
#5075 = CARTESIAN_POINT ( 'NONE',  ( 6.999999999999999112, -18.50000000000000000, 2.050000000000002487 ) ) ;
#5076 = ADVANCED_FACE ( 'NONE', ( #584 ), #2151, .T. ) ;
#5077 = VECTOR ( 'NONE', #4733, 1000.000000000000000 ) ;
#5078 = CIRCLE ( 'NONE', #3685, 15.50000000000000888 ) ;
#5079 = DIRECTION ( 'NONE',  ( 1.000000000000000000, -0.000000000000000000, -0.000000000000000000 ) ) ;
#5080 = VERTEX_POINT ( 'NONE', #2188 ) ;
#5081 = CARTESIAN_POINT ( 'NONE',  ( 30.46176643169209797, -69.22639965118378313, -1.844567528081997310 ) ) ;
#5082 = CIRCLE ( 'NONE', #700, 61.49999999999999289 ) ;
#5083 = CIRCLE ( 'NONE', #4815, 4.999999999999997335 ) ;
#5084 = CARTESIAN_POINT ( 'NONE',  ( 12.00000000000000000, 14.84924240491741720, -14.84924240491769609 ) ) ;
#5085 = DIRECTION ( 'NONE',  ( -1.000000000000000000, -0.000000000000000000, -0.000000000000000000 ) ) ;
#5086 = CARTESIAN_POINT ( 'NONE',  ( -11.99999999999999822, -6.071532165918824830E-15, 48.00000000000000000 ) ) ;
#5087 = ADVANCED_FACE ( 'NONE', ( #4730 ), #3893, .T. ) ;
#5088 = ORIENTED_EDGE ( 'NONE', *, *, #1028, .T. ) ;
#5089 = CIRCLE ( 'NONE', #433, 2.000000000000000444 ) ;
#5090 = CIRCLE ( 'NONE', #524, 2.000000000000026201 ) ;
#5091 = ORIENTED_EDGE ( 'NONE', *, *, #3617, .T. ) ;
#5092 = DIRECTION ( 'NONE',  ( -1.000000000000000000, 0.000000000000000000, -0.000000000000000000 ) ) ;
#5093 = AXIS2_PLACEMENT_3D ( 'NONE', #1945, #2305, #731 ) ;
#5094 = CARTESIAN_POINT ( 'NONE',  ( 12.00000000000000000, 6.938893903907228378E-14, 15.99999999999995914 ) ) ;
#5095 = EDGE_CURVE ( 'NONE', #3006, #3790, #2216, .T. ) ;
#5096 = CIRCLE ( 'NONE', #2769, 2.000000000000057732 ) ;
#5097 = DIRECTION ( 'NONE',  ( -1.000000000000000000, -0.000000000000000000, -0.000000000000000000 ) ) ;
#5098 = DIRECTION ( 'NONE',  ( 0.000000000000000000, 0.000000000000000000, -1.000000000000000000 ) ) ;
#5099 = EDGE_LOOP ( 'NONE', ( #1249, #2274 ) ) ;
#5100 = FACE_OUTER_BOUND ( 'NONE', #3279, .T. ) ;
#5101 = VECTOR ( 'NONE', #2858, 1000.000000000000000 ) ;
#5102 = CARTESIAN_POINT ( 'NONE',  ( 12.00000000000000000, -17.67766952966364613, 19.67766952966372429 ) ) ;
#5103 = VERTEX_POINT ( 'NONE', #4706 ) ;
#5104 = VERTEX_POINT ( 'NONE', #3865 ) ;
#5105 = ORIENTED_EDGE ( 'NONE', *, *, #3674, .F. ) ;
#5106 = EDGE_CURVE ( 'NONE', #2856, #3732, #3265, .T. ) ;
#5107 = CIRCLE ( 'NONE', #2776, 28.99999999999999645 ) ;
#5108 = CARTESIAN_POINT ( 'NONE',  ( 32.00000000000000000, -68.17817125515078658, 2.304509113856359814 ) ) ;
#5109 = CARTESIAN_POINT ( 'NONE',  ( 32.00000000000000000, -32.22656249999993605, 9.045207054868367180 ) ) ;
#5110 = CARTESIAN_POINT ( 'NONE',  ( 32.00000000000000000, -49.66666666666657193, 22.43818669639396646 ) ) ;
#5111 = AXIS2_PLACEMENT_3D ( 'NONE', #694, #2625, #5219 ) ;
#5112 = LINE ( 'NONE', #4184, #722 ) ;
#5113 = ORIENTED_EDGE ( 'NONE', *, *, #4283, .F. ) ;
#5114 = CARTESIAN_POINT ( 'NONE',  ( 32.00000000000000000, 25.32015562987556834, 56.04587155963301370 ) ) ;
#5115 = EDGE_CURVE ( 'NONE', #1925, #4984, #709, .T. ) ;
#5116 = DIRECTION ( 'NONE',  ( 0.000000000000000000, 0.000000000000000000, -1.000000000000000000 ) ) ;
#5117 = CARTESIAN_POINT ( 'NONE',  ( 0.000000000000000000, 0.000000000000000000, 0.000000000000000000 ) ) ;
#5118 = DIRECTION ( 'NONE',  ( 0.000000000000000000, 0.000000000000000000, -1.000000000000000000 ) ) ;
#5119 = EDGE_LOOP ( 'NONE', ( #2907, #3722, #3723, #3931 ) ) ;
#5120 = EDGE_CURVE ( 'NONE', #2500, #3670, #5096, .T. ) ;
#5121 = CYLINDRICAL_SURFACE ( 'NONE', #4223, 2.000000000000140332 ) ;
#5122 = VERTEX_POINT ( 'NONE', #2620 ) ;
#5123 = DIRECTION ( 'NONE',  ( 1.000000000000000000, -0.000000000000000000, 0.000000000000000000 ) ) ;
#5124 = EDGE_CURVE ( 'NONE', #3909, #4796, #2154, .T. ) ;
#5125 = CARTESIAN_POINT ( 'NONE',  ( -8.000000000000000000, 0.000000000000000000, 20.54999999999999716 ) ) ;
#5126 = ORIENTED_EDGE ( 'NONE', *, *, #1224, .F. ) ;
#5127 = CARTESIAN_POINT ( 'NONE',  ( 32.00000000000000000, -24.49673593459505838, -54.22324159021404455 ) ) ;
#5128 = DIRECTION ( 'NONE',  ( -1.000000000000000000, -0.000000000000000000, -0.000000000000000000 ) ) ;
#5129 = VERTEX_POINT ( 'NONE', #3413 ) ;
#5130 = ORIENTED_EDGE ( 'NONE', *, *, #1599, .F. ) ;
#5131 = AXIS2_PLACEMENT_3D ( 'NONE', #4675, #2675, #3862 ) ;
#5132 = FACE_OUTER_BOUND ( 'NONE', #2477, .T. ) ;
#5133 = CARTESIAN_POINT ( 'NONE',  ( 31.84913737444312076, -68.91044409082915934, 1.691859229841130130 ) ) ;
#5134 = VECTOR ( 'NONE', #3735, 1000.000000000000000 ) ;
#5135 = CARTESIAN_POINT ( 'NONE',  ( -8.000000000000000000, -54.22324159021412271, -24.49673593459487719 ) ) ;
#5136 = CARTESIAN_POINT ( 'NONE',  ( 32.00000000000000000, 9.192388155425030405, -9.192388155425224028 ) ) ;
#5137 = TOROIDAL_SURFACE ( 'NONE', #2634, 15.50000000000000888, 2.000000000000000000 ) ;
#5138 = CYLINDRICAL_SURFACE ( 'NONE', #3276, 2.049999999999999822 ) ;
#5139 = ORIENTED_EDGE ( 'NONE', *, *, #1700, .F. ) ;
#5140 = CARTESIAN_POINT ( 'NONE',  ( 32.00000000000000000, -22.43818669639379237, -49.66666666666665009 ) ) ;
#5141 = DIRECTION ( 'NONE',  ( 0.000000000000000000, 0.000000000000000000, -1.000000000000000000 ) ) ;
#5142 = FACE_BOUND ( 'NONE', #3370, .T. ) ;
#5143 = CARTESIAN_POINT ( 'NONE',  ( 31.48825474076775066, -69.35012342567837607, -1.933510113886676818 ) ) ;
#5144 = AXIS2_PLACEMENT_3D ( 'NONE', #57, #3766, #3710 ) ;
#5145 = ADVANCED_FACE ( 'NONE', ( #2593 ), #3445, .T. ) ;
#5146 = DIRECTION ( 'NONE',  ( 0.000000000000000000, 0.000000000000000000, -1.000000000000000000 ) ) ;
#5147 = CYLINDRICAL_SURFACE ( 'NONE', #3523, 1.999999999999960032 ) ;
#5148 = EDGE_CURVE ( 'NONE', #3006, #4265, #2681, .T. ) ;
#5149 = DIRECTION ( 'NONE',  ( 0.000000000000000000, 0.000000000000000000, 1.000000000000000000 ) ) ;
#5150 = ORIENTED_EDGE ( 'NONE', *, *, #1085, .T. ) ;
#5151 = FACE_OUTER_BOUND ( 'NONE', #2970, .T. ) ;
#5152 = EDGE_CURVE ( 'NONE', #2048, #3813, #1554, .T. ) ;
#5153 = FACE_OUTER_BOUND ( 'NONE', #1365, .T. ) ;
#5154 = VERTEX_POINT ( 'NONE', #5075 ) ;
#5155 = EDGE_LOOP ( 'NONE', ( #893, #4301, #1675, #1416 ) ) ;
#5156 = CARTESIAN_POINT ( 'NONE',  ( 32.00000000000000000, -8.326672684688674053E-14, -14.00000000000011369 ) ) ;
#5157 = CARTESIAN_POINT ( 'NONE',  ( 31.96527089146965039, -68.40306867604103047, 2.397008154630457799 ) ) ;
#5158 = DIRECTION ( 'NONE',  ( 0.000000000000000000, 0.000000000000000000, -1.000000000000000000 ) ) ;
#5159 = CIRCLE ( 'NONE', #2468, 31.00000000000000000 ) ;
#5160 = DIRECTION ( 'NONE',  ( 0.000000000000000000, 0.000000000000000000, 1.000000000000000000 ) ) ;
#5162 = DIRECTION ( 'NONE',  ( 0.000000000000000000, -0.9113149847094795808, -0.4117098476402541452 ) ) ;
#5161 = CIRCLE ( 'NONE', #259, 17.50000000000000711 ) ;
#5163 = VERTEX_POINT ( 'NONE', #4244 ) ;
#5164 = CARTESIAN_POINT ( 'NONE',  ( 12.00000000000000000, 1.112672318223451243E-13, 26.00000000000005329 ) ) ;
#5165 = DIRECTION ( 'NONE',  ( -1.000000000000000000, 0.000000000000000000, -0.000000000000000000 ) ) ;
#5166 = DIRECTION ( 'NONE',  ( 0.000000000000000000, 0.000000000000000000, -1.000000000000000000 ) ) ;
#5167 = AXIS2_PLACEMENT_3D ( 'NONE', #3272, #2877, #1951 ) ;
#5168 = CARTESIAN_POINT ( 'NONE',  ( 31.96573778348425776, -68.39967585801380778, -2.395604362615201932 ) ) ;
#5169 = VERTEX_POINT ( 'NONE', #1386 ) ;
#5170 = CIRCLE ( 'NONE', #3335, 6.999999999999999112 ) ;
#5171 = AXIS2_PLACEMENT_3D ( 'NONE', #2674, #5289, #4166 ) ;
#5172 = FACE_BOUND ( 'NONE', #3954, .T. ) ;
#5173 = DIRECTION ( 'NONE',  ( 1.000000000000000000, -0.000000000000000000, -0.000000000000000000 ) ) ;
#5174 = CIRCLE ( 'NONE', #4489, 4.999999999999997335 ) ;
#5175 = EDGE_CURVE ( 'NONE', #1733, #1178, #358, .T. ) ;
#5176 = CARTESIAN_POINT ( 'NONE',  ( -8.000000000000000000, -12.47960548711975193, -35.73177083333332860 ) ) ;
#5177 = ORIENTED_EDGE ( 'NONE', *, *, #4065, .F. ) ;
#5178 = DIRECTION ( 'NONE',  ( 1.000000000000000000, -0.000000000000000000, 0.000000000000000000 ) ) ;
#5179 = AXIS2_PLACEMENT_3D ( 'NONE', #880, #3748, #1689 ) ;
#5180 = DIRECTION ( 'NONE',  ( -1.000000000000000000, -0.000000000000000000, -0.000000000000000000 ) ) ;
#5181 = ORIENTED_EDGE ( 'NONE', *, *, #145, .T. ) ;
#5182 = ORIENTED_EDGE ( 'NONE', *, *, #2795, .F. ) ;
#5183 = DIRECTION ( 'NONE',  ( 0.000000000000000000, 0.000000000000000000, -1.000000000000000000 ) ) ;
#5184 = CIRCLE ( 'NONE', #3510, 2.000000000000002220 ) ;
#5185 = ADVANCED_FACE ( 'NONE', ( #1413 ), #3046, .T. ) ;
#5186 = FACE_OUTER_BOUND ( 'NONE', #2666, .T. ) ;
#5187 = DIRECTION ( 'NONE',  ( -1.000000000000000000, -0.000000000000000000, -0.000000000000000000 ) ) ;
#5188 = VECTOR ( 'NONE', #1534, 1000.000000000000000 ) ;
#5189 = CARTESIAN_POINT ( 'NONE',  ( -8.000000000000000000, -48.00000000000000000, 1.675911042644704011E-13 ) ) ;
#5190 = CARTESIAN_POINT ( 'NONE',  ( 30.00000000000000000, 25.32015562987556834, -56.04587155963300660 ) ) ;
#5191 = ORIENTED_EDGE ( 'NONE', *, *, #1513, .T. ) ;
#5192 = VECTOR ( 'NONE', #132, 1000.000000000000000 ) ;
#5193 = TOROIDAL_SURFACE ( 'NONE', #2423, 7.000000000000000000, 2.000000000000000000 ) ;
#5194 = EDGE_CURVE ( 'NONE', #1990, #490, #4328, .T. ) ;
#5195 = PLANE ( 'NONE',  #3448 ) ;
#5196 = CARTESIAN_POINT ( 'NONE',  ( 6.999999999999999112, 0.000000000000000000, 18.50000000000000000 ) ) ;
#5197 = CARTESIAN_POINT ( 'NONE',  ( 32.00000000000000000, 0.000000000000000000, 48.00000000000000000 ) ) ;
#5198 = ORIENTED_EDGE ( 'NONE', *, *, #5304, .F. ) ;
#5199 = CIRCLE ( 'NONE', #553, 2.050000000000001599 ) ;
#5200 = VERTEX_POINT ( 'NONE', #5023 ) ;
#5201 = DIRECTION ( 'NONE',  ( -1.000000000000000000, 0.000000000000000000, 0.000000000000000000 ) ) ;
#5202 = TOROIDAL_SURFACE ( 'NONE', #2267, 7.000000000000000000, 2.000000000000000000 ) ;
#5203 = DIRECTION ( 'NONE',  ( 0.000000000000000000, 0.000000000000000000, -1.000000000000000000 ) ) ;
#5204 = ORIENTED_EDGE ( 'NONE', *, *, #2007, .T. ) ;
#5205 = LINE ( 'NONE', #4773, #781 ) ;
#5206 = EDGE_CURVE ( 'NONE', #3842, #5298, #3540, .T. ) ;
#5207 = DIRECTION ( 'NONE',  ( 0.000000000000000000, -4.625929269271482167E-15, -1.000000000000000000 ) ) ;
#5208 = VERTEX_POINT ( 'NONE', #3946 ) ;
#5209 = EDGE_LOOP ( 'NONE', ( #2449, #4466 ) ) ;
#5210 = DIRECTION ( 'NONE',  ( 0.000000000000000000, 0.000000000000000000, 1.000000000000000000 ) ) ;
#5211 = DIRECTION ( 'NONE',  ( 0.000000000000000000, 0.000000000000000000, -1.000000000000000000 ) ) ;
#5212 = PLANE ( 'NONE',  #1077 ) ;
#5213 =( LENGTH_UNIT ( ) NAMED_UNIT ( * ) SI_UNIT ( .MILLI., .METRE. ) );
#5214 = ADVANCED_FACE ( 'NONE', ( #1175 ), #4780, .F. ) ;
#5215 = LINE ( 'NONE', #2350, #1817 ) ;
#5216 = ORIENTED_EDGE ( 'NONE', *, *, #2867, .F. ) ;
#5217 = CARTESIAN_POINT ( 'NONE',  ( 30.00000000000000000, 49.66666666666641561, -17.43818669639431107 ) ) ;
#5218 = CARTESIAN_POINT ( 'NONE',  ( 12.00000000000000000, 16.26345596729068177, 18.26345596729053256 ) ) ;
#5219 = DIRECTION ( 'NONE',  ( 0.000000000000000000, 0.000000000000000000, 1.000000000000000000 ) ) ;
#5220 = DIRECTION ( 'NONE',  ( 0.000000000000000000, 0.000000000000000000, 1.000000000000000000 ) ) ;
#5221 = EDGE_CURVE ( 'NONE', #3133, #2363, #5001, .T. ) ;
#5222 = AXIS2_PLACEMENT_3D ( 'NONE', #547, #514, #4171 ) ;
#5223 = EDGE_LOOP ( 'NONE', ( #2090, #4858, #3625, #2936 ) ) ;
#5224 = DIRECTION ( 'NONE',  ( 1.000000000000000000, -0.000000000000000000, 0.000000000000000000 ) ) ;
#5225 = AXIS2_PLACEMENT_3D ( 'NONE', #4170, #3737, #5008 ) ;
#5226 = ADVANCED_FACE ( 'NONE', ( #1856 ), #3130, .F. ) ;
#5227 = AXIS2_PLACEMENT_3D ( 'NONE', #1847, #4695, #3403 ) ;
#5228 = FACE_OUTER_BOUND ( 'NONE', #2323, .T. ) ;
#5229 = ORIENTED_EDGE ( 'NONE', *, *, #161, .F. ) ;
#5230 = DIRECTION ( 'NONE',  ( 0.000000000000000000, 0.000000000000000000, -1.000000000000000000 ) ) ;
#5231 = CIRCLE ( 'NONE', #4718, 2.000000000000057732 ) ;
#5232 = CARTESIAN_POINT ( 'NONE',  ( 32.00000000000000000, 0.000000000000000000, 48.00000000000000000 ) ) ;
#5233 = EDGE_LOOP ( 'NONE', ( #3262, #3787, #3200, #2501 ) ) ;
#5234 = DIRECTION ( 'NONE',  ( 1.000000000000000000, -0.000000000000000000, -0.000000000000000000 ) ) ;
#5235 = CARTESIAN_POINT ( 'NONE',  ( 30.00000000000000000, 22.43818669639379237, -49.66666666666665009 ) ) ;
#5236 = DIRECTION ( 'NONE',  ( -1.000000000000000000, 0.000000000000000000, 0.000000000000000000 ) ) ;
#5237 = EDGE_CURVE ( 'NONE', #278, #61, #4755, .T. ) ;
#5238 = LINE ( 'NONE', #1563, #798 ) ;
#5239 = LINE ( 'NONE', #1125, #5188 ) ;
#5240 = ORIENTED_EDGE ( 'NONE', *, *, #4172, .T. ) ;
#5241 = CARTESIAN_POINT ( 'NONE',  ( -8.000000000000000000, 12.47960548711975548, -35.73177083333332860 ) ) ;
#5242 = AXIS2_PLACEMENT_3D ( 'NONE', #2312, #3524, #4723 ) ;
#5243 = DIRECTION ( 'NONE',  ( 1.000000000000000000, 0.000000000000000000, 0.000000000000000000 ) ) ;
#5244 = DIRECTION ( 'NONE',  ( 0.000000000000000000, 0.000000000000000000, -1.000000000000000000 ) ) ;
#5245 = ADVANCED_FACE ( 'NONE', ( #1957 ), #4026, .T. ) ;
#5246 = CIRCLE ( 'NONE', #2746, 15.50000000000000888 ) ;
#5247 = DIRECTION ( 'NONE',  ( 0.000000000000000000, 0.000000000000000000, -1.000000000000000000 ) ) ;
#5248 = ORIENTED_EDGE ( 'NONE', *, *, #614, .T. ) ;
#5249 = EDGE_CURVE ( 'NONE', #3908, #4713, #2416, .T. ) ;
#5250 = DIRECTION ( 'NONE',  ( 0.000000000000000000, 0.000000000000000000, -1.000000000000000000 ) ) ;
#5251 = AXIS2_PLACEMENT_3D ( 'NONE', #4018, #5257, #4897 ) ;
#5252 = CIRCLE ( 'NONE', #3173, 2.000000000000026201 ) ;
#5253 = CIRCLE ( 'NONE', #1049, 1.999999999999976685 ) ;
#5254 = EDGE_CURVE ( 'NONE', #1603, #3941, #5238, .T. ) ;
#5255 = CARTESIAN_POINT ( 'NONE',  ( 12.00000000000000000, 16.26345596729068177, 16.26345596729050769 ) ) ;
#5256 = EDGE_LOOP ( 'NONE', ( #1155, #3753, #5026, #1877 ) ) ;
#5257 = DIRECTION ( 'NONE',  ( 1.000000000000000000, 0.000000000000000000, 0.000000000000000000 ) ) ;
#5258 = CIRCLE ( 'NONE', #1549, 5.000000000000000888 ) ;
#5259 = AXIS2_PLACEMENT_3D ( 'NONE', #166, #4311, #219 ) ;
#5260 = DIRECTION ( 'NONE',  ( 0.000000000000000000, 0.000000000000000000, -1.000000000000000000 ) ) ;
#5261 = ORIENTED_EDGE ( 'NONE', *, *, #1935, .T. ) ;
#5262 = DIRECTION ( 'NONE',  ( 0.000000000000000000, 0.000000000000000000, -1.000000000000000000 ) ) ;
#5263 = DIRECTION ( 'NONE',  ( 1.000000000000000000, -0.000000000000000000, -0.000000000000000000 ) ) ;
#5264 = CIRCLE ( 'NONE', #2144, 6.999999999999999112 ) ;
#5265 = DIRECTION ( 'NONE',  ( -1.000000000000000000, -0.000000000000000000, -0.000000000000000000 ) ) ;
#5266 = DIRECTION ( 'NONE',  ( 1.000000000000000000, -0.000000000000000000, -0.000000000000000000 ) ) ;
#5267 = CARTESIAN_POINT ( 'NONE',  ( -8.000000000000000000, -49.29629629629622656, 17.45192298608423442 ) ) ;
#5268 = ORIENTED_EDGE ( 'NONE', *, *, #767, .T. ) ;
#5269 = AXIS2_PLACEMENT_3D ( 'NONE', #5110, #1360, #1332 ) ;
#5270 = ADVANCED_FACE ( 'NONE', ( #2372 ), #4410, .F. ) ;
#5271 = DIRECTION ( 'NONE',  ( 0.000000000000000000, 0.000000000000000000, -1.000000000000000000 ) ) ;
#5272 = DIRECTION ( 'NONE',  ( -1.000000000000000000, -0.000000000000000000, -0.000000000000000000 ) ) ;
#5273 = CARTESIAN_POINT ( 'NONE',  ( -8.000000000000000000, 0.000000000000000000, -5.500000000000000000 ) ) ;
#5274 = DIRECTION ( 'NONE',  ( -1.000000000000000000, 0.000000000000000000, 0.000000000000000000 ) ) ;
#5275 = ORIENTED_EDGE ( 'NONE', *, *, #803, .T. ) ;
#5276 = CIRCLE ( 'NONE', #634, 4.999999999999997335 ) ;
#5277 = ADVANCED_FACE ( 'NONE', ( #3101 ), #2806, .T. ) ;
#5278 = CIRCLE ( 'NONE', #2339, 2.000000000000032863 ) ;
#5279 = ORIENTED_EDGE ( 'NONE', *, *, #4419, .F. ) ;
#5280 = DIRECTION ( 'NONE',  ( -1.000000000000000000, 0.000000000000000000, 0.000000000000000000 ) ) ;
#5281 = AXIS2_PLACEMENT_3D ( 'NONE', #423, #1600, #3241 ) ;
#5282 = EDGE_CURVE ( 'NONE', #4796, #4129, #5184, .T. ) ;
#5283 = FACE_OUTER_BOUND ( 'NONE', #2643, .T. ) ;
#5284 = EDGE_LOOP ( 'NONE', ( #3859, #329, #3266, #2945, #2194 ) ) ;
#5285 = DIRECTION ( 'NONE',  ( 1.000000000000000000, -0.000000000000000000, -0.000000000000000000 ) ) ;
#5286 = EDGE_CURVE ( 'NONE', #2505, #4145, #4855, .T. ) ;
#5287 = CARTESIAN_POINT ( 'NONE',  ( 30.00000000000000000, -12.92530568308831640, 25.96028645833332504 ) ) ;
#5288 = VERTEX_POINT ( 'NONE', #1913 ) ;
#5289 = DIRECTION ( 'NONE',  ( 1.000000000000000000, -0.000000000000000000, -0.000000000000000000 ) ) ;
#5290 = DIRECTION ( 'NONE',  ( -1.000000000000000000, -0.000000000000000000, -0.000000000000000000 ) ) ;
#5291 = DIRECTION ( 'NONE',  ( 1.000000000000000000, -0.000000000000000000, -0.000000000000000000 ) ) ;
#5292 = CARTESIAN_POINT ( 'NONE',  ( 31.00000000000000000, -70.00000000000001421, 0.000000000000000000 ) ) ;
#5293 = EDGE_LOOP ( 'NONE', ( #335, #1443 ) ) ;
#5294 = FACE_BOUND ( 'NONE', #833, .T. ) ;
#5295 = FILL_AREA_STYLE ('',( #319 ) ) ;
#5296 = FACE_OUTER_BOUND ( 'NONE', #910, .T. ) ;
#5297 = CARTESIAN_POINT ( 'NONE',  ( 30.00000000000000000, -24.49673593459505838, 54.22324159021404455 ) ) ;
#5298 = VERTEX_POINT ( 'NONE', #766 ) ;
#5299 = EDGE_LOOP ( 'NONE', ( #2065, #2174, #1071, #2492 ) ) ;
#5300 = DIRECTION ( 'NONE',  ( 0.000000000000000000, 0.6785714285714316008, -0.7345344214715375797 ) ) ;
#5301 = EDGE_CURVE ( 'NONE', #5104, #2025, #3923, .T. ) ;
#5302 = DIRECTION ( 'NONE',  ( 0.000000000000000000, -3.965082230804130614E-15, -1.000000000000000000 ) ) ;
#5303 = CARTESIAN_POINT ( 'NONE',  ( 12.00000000000000000, 14.84924240491741720, -14.84924240491769609 ) ) ;
#5304 = EDGE_CURVE ( 'NONE', #604, #3331, #3866, .T. ) ;
#5305 = CARTESIAN_POINT ( 'NONE',  ( -8.000000000000000000, 0.000000000000000000, 18.50000000000000000 ) ) ;
#5306 = ORIENTED_EDGE ( 'NONE', *, *, #1194, .F. ) ;
#5307 = DIRECTION ( 'NONE',  ( 0.000000000000000000, 0.000000000000000000, -1.000000000000000000 ) ) ;
#5308 = CARTESIAN_POINT ( 'NONE',  ( 32.00000000000000000, 25.32015562987556834, -56.04587155963300660 ) ) ;
#5309 = EDGE_CURVE ( 'NONE', #5169, #4449, #666, .T. ) ;
#5310 =( NAMED_UNIT ( * ) SI_UNIT ( $, .STERADIAN. ) SOLID_ANGLE_UNIT ( ) );
#5311 = CARTESIAN_POINT ( 'NONE',  ( 30.00000000000000000, -22.43818669639379237, 49.66666666666665009 ) ) ;
#5312 = EDGE_LOOP ( 'NONE', ( #2513, #4319, #4347, #507 ) ) ;
#5313 = VERTEX_POINT ( 'NONE', #2295 ) ;
#5314 = PLANE ( 'NONE',  #4315 ) ;
#5315 = DIRECTION ( 'NONE',  ( 0.000000000000000000, 0.000000000000000000, -1.000000000000000000 ) ) ;
#5316 = ORIENTED_EDGE ( 'NONE', *, *, #1706, .F. ) ;
#5317 = DIRECTION ( 'NONE',  ( 1.000000000000000000, -0.000000000000000000, -0.000000000000000000 ) ) ;
#5318 = EDGE_CURVE ( 'NONE', #5031, #3725, #5246, .T. ) ;
#5319 = CIRCLE ( 'NONE', #696, 14.20000000000000462 ) ;
#5320 = CARTESIAN_POINT ( 'NONE',  ( 32.00000000000000000, 6.938893903907228378E-14, 13.99999999999998401 ) ) ;
#5321 = AXIS2_PLACEMENT_3D ( 'NONE', #4403, #3467, #1434 ) ;
#5322 = ORIENTED_EDGE ( 'NONE', *, *, #2503, .T. ) ;
#5323 = DIRECTION ( 'NONE',  ( 1.000000000000000000, -0.000000000000000000, -0.000000000000000000 ) ) ;
ENDSEC;
END-ISO-10303-21;
