ISO-10303-21;
HEADER;
FILE_DESCRIPTION (( 'STEP AP214' ),
    '1' );
FILE_NAME ('Vztrajnik.STEP',
    '2025-10-23T13:14:38',
    ( '' ),
    ( '' ),
    'SwSTEP 2.0',
    'SolidWorks 2024',
    '' );
FILE_SCHEMA (( 'AUTOMOTIVE_DESIGN' ));
ENDSEC;

DATA;
#1 = FACE_BOUND ( 'NONE', #4067, .T. ) ;
#2 = DIRECTION ( 'NONE',  ( 0.000000000000000000, 0.000000000000000000, 1.000000000000000000 ) ) ;
#3 = ORIENTED_EDGE ( 'NONE', *, *, #4620, .T. ) ;
#4 = FACE_OUTER_BOUND ( 'NONE', #2563, .T. ) ;
#5 = ORIENTED_EDGE ( 'NONE', *, *, #1552, .T. ) ;
#6 = DIRECTION ( 'NONE',  ( 0.000000000000000000, 0.000000000000000000, -1.000000000000000000 ) ) ;
#7 = AXIS2_PLACEMENT_3D ( 'NONE', #2656, #4643, #4669 ) ;
#8 = CARTESIAN_POINT ( 'NONE',  ( 32.00000000000000000, -54.22324159021396639, 24.49673593459524668 ) ) ;
#9 = ORIENTED_EDGE ( 'NONE', *, *, #171, .T. ) ;
#10 = VERTEX_POINT ( 'NONE', #4261 ) ;
#11 = CIRCLE ( 'NONE', #2252, 5.000000000000000888 ) ;
#12 = DIRECTION ( 'NONE',  ( -1.000000000000000000, 0.000000000000000000, 0.000000000000000000 ) ) ;
#13 = DIRECTION ( 'NONE',  ( 1.000000000000000000, 0.000000000000000000, 0.000000000000000000 ) ) ;
#14 = ORIENTED_EDGE ( 'NONE', *, *, #2428, .T. ) ;
#15 = ORIENTED_EDGE ( 'NONE', *, *, #5018, .T. ) ;
#16 = CARTESIAN_POINT ( 'NONE',  ( 12.00000000000000000, 18.00000000000000000, 2.000000000000000000 ) ) ;
#17 = EDGE_CURVE ( 'NONE', #10, #2206, #5187, .T. ) ;
#18 = DIRECTION ( 'NONE',  ( -1.000000000000000000, -0.000000000000000000, -0.000000000000000000 ) ) ;
#19 = DIRECTION ( 'NONE',  ( 1.000000000000000000, 0.000000000000000000, 0.000000000000000000 ) ) ;
#20 = FACE_OUTER_BOUND ( 'NONE', #2123, .T. ) ;
#21 = ADVANCED_FACE ( 'NONE', ( #3813 ), #2265, .F. ) ;
#22 = EDGE_LOOP ( 'NONE', ( #1655, #4978, #3633, #4346 ) ) ;
#23 = EDGE_CURVE ( 'NONE', #2722, #945, #4173, .T. ) ;
#24 = CARTESIAN_POINT ( 'NONE',  ( 32.00000000000000000, 48.00000000000000000, -15.50000000000051159 ) ) ;
#25 = DIRECTION ( 'NONE',  ( 0.000000000000000000, 0.000000000000000000, -1.000000000000000000 ) ) ;
#26 = EDGE_LOOP ( 'NONE', ( #1387, #3763 ) ) ;
#27 = CARTESIAN_POINT ( 'NONE',  ( 12.00000000000000000, 0.000000000000000000, 0.000000000000000000 ) ) ;
#28 = EDGE_LOOP ( 'NONE', ( #3073, #566 ) ) ;
#29 = EDGE_CURVE ( 'NONE', #3162, #490, #949, .T. ) ;
#30 = DIRECTION ( 'NONE',  ( 0.000000000000000000, 0.000000000000000000, 1.000000000000000000 ) ) ;
#31 = EDGE_LOOP ( 'NONE', ( #2372, #5272, #615, #1942, #5026 ) ) ;
#32 = DIRECTION ( 'NONE',  ( 1.000000000000000000, 0.000000000000000000, 0.000000000000000000 ) ) ;
#33 = LINE ( 'NONE', #3341, #719 ) ;
#34 = ORIENTED_EDGE ( 'NONE', *, *, #4702, .T. ) ;
#35 = AXIS2_PLACEMENT_3D ( 'NONE', #789, #819, #2881 ) ;
#36 = CIRCLE ( 'NONE', #1043, 6.999999999999999112 ) ;
#37 = DIRECTION ( 'NONE',  ( 1.000000000000000000, 0.000000000000000000, 0.000000000000000000 ) ) ;
#38 = CARTESIAN_POINT ( 'NONE',  ( 12.00000000000000000, -14.00000000000000000, 1.714505518806289905E-15 ) ) ;
#39 = ORIENTED_EDGE ( 'NONE', *, *, #1630, .T. ) ;
#40 = ORIENTED_EDGE ( 'NONE', *, *, #3569, .F. ) ;
#41 = DIRECTION ( 'NONE',  ( 0.000000000000000000, 0.9113149847094755840, -0.4117098476402625273 ) ) ;
#42 = DIRECTION ( 'NONE',  ( 1.000000000000000000, 0.000000000000000000, 0.000000000000000000 ) ) ;
#43 = AXIS2_PLACEMENT_3D ( 'NONE', #2437, #2824, #4927 ) ;
#44 = FACE_BOUND ( 'NONE', #5312, .T. ) ;
#45 = CIRCLE ( 'NONE', #2022, 2.000000000000000000 ) ;
#46 = CARTESIAN_POINT ( 'NONE',  ( 32.00000000000000000, 49.14814814814797472, -15.45741750196067521 ) ) ;
#47 = VERTEX_POINT ( 'NONE', #4696 ) ;
#48 = AXIS2_PLACEMENT_3D ( 'NONE', #750, #2028, #5281 ) ;
#49 = DIRECTION ( 'NONE',  ( -1.000000000000000000, -0.000000000000000000, -0.000000000000000000 ) ) ;
#50 = EDGE_CURVE ( 'NONE', #5267, #3283, #201, .T. ) ;
#51 = FACE_BOUND ( 'NONE', #2720, .T. ) ;
#52 = EDGE_CURVE ( 'NONE', #2975, #4597, #5061, .T. ) ;
#53 = CARTESIAN_POINT ( 'NONE',  ( 12.00000000000000000, -22.00000000000000000, 2.694222958124179965E-15 ) ) ;
#54 = VECTOR ( 'NONE', #4457, 1000.000000000000000 ) ;
#55 = ORIENTED_EDGE ( 'NONE', *, *, #1730, .F. ) ;
#56 = CARTESIAN_POINT ( 'NONE',  ( 30.00000000000000000, 22.43818669639379237, 49.66666666666665009 ) ) ;
#57 = EDGE_LOOP ( 'NONE', ( #825, #4648 ) ) ;
#58 = CYLINDRICAL_SURFACE ( 'NONE', #211, 17.50000000000000711 ) ;
#59 = EDGE_CURVE ( 'NONE', #1426, #1327, #3785, .T. ) ;
#60 = DIRECTION ( 'NONE',  ( 1.000000000000000000, 0.000000000000000000, 0.000000000000000000 ) ) ;
#61 = EDGE_CURVE ( 'NONE', #5308, #5069, #5273, .T. ) ;
#62 = ORIENTED_EDGE ( 'NONE', *, *, #2130, .T. ) ;
#63 = CIRCLE ( 'NONE', #2210, 17.50000000000000711 ) ;
#64 = CARTESIAN_POINT ( 'NONE',  ( 30.00000000000000000, 0.000000000000000000, 0.000000000000000000 ) ) ;
#65 = EDGE_LOOP ( 'NONE', ( #1151, #255, #2258, #405 ) ) ;
#66 = DIRECTION ( 'NONE',  ( 0.000000000000000000, 0.000000000000000000, 1.000000000000000000 ) ) ;
#67 = CARTESIAN_POINT ( 'NONE',  ( 0.000000000000000000, 27.75065104166680641, 13.81670607502515047 ) ) ;
#68 = VERTEX_POINT ( 'NONE', #4202 ) ;
#69 = ORIENTED_EDGE ( 'NONE', *, *, #347, .T. ) ;
#70 = CARTESIAN_POINT ( 'NONE',  ( 12.00000000000000000, -14.84924240491750069, -14.84924240491750069 ) ) ;
#71 = CARTESIAN_POINT ( 'NONE',  ( 32.00000000000000000, -22.00000000000000000, 2.694222958124179965E-15 ) ) ;
#72 = CARTESIAN_POINT ( 'NONE',  ( -11.99999999999999822, 3.857637417314162196E-16, -44.85000000000000142 ) ) ;
#73 = DIRECTION ( 'NONE',  ( 1.000000000000000000, 0.000000000000000000, 0.000000000000000000 ) ) ;
#74 = AXIS2_PLACEMENT_3D ( 'NONE', #3286, #4942, #2476 ) ;
#75 = DIRECTION ( 'NONE',  ( 0.000000000000000000, -1.000000000000000000, 0.000000000000000000 ) ) ;
#76 = TOROIDAL_SURFACE ( 'NONE', #1088, 7.000000000000000000, 2.000000000000000000 ) ;
#77 = CARTESIAN_POINT ( 'NONE',  ( 30.00000000000000000, 12.47960548711975370, 35.73177083333332860 ) ) ;
#78 = DIRECTION ( 'NONE',  ( 1.000000000000000000, -0.000000000000000000, -0.000000000000000000 ) ) ;
#79 = EDGE_LOOP ( 'NONE', ( #4205, #2981, #4768, #3342 ) ) ;
#80 = AXIS2_PLACEMENT_3D ( 'NONE', #616, #4404, #3191 ) ;
#81 = ADVANCED_FACE ( 'NONE', ( #549 ), #2937, .T. ) ;
#82 = DIRECTION ( 'NONE',  ( 0.000000000000000000, 1.000000000000000000, -1.047444401652940007E-14 ) ) ;
#83 = EDGE_LOOP ( 'NONE', ( #5276, #1045, #2979, #2074 ) ) ;
#84 = DIRECTION ( 'NONE',  ( 1.000000000000000000, 0.000000000000000000, 0.000000000000000000 ) ) ;
#85 = DIRECTION ( 'NONE',  ( 0.000000000000000000, 0.000000000000000000, 1.000000000000000000 ) ) ;
#86 = AXIS2_PLACEMENT_3D ( 'NONE', #3457, #1429, #2303 ) ;
#87 = DIRECTION ( 'NONE',  ( 0.000000000000000000, 0.000000000000000000, -1.000000000000000000 ) ) ;
#88 = EDGE_CURVE ( 'NONE', #4539, #799, #5015, .T. ) ;
#89 = EDGE_CURVE ( 'NONE', #3828, #5173, #4834, .T. ) ;
#90 = FACE_OUTER_BOUND ( 'NONE', #3943, .T. ) ;
#91 = DIRECTION ( 'NONE',  ( 0.000000000000000000, 0.000000000000000000, -1.000000000000000000 ) ) ;
#92 = ORIENTED_EDGE ( 'NONE', *, *, #3960, .T. ) ;
#93 = LINE ( 'NONE', #1729, #1545 ) ;
#94 = CIRCLE ( 'NONE', #595, 4.999999999999997335 ) ;
#95 = EDGE_CURVE ( 'NONE', #4147, #490, #1489, .T. ) ;
#96 = DIRECTION ( 'NONE',  ( 0.000000000000000000, 0.000000000000000000, -1.000000000000000000 ) ) ;
#97 = CARTESIAN_POINT ( 'NONE',  ( 32.00000000000000000, -9.192388155425119223, -9.192388155425119223 ) ) ;
#98 = CARTESIAN_POINT ( 'NONE',  ( -8.000000000000000000, 48.00000000000000000, -5.027733127934112032E-13 ) ) ;
#99 = VECTOR ( 'NONE', #2905, 1000.000000000000000 ) ;
#100 = AXIS2_PLACEMENT_3D ( 'NONE', #107, #3367, #4666 ) ;
#101 = ORIENTED_EDGE ( 'NONE', *, *, #3414, .F. ) ;
#102 = CARTESIAN_POINT ( 'NONE',  ( 30.00000000000000000, -32.22656249999993605, 16.04520705486836718 ) ) ;
#103 = DIRECTION ( 'NONE',  ( 0.000000000000000000, 0.000000000000000000, -1.000000000000000000 ) ) ;
#104 = CARTESIAN_POINT ( 'NONE',  ( 32.00000000000000000, -22.43818669639379237, 49.66666666666665009 ) ) ;
#105 = ORIENTED_EDGE ( 'NONE', *, *, #1763, .F. ) ;
#106 = VERTEX_POINT ( 'NONE', #1468 ) ;
#107 = CARTESIAN_POINT ( 'NONE',  ( 12.00000000000000000, 9.797174393178831574E-16, 16.00000000000000000 ) ) ;
#108 = CIRCLE ( 'NONE', #5168, 1.999999999999998224 ) ;
#109 = CARTESIAN_POINT ( 'NONE',  ( 31.79000029582887521, 68.85386381117467636, 2.557412231011596759 ) ) ;
#110 = ORIENTED_EDGE ( 'NONE', *, *, #5310, .T. ) ;
#111 = DIRECTION ( 'NONE',  ( 0.000000000000000000, 0.000000000000000000, -1.000000000000000000 ) ) ;
#112 = VECTOR ( 'NONE', #2627, 1000.000000000000000 ) ;
#113 = TOROIDAL_SURFACE ( 'NONE', #3775, 7.000000000000000000, 2.000000000000000000 ) ;
#114 = AXIS2_PLACEMENT_3D ( 'NONE', #5158, #3176, #3468 ) ;
#115 = CARTESIAN_POINT ( 'NONE',  ( 30.95353975530746027, 69.75302255700805176, -2.076361408836691513 ) ) ;
#116 = CARTESIAN_POINT ( 'NONE',  ( 32.00000000000000000, 56.04587155963327660, 25.32015562987497503 ) ) ;
#117 = EDGE_LOOP ( 'NONE', ( #1938, #4726, #2553, #1701 ) ) ;
#118 = ADVANCED_FACE ( 'NONE', ( #234 ), #2356, .T. ) ;
#119 = EDGE_CURVE ( 'NONE', #860, #2065, #622, .T. ) ;
#120 = ORIENTED_EDGE ( 'NONE', *, *, #1090, .F. ) ;
#121 = ORIENTED_EDGE ( 'NONE', *, *, #3471, .F. ) ;
#122 = CARTESIAN_POINT ( 'NONE',  ( 32.00000000000000000, -14.84924240491750069, -12.84924240491750069 ) ) ;
#123 = DIRECTION ( 'NONE',  ( -1.000000000000000000, -0.000000000000000000, -0.000000000000000000 ) ) ;
#124 = CARTESIAN_POINT ( 'NONE',  ( 32.00000000000000000, 17.67766952966370297, 19.67766952966369942 ) ) ;
#125 = EDGE_CURVE ( 'NONE', #4744, #4242, #970, .T. ) ;
#126 = DIRECTION ( 'NONE',  ( -1.000000000000000000, -0.000000000000000000, -0.000000000000000000 ) ) ;
#127 = AXIS2_PLACEMENT_3D ( 'NONE', #3467, #3864, #4640 ) ;
#128 = ORIENTED_EDGE ( 'NONE', *, *, #3647, .T. ) ;
#129 = DIRECTION ( 'NONE',  ( 0.000000000000000000, 0.000000000000000000, 1.000000000000000000 ) ) ;
#130 = LINE ( 'NONE', #2985, #610 ) ;
#131 = CIRCLE ( 'NONE', #1409, 15.50000000000001421 ) ;
#132 = VERTEX_POINT ( 'NONE', #1876 ) ;
#133 = ORIENTED_EDGE ( 'NONE', *, *, #760, .F. ) ;
#134 = CARTESIAN_POINT ( 'NONE',  ( 30.00000000000000000, 0.000000000000000000, 0.000000000000000000 ) ) ;
#135 = CIRCLE ( 'NONE', #3291, 2.000000000000000000 ) ;
#136 = DIRECTION ( 'NONE',  ( -1.000000000000000000, -0.000000000000000000, -0.000000000000000000 ) ) ;
#137 = DIRECTION ( 'NONE',  ( 0.000000000000000000, 0.000000000000000000, -1.000000000000000000 ) ) ;
#138 = CARTESIAN_POINT ( 'NONE',  ( 31.57855283459164042, 69.18425490621652330, -2.659929303420958124 ) ) ;
#139 = CARTESIAN_POINT ( 'NONE',  ( 32.00000000000000000, -49.66666666666657193, 15.43818669639396646 ) ) ;
#140 = ORIENTED_EDGE ( 'NONE', *, *, #2865, .F. ) ;
#141 = CIRCLE ( 'NONE', #817, 1.000000000000000000 ) ;
#142 = EDGE_LOOP ( 'NONE', ( #416, #2430, #805, #1199 ) ) ;
#143 = ORIENTED_EDGE ( 'NONE', *, *, #4069, .F. ) ;
#144 = ORIENTED_EDGE ( 'NONE', *, *, #4909, .F. ) ;
#145 = FACE_OUTER_BOUND ( 'NONE', #2527, .T. ) ;
#146 = EDGE_CURVE ( 'NONE', #2997, #4428, #3593, .T. ) ;
#147 = DIRECTION ( 'NONE',  ( 1.000000000000000000, 0.000000000000000000, 0.000000000000000000 ) ) ;
#148 = LINE ( 'NONE', #4191, #1443 ) ;
#149 = DIRECTION ( 'NONE',  ( 0.000000000000000000, 0.000000000000000000, -1.000000000000000000 ) ) ;
#150 = ORIENTED_EDGE ( 'NONE', *, *, #3380, .T. ) ;
#151 = AXIS2_PLACEMENT_3D ( 'NONE', #2373, #1526, #4757 ) ;
#152 = ADVANCED_FACE ( 'NONE', ( #1983 ), #706, .F. ) ;
#153 = EDGE_CURVE ( 'NONE', #2688, #3211, #3950, .T. ) ;
#154 = CYLINDRICAL_SURFACE ( 'NONE', #3012, 2.000000000000000000 ) ;
#155 = CARTESIAN_POINT ( 'NONE',  ( 12.00000000000000000, 1.469576158976819806E-15, 24.00000000000000000 ) ) ;
#156 = ORIENTED_EDGE ( 'NONE', *, *, #4581, .F. ) ;
#157 = ORIENTED_EDGE ( 'NONE', *, *, #965, .T. ) ;
#158 = FACE_OUTER_BOUND ( 'NONE', #2486, .T. ) ;
#159 = CARTESIAN_POINT ( 'NONE',  ( 30.00000000000000000, 0.000000000000000000, 0.000000000000000000 ) ) ;
#160 = CYLINDRICAL_SURFACE ( 'NONE', #4787, 4.999999999999997335 ) ;
#161 = AXIS2_PLACEMENT_3D ( 'NONE', #5197, #1099, #2668 ) ;
#162 = CARTESIAN_POINT ( 'NONE',  ( 30.99999999999999645, 68.64285714285715301, -1.469068842943076492 ) ) ;
#163 = DIRECTION ( 'NONE',  ( 1.000000000000000000, 0.000000000000000000, 0.000000000000000000 ) ) ;
#164 = TOROIDAL_SURFACE ( 'NONE', #841, 7.000000000000000000, 2.000000000000000000 ) ;
#165 = ORIENTED_EDGE ( 'NONE', *, *, #995, .F. ) ;
#166 = ORIENTED_EDGE ( 'NONE', *, *, #1996, .T. ) ;
#167 = CARTESIAN_POINT ( 'NONE',  ( 30.00000000000000000, 0.000000000000000000, 0.000000000000000000 ) ) ;
#168 = DIRECTION ( 'NONE',  ( 1.000000000000000000, -0.000000000000000000, -0.000000000000000000 ) ) ;
#169 = LINE ( 'NONE', #4223, #1793 ) ;
#170 = DIRECTION ( 'NONE',  ( 0.000000000000000000, -0.9972527420619444749, 0.07407407407408396482 ) ) ;
#171 = EDGE_CURVE ( 'NONE', #1444, #4428, #3365, .T. ) ;
#172 = AXIS2_PLACEMENT_3D ( 'NONE', #2075, #2445, #3233 ) ;
#173 = AXIS2_PLACEMENT_3D ( 'NONE', #2269, #3420, #238 ) ;
#174 = DIRECTION ( 'NONE',  ( 0.000000000000000000, 0.000000000000000000, -1.000000000000000000 ) ) ;
#175 = AXIS2_PLACEMENT_3D ( 'NONE', #3251, #3226, #867 ) ;
#176 = CARTESIAN_POINT ( 'NONE',  ( -8.000000000000000000, -27.75065104166661456, 13.81670607502553416 ) ) ;
#177 = AXIS2_PLACEMENT_3D ( 'NONE', #2579, #3039, #3014 ) ;
#178 = CYLINDRICAL_SURFACE ( 'NONE', #4825, 2.000000000000000000 ) ;
#179 = EDGE_CURVE ( 'NONE', #4910, #1203, #4922, .T. ) ;
#180 = ADVANCED_FACE ( 'NONE', ( #4339 ), #1050, .T. ) ;
#181 = VERTEX_POINT ( 'NONE', #1954 ) ;
#182 = ORIENTED_EDGE ( 'NONE', *, *, #4574, .T. ) ;
#183 = CARTESIAN_POINT ( 'NONE',  ( -8.000000000000000000, -32.22656249999993605, 16.04520705486836718 ) ) ;
#184 = CARTESIAN_POINT ( 'NONE',  ( 30.65080629435415815, 69.13933738506354132, 1.805584223983174086 ) ) ;
#185 = DIRECTION ( 'NONE',  ( 0.000000000000000000, -0.9113149847094801359, 0.4117098476402526464 ) ) ;
#186 = EDGE_CURVE ( 'NONE', #945, #4000, #1755, .T. ) ;
#187 = CARTESIAN_POINT ( 'NONE',  ( 30.34924820038866855, 69.25559602323778563, -1.856417686817313450 ) ) ;
#188 = FACE_OUTER_BOUND ( 'NONE', #5255, .T. ) ;
#189 = ORIENTED_EDGE ( 'NONE', *, *, #4218, .F. ) ;
#190 = ORIENTED_EDGE ( 'NONE', *, *, #1919, .F. ) ;
#191 = AXIS2_PLACEMENT_3D ( 'NONE', #4584, #2549, #1218 ) ;
#192 = CARTESIAN_POINT ( 'NONE',  ( 30.00000000000000000, -11.05336486002035379, 37.13385416666665861 ) ) ;
#193 = AXIS2_PLACEMENT_3D ( 'NONE', #3273, #2822, #412 ) ;
#194 = CARTESIAN_POINT ( 'NONE',  ( 32.00000000000000000, -49.14814814814808841, 15.45741750196033237 ) ) ;
#195 = DIRECTION ( 'NONE',  ( 1.000000000000000000, 0.000000000000000000, 0.000000000000000000 ) ) ;
#196 = AXIS2_PLACEMENT_3D ( 'NONE', #2751, #1951, #1490 ) ;
#197 = ORIENTED_EDGE ( 'NONE', *, *, #4639, .F. ) ;
#198 = CARTESIAN_POINT ( 'NONE',  ( -8.000000000000000000, 0.000000000000000000, 0.000000000000000000 ) ) ;
#199 = EDGE_LOOP ( 'NONE', ( #1540, #4607, #2839, #4624 ) ) ;
#200 = DIRECTION ( 'NONE',  ( 0.000000000000000000, 0.9113149847094801359, -0.4117098476402526464 ) ) ;
#201 = CIRCLE ( 'NONE', #2012, 5.000000000000004441 ) ;
#202 = CARTESIAN_POINT ( 'NONE',  ( 6.999999999999999112, 0.000000000000000000, 18.50000000000000000 ) ) ;
#203 = AXIS2_PLACEMENT_3D ( 'NONE', #2908, #3228, #3334 ) ;
#204 = ADVANCED_FACE ( 'NONE', ( #3913 ), #1925, .F. ) ;
#205 = ADVANCED_FACE ( 'NONE', ( #3995 ), #260, .F. ) ;
#206 = DIRECTION ( 'NONE',  ( -1.000000000000000000, 0.000000000000000000, 0.000000000000000000 ) ) ;
#207 = DIRECTION ( 'NONE',  ( 0.000000000000000000, 0.000000000000000000, -1.000000000000000000 ) ) ;
#208 = CARTESIAN_POINT ( 'NONE',  ( 6.999999999999999112, 2.510525938252074679E-16, 16.44999999999999929 ) ) ;
#209 = DIRECTION ( 'NONE',  ( 1.000000000000000000, -0.000000000000000000, -0.000000000000000000 ) ) ;
#210 = CIRCLE ( 'NONE', #892, 4.999999999999997335 ) ;
#211 = AXIS2_PLACEMENT_3D ( 'NONE', #398, #1614, #3235 ) ;
#212 = EDGE_CURVE ( 'NONE', #2156, #982, #1922, .T. ) ;
#213 = VECTOR ( 'NONE', #485, 1000.000000000000000 ) ;
#214 = ADVANCED_FACE ( 'NONE', ( #1575 ), #4851, .F. ) ;
#215 = CARTESIAN_POINT ( 'NONE',  ( 30.00000000000000000, -17.45192298608404968, -49.29629629629628340 ) ) ;
#216 = DIRECTION ( 'NONE',  ( 1.000000000000000000, 0.000000000000000000, 0.000000000000000000 ) ) ;
#217 = ORIENTED_EDGE ( 'NONE', *, *, #2759, .F. ) ;
#218 = ORIENTED_EDGE ( 'NONE', *, *, #827, .T. ) ;
#219 = ORIENTED_EDGE ( 'NONE', *, *, #3671, .T. ) ;
#220 = AXIS2_PLACEMENT_3D ( 'NONE', #2773, #5317, #729 ) ;
#221 = CYLINDRICAL_SURFACE ( 'NONE', #86, 5.000000000000000888 ) ;
#222 = AXIS2_PLACEMENT_3D ( 'NONE', #3015, #3469, #981 ) ;
#223 = DIRECTION ( 'NONE',  ( -1.000000000000000000, -0.000000000000000000, -0.000000000000000000 ) ) ;
#224 = DIRECTION ( 'NONE',  ( 0.000000000000000000, 0.000000000000000000, -1.000000000000000000 ) ) ;
#225 = ORIENTED_EDGE ( 'NONE', *, *, #592, .T. ) ;
#226 = DIRECTION ( 'NONE',  ( -1.000000000000000000, -0.000000000000000000, -0.000000000000000000 ) ) ;
#227 = AXIS2_PLACEMENT_3D ( 'NONE', #71, #890, #96 ) ;
#228 = AXIS2_PLACEMENT_3D ( 'NONE', #1713, #898, #4113 ) ;
#229 = ORIENTED_EDGE ( 'NONE', *, *, #2700, .T. ) ;
#230 = CARTESIAN_POINT ( 'NONE',  ( 30.00000000000000000, -32.22656249999993605, 16.04520705486836718 ) ) ;
#231 = AXIS2_PLACEMENT_3D ( 'NONE', #3181, #1905, #3498 ) ;
#232 = CARTESIAN_POINT ( 'NONE',  ( -8.000000000000000000, 27.75065104166680996, 13.81670607502514692 ) ) ;
#233 = DIRECTION ( 'NONE',  ( -1.000000000000000000, 0.000000000000000000, 0.000000000000000000 ) ) ;
#234 = FACE_OUTER_BOUND ( 'NONE', #1530, .T. ) ;
#235 = DIRECTION ( 'NONE',  ( 1.000000000000000000, -0.000000000000000000, -0.000000000000000000 ) ) ;
#236 = DIRECTION ( 'NONE',  ( 0.000000000000000000, 1.586032892321651496E-15, 1.000000000000000000 ) ) ;
#237 = ORIENTED_EDGE ( 'NONE', *, *, #1492, .T. ) ;
#238 = DIRECTION ( 'NONE',  ( 0.000000000000000000, 0.000000000000000000, -1.000000000000000000 ) ) ;
#239 = ADVANCED_FACE ( 'NONE', ( #3728 ), #1164, .T. ) ;
#240 = AXIS2_PLACEMENT_3D ( 'NONE', #4029, #2426, #1225 ) ;
#241 = VECTOR ( 'NONE', #5013, 1000.000000000000000 ) ;
#242 = DIRECTION ( 'NONE',  ( 1.000000000000000000, 0.000000000000000000, 0.000000000000000000 ) ) ;
#243 = DIRECTION ( 'NONE',  ( 0.000000000000000000, 0.000000000000000000, -1.000000000000000000 ) ) ;
#244 = ORIENTED_EDGE ( 'NONE', *, *, #3119, .F. ) ;
#245 = EDGE_CURVE ( 'NONE', #2156, #3892, #2696, .T. ) ;
#246 = ADVANCED_FACE ( 'NONE', ( #5296 ), #418, .T. ) ;
#247 = FACE_OUTER_BOUND ( 'NONE', #4295, .T. ) ;
#248 = DIRECTION ( 'NONE',  ( 0.000000000000000000, 0.000000000000000000, -1.000000000000000000 ) ) ;
#249 = EDGE_LOOP ( 'NONE', ( #2304, #3923 ) ) ;
#250 = CARTESIAN_POINT ( 'NONE',  ( -8.000000000000000000, 22.43818669639379237, -49.66666666666665009 ) ) ;
#251 = ORIENTED_EDGE ( 'NONE', *, *, #5209, .F. ) ;
#252 = ORIENTED_EDGE ( 'NONE', *, *, #3247, .T. ) ;
#253 = CARTESIAN_POINT ( 'NONE',  ( 30.00000000000000000, 0.000000000000000000, 0.000000000000000000 ) ) ;
#254 = EDGE_CURVE ( 'NONE', #47, #368, #1054, .T. ) ;
#255 = ORIENTED_EDGE ( 'NONE', *, *, #760, .T. ) ;
#256 = DIRECTION ( 'NONE',  ( 1.000000000000000000, -0.000000000000000000, -0.000000000000000000 ) ) ;
#257 = CARTESIAN_POINT ( 'NONE',  ( 10.00000000000000000, -48.00000000000000000, 1.675911042644704011E-13 ) ) ;
#258 = FACE_OUTER_BOUND ( 'NONE', #1451, .T. ) ;
#259 = AXIS2_PLACEMENT_3D ( 'NONE', #354, #5286, #410 ) ;
#260 = CYLINDRICAL_SURFACE ( 'NONE', #544, 5.000000000000000888 ) ;
#261 = LINE ( 'NONE', #1902, #4737 ) ;
#262 = DIRECTION ( 'NONE',  ( -1.000000000000000000, -0.000000000000000000, -0.000000000000000000 ) ) ;
#263 = CARTESIAN_POINT ( 'NONE',  ( 10.00000000000000000, 48.00000000000000000, -5.027733127934112032E-13 ) ) ;
#264 = CARTESIAN_POINT ( 'NONE',  ( -8.000000000000000000, -24.49673593459509391, -54.22324159021403034 ) ) ;
#265 = AXIS2_PLACEMENT_3D ( 'NONE', #3406, #2229, #2645 ) ;
#266 = PLANE ( 'NONE',  #4935 ) ;
#267 = ORIENTED_EDGE ( 'NONE', *, *, #3900, .T. ) ;
#268 = EDGE_LOOP ( 'NONE', ( #2398, #1104, #1669, #4483 ) ) ;
#269 = CARTESIAN_POINT ( 'NONE',  ( 12.00000000000000000, 0.000000000000000000, 0.000000000000000000 ) ) ;
#270 = EDGE_CURVE ( 'NONE', #490, #4147, #2017, .T. ) ;
#271 = CARTESIAN_POINT ( 'NONE',  ( 32.00000000000000000, 32.22656250000015632, 16.04520705486791954 ) ) ;
#272 = EDGE_CURVE ( 'NONE', #1093, #2132, #4670, .T. ) ;
#273 = DIRECTION ( 'NONE',  ( -1.000000000000000000, 0.000000000000000000, 0.000000000000000000 ) ) ;
#274 = ORIENTED_EDGE ( 'NONE', *, *, #61, .F. ) ;
#275 = CARTESIAN_POINT ( 'NONE',  ( 6.999999999999999112, 18.50000000000000000, -3.398394867633905489E-15 ) ) ;
#276 = ORIENTED_EDGE ( 'NONE', *, *, #4939, .T. ) ;
#277 = AXIS2_PLACEMENT_3D ( 'NONE', #4259, #1412, #3861 ) ;
#278 = CARTESIAN_POINT ( 'NONE',  ( 32.00000000000000000, 7.778174593052019858, -7.778174593052029628 ) ) ;
#279 = EDGE_CURVE ( 'NONE', #744, #2156, #4926, .T. ) ;
#280 = CARTESIAN_POINT ( 'NONE',  ( 32.00000000000000000, 49.66666666666688457, 17.43818669639327013 ) ) ;
#281 = CARTESIAN_POINT ( 'NONE',  ( 12.00000000000000000, 0.000000000000000000, 0.000000000000000000 ) ) ;
#282 = AXIS2_PLACEMENT_3D ( 'NONE', #2750, #1134, #1978 ) ;
#283 = CIRCLE ( 'NONE', #510, 6.999999999999999112 ) ;
#284 = DIRECTION ( 'NONE',  ( 0.000000000000000000, 0.000000000000000000, 1.000000000000000000 ) ) ;
#285 = CARTESIAN_POINT ( 'NONE',  ( 12.00000000000000000, 17.67766952966370297, 17.67766952966370297 ) ) ;
#286 = CARTESIAN_POINT ( 'NONE',  ( 12.00000000000000000, 18.00000000000000000, -2.000000000000000000 ) ) ;
#287 = CARTESIAN_POINT ( 'NONE',  ( 6.999999999999999112, -18.50000000000000000, 1.084202172485504434E-15 ) ) ;
#288 = ORIENTED_EDGE ( 'NONE', *, *, #5208, .T. ) ;
#289 = VERTEX_POINT ( 'NONE', #3621 ) ;
#290 = AXIS2_PLACEMENT_3D ( 'NONE', #923, #3053, #524 ) ;
#291 = DIRECTION ( 'NONE',  ( 0.000000000000000000, 0.000000000000000000, 1.000000000000000000 ) ) ;
#292 = VERTEX_POINT ( 'NONE', #4142 ) ;
#293 = ORIENTED_EDGE ( 'NONE', *, *, #4783, .T. ) ;
#294 = ORIENTED_EDGE ( 'NONE', *, *, #2605, .F. ) ;
#295 = CIRCLE ( 'NONE', #2113, 6.999999999999999112 ) ;
#296 = AXIS2_PLACEMENT_3D ( 'NONE', #2945, #3267, #4596 ) ;
#297 = CARTESIAN_POINT ( 'NONE',  ( 2.000000000000000000, 8.572527594031474570E-15, 70.00000000000001421 ) ) ;
#298 = DIRECTION ( 'NONE',  ( 0.000000000000000000, 0.000000000000000000, -1.000000000000000000 ) ) ;
#299 = CARTESIAN_POINT ( 'NONE',  ( 32.00000000000000000, 0.000000000000000000, 0.000000000000000000 ) ) ;
#300 = AXIS2_PLACEMENT_3D ( 'NONE', #3288, #851, #4968 ) ;
#301 = VERTEX_POINT ( 'NONE', #4448 ) ;
#302 = DIRECTION ( 'NONE',  ( 0.000000000000000000, 1.776356839400250465E-15, -1.000000000000000000 ) ) ;
#303 = VERTEX_POINT ( 'NONE', #2802 ) ;
#304 = AXIS2_PLACEMENT_3D ( 'NONE', #1001, #2938, #2259 ) ;
#305 = EDGE_CURVE ( 'NONE', #5224, #1758, #5017, .T. ) ;
#306 = ORIENTED_EDGE ( 'NONE', *, *, #1363, .T. ) ;
#307 = CARTESIAN_POINT ( 'NONE',  ( 0.000000000000000000, -13.81670607502544179, -27.75065104166666430 ) ) ;
#308 = AXIS2_PLACEMENT_3D ( 'NONE', #437, #3350, #4162 ) ;
#309 = DIRECTION ( 'NONE',  ( 0.000000000000000000, 0.4117098476402442087, -0.9113149847094840217 ) ) ;
#310 = LINE ( 'NONE', #3090, #1745 ) ;
#311 = VECTOR ( 'NONE', #136, 1000.000000000000000 ) ;
#312 = EDGE_CURVE ( 'NONE', #387, #5139, #4078, .T. ) ;
#313 = ADVANCED_FACE ( 'NONE', ( #2438 ), #1189, .F. ) ;
#314 = CIRCLE ( 'NONE', #2218, 5.000000000000004441 ) ;
#315 = DIRECTION ( 'NONE',  ( 0.000000000000000000, 0.000000000000000000, 1.000000000000000000 ) ) ;
#316 = FACE_OUTER_BOUND ( 'NONE', #2637, .T. ) ;
#317 = DIRECTION ( 'NONE',  ( 1.000000000000000000, 0.000000000000000000, 0.000000000000000000 ) ) ;
#318 = DIRECTION ( 'NONE',  ( 0.000000000000000000, 0.000000000000000000, -1.000000000000000000 ) ) ;
#319 = VERTEX_POINT ( 'NONE', #2851 ) ;
#320 = EDGE_CURVE ( 'NONE', #3275, #4731, #2828, .T. ) ;
#321 = CARTESIAN_POINT ( 'NONE',  ( 32.00000000000000000, -12.92530568308831640, -25.96028645833332860 ) ) ;
#322 = DIRECTION ( 'NONE',  ( 1.000000000000000000, 0.000000000000000000, 0.000000000000000000 ) ) ;
#323 = EDGE_LOOP ( 'NONE', ( #3136, #5030, #4919, #2906 ) ) ;
#324 = ORIENTED_EDGE ( 'NONE', *, *, #587, .T. ) ;
#325 = CIRCLE ( 'NONE', #2971, 70.00000000000001421 ) ;
#326 = CIRCLE ( 'NONE', #2652, 2.000000000000000888 ) ;
#327 = AXIS2_PLACEMENT_3D ( 'NONE', #2457, #3321, #4063 ) ;
#328 = FACE_OUTER_BOUND ( 'NONE', #3346, .T. ) ;
#329 = CIRCLE ( 'NONE', #1004, 3.149999999999999911 ) ;
#330 = CYLINDRICAL_SURFACE ( 'NONE', #4323, 14.20000000000000284 ) ;
#331 = CARTESIAN_POINT ( 'NONE',  ( 12.00000000000000000, 18.00000000000000000, 0.000000000000000000 ) ) ;
#332 = ORIENTED_EDGE ( 'NONE', *, *, #1520, .F. ) ;
#333 = CARTESIAN_POINT ( 'NONE',  ( -8.000000000000000000, 0.000000000000000000, 48.00000000000000000 ) ) ;
#334 = ORIENTED_EDGE ( 'NONE', *, *, #1052, .T. ) ;
#335 = DIRECTION ( 'NONE',  ( 1.000000000000000000, 0.000000000000000000, 0.000000000000000000 ) ) ;
#336 = DIRECTION ( 'NONE',  ( -1.000000000000000000, -0.000000000000000000, -0.000000000000000000 ) ) ;
#337 = LINE ( 'NONE', #703, #4475 ) ;
#338 = DIRECTION ( 'NONE',  ( 1.000000000000000000, 0.000000000000000000, 0.000000000000000000 ) ) ;
#339 = FACE_OUTER_BOUND ( 'NONE', #2405, .T. ) ;
#340 = EDGE_CURVE ( 'NONE', #5191, #3391, #4836, .T. ) ;
#341 = DIRECTION ( 'NONE',  ( 1.000000000000000000, -0.000000000000000000, -0.000000000000000000 ) ) ;
#342 = EDGE_CURVE ( 'NONE', #3162, #2572, #800, .T. ) ;
#343 = DIRECTION ( 'NONE',  ( 0.000000000000000000, 0.000000000000000000, -1.000000000000000000 ) ) ;
#344 = DIRECTION ( 'NONE',  ( -1.000000000000000000, 0.000000000000000000, 0.000000000000000000 ) ) ;
#345 = CARTESIAN_POINT ( 'NONE',  ( 30.00000000000000000, -49.29629629629622656, 17.45192298608422377 ) ) ;
#346 = DIRECTION ( 'NONE',  ( -1.000000000000000000, -0.000000000000000000, -0.000000000000000000 ) ) ;
#347 = EDGE_CURVE ( 'NONE', #640, #1073, #4558, .T. ) ;
#348 = EDGE_LOOP ( 'NONE', ( #3, #912, #2434, #1396 ) ) ;
#349 = ORIENTED_EDGE ( 'NONE', *, *, #5018, .F. ) ;
#350 = AXIS2_PLACEMENT_3D ( 'NONE', #230, #5129, #174 ) ;
#351 = CARTESIAN_POINT ( 'NONE',  ( 30.00000000000000000, 13.81670607502544357, 27.75065104166666075 ) ) ;
#352 = CARTESIAN_POINT ( 'NONE',  ( 32.00000000000000000, 49.66666666666641561, -22.43818669639431107 ) ) ;
#353 = CARTESIAN_POINT ( 'NONE',  ( 32.00000000000000000, 1.469576158976819806E-15, 24.00000000000000000 ) ) ;
#354 = CARTESIAN_POINT ( 'NONE',  ( 32.00000000000000000, 22.43818669639379237, -49.66666666666665009 ) ) ;
#355 = ORIENTED_EDGE ( 'NONE', *, *, #125, .T. ) ;
#356 = CARTESIAN_POINT ( 'NONE',  ( 32.00000000000000000, -16.26345596729059650, 16.26345596729059650 ) ) ;
#357 = DIRECTION ( 'NONE',  ( 0.000000000000000000, 0.000000000000000000, -1.000000000000000000 ) ) ;
#358 = DIRECTION ( 'NONE',  ( 1.000000000000000000, 0.000000000000000000, 0.000000000000000000 ) ) ;
#359 = DIRECTION ( 'NONE',  ( -1.000000000000000000, -0.000000000000000000, -0.000000000000000000 ) ) ;
#360 = DIRECTION ( 'NONE',  ( 0.000000000000000000, 0.4457001959685629733, -0.8951822916666664076 ) ) ;
#361 = AXIS2_PLACEMENT_3D ( 'NONE', #1766, #2594, #149 ) ;
#362 = CARTESIAN_POINT ( 'NONE',  ( 32.00000000000000000, 54.22324159021430745, 24.49673593459448639 ) ) ;
#363 = DIRECTION ( 'NONE',  ( 1.000000000000000000, 0.000000000000000000, 0.000000000000000000 ) ) ;
#364 = ORIENTED_EDGE ( 'NONE', *, *, #1089, .T. ) ;
#365 = ORIENTED_EDGE ( 'NONE', *, *, #2612, .T. ) ;
#366 = EDGE_CURVE ( 'NONE', #2810, #860, #2442, .T. ) ;
#367 = CARTESIAN_POINT ( 'NONE',  ( 31.25190927989603651, 69.52726451271237806, -2.754410058446219445 ) ) ;
#368 = VERTEX_POINT ( 'NONE', #24 ) ;
#369 = CARTESIAN_POINT ( 'NONE',  ( 30.00000000000000000, -48.00000000000000000, 1.675911042644704011E-13 ) ) ;
#370 = CARTESIAN_POINT ( 'NONE',  ( 12.00000000000000000, 9.797174393178831574E-16, 16.00000000000000000 ) ) ;
#371 = AXIS2_PLACEMENT_3D ( 'NONE', #1493, #1111, #626 ) ;
#372 = ORIENTED_EDGE ( 'NONE', *, *, #3967, .F. ) ;
#373 = ORIENTED_EDGE ( 'NONE', *, *, #4839, .T. ) ;
#374 = EDGE_CURVE ( 'NONE', #181, #462, #3370, .T. ) ;
#375 = EDGE_CURVE ( 'NONE', #4658, #1887, #5189, .T. ) ;
#376 = AXIS2_PLACEMENT_3D ( 'NONE', #4112, #2043, #4931 ) ;
#377 = DIRECTION ( 'NONE',  ( 0.000000000000000000, 0.000000000000000000, -1.000000000000000000 ) ) ;
#378 = ORIENTED_EDGE ( 'NONE', *, *, #1512, .T. ) ;
#379 = CIRCLE ( 'NONE', #3955, 17.50000000000000000 ) ;
#380 = DIRECTION ( 'NONE',  ( 1.000000000000000000, 0.000000000000000000, 0.000000000000000000 ) ) ;
#381 = VECTOR ( 'NONE', #2920, 1000.000000000000000 ) ;
#382 = DIRECTION ( 'NONE',  ( -1.000000000000000000, 0.000000000000000000, 0.000000000000000000 ) ) ;
#383 = AXIS2_PLACEMENT_3D ( 'NONE', #370, #772, #3631 ) ;
#384 = FACE_BOUND ( 'NONE', #1635, .T. ) ;
#385 = ORIENTED_EDGE ( 'NONE', *, *, #989, .T. ) ;
#386 = LINE ( 'NONE', #1627, #4292 ) ;
#387 = VERTEX_POINT ( 'NONE', #2278 ) ;
#388 = CARTESIAN_POINT ( 'NONE',  ( 32.00000000000000000, 1.738998454789241944E-15, -62.20000000000000284 ) ) ;
#389 =( NAMED_UNIT ( * ) PLANE_ANGLE_UNIT ( ) SI_UNIT ( $, .RADIAN. ) );
#390 = AXIS2_PLACEMENT_3D ( 'NONE', #1470, #1903, #2731 ) ;
#391 = CARTESIAN_POINT ( 'NONE',  ( 32.00000000000000000, 49.29629629629609866, -17.45192298608456483 ) ) ;
#392 = FACE_OUTER_BOUND ( 'NONE', #4920, .T. ) ;
#393 = AXIS2_PLACEMENT_3D ( 'NONE', #742, #1555, #4809 ) ;
#394 = ORIENTED_EDGE ( 'NONE', *, *, #1393, .F. ) ;
#395 = AXIS2_PLACEMENT_3D ( 'NONE', #4472, #4046, #25 ) ;
#396 = CARTESIAN_POINT ( 'NONE',  ( 12.00000000000000000, 17.67766952966370297, 19.67766952966369942 ) ) ;
#397 = ORIENTED_EDGE ( 'NONE', *, *, #3442, .F. ) ;
#398 = CARTESIAN_POINT ( 'NONE',  ( 32.00000000000000000, 48.00000000000000000, -5.027733127934112032E-13 ) ) ;
#399 = DIRECTION ( 'NONE',  ( 0.000000000000000000, -1.000000000000000000, 3.491481338843132566E-15 ) ) ;
#400 = ADVANCED_FACE ( 'NONE', ( #1890 ), #2548, .F. ) ;
#401 = ORIENTED_EDGE ( 'NONE', *, *, #2671, .T. ) ;
#402 = EDGE_LOOP ( 'NONE', ( #2587, #4530, #385, #1506 ) ) ;
#403 = CARTESIAN_POINT ( 'NONE',  ( 30.00000000000000000, -22.43818669639379237, -49.66666666666665009 ) ) ;
#404 = DIRECTION ( 'NONE',  ( -1.000000000000000000, -0.000000000000000000, -0.000000000000000000 ) ) ;
#405 = ORIENTED_EDGE ( 'NONE', *, *, #61, .T. ) ;
#406 = EDGE_CURVE ( 'NONE', #5100, #4562, #1760, .T. ) ;
#407 = EDGE_CURVE ( 'NONE', #3786, #5100, #2775, .T. ) ;
#408 = ORIENTED_EDGE ( 'NONE', *, *, #3999, .T. ) ;
#409 = EDGE_LOOP ( 'NONE', ( #397, #2029, #2145, #3531 ) ) ;
#410 = DIRECTION ( 'NONE',  ( 0.000000000000000000, 0.000000000000000000, -1.000000000000000000 ) ) ;
#411 = FACE_OUTER_BOUND ( 'NONE', #1565, .T. ) ;
#412 = DIRECTION ( 'NONE',  ( 0.000000000000000000, 0.000000000000000000, -1.000000000000000000 ) ) ;
#413 = ORIENTED_EDGE ( 'NONE', *, *, #1420, .F. ) ;
#414 = ADVANCED_FACE ( 'NONE', ( #3879 ), #3452, .T. ) ;
#415 = DIRECTION ( 'NONE',  ( 1.000000000000000000, -0.000000000000000000, -0.000000000000000000 ) ) ;
#416 = ORIENTED_EDGE ( 'NONE', *, *, #2766, .T. ) ;
#417 = CIRCLE ( 'NONE', #3408, 1.000000000000000000 ) ;
#418 = CYLINDRICAL_SURFACE ( 'NONE', #2362, 17.50000000000000000 ) ;
#419 = DIRECTION ( 'NONE',  ( -3.280275122312074522E-18, -0.8951822916666665186, -0.4457001959685630843 ) ) ;
#420 = CARTESIAN_POINT ( 'NONE',  ( -8.000000000000000000, 24.49673593459505483, -54.22324159021404455 ) ) ;
#421 = DIRECTION ( 'NONE',  ( 1.000000000000000000, 0.000000000000000000, 0.000000000000000000 ) ) ;
#422 = VERTEX_POINT ( 'NONE', #4583 ) ;
#423 = DIRECTION ( 'NONE',  ( 1.000000000000000000, 0.000000000000000000, 0.000000000000000000 ) ) ;
#424 = ORIENTED_EDGE ( 'NONE', *, *, #3414, .T. ) ;
#425 = AXIS2_PLACEMENT_3D ( 'NONE', #4915, #1170, #2859 ) ;
#426 = DIRECTION ( 'NONE',  ( 0.000000000000000000, 0.000000000000000000, -1.000000000000000000 ) ) ;
#427 = DIRECTION ( 'NONE',  ( 0.000000000000000000, 0.000000000000000000, 1.000000000000000000 ) ) ;
#428 = ORIENTED_EDGE ( 'NONE', *, *, #4445, .F. ) ;
#429 = AXIS2_PLACEMENT_3D ( 'NONE', #3041, #4291, #3846 ) ;
#430 = DIRECTION ( 'NONE',  ( 0.000000000000000000, 0.4117098476402498153, -0.9113149847094814682 ) ) ;
#431 = DIRECTION ( 'NONE',  ( 0.000000000000000000, 0.000000000000000000, 1.000000000000000000 ) ) ;
#432 = VERTEX_POINT ( 'NONE', #3756 ) ;
#433 = EDGE_LOOP ( 'NONE', ( #4165, #4353 ) ) ;
#434 = CARTESIAN_POINT ( 'NONE',  ( 10.00000000000000000, 0.000000000000000000, 62.20000000000000284 ) ) ;
#435 = EDGE_CURVE ( 'NONE', #3596, #3823, #465, .T. ) ;
#436 = EDGE_CURVE ( 'NONE', #2051, #744, #5279, .T. ) ;
#437 = CARTESIAN_POINT ( 'NONE',  ( 12.00000000000000000, 17.67766952966370297, 17.67766952966370297 ) ) ;
#438 = DIRECTION ( 'NONE',  ( 0.000000000000000000, 0.000000000000000000, -1.000000000000000000 ) ) ;
#439 = DIRECTION ( 'NONE',  ( 1.000000000000000000, 0.000000000000000000, 0.000000000000000000 ) ) ;
#440 = ORIENTED_EDGE ( 'NONE', *, *, #5175, .F. ) ;
#441 = EDGE_CURVE ( 'NONE', #4269, #4875, #2282, .T. ) ;
#442 = EDGE_CURVE ( 'NONE', #5173, #3828, #889, .T. ) ;
#443 = ORIENTED_EDGE ( 'NONE', *, *, #4481, .F. ) ;
#444 = CARTESIAN_POINT ( 'NONE',  ( 12.00000000000000000, 12.02081528017130019, 10.02081528017129841 ) ) ;
#445 = DIRECTION ( 'NONE',  ( -1.000000000000000000, 0.000000000000000000, 0.000000000000000000 ) ) ;
#446 = DIRECTION ( 'NONE',  ( 0.000000000000000000, 0.000000000000000000, -1.000000000000000000 ) ) ;
#447 = EDGE_LOOP ( 'NONE', ( #3552, #1785 ) ) ;
#448 = CARTESIAN_POINT ( 'NONE',  ( 31.81074928498885157, 68.81197911714133397, -2.543599585627352777 ) ) ;
#449 = CIRCLE ( 'NONE', #3440, 2.000000000000001776 ) ;
#450 = EDGE_LOOP ( 'NONE', ( #4122, #4533 ) ) ;
#451 = LINE ( 'NONE', #2503, #4171 ) ;
#452 = FACE_OUTER_BOUND ( 'NONE', #1000, .T. ) ;
#453 = VERTEX_POINT ( 'NONE', #4710 ) ;
#454 = VERTEX_POINT ( 'NONE', #4166 ) ;
#455 = CARTESIAN_POINT ( 'NONE',  ( -8.000000000000000000, -49.29629629629634735, -17.45192298608387915 ) ) ;
#456 = ORIENTED_EDGE ( 'NONE', *, *, #2456, .F. ) ;
#457 = AXIS2_PLACEMENT_3D ( 'NONE', #4080, #421, #3308 ) ;
#458 = CIRCLE ( 'NONE', #3188, 4.999999999999997335 ) ;
#459 = DIRECTION ( 'NONE',  ( 0.000000000000000000, 0.000000000000000000, -1.000000000000000000 ) ) ;
#460 = AXIS2_PLACEMENT_3D ( 'NONE', #2290, #3202, #4775 ) ;
#461 = DIRECTION ( 'NONE',  ( 0.000000000000000000, 0.000000000000000000, -1.000000000000000000 ) ) ;
#462 = VERTEX_POINT ( 'NONE', #498 ) ;
#463 = ORIENTED_EDGE ( 'NONE', *, *, #1989, .F. ) ;
#464 = CARTESIAN_POINT ( 'NONE',  ( 12.00000000000000000, 0.000000000000000000, 0.000000000000000000 ) ) ;
#465 = CIRCLE ( 'NONE', #4041, 6.999999999999999112 ) ;
#466 = CARTESIAN_POINT ( 'NONE',  ( 30.53778583594805340, 69.88712734236629842, 2.837125572315368327 ) ) ;
#467 = FACE_BOUND ( 'NONE', #5150, .T. ) ;
#468 = AXIS2_PLACEMENT_3D ( 'NONE', #830, #2057, #3294 ) ;
#469 = ORIENTED_EDGE ( 'NONE', *, *, #3018, .F. ) ;
#470 = LINE ( 'NONE', #5321, #1817 ) ;
#471 = ADVANCED_FACE ( 'NONE', ( #2327, #1455 ), #645, .T. ) ;
#472 = ORIENTED_EDGE ( 'NONE', *, *, #374, .F. ) ;
#473 = AXIS2_PLACEMENT_3D ( 'NONE', #1092, #1935, #2738 ) ;
#474 = CARTESIAN_POINT ( 'NONE',  ( -8.000000000000000000, 0.000000000000000000, 18.50000000000000000 ) ) ;
#475 = FACE_BOUND ( 'NONE', #4761, .T. ) ;
#476 = CARTESIAN_POINT ( 'NONE',  ( 12.00000000000000000, -2.204364238465240161E-15, -14.00000000000000000 ) ) ;
#477 = ADVANCED_FACE ( 'NONE', ( #2180 ), #1739, .T. ) ;
#478 = EDGE_CURVE ( 'NONE', #2387, #4243, #2198, .T. ) ;
#479 = ORIENTED_EDGE ( 'NONE', *, *, #768, .T. ) ;
#480 = CIRCLE ( 'NONE', #4682, 2.000000000000001776 ) ;
#481 = FACE_OUTER_BOUND ( 'NONE', #3676, .T. ) ;
#482 = TOROIDAL_SURFACE ( 'NONE', #114, 15.50000000000000888, 2.000000000000000000 ) ;
#483 = ORIENTED_EDGE ( 'NONE', *, *, #4375, .F. ) ;
#484 = DIRECTION ( 'NONE',  ( -1.000000000000000000, -0.000000000000000000, -0.000000000000000000 ) ) ;
#485 = DIRECTION ( 'NONE',  ( -1.000000000000000000, -0.000000000000000000, -0.000000000000000000 ) ) ;
#486 = DIRECTION ( 'NONE',  ( 0.000000000000000000, 0.000000000000000000, 1.000000000000000000 ) ) ;
#487 = EDGE_CURVE ( 'NONE', #1734, #1604, #1230, .T. ) ;
#488 = CARTESIAN_POINT ( 'NONE',  ( 30.00000000000000000, -49.66666666666657193, 22.43818669639396646 ) ) ;
#489 = CARTESIAN_POINT ( 'NONE',  ( 12.00000000000000000, 13.43502884254440133, -11.43502884254439955 ) ) ;
#490 = VERTEX_POINT ( 'NONE', #1331 ) ;
#491 = ORIENTED_EDGE ( 'NONE', *, *, #2832, .F. ) ;
#492 = DIRECTION ( 'NONE',  ( 0.000000000000000000, -0.9113149847094795808, -0.4117098476402541452 ) ) ;
#493 = CARTESIAN_POINT ( 'NONE',  ( 32.00000000000000000, -16.26345596729059650, 18.26345596729060006 ) ) ;
#494 = CARTESIAN_POINT ( 'NONE',  ( 2.000000000000001776, 68.94285714285716438, -2.807569942065886170 ) ) ;
#495 = DIRECTION ( 'NONE',  ( -1.000000000000000000, -0.000000000000000000, -0.000000000000000000 ) ) ;
#496 = AXIS2_PLACEMENT_3D ( 'NONE', #1939, #4816, #2763 ) ;
#497 = ADVANCED_FACE ( 'NONE', ( #5167 ), #2961, .F. ) ;
#498 = CARTESIAN_POINT ( 'NONE',  ( -8.000000000000000000, 18.50000000000000000, 2.049999999999997158 ) ) ;
#499 = AXIS2_PLACEMENT_3D ( 'NONE', #2928, #1791, #4577 ) ;
#500 = CARTESIAN_POINT ( 'NONE',  ( 32.00000000000000000, -17.45192298608404968, 49.29629629629628340 ) ) ;
#501 = DIRECTION ( 'NONE',  ( 0.000000000000000000, 0.000000000000000000, 1.000000000000000000 ) ) ;
#502 = ORIENTED_EDGE ( 'NONE', *, *, #4506, .T. ) ;
#503 = AXIS2_PLACEMENT_3D ( 'NONE', #64, #1564, #853 ) ;
#504 = EDGE_CURVE ( 'NONE', #1347, #3610, #2615, .T. ) ;
#505 = EDGE_CURVE ( 'NONE', #3823, #886, #3958, .T. ) ;
#506 = ORIENTED_EDGE ( 'NONE', *, *, #2026, .T. ) ;
#507 = DIRECTION ( 'NONE',  ( 0.000000000000000000, 0.000000000000000000, -1.000000000000000000 ) ) ;
#508 = CYLINDRICAL_SURFACE ( 'NONE', #1416, 5.000000000000000888 ) ;
#509 = FACE_OUTER_BOUND ( 'NONE', #1264, .T. ) ;
#510 = AXIS2_PLACEMENT_3D ( 'NONE', #1032, #1056, #3889 ) ;
#511 = ADVANCED_FACE ( 'NONE', ( #775 ), #4817, .F. ) ;
#512 = CARTESIAN_POINT ( 'NONE',  ( 30.99999999999999645, 68.64285714285715301, -1.469068842943078712 ) ) ;
#513 = CARTESIAN_POINT ( 'NONE',  ( 6.999999999999999112, -2.168404344971008868E-15, -16.44999999999999929 ) ) ;
#514 = ORIENTED_EDGE ( 'NONE', *, *, #1330, .F. ) ;
#515 = ORIENTED_EDGE ( 'NONE', *, *, #3223, .T. ) ;
#516 = AXIS2_PLACEMENT_3D ( 'NONE', #3687, #32, #1665 ) ;
#517 = EDGE_LOOP ( 'NONE', ( #1298, #4790, #521, #1013 ) ) ;
#518 = CARTESIAN_POINT ( 'NONE',  ( 32.00000000000000000, -11.05336486002035379, -37.13385416666665861 ) ) ;
#519 = AXIS2_PLACEMENT_3D ( 'NONE', #4052, #2856, #3284 ) ;
#520 = CARTESIAN_POINT ( 'NONE',  ( -8.000000000000000000, -27.75065104166672114, -13.81670607502532988 ) ) ;
#521 = ORIENTED_EDGE ( 'NONE', *, *, #3874, .F. ) ;
#522 = CARTESIAN_POINT ( 'NONE',  ( 32.00000000000000000, 54.22324159021378875, -24.49673593459562326 ) ) ;
#523 = VERTEX_POINT ( 'NONE', #3133 ) ;
#524 = DIRECTION ( 'NONE',  ( 0.000000000000000000, 0.000000000000000000, -1.000000000000000000 ) ) ;
#525 = DIRECTION ( 'NONE',  ( -1.000000000000000000, -0.000000000000000000, -0.000000000000000000 ) ) ;
#526 = DIRECTION ( 'NONE',  ( 0.000000000000000000, 0.000000000000000000, 1.000000000000000000 ) ) ;
#527 = VERTEX_POINT ( 'NONE', #1941 ) ;
#528 = CARTESIAN_POINT ( 'NONE',  ( 32.00000000000000000, -32.22656249999993605, 16.04520705486836718 ) ) ;
#529 = CARTESIAN_POINT ( 'NONE',  ( 30.95766605531279936, 69.70541822720335290, 2.795958111107889277 ) ) ;
#530 = CARTESIAN_POINT ( 'NONE',  ( 0.000000000000000000, 0.000000000000000000, 0.000000000000000000 ) ) ;
#531 = EDGE_CURVE ( 'NONE', #5249, #1463, #2448, .T. ) ;
#532 = DIRECTION ( 'NONE',  ( 0.000000000000000000, 0.000000000000000000, -1.000000000000000000 ) ) ;
#533 = DIRECTION ( 'NONE',  ( 1.000000000000000000, 0.000000000000000000, 0.000000000000000000 ) ) ;
#534 = ORIENTED_EDGE ( 'NONE', *, *, #538, .T. ) ;
#535 = EDGE_LOOP ( 'NONE', ( #1336, #4109, #4320, #1374 ) ) ;
#536 = ORIENTED_EDGE ( 'NONE', *, *, #320, .F. ) ;
#537 = DIRECTION ( 'NONE',  ( 0.000000000000000000, 0.000000000000000000, -1.000000000000000000 ) ) ;
#538 = EDGE_CURVE ( 'NONE', #292, #2692, #4863, .T. ) ;
#539 = ADVANCED_FACE ( 'NONE', ( #1148 ), #330, .F. ) ;
#540 = ORIENTED_EDGE ( 'NONE', *, *, #2826, .F. ) ;
#541 = CARTESIAN_POINT ( 'NONE',  ( 32.00000000000000000, -48.00000000000000000, -15.49999999999984013 ) ) ;
#542 = CARTESIAN_POINT ( 'NONE',  ( 32.00000000000000000, 13.43502884254440133, -11.43502884254439955 ) ) ;
#543 = ORIENTED_EDGE ( 'NONE', *, *, #1328, .T. ) ;
#544 = AXIS2_PLACEMENT_3D ( 'NONE', #2752, #338, #5263 ) ;
#545 = CARTESIAN_POINT ( 'NONE',  ( 30.00000000000000000, 0.000000000000000000, 0.000000000000000000 ) ) ;
#546 = DIRECTION ( 'NONE',  ( 1.000000000000000000, -0.000000000000000000, -0.000000000000000000 ) ) ;
#547 = AXIS2_PLACEMENT_3D ( 'NONE', #3952, #1618, #3242 ) ;
#548 = CIRCLE ( 'NONE', #2621, 1.999999999999997335 ) ;
#549 = FACE_OUTER_BOUND ( 'NONE', #1234, .T. ) ;
#550 = CARTESIAN_POINT ( 'NONE',  ( 30.00000000000000000, 8.327598234202002696E-15, 68.00000000000001421 ) ) ;
#551 = TOROIDAL_SURFACE ( 'NONE', #2116, 15.50000000000000888, 2.000000000000000000 ) ;
#552 = FACE_OUTER_BOUND ( 'NONE', #1557, .T. ) ;
#553 = CARTESIAN_POINT ( 'NONE',  ( 32.00000000000000000, -22.00000000000000000, 2.694222958124179965E-15 ) ) ;
#554 = AXIS2_PLACEMENT_3D ( 'NONE', #1977, #4771, #3590 ) ;
#555 = CARTESIAN_POINT ( 'NONE',  ( 30.76808948113018971, 69.06824644040059979, -1.770866965215087685 ) ) ;
#556 = ADVANCED_FACE ( 'NONE', ( #3556 ), #2382, .F. ) ;
#557 = VECTOR ( 'NONE', #4363, 1000.000000000000000 ) ;
#558 = ORIENTED_EDGE ( 'NONE', *, *, #2759, .T. ) ;
#559 = ORIENTED_EDGE ( 'NONE', *, *, #406, .T. ) ;
#560 = LINE ( 'NONE', #2223, #1720 ) ;
#561 = AXIS2_PLACEMENT_3D ( 'NONE', #3230, #3279, #3335 ) ;
#562 = DIRECTION ( 'NONE',  ( 1.000000000000000000, 0.000000000000000000, 0.000000000000000000 ) ) ;
#563 = ADVANCED_FACE ( 'NONE', ( #4430 ), #5253, .F. ) ;
#564 = EDGE_CURVE ( 'NONE', #2206, #10, #45, .T. ) ;
#565 = CIRCLE ( 'NONE', #3554, 1.999999999999999334 ) ;
#566 = ORIENTED_EDGE ( 'NONE', *, *, #478, .T. ) ;
#567 = CIRCLE ( 'NONE', #231, 15.50000000000001421 ) ;
#568 = DIRECTION ( 'NONE',  ( 0.000000000000000000, 0.000000000000000000, -1.000000000000000000 ) ) ;
#569 = CARTESIAN_POINT ( 'NONE',  ( -8.000000000000000000, 16.04520705486825349, 32.22656249999999289 ) ) ;
#570 = VECTOR ( 'NONE', #634, 1000.000000000000000 ) ;
#571 = CARTESIAN_POINT ( 'NONE',  ( 32.00000000000000000, 8.450062914116739422E-15, 68.00000000000001421 ) ) ;
#572 = EDGE_CURVE ( 'NONE', #523, #3629, #5112, .T. ) ;
#573 = FACE_OUTER_BOUND ( 'NONE', #668, .T. ) ;
#574 = CARTESIAN_POINT ( 'NONE',  ( 12.00000000000000000, 12.02081528017130019, 14.02081528017130196 ) ) ;
#575 = CIRCLE ( 'NONE', #4972, 2.000000000000000000 ) ;
#576 = CARTESIAN_POINT ( 'NONE',  ( 12.00000000000000000, 7.778174593052019858, -7.778174593052029628 ) ) ;
#577 = DIRECTION ( 'NONE',  ( 0.000000000000000000, 0.000000000000000000, -1.000000000000000000 ) ) ;
#578 = CARTESIAN_POINT ( 'NONE',  ( 30.00000000000000000, -22.43818669639379237, -54.66666666666665009 ) ) ;
#579 = CARTESIAN_POINT ( 'NONE',  ( 32.00000000000000000, 12.02081528017130019, 12.02081528017130019 ) ) ;
#580 = DIRECTION ( 'NONE',  ( 0.000000000000000000, 0.000000000000000000, -1.000000000000000000 ) ) ;
#581 = CIRCLE ( 'NONE', #1011, 5.000000000000000888 ) ;
#582 = DIRECTION ( 'NONE',  ( 0.000000000000000000, 0.000000000000000000, 1.000000000000000000 ) ) ;
#583 = CIRCLE ( 'NONE', #1312, 1.999999999999998224 ) ;
#584 = EDGE_LOOP ( 'NONE', ( #1660, #1196, #2998, #3666 ) ) ;
#585 = EDGE_LOOP ( 'NONE', ( #2604, #4564, #1360, #364 ) ) ;
#586 = ORIENTED_EDGE ( 'NONE', *, *, #1958, .F. ) ;
#587 = EDGE_CURVE ( 'NONE', #10, #4253, #1125, .T. ) ;
#588 = CARTESIAN_POINT ( 'NONE',  ( -8.000000000000000000, 0.000000000000000000, 0.000000000000000000 ) ) ;
#589 = DIRECTION ( 'NONE',  ( -1.000000000000000000, 0.000000000000000000, 0.000000000000000000 ) ) ;
#590 = VERTEX_POINT ( 'NONE', #5196 ) ;
#591 = DIRECTION ( 'NONE',  ( 1.000000000000000000, -0.000000000000000000, -0.000000000000000000 ) ) ;
#592 = EDGE_CURVE ( 'NONE', #2572, #4147, #4463, .T. ) ;
#593 = EDGE_LOOP ( 'NONE', ( #4004, #157, #1807, #4081 ) ) ;
#594 = EDGE_CURVE ( 'NONE', #2662, #3977, #131, .T. ) ;
#595 = AXIS2_PLACEMENT_3D ( 'NONE', #806, #380, #4068 ) ;
#596 = CARTESIAN_POINT ( 'NONE',  ( 30.00000000000000000, 49.66666666666688457, 17.43818669639327013 ) ) ;
#597 = AXIS2_PLACEMENT_3D ( 'NONE', #3752, #1606, #4874 ) ;
#598 = CARTESIAN_POINT ( 'NONE',  ( -8.000000000000000000, 48.00000000000000000, 8.673617379884035472E-15 ) ) ;
#599 = DIRECTION ( 'NONE',  ( -1.000000000000000000, 0.000000000000000000, 0.000000000000000000 ) ) ;
#600 = EDGE_CURVE ( 'NONE', #787, #3354, #1585, .T. ) ;
#601 = EDGE_CURVE ( 'NONE', #3354, #303, #2284, .T. ) ;
#602 = DIRECTION ( 'NONE',  ( 1.000000000000000000, 0.000000000000000000, 0.000000000000000000 ) ) ;
#603 = DIRECTION ( 'NONE',  ( 0.000000000000000000, 1.224646799147349509E-16, 1.000000000000000000 ) ) ;
#604 = CARTESIAN_POINT ( 'NONE',  ( 32.00000000000000000, 35.73177083333319359, -12.47960548712012852 ) ) ;
#605 = CYLINDRICAL_SURFACE ( 'NONE', #2073, 1.000000000000000000 ) ;
#606 = CARTESIAN_POINT ( 'NONE',  ( 31.96527089146965039, 68.40306867604103047, -2.397008154630458243 ) ) ;
#607 = DIRECTION ( 'NONE',  ( 1.000000000000000000, 0.000000000000000000, 0.000000000000000000 ) ) ;
#608 = ORIENTED_EDGE ( 'NONE', *, *, #3054, .T. ) ;
#609 = ORIENTED_EDGE ( 'NONE', *, *, #146, .F. ) ;
#610 = VECTOR ( 'NONE', #2238, 1000.000000000000000 ) ;
#611 = VERTEX_POINT ( 'NONE', #1534 ) ;
#612 = CARTESIAN_POINT ( 'NONE',  ( -8.000000000000000000, 35.73177083333346360, 12.47960548711938600 ) ) ;
#613 = AXIS2_PLACEMENT_3D ( 'NONE', #155, #3037, #4229 ) ;
#614 = DIRECTION ( 'NONE',  ( 0.000000000000000000, 0.000000000000000000, 1.000000000000000000 ) ) ;
#615 = ORIENTED_EDGE ( 'NONE', *, *, #2965, .T. ) ;
#616 = CARTESIAN_POINT ( 'NONE',  ( 30.00000000000000000, -37.13385416666662309, 11.05336486002048524 ) ) ;
#617 = LINE ( 'NONE', #2982, #1909 ) ;
#618 = ORIENTED_EDGE ( 'NONE', *, *, #965, .F. ) ;
#619 = CARTESIAN_POINT ( 'NONE',  ( 30.00000000000000000, -54.22324159021412981, -24.49673593459486654 ) ) ;
#620 = EDGE_CURVE ( 'NONE', #1895, #387, #2534, .T. ) ;
#621 = DIRECTION ( 'NONE',  ( 1.000000000000000000, -0.000000000000000000, -0.000000000000000000 ) ) ;
#622 = CIRCLE ( 'NONE', #2190, 5.000000000000004441 ) ;
#623 = CARTESIAN_POINT ( 'NONE',  ( -8.000000000000000000, -48.00000000000000000, 17.50000000000017408 ) ) ;
#624 = ORIENTED_EDGE ( 'NONE', *, *, #2165, .T. ) ;
#625 = AXIS2_PLACEMENT_3D ( 'NONE', #4903, #1652, #2068 ) ;
#626 = DIRECTION ( 'NONE',  ( 0.000000000000000000, 0.000000000000000000, -1.000000000000000000 ) ) ;
#627 = CARTESIAN_POINT ( 'NONE',  ( -8.000000000000000000, -1.917351751145801499E-15, -20.54999999999999716 ) ) ;
#628 = EDGE_CURVE ( 'NONE', #1203, #2171, #2459, .T. ) ;
#629 = CARTESIAN_POINT ( 'NONE',  ( -8.000000000000000000, -48.00000000000000000, 1.675911042644704011E-13 ) ) ;
#630 = ADVANCED_FACE ( 'NONE', ( #3982 ), #1970, .F. ) ;
#631 = CIRCLE ( 'NONE', #1584, 14.20000000000000462 ) ;
#632 = DIRECTION ( 'NONE',  ( 0.000000000000000000, -0.4117098476402526464, -0.9113149847094800249 ) ) ;
#633 = CIRCLE ( 'NONE', #468, 70.00000000000001421 ) ;
#634 = DIRECTION ( 'NONE',  ( 1.000000000000000000, -0.000000000000000000, -0.000000000000000000 ) ) ;
#635 = CARTESIAN_POINT ( 'NONE',  ( 32.00000000000000000, -48.00000000000000000, 1.675911042644704011E-13 ) ) ;
#636 = EDGE_CURVE ( 'NONE', #3211, #1641, #3877, .T. ) ;
#637 = ORIENTED_EDGE ( 'NONE', *, *, #3670, .F. ) ;
#638 = VECTOR ( 'NONE', #2309, 1000.000000000000000 ) ;
#639 = ORIENTED_EDGE ( 'NONE', *, *, #3347, .F. ) ;
#640 = VERTEX_POINT ( 'NONE', #1673 ) ;
#641 = ORIENTED_EDGE ( 'NONE', *, *, #3499, .T. ) ;
#642 = AXIS2_PLACEMENT_3D ( 'NONE', #1732, #2174, #1624 ) ;
#643 = DIRECTION ( 'NONE',  ( 1.000000000000000000, 0.000000000000000000, 0.000000000000000000 ) ) ;
#644 = AXIS2_PLACEMENT_3D ( 'NONE', #629, #2292, #236 ) ;
#645 = PLANE ( 'NONE',  #3872 ) ;
#646 = CARTESIAN_POINT ( 'NONE',  ( 12.00000000000000000, 0.000000000000000000, 0.000000000000000000 ) ) ;
#647 = ORIENTED_EDGE ( 'NONE', *, *, #3278, .F. ) ;
#648 = LINE ( 'NONE', #1916, #1188 ) ;
#649 = AXIS2_PLACEMENT_3D ( 'NONE', #4022, #1247, #1275 ) ;
#650 = VERTEX_POINT ( 'NONE', #1346 ) ;
#651 = CARTESIAN_POINT ( 'NONE',  ( 10.00000000000000000, -48.00000000000000000, -14.19999999999983764 ) ) ;
#652 = AXIS2_PLACEMENT_3D ( 'NONE', #3895, #5188, #2737 ) ;
#653 = DIRECTION ( 'NONE',  ( 0.000000000000000000, 8.881784197001252323E-16, -1.000000000000000000 ) ) ;
#654 = DIRECTION ( 'NONE',  ( 1.000000000000000000, -0.000000000000000000, -0.000000000000000000 ) ) ;
#655 = PRODUCT_RELATED_PRODUCT_CATEGORY ( 'part', '', ( #2969 ) ) ;
#656 = CARTESIAN_POINT ( 'NONE',  ( 32.00000000000000000, -2.204364238465240161E-15, -12.00000000000000000 ) ) ;
#657 = DIRECTION ( 'NONE',  ( -1.000000000000000000, -0.000000000000000000, -0.000000000000000000 ) ) ;
#658 = CARTESIAN_POINT ( 'NONE',  ( 12.00000000000000000, 10.00000000000000000, 0.000000000000000000 ) ) ;
#659 = CIRCLE ( 'NONE', #3652, 5.000000000000004441 ) ;
#660 = EDGE_CURVE ( 'NONE', #2200, #2475, #4673, .T. ) ;
#661 = EDGE_CURVE ( 'NONE', #3536, #1711, #4211, .T. ) ;
#662 = CIRCLE ( 'NONE', #4872, 6.999999999999999112 ) ;
#663 = CARTESIAN_POINT ( 'NONE',  ( 30.00000000000000000, 49.66666666666641561, -22.43818669639431107 ) ) ;
#664 = CYLINDRICAL_SURFACE ( 'NONE', #473, 3.150000000000000355 ) ;
#665 = ORIENTED_EDGE ( 'NONE', *, *, #2101, .T. ) ;
#666 = EDGE_LOOP ( 'NONE', ( #4706, #4570, #4759, #2713 ) ) ;
#667 = ORIENTED_EDGE ( 'NONE', *, *, #4093, .F. ) ;
#668 = EDGE_LOOP ( 'NONE', ( #1180, #2302, #1348, #156 ) ) ;
#669 = EDGE_CURVE ( 'NONE', #1093, #3624, #633, .T. ) ;
#670 = VECTOR ( 'NONE', #829, 1000.000000000000000 ) ;
#671 = DIRECTION ( 'NONE',  ( -1.000000000000000000, -0.000000000000000000, -0.000000000000000000 ) ) ;
#672 = DIRECTION ( 'NONE',  ( 0.000000000000000000, 0.000000000000000000, 1.000000000000000000 ) ) ;
#673 = CARTESIAN_POINT ( 'NONE',  ( 12.00000000000000000, 0.000000000000000000, 0.000000000000000000 ) ) ;
#674 = CARTESIAN_POINT ( 'NONE',  ( -8.000000000000000000, 54.22324159021430745, 24.49673593459448639 ) ) ;
#675 = AXIS2_PLACEMENT_3D ( 'NONE', #1356, #1792, #3111 ) ;
#676 = ORIENTED_EDGE ( 'NONE', *, *, #340, .T. ) ;
#677 = DIRECTION ( 'NONE',  ( 0.000000000000000000, 0.000000000000000000, -1.000000000000000000 ) ) ;
#678 = LINE ( 'NONE', #3886, #1568 ) ;
#679 = DIRECTION ( 'NONE',  ( 1.000000000000000000, 0.000000000000000000, 0.000000000000000000 ) ) ;
#680 = VECTOR ( 'NONE', #4026, 1000.000000000000000 ) ;
#681 = DIRECTION ( 'NONE',  ( 0.000000000000000000, 0.000000000000000000, -1.000000000000000000 ) ) ;
#682 = DIRECTION ( 'NONE',  ( -1.000000000000000000, -0.000000000000000000, -0.000000000000000000 ) ) ;
#683 = DIRECTION ( 'NONE',  ( 1.000000000000000000, 0.000000000000000000, 0.000000000000000000 ) ) ;
#684 = CYLINDRICAL_SURFACE ( 'NONE', #3052, 2.000000000000000888 ) ;
#685 = ORIENTED_EDGE ( 'NONE', *, *, #4806, .F. ) ;
#686 = DIRECTION ( 'NONE',  ( -1.000000000000000000, 0.000000000000000000, 0.000000000000000000 ) ) ;
#687 = EDGE_CURVE ( 'NONE', #1964, #4383, #2699, .T. ) ;
#688 = EDGE_LOOP ( 'NONE', ( #2843, #4905, #2506, #963 ) ) ;
#689 = ORIENTED_EDGE ( 'NONE', *, *, #3765, .F. ) ;
#690 = DIRECTION ( 'NONE',  ( 0.000000000000000000, 0.000000000000000000, -1.000000000000000000 ) ) ;
#691 = DIRECTION ( 'NONE',  ( 1.000000000000000000, 0.000000000000000000, 0.000000000000000000 ) ) ;
#692 = VECTOR ( 'NONE', #1774, 1000.000000000000000 ) ;
#693 = ORIENTED_EDGE ( 'NONE', *, *, #3471, .T. ) ;
#694 = EDGE_CURVE ( 'NONE', #4540, #4300, #1496, .T. ) ;
#695 = CARTESIAN_POINT ( 'NONE',  ( 30.00000000000000000, 0.000000000000000000, 0.000000000000000000 ) ) ;
#696 = EDGE_CURVE ( 'NONE', #3062, #3225, #4146, .T. ) ;
#697 = CARTESIAN_POINT ( 'NONE',  ( 12.00000000000000000, 12.02081528017130019, 14.02081528017130196 ) ) ;
#698 = ORIENTED_EDGE ( 'NONE', *, *, #3018, .T. ) ;
#699 = AXIS2_PLACEMENT_3D ( 'NONE', #4719, #2626, #4610 ) ;
#700 = FACE_OUTER_BOUND ( 'NONE', #3549, .T. ) ;
#701 = DIRECTION ( 'NONE',  ( -1.000000000000000000, -0.000000000000000000, -0.000000000000000000 ) ) ;
#702 = CIRCLE ( 'NONE', #1571, 1.999999999999999334 ) ;
#703 = CARTESIAN_POINT ( 'NONE',  ( -11.99999999999999822, -6.071532165918824830E-15, 44.85000000000000142 ) ) ;
#704 = AXIS2_PLACEMENT_3D ( 'NONE', #5179, #309, #1513 ) ;
#705 = ORIENTED_EDGE ( 'NONE', *, *, #3278, .T. ) ;
#706 = CYLINDRICAL_SURFACE ( 'NONE', #371, 3.149999999999999911 ) ;
#707 = DIRECTION ( 'NONE',  ( 0.000000000000000000, 0.000000000000000000, 1.000000000000000000 ) ) ;
#708 = DIRECTION ( 'NONE',  ( 0.000000000000000000, 0.000000000000000000, -1.000000000000000000 ) ) ;
#709 = DIRECTION ( 'NONE',  ( 0.000000000000000000, 0.000000000000000000, -1.000000000000000000 ) ) ;
#710 = AXIS2_PLACEMENT_3D ( 'NONE', #3704, #3650, #2522 ) ;
#711 = VERTEX_POINT ( 'NONE', #5003 ) ;
#712 = CYLINDRICAL_SURFACE ( 'NONE', #2037, 14.20000000000000284 ) ;
#713 = AXIS2_PLACEMENT_3D ( 'NONE', #4164, #4955, #4900 ) ;
#714 = AXIS2_PLACEMENT_3D ( 'NONE', #3607, #2790, #4838 ) ;
#715 = DIRECTION ( 'NONE',  ( 1.000000000000000000, -0.000000000000000000, -0.000000000000000000 ) ) ;
#716 = ORIENTED_EDGE ( 'NONE', *, *, #2061, .F. ) ;
#717 = ORIENTED_EDGE ( 'NONE', *, *, #5251, .T. ) ;
#718 = ORIENTED_EDGE ( 'NONE', *, *, #4251, .F. ) ;
#719 = VECTOR ( 'NONE', #4591, 1000.000000000000000 ) ;
#720 = EDGE_CURVE ( 'NONE', #1076, #2222, #210, .T. ) ;
#721 = CARTESIAN_POINT ( 'NONE',  ( 30.00000000000000000, -24.49673593459505838, 54.22324159021404455 ) ) ;
#722 = CARTESIAN_POINT ( 'NONE',  ( -8.000000000000000000, 0.000000000000000000, -48.00000000000000000 ) ) ;
#723 = FACE_OUTER_BOUND ( 'NONE', #2554, .T. ) ;
#724 = CIRCLE ( 'NONE', #4048, 2.000000000000000000 ) ;
#725 = CIRCLE ( 'NONE', #4415, 59.49999999999999289 ) ;
#726 = ORIENTED_EDGE ( 'NONE', *, *, #442, .T. ) ;
#727 = EDGE_CURVE ( 'NONE', #3603, #47, #1324, .T. ) ;
#728 = EDGE_CURVE ( 'NONE', #1426, #3280, #858, .T. ) ;
#729 = DIRECTION ( 'NONE',  ( 0.000000000000000000, 0.000000000000000000, -1.000000000000000000 ) ) ;
#730 =( BOUNDED_SURFACE ( )  B_SPLINE_SURFACE ( 3, 2, ( 
 ( #2886, #3316, #3715 ),
 ( #1721, #3688, #2161 ),
 ( #2050, #2137, #2529 ),
 ( #4535, #1694, #3762 ),
 ( #4943, #2504, #109 ),
 ( #1750, #4509, #1283 ),
 ( #824, #4153, #2477 ),
 ( #2838, #2449, #1389 ),
 ( #184, #2187, #2214 ),
 ( #4233, #5110, #951 ),
 ( #3890, #1830, #529 ),
 ( #2630, #2244, #3867 ),
 ( #1878, #1804, #3788 ),
 ( #4263, #4290, #5134 ) ),
 .UNSPECIFIED., .F., .F., .F. ) 
 B_SPLINE_SURFACE_WITH_KNOTS ( ( 4, 2, 2, 2, 2, 2, 4 ),
 ( 3, 3 ),
 ( 0.000000000000000000, 0.0004223113924422358559, 0.0006334670886633537567, 0.0008446227848844717117, 0.001055778481105589667, 0.001266934177326707513, 0.001689245569768943423 ),
 ( 0.000000000000000000, 1.000000000000000000 ),
 .UNSPECIFIED. ) 
 GEOMETRIC_REPRESENTATION_ITEM ( )  RATIONAL_B_SPLINE_SURFACE ( (
 ( 1.000000000000000000, 0.7071067811865463515, 1.000000000000000000),
 ( 1.000000000000000000, 0.7321780320225458327, 1.000000000000000000),
 ( 1.000000000000000000, 0.7525842458473032126, 1.000000000000000000),
 ( 1.000000000000000000, 0.7763535558931522473, 1.000000000000000000),
 ( 1.000000000000000000, 0.7831357417722383252, 1.000000000000000000),
 ( 1.000000000000000000, 0.7940000877627900744, 1.000000000000000000),
 ( 1.000000000000000000, 0.7981857792565355547, 1.000000000000000000),
 ( 1.000000000000000000, 0.8045478071228907568, 1.000000000000000000),
 ( 1.000000000000000000, 0.8066226831064116087, 1.000000000000000000),
 ( 1.000000000000000000, 0.8093718651286423427, 1.000000000000000000),
 ( 1.000000000000000000, 0.8100523977497087191, 1.000000000000000000),
 ( 1.000000000000000000, 0.8110422486303183742, 1.000000000000000000),
 ( 1.000000000000000000, 0.8104680667781980485, 1.000000000000000000),
 ( 1.000000000000000000, 0.8105583451657715210, 1.000000000000000000) ) ) 
 REPRESENTATION_ITEM ( '' )  SURFACE ( )  );
#731 = FACE_OUTER_BOUND ( 'NONE', #769, .T. ) ;
#732 = DIRECTION ( 'NONE',  ( -1.000000000000000000, -0.000000000000000000, -0.000000000000000000 ) ) ;
#733 = EDGE_CURVE ( 'NONE', #3508, #778, #4044, .T. ) ;
#734 = CIRCLE ( 'NONE', #4606, 1.999999999999998224 ) ;
#735 = DIRECTION ( 'NONE',  ( 0.000000000000000000, 0.000000000000000000, 1.000000000000000000 ) ) ;
#736 = CARTESIAN_POINT ( 'NONE',  ( 10.00000000000000000, 48.00000000000000000, 8.673617379884035472E-15 ) ) ;
#737 = LINE ( 'NONE', #362, #903 ) ;
#738 = CARTESIAN_POINT ( 'NONE',  ( -8.000000000000000000, -18.50000000000000000, 1.084202172485504434E-15 ) ) ;
#739 = ORIENTED_EDGE ( 'NONE', *, *, #320, .T. ) ;
#740 = AXIS2_PLACEMENT_3D ( 'NONE', #2326, #3926, #1969 ) ;
#741 = CARTESIAN_POINT ( 'NONE',  ( 12.00000000000000000, -9.192388155425119223, -9.192388155425119223 ) ) ;
#742 = CARTESIAN_POINT ( 'NONE',  ( 30.00000000000000000, 11.05336486002035379, 37.13385416666665861 ) ) ;
#743 = DIRECTION ( 'NONE',  ( -1.000000000000000000, -0.000000000000000000, -0.000000000000000000 ) ) ;
#744 = VERTEX_POINT ( 'NONE', #116 ) ;
#745 = ORIENTED_EDGE ( 'NONE', *, *, #5277, .T. ) ;
#746 = ORIENTED_EDGE ( 'NONE', *, *, #312, .T. ) ;
#747 = AXIS2_PLACEMENT_3D ( 'NONE', #5216, #3149, #3972 ) ;
#748 = CIRCLE ( 'NONE', #1442, 4.999999999999997335 ) ;
#749 = CARTESIAN_POINT ( 'NONE',  ( 32.00000000000000000, 0.000000000000000000, 0.000000000000000000 ) ) ;
#750 = CARTESIAN_POINT ( 'NONE',  ( 12.00000000000000000, -3.673940397442059967E-15, -20.00000000000000000 ) ) ;
#751 = EDGE_LOOP ( 'NONE', ( #5313, #4054 ) ) ;
#752 = FACE_OUTER_BOUND ( 'NONE', #2274, .T. ) ;
#753 = ORIENTED_EDGE ( 'NONE', *, *, #5278, .F. ) ;
#754 = CARTESIAN_POINT ( 'NONE',  ( 32.00000000000000000, 12.92530568308831640, 25.96028645833332504 ) ) ;
#755 = VECTOR ( 'NONE', #1999, 1000.000000000000000 ) ;
#756 = VERTEX_POINT ( 'NONE', #3344 ) ;
#757 = DIRECTION ( 'NONE',  ( 0.000000000000000000, 0.8951822916666667407, -0.4457001959685623071 ) ) ;
#758 = FACE_BOUND ( 'NONE', #1917, .T. ) ;
#759 = FACE_OUTER_BOUND ( 'NONE', #1476, .T. ) ;
#760 = EDGE_CURVE ( 'NONE', #2384, #2004, #4762, .T. ) ;
#761 = VERTEX_POINT ( 'NONE', #2867 ) ;
#762 = CIRCLE ( 'NONE', #1452, 2.000000000000000000 ) ;
#763 = CARTESIAN_POINT ( 'NONE',  ( 32.00000000000000000, 0.000000000000000000, 48.00000000000000000 ) ) ;
#764 = DIRECTION ( 'NONE',  ( 0.000000000000000000, 0.000000000000000000, -1.000000000000000000 ) ) ;
#765 = CIRCLE ( 'NONE', #2821, 1.999999999999999334 ) ;
#766 = DIRECTION ( 'NONE',  ( 1.000000000000000000, 0.000000000000000000, 0.000000000000000000 ) ) ;
#767 = EDGE_CURVE ( 'NONE', #2572, #3162, #807, .T. ) ;
#768 = EDGE_CURVE ( 'NONE', #3374, #3828, #1756, .T. ) ;
#769 = EDGE_LOOP ( 'NONE', ( #1256, #1202, #332, #3586 ) ) ;
#770 = LINE ( 'NONE', #396, #680 ) ;
#771 = DIRECTION ( 'NONE',  ( 1.000000000000000000, 0.000000000000000000, 0.000000000000000000 ) ) ;
#772 = DIRECTION ( 'NONE',  ( 1.000000000000000000, -0.000000000000000000, -0.000000000000000000 ) ) ;
#773 = EDGE_LOOP ( 'NONE', ( #4186, #2446, #4131, #1531 ) ) ;
#774 = CARTESIAN_POINT ( 'NONE',  ( 32.00000000000000000, -22.43818669639379237, -49.66666666666665009 ) ) ;
#775 = FACE_OUTER_BOUND ( 'NONE', #22, .T. ) ;
#776 = EDGE_LOOP ( 'NONE', ( #5006, #4804, #3876, #4785, #1309 ) ) ;
#777 = ORIENTED_EDGE ( 'NONE', *, *, #2456, .T. ) ;
#778 = VERTEX_POINT ( 'NONE', #2111 ) ;
#779 = CARTESIAN_POINT ( 'NONE',  ( 12.00000000000000000, -16.26345596729059650, 16.26345596729059650 ) ) ;
#780 = CARTESIAN_POINT ( 'NONE',  ( 32.00000000000000000, -14.00000000000000000, 2.000000000000001776 ) ) ;
#781 = CARTESIAN_POINT ( 'NONE',  ( 32.00000000000000000, 0.000000000000000000, -33.79999999999999716 ) ) ;
#782 = CARTESIAN_POINT ( 'NONE',  ( -8.000000000000000000, -13.81670607502544179, 27.75065104166666075 ) ) ;
#783 = CIRCLE ( 'NONE', #3180, 5.000000000000007994 ) ;
#784 = EDGE_CURVE ( 'NONE', #1463, #368, #2618, .T. ) ;
#785 = CARTESIAN_POINT ( 'NONE',  ( 32.00000000000000000, 12.47960548711975370, -35.73177083333332860 ) ) ;
#786 = CARTESIAN_POINT ( 'NONE',  ( 32.00000000000000000, 37.13385416666654493, -11.05336486002074103 ) ) ;
#787 = VERTEX_POINT ( 'NONE', #4569 ) ;
#788 = CIRCLE ( 'NONE', #2006, 14.20000000000000462 ) ;
#789 = CARTESIAN_POINT ( 'NONE',  ( 30.00000000000000000, 12.92530568308831995, 25.96028645833332860 ) ) ;
#790 = EDGE_LOOP ( 'NONE', ( #3689, #1628, #4865, #3612 ) ) ;
#791 = CARTESIAN_POINT ( 'NONE',  ( 30.52931413957194451, 69.87583642662481509, -2.834181495266191675 ) ) ;
#792 = EDGE_CURVE ( 'NONE', #2083, #1073, #3538, .T. ) ;
#793 = EDGE_CURVE ( 'NONE', #3629, #523, #4236, .T. ) ;
#794 = VERTEX_POINT ( 'NONE', #2561 ) ;
#795 = CARTESIAN_POINT ( 'NONE',  ( 30.00000000000000000, -27.75065104166661101, 13.81670607502553771 ) ) ;
#796 = LINE ( 'NONE', #8, #896 ) ;
#797 = AXIS2_PLACEMENT_3D ( 'NONE', #656, #4416, #3146 ) ;
#798 = VERTEX_POINT ( 'NONE', #4516 ) ;
#799 = VERTEX_POINT ( 'NONE', #936 ) ;
#800 = CIRCLE ( 'NONE', #376, 2.000000000000000000 ) ;
#801 = ADVANCED_FACE ( 'NONE', ( #3767 ), #4918, .T. ) ;
#802 = CARTESIAN_POINT ( 'NONE',  ( 0.000000000000000000, -27.75065104166661101, 13.81670607502553771 ) ) ;
#803 = DIRECTION ( 'NONE',  ( 0.000000000000000000, 0.000000000000000000, -1.000000000000000000 ) ) ;
#804 = ORIENTED_EDGE ( 'NONE', *, *, #4772, .F. ) ;
#805 = ORIENTED_EDGE ( 'NONE', *, *, #1858, .T. ) ;
#806 = CARTESIAN_POINT ( 'NONE',  ( 30.00000000000000000, 22.43818669639379237, -49.66666666666665009 ) ) ;
#807 = CIRCLE ( 'NONE', #4496, 2.000000000000000000 ) ;
#808 = CARTESIAN_POINT ( 'NONE',  ( -11.99999999999999822, 0.000000000000000000, -48.00000000000000000 ) ) ;
#809 = AXIS2_PLACEMENT_3D ( 'NONE', #1784, #607, #243 ) ;
#810 = DIRECTION ( 'NONE',  ( 1.000000000000000000, -0.000000000000000000, -0.000000000000000000 ) ) ;
#811 = ORIENTED_EDGE ( 'NONE', *, *, #4841, .T. ) ;
#812 = CARTESIAN_POINT ( 'NONE',  ( 12.00000000000000000, -9.192388155425119223, -11.19238815542512100 ) ) ;
#813 = CIRCLE ( 'NONE', #3293, 5.000000000000000888 ) ;
#814 = ORIENTED_EDGE ( 'NONE', *, *, #505, .T. ) ;
#815 = DIRECTION ( 'NONE',  ( 1.000000000000000000, -0.000000000000000000, -0.000000000000000000 ) ) ;
#816 = DIRECTION ( 'NONE',  ( 1.000000000000000000, -0.000000000000000000, -0.000000000000000000 ) ) ;
#817 = AXIS2_PLACEMENT_3D ( 'NONE', #1984, #2754, #5239 ) ;
#818 = DIRECTION ( 'NONE',  ( 0.000000000000000000, 0.000000000000000000, 1.000000000000000000 ) ) ;
#819 = DIRECTION ( 'NONE',  ( 7.797271434387550014E-16, 0.8951822916666667407, -0.4457001959685623071 ) ) ;
#820 = EDGE_CURVE ( 'NONE', #1604, #319, #977, .T. ) ;
#821 = ORIENTED_EDGE ( 'NONE', *, *, #5088, .T. ) ;
#822 = CARTESIAN_POINT ( 'NONE',  ( 31.99999999999998579, 68.20844015614662226, -2.318789225278528932 ) ) ;
#823 = ORIENTED_EDGE ( 'NONE', *, *, #1259, .F. ) ;
#824 = CARTESIAN_POINT ( 'NONE',  ( 30.79154725487739697, 69.04284262114498461, 1.756486391359485033 ) ) ;
#825 = ORIENTED_EDGE ( 'NONE', *, *, #4033, .F. ) ;
#826 = EDGE_LOOP ( 'NONE', ( #924, #4902, #14, #373 ) ) ;
#827 = EDGE_CURVE ( 'NONE', #303, #4744, #3881, .T. ) ;
#828 = EDGE_CURVE ( 'NONE', #4318, #1604, #5162, .T. ) ;
#829 = DIRECTION ( 'NONE',  ( -1.000000000000000000, -0.000000000000000000, -0.000000000000000000 ) ) ;
#830 = CARTESIAN_POINT ( 'NONE',  ( 30.00000000000000000, 0.000000000000000000, 0.000000000000000000 ) ) ;
#831 = ORIENTED_EDGE ( 'NONE', *, *, #4366, .F. ) ;
#832 = VERTEX_POINT ( 'NONE', #139 ) ;
#833 = ORIENTED_EDGE ( 'NONE', *, *, #2552, .F. ) ;
#834 = DIRECTION ( 'NONE',  ( 0.000000000000000000, 0.000000000000000000, 1.000000000000000000 ) ) ;
#835 = EDGE_CURVE ( 'NONE', #4813, #3646, #2864, .T. ) ;
#836 = ADVANCED_FACE ( 'NONE', ( #188 ), #5067, .T. ) ;
#837 = AXIS2_PLACEMENT_3D ( 'NONE', #2228, #1764, #1381 ) ;
#838 = CYLINDRICAL_SURFACE ( 'NONE', #308, 1.999999999999998224 ) ;
#839 = FACE_OUTER_BOUND ( 'NONE', #2195, .T. ) ;
#840 = CARTESIAN_POINT ( 'NONE',  ( 12.00000000000000000, -22.00000000000000000, 2.000000000000003553 ) ) ;
#841 = AXIS2_PLACEMENT_3D ( 'NONE', #3547, #1929, #709 ) ;
#842 = DIRECTION ( 'NONE',  ( 0.000000000000000000, 0.000000000000000000, -1.000000000000000000 ) ) ;
#843 = CARTESIAN_POINT ( 'NONE',  ( 30.00000000000000000, 12.92530568308831640, -25.96028645833333215 ) ) ;
#844 = DIRECTION ( 'NONE',  ( 1.000000000000000000, 0.000000000000000000, 0.000000000000000000 ) ) ;
#845 = CARTESIAN_POINT ( 'NONE',  ( 12.00000000000000000, 18.00000000000000000, 2.000000000000000000 ) ) ;
#846 = ORIENTED_EDGE ( 'NONE', *, *, #1090, .T. ) ;
#847 = CARTESIAN_POINT ( 'NONE',  ( 30.13509860430976417, 69.94202898550729230, -2.848259361516116250 ) ) ;
#848 = CIRCLE ( 'NONE', #4993, 1.999999999999998224 ) ;
#849 = ORIENTED_EDGE ( 'NONE', *, *, #4273, .F. ) ;
#850 = DIRECTION ( 'NONE',  ( 0.000000000000000000, 0.000000000000000000, -1.000000000000000000 ) ) ;
#851 = DIRECTION ( 'NONE',  ( 0.000000000000000000, -0.4457001959685657488, -0.8951822916666649643 ) ) ;
#852 = VERTEX_POINT ( 'NONE', #1860 ) ;
#853 = DIRECTION ( 'NONE',  ( 0.000000000000000000, 0.000000000000000000, -1.000000000000000000 ) ) ;
#854 = EDGE_LOOP ( 'NONE', ( #2451, #4890 ) ) ;
#855 = EDGE_LOOP ( 'NONE', ( #4691, #469, #1619, #2895 ) ) ;
#856 = CARTESIAN_POINT ( 'NONE',  ( 30.00000000000000000, 22.43818669639379237, 49.66666666666665009 ) ) ;
#857 = ADVANCED_FACE ( 'NONE', ( #3453 ), #2455, .T. ) ;
#858 = LINE ( 'NONE', #489, #381 ) ;
#859 = EDGE_LOOP ( 'NONE', ( #5247, #3085, #2328, #2120 ) ) ;
#860 = VERTEX_POINT ( 'NONE', #2191 ) ;
#861 = ORIENTED_EDGE ( 'NONE', *, *, #2193, .T. ) ;
#862 = CARTESIAN_POINT ( 'NONE',  ( 0.000000000000000000, 27.75065104166651864, -13.81670607502572956 ) ) ;
#863 = CARTESIAN_POINT ( 'NONE',  ( -8.000000000000000000, 32.22656250000015632, 11.04520705486791776 ) ) ;
#864 = ADVANCED_FACE ( 'NONE', ( #1449 ), #3500, .F. ) ;
#865 = EDGE_CURVE ( 'NONE', #4282, #2411, #3714, .T. ) ;
#866 = FACE_BOUND ( 'NONE', #5231, .T. ) ;
#867 = DIRECTION ( 'NONE',  ( 0.000000000000000000, 0.000000000000000000, -1.000000000000000000 ) ) ;
#868 = ORIENTED_EDGE ( 'NONE', *, *, #669, .T. ) ;
#869 = ADVANCED_FACE ( 'NONE', ( #987 ), #2607, .F. ) ;
#870 = CARTESIAN_POINT ( 'NONE',  ( 30.00000000000000000, 49.66666666666688457, 15.43818669639327190 ) ) ;
#871 = DIRECTION ( 'NONE',  ( 0.000000000000000000, 1.982541115402065307E-15, -1.000000000000000000 ) ) ;
#872 = CARTESIAN_POINT ( 'NONE',  ( 32.00000000000000000, 9.797174393178831574E-16, 16.00000000000000000 ) ) ;
#873 = CARTESIAN_POINT ( 'NONE',  ( 10.00000000000000000, 0.000000000000000000, -48.00000000000000000 ) ) ;
#874 = ORIENTED_EDGE ( 'NONE', *, *, #2832, .T. ) ;
#875 = CARTESIAN_POINT ( 'NONE',  ( 30.00000000000000000, -16.04520705486825349, 32.22656249999999289 ) ) ;
#876 = CIRCLE ( 'NONE', #5009, 2.000000000000001776 ) ;
#877 = ORIENTED_EDGE ( 'NONE', *, *, #1989, .T. ) ;
#878 = DIRECTION ( 'NONE',  ( -1.000000000000000000, -0.000000000000000000, -0.000000000000000000 ) ) ;
#879 = EDGE_LOOP ( 'NONE', ( #3170, #2231 ) ) ;
#880 = ORIENTED_EDGE ( 'NONE', *, *, #2166, .T. ) ;
#881 = DIRECTION ( 'NONE',  ( 1.000000000000000000, 0.000000000000000000, 0.000000000000000000 ) ) ;
#882 = CIRCLE ( 'NONE', #3520, 2.000000000000001776 ) ;
#883 = DIRECTION ( 'NONE',  ( -1.000000000000000000, 0.000000000000000000, 0.000000000000000000 ) ) ;
#884 = CARTESIAN_POINT ( 'NONE',  ( 32.00000000000000000, 12.02081528017130019, 12.02081528017130019 ) ) ;
#885 = CIRCLE ( 'NONE', #1279, 59.49999999999999289 ) ;
#886 = VERTEX_POINT ( 'NONE', #2635 ) ;
#887 = ORIENTED_EDGE ( 'NONE', *, *, #1420, .T. ) ;
#888 = DIRECTION ( 'NONE',  ( 0.000000000000000000, 0.000000000000000000, -1.000000000000000000 ) ) ;
#889 = CIRCLE ( 'NONE', #3112, 2.049999999999999822 ) ;
#890 = DIRECTION ( 'NONE',  ( 1.000000000000000000, 0.000000000000000000, 0.000000000000000000 ) ) ;
#891 = CARTESIAN_POINT ( 'NONE',  ( 12.00000000000000000, -10.60660171779819905, 12.60660171779819905 ) ) ;
#892 = AXIS2_PLACEMENT_3D ( 'NONE', #2508, #13, #2482 ) ;
#893 = CARTESIAN_POINT ( 'NONE',  ( 30.00000000000000000, -22.43818669639379237, 49.66666666666665009 ) ) ;
#894 = ADVANCED_FACE ( 'NONE', ( #1373 ), #4503, .T. ) ;
#895 = EDGE_CURVE ( 'NONE', #711, #523, #1064, .T. ) ;
#896 = VECTOR ( 'NONE', #2078, 1000.000000000000000 ) ;
#897 = DIRECTION ( 'NONE',  ( 1.000000000000000000, 0.000000000000000000, 0.000000000000000000 ) ) ;
#898 = DIRECTION ( 'NONE',  ( -0.000000000000000000, 0.9972527420619454741, 0.07407407407407015643 ) ) ;
#899 = DIRECTION ( 'NONE',  ( -1.000000000000000000, 0.000000000000000000, 0.000000000000000000 ) ) ;
#900 = ORIENTED_EDGE ( 'NONE', *, *, #4806, .T. ) ;
#901 = EDGE_CURVE ( 'NONE', #852, #1597, #4411, .T. ) ;
#902 = AXIS2_PLACEMENT_3D ( 'NONE', #4015, #1077, #4384 ) ;
#903 = VECTOR ( 'NONE', #683, 1000.000000000000000 ) ;
#904 = VERTEX_POINT ( 'NONE', #2995 ) ;
#905 = CARTESIAN_POINT ( 'NONE',  ( 6.999999999999999112, -1.917351751145801499E-15, -20.54999999999999716 ) ) ;
#906 = CARTESIAN_POINT ( 'NONE',  ( 32.00000000000000000, 0.000000000000000000, -48.00000000000000000 ) ) ;
#907 = EDGE_LOOP ( 'NONE', ( #1291, #4250 ) ) ;
#908 = DIRECTION ( 'NONE',  ( 0.000000000000000000, 0.000000000000000000, 1.000000000000000000 ) ) ;
#909 = CIRCLE ( 'NONE', #5212, 1.999999999999998224 ) ;
#910 = CARTESIAN_POINT ( 'NONE',  ( 32.00000000000000000, 0.000000000000000000, 0.000000000000000000 ) ) ;
#911 = CARTESIAN_POINT ( 'NONE',  ( 30.00000000000000000, -48.00000000000000000, -15.49999999999984013 ) ) ;
#912 = ORIENTED_EDGE ( 'NONE', *, *, #1512, .F. ) ;
#913 = ORIENTED_EDGE ( 'NONE', *, *, #4201, .F. ) ;
#914 = AXIS2_PLACEMENT_3D ( 'NONE', #1478, #3902, #3582 ) ;
#915 = CARTESIAN_POINT ( 'NONE',  ( 32.00000000000000000, -10.60660171779819905, 10.60660171779819905 ) ) ;
#916 = CYLINDRICAL_SURFACE ( 'NONE', #642, 1.999999999999998224 ) ;
#917 = ORIENTED_EDGE ( 'NONE', *, *, #5122, .F. ) ;
#918 = CARTESIAN_POINT ( 'NONE',  ( -8.000000000000000000, -54.22324159021395218, 24.49673593459528931 ) ) ;
#919 = DIRECTION ( 'NONE',  ( 1.000000000000000000, -0.000000000000000000, -0.000000000000000000 ) ) ;
#920 = CIRCLE ( 'NONE', #496, 2.049999999999999822 ) ;
#921 = AXIS2_PLACEMENT_3D ( 'NONE', #3776, #4739, #1505 ) ;
#922 = EDGE_LOOP ( 'NONE', ( #1744, #9, #609, #1475 ) ) ;
#923 = CARTESIAN_POINT ( 'NONE',  ( 32.00000000000000000, -16.04520705486825349, 32.22656249999999289 ) ) ;
#924 = ORIENTED_EDGE ( 'NONE', *, *, #2800, .F. ) ;
#925 = ADVANCED_FACE ( 'NONE', ( #1395 ), #551, .T. ) ;
#926 = CARTESIAN_POINT ( 'NONE',  ( 30.00000000000000000, -32.22656249999993605, 16.04520705486836718 ) ) ;
#927 = DIRECTION ( 'NONE',  ( -1.000000000000000000, -0.000000000000000000, -0.000000000000000000 ) ) ;
#928 = EDGE_LOOP ( 'NONE', ( #3627, #3357, #128, #3494 ) ) ;
#929 = DIRECTION ( 'NONE',  ( 1.000000000000000000, 0.000000000000000000, 0.000000000000000000 ) ) ;
#930 = DIRECTION ( 'NONE',  ( 0.000000000000000000, 0.000000000000000000, -1.000000000000000000 ) ) ;
#931 = ADVANCED_FACE ( 'NONE', ( #3397 ), #5116, .T. ) ;
#932 = CARTESIAN_POINT ( 'NONE',  ( 32.00000000000000000, 67.96428571428572241, -2.203603264414638829 ) ) ;
#933 = EDGE_CURVE ( 'NONE', #303, #4705, #2220, .T. ) ;
#934 = AXIS2_PLACEMENT_3D ( 'NONE', #253, #226, #302 ) ;
#935 = CARTESIAN_POINT ( 'NONE',  ( 31.84071296130167639, 68.74554928737607895, -2.520870628065531083 ) ) ;
#936 = CARTESIAN_POINT ( 'NONE',  ( -8.000000000000000000, 6.735557395310442023E-16, 5.500000000000000000 ) ) ;
#937 = ORIENTED_EDGE ( 'NONE', *, *, #312, .F. ) ;
#938 = EDGE_LOOP ( 'NONE', ( #2134, #2884, #2748, #1166 ) ) ;
#939 = ORIENTED_EDGE ( 'NONE', *, *, #1831, .F. ) ;
#940 = DIRECTION ( 'NONE',  ( 0.000000000000000000, 0.000000000000000000, 1.000000000000000000 ) ) ;
#941 = CIRCLE ( 'NONE', #3673, 4.999999999999997335 ) ;
#942 = CARTESIAN_POINT ( 'NONE',  ( 32.00000000000000000, -48.00000000000000000, 17.50000000000017408 ) ) ;
#943 = DIRECTION ( 'NONE',  ( -1.000000000000000000, 0.000000000000000000, 0.000000000000000000 ) ) ;
#944 = CARTESIAN_POINT ( 'NONE',  ( 10.00000000000000000, 0.000000000000000000, -51.14999999999999858 ) ) ;
#945 = VERTEX_POINT ( 'NONE', #2374 ) ;
#946 = DIRECTION ( 'NONE',  ( 1.000000000000000000, 0.000000000000000000, 0.000000000000000000 ) ) ;
#947 = CARTESIAN_POINT ( 'NONE',  ( 12.00000000000000000, -16.26345596729059650, 16.26345596729059650 ) ) ;
#948 = ADVANCED_FACE ( 'NONE', ( #1991 ), #2427, .F. ) ;
#949 = LINE ( 'NONE', #1414, #2276 ) ;
#950 = DIRECTION ( 'NONE',  ( 1.000000000000000000, 0.000000000000000000, 0.000000000000000000 ) ) ;
#951 = CARTESIAN_POINT ( 'NONE',  ( 31.08023239333720866, 69.63338018335971924, 2.779024838247400542 ) ) ;
#952 = LINE ( 'NONE', #1447, #1546 ) ;
#953 = EDGE_LOOP ( 'NONE', ( #1253, #1897, #689, #833 ) ) ;
#954 = AXIS2_PLACEMENT_3D ( 'NONE', #5083, #4720, #1826 ) ;
#955 = ADVANCED_FACE ( 'NONE', ( #3976 ), #664, .F. ) ;
#956 = EDGE_CURVE ( 'NONE', #2241, #2058, #2402, .T. ) ;
#957 = CARTESIAN_POINT ( 'NONE',  ( 30.65509502563788757, 69.14255585832395923, -1.808368833125135522 ) ) ;
#958 = CARTESIAN_POINT ( 'NONE',  ( -8.000000000000000000, -22.43818669639379237, -49.66666666666665009 ) ) ;
#959 = ORIENTED_EDGE ( 'NONE', *, *, #2027, .T. ) ;
#960 = AXIS2_PLACEMENT_3D ( 'NONE', #2497, #4961, #1276 ) ;
#961 = ORIENTED_EDGE ( 'NONE', *, *, #2900, .T. ) ;
#962 = CIRCLE ( 'NONE', #4308, 2.000000000000000000 ) ;
#963 = ORIENTED_EDGE ( 'NONE', *, *, #628, .F. ) ;
#964 = DIRECTION ( 'NONE',  ( 0.000000000000000000, 0.000000000000000000, 1.000000000000000000 ) ) ;
#965 = EDGE_CURVE ( 'NONE', #4545, #4540, #3460, .T. ) ;
#966 = CARTESIAN_POINT ( 'NONE',  ( 30.00000000000000000, -49.66666666666672825, -22.43818669639361829 ) ) ;
#967 = EDGE_LOOP ( 'NONE', ( #4734, #5052, #2987, #3081 ) ) ;
#968 = CARTESIAN_POINT ( 'NONE',  ( 10.00000000000000000, 0.000000000000000000, -48.00000000000000000 ) ) ;
#969 = CARTESIAN_POINT ( 'NONE',  ( 6.999999999999999112, 18.50000000000000000, 2.049999999999997158 ) ) ;
#970 = CIRCLE ( 'NONE', #3196, 59.49999999999999289 ) ;
#971 = EDGE_LOOP ( 'NONE', ( #2595, #1023, #5299, #1795 ) ) ;
#972 = CARTESIAN_POINT ( 'NONE',  ( 12.00000000000000000, 9.797174393178831574E-16, 13.99999999999999822 ) ) ;
#973 = AXIS2_PLACEMENT_3D ( 'NONE', #1479, #3106, #4764 ) ;
#974 = VERTEX_POINT ( 'NONE', #4030 ) ;
#975 = CYLINDRICAL_SURFACE ( 'NONE', #1132, 17.50000000000000711 ) ;
#976 = DIRECTION ( 'NONE',  ( 0.000000000000000000, 0.000000000000000000, -1.000000000000000000 ) ) ;
#977 = CIRCLE ( 'NONE', #1676, 17.50000000000000711 ) ;
#978 = ORIENTED_EDGE ( 'NONE', *, *, #2795, .T. ) ;
#979 = CARTESIAN_POINT ( 'NONE',  ( 32.00000000000000000, -9.192388155425119223, -11.19238815542512100 ) ) ;
#980 = AXIS2_PLACEMENT_3D ( 'NONE', #1226, #4119, #4996 ) ;
#981 = DIRECTION ( 'NONE',  ( 0.000000000000000000, 0.000000000000000000, 1.000000000000000000 ) ) ;
#982 = VERTEX_POINT ( 'NONE', #5190 ) ;
#983 = DIRECTION ( 'NONE',  ( -1.000000000000000000, -0.000000000000000000, -0.000000000000000000 ) ) ;
#984 = VERTEX_POINT ( 'NONE', #2321 ) ;
#985 = CIRCLE ( 'NONE', #4937, 14.20000000000000462 ) ;
#986 = CARTESIAN_POINT ( 'NONE',  ( 31.48563173324034992, 69.35270723322049946, -1.934650008174629843 ) ) ;
#987 = FACE_OUTER_BOUND ( 'NONE', #268, .T. ) ;
#988 = EDGE_CURVE ( 'NONE', #319, #68, #5198, .T. ) ;
#989 = EDGE_CURVE ( 'NONE', #68, #1066, #4370, .T. ) ;
#990 = ORIENTED_EDGE ( 'NONE', *, *, #4982, .T. ) ;
#991 = EDGE_LOOP ( 'NONE', ( #4059, #3850, #2251, #4117 ) ) ;
#992 = DIRECTION ( 'NONE',  ( -1.000000000000000000, -0.000000000000000000, -0.000000000000000000 ) ) ;
#993 = DIRECTION ( 'NONE',  ( 0.000000000000000000, 0.000000000000000000, -1.000000000000000000 ) ) ;
#994 = EDGE_LOOP ( 'NONE', ( #637, #2357 ) ) ;
#995 = EDGE_CURVE ( 'NONE', #3158, #5128, #1963, .T. ) ;
#996 = DIRECTION ( 'NONE',  ( 1.000000000000000000, -0.000000000000000000, -0.000000000000000000 ) ) ;
#997 = AXIS2_PLACEMENT_3D ( 'NONE', #1345, #2585, #532 ) ;
#998 = EDGE_CURVE ( 'NONE', #2387, #3686, #3523, .T. ) ;
#999 = CARTESIAN_POINT ( 'NONE',  ( -8.000000000000000000, 69.29523809523811906, 1.871713294710593223 ) ) ;
#1000 = EDGE_LOOP ( 'NONE', ( #4025, #1611, #1642, #2308 ) ) ;
#1001 = CARTESIAN_POINT ( 'NONE',  ( 0.000000000000000000, 0.000000000000000000, 0.000000000000000000 ) ) ;
#1002 = ORIENTED_EDGE ( 'NONE', *, *, #3145, .T. ) ;
#1003 = LINE ( 'NONE', #5131, #2347 ) ;
#1004 = AXIS2_PLACEMENT_3D ( 'NONE', #968, #3431, #4631 ) ;
#1005 = ORIENTED_EDGE ( 'NONE', *, *, #4445, .T. ) ;
#1006 = DIRECTION ( 'NONE',  ( -1.000000000000000000, -0.000000000000000000, -0.000000000000000000 ) ) ;
#1007 = DIRECTION ( 'NONE',  ( 0.000000000000000000, 0.000000000000000000, -1.000000000000000000 ) ) ;
#1008 = CARTESIAN_POINT ( 'NONE',  ( -8.000000000000000000, -48.00000000000000000, 1.675911042644704011E-13 ) ) ;
#1009 = AXIS2_PLACEMENT_3D ( 'NONE', #353, #4536, #2164 ) ;
#1010 = CARTESIAN_POINT ( 'NONE',  ( 31.08196602972618194, 69.64974566602589334, -2.783289147337697500 ) ) ;
#1011 = AXIS2_PLACEMENT_3D ( 'NONE', #3369, #2408, #4432 ) ;
#1012 = DIRECTION ( 'NONE',  ( 1.000000000000000000, -0.000000000000000000, -0.000000000000000000 ) ) ;
#1013 = ORIENTED_EDGE ( 'NONE', *, *, #2224, .T. ) ;
#1014 = ORIENTED_EDGE ( 'NONE', *, *, #5176, .T. ) ;
#1015 = VECTOR ( 'NONE', #2245, 1000.000000000000000 ) ;
#1016 = ADVANCED_FACE ( 'NONE', ( #4810 ), #266, .F. ) ;
#1017 = CARTESIAN_POINT ( 'NONE',  ( 32.00000000000000000, 6.735557395310442023E-16, 5.500000000000000000 ) ) ;
#1018 = DIRECTION ( 'NONE',  ( -1.000000000000000000, -0.000000000000000000, -0.000000000000000000 ) ) ;
#1019 = ORIENTED_EDGE ( 'NONE', *, *, #1427, .F. ) ;
#1020 = CIRCLE ( 'NONE', #4634, 2.000000000000002220 ) ;
#1021 = CARTESIAN_POINT ( 'NONE',  ( 12.00000000000000000, -9.192388155425119223, -9.192388155425119223 ) ) ;
#1022 = CARTESIAN_POINT ( 'NONE',  ( 30.00000000000000000, 54.22324159021430745, 24.49673593459448639 ) ) ;
#1023 = ORIENTED_EDGE ( 'NONE', *, *, #3868, .T. ) ;
#1024 = TOROIDAL_SURFACE ( 'NONE', #4729, 28.99999999999999645, 2.000000000000000000 ) ;
#1025 = EDGE_CURVE ( 'NONE', #387, #1895, #3033, .T. ) ;
#1026 = ADVANCED_FACE ( 'NONE', ( #4832 ), #4345, .F. ) ;
#1027 = DIRECTION ( 'NONE',  ( 0.000000000000000000, 0.000000000000000000, -1.000000000000000000 ) ) ;
#1028 = DIRECTION ( 'NONE',  ( -1.000000000000000000, -0.000000000000000000, -0.000000000000000000 ) ) ;
#1029 = CARTESIAN_POINT ( 'NONE',  ( 32.00000000000000000, 48.00000000000000000, -14.20000000000050555 ) ) ;
#1030 = EDGE_CURVE ( 'NONE', #3823, #1734, #724, .T. ) ;
#1031 = ORIENTED_EDGE ( 'NONE', *, *, #4833, .F. ) ;
#1032 = CARTESIAN_POINT ( 'NONE',  ( 32.00000000000000000, -16.04520705486825349, 32.22656249999999289 ) ) ;
#1033 = DIRECTION ( 'NONE',  ( -1.000000000000000000, -0.000000000000000000, -0.000000000000000000 ) ) ;
#1034 = DIRECTION ( 'NONE',  ( 1.000000000000000000, -0.000000000000000000, -0.000000000000000000 ) ) ;
#1035 = VERTEX_POINT ( 'NONE', #5306 ) ;
#1036 = LINE ( 'NONE', #1142, #2632 ) ;
#1037 = DIRECTION ( 'NONE',  ( 1.000000000000000000, 0.000000000000000000, 0.000000000000000000 ) ) ;
#1038 = VERTEX_POINT ( 'NONE', #2023 ) ;
#1039 = ORIENTED_EDGE ( 'NONE', *, *, #3252, .T. ) ;
#1040 = ORIENTED_EDGE ( 'NONE', *, *, #2454, .T. ) ;
#1041 = CARTESIAN_POINT ( 'NONE',  ( 0.000000000000000000, 0.000000000000000000, 0.000000000000000000 ) ) ;
#1042 = CARTESIAN_POINT ( 'NONE',  ( 32.00000000000000000, 0.000000000000000000, 0.000000000000000000 ) ) ;
#1043 = AXIS2_PLACEMENT_3D ( 'NONE', #2008, #4136, #1211 ) ;
#1044 = ORIENTED_EDGE ( 'NONE', *, *, #4240, .F. ) ;
#1045 = ORIENTED_EDGE ( 'NONE', *, *, #1650, .T. ) ;
#1046 = DIRECTION ( 'NONE',  ( 0.000000000000000000, 0.000000000000000000, 1.000000000000000000 ) ) ;
#1047 = ORIENTED_EDGE ( 'NONE', *, *, #3159, .T. ) ;
#1048 = DIRECTION ( 'NONE',  ( -0.000000000000000000, 0.7131203135497043988, 0.7010416666666621222 ) ) ;
#1049 = CARTESIAN_POINT ( 'NONE',  ( -11.99999999999999822, -48.00000000000000000, 3.149999999999997247 ) ) ;
#1050 = TOROIDAL_SURFACE ( 'NONE', #4039, 7.000000000000000000, 2.000000000000000000 ) ;
#1051 = DIRECTION ( 'NONE',  ( 0.000000000000000000, 0.000000000000000000, -1.000000000000000000 ) ) ;
#1052 = EDGE_CURVE ( 'NONE', #1038, #4403, #1591, .T. ) ;
#1053 = EDGE_CURVE ( 'NONE', #1235, #5301, #5028, .T. ) ;
#1054 = CIRCLE ( 'NONE', #1580, 2.000000000000000000 ) ;
#1055 = DIRECTION ( 'NONE',  ( 1.000000000000000000, 0.000000000000000000, 0.000000000000000000 ) ) ;
#1056 = DIRECTION ( 'NONE',  ( -1.000000000000000000, -0.000000000000000000, -0.000000000000000000 ) ) ;
#1057 = DIRECTION ( 'NONE',  ( 0.000000000000000000, 0.000000000000000000, 1.000000000000000000 ) ) ;
#1058 = CARTESIAN_POINT ( 'NONE',  ( 2.000000000000000000, 69.94202898550727809, -2.848259361516116250 ) ) ;
#1059 = AXIS2_PLACEMENT_3D ( 'NONE', #1287, #2973, #3665 ) ;
#1060 = EDGE_CURVE ( 'NONE', #4510, #904, #4846, .T. ) ;
#1061 = AXIS2_PLACEMENT_3D ( 'NONE', #966, #2591, #4324 ) ;
#1062 = VECTOR ( 'NONE', #3919, 1000.000000000000000 ) ;
#1063 = FILL_AREA_STYLE_COLOUR ( '', #4071 ) ;
#1064 = LINE ( 'NONE', #4316, #4590 ) ;
#1065 = CIRCLE ( 'NONE', #1499, 2.000000000000000888 ) ;
#1066 = VERTEX_POINT ( 'NONE', #5221 ) ;
#1067 = AXIS2_PLACEMENT_3D ( 'NONE', #3262, #84, #4858 ) ;
#1068 = ORIENTED_EDGE ( 'NONE', *, *, #3771, .F. ) ;
#1069 = DIRECTION ( 'NONE',  ( 0.000000000000000000, 0.000000000000000000, -1.000000000000000000 ) ) ;
#1070 = DIRECTION ( 'NONE',  ( -1.000000000000000000, -0.000000000000000000, -0.000000000000000000 ) ) ;
#1071 = DIRECTION ( 'NONE',  ( 0.000000000000000000, 0.000000000000000000, -1.000000000000000000 ) ) ;
#1072 = ORIENTED_EDGE ( 'NONE', *, *, #4069, .T. ) ;
#1073 = VERTEX_POINT ( 'NONE', #2758 ) ;
#1074 = DIRECTION ( 'NONE',  ( 0.000000000000000000, 1.776356839400250465E-15, 1.000000000000000000 ) ) ;
#1075 = CIRCLE ( 'NONE', #4515, 2.000000000000001776 ) ;
#1076 = VERTEX_POINT ( 'NONE', #4395 ) ;
#1077 = DIRECTION ( 'NONE',  ( 1.000000000000000000, -0.000000000000000000, -0.000000000000000000 ) ) ;
#1078 = DIRECTION ( 'NONE',  ( 0.000000000000000000, 0.000000000000000000, -1.000000000000000000 ) ) ;
#1079 = CARTESIAN_POINT ( 'NONE',  ( 30.00000000000000000, 17.45192298608404968, -49.29629629629628340 ) ) ;
#1080 = AXIS2_PLACEMENT_3D ( 'NONE', #5220, #1934, #4369 ) ;
#1081 = ADVANCED_FACE ( 'NONE', ( #4056 ), #3368, .T. ) ;
#1082 = DIRECTION ( 'NONE',  ( 0.000000000000000000, 0.07407407407407361200, -0.9972527420619452521 ) ) ;
#1083 = AXIS2_PLACEMENT_3D ( 'NONE', #1985, #363, #318 ) ;
#1084 = LINE ( 'NONE', #5159, #557 ) ;
#1085 = PRODUCT_DEFINITION_SHAPE ( 'NONE', 'NONE',  #2950 ) ;
#1086 = DIRECTION ( 'NONE',  ( -1.000000000000000000, 0.000000000000000000, 0.000000000000000000 ) ) ;
#1087 = VERTEX_POINT ( 'NONE', #1666 ) ;
#1088 = AXIS2_PLACEMENT_3D ( 'NONE', #4249, #1844, #568 ) ;
#1089 = EDGE_CURVE ( 'NONE', #2646, #3280, #135, .T. ) ;
#1090 = EDGE_CURVE ( 'NONE', #650, #590, #4327, .T. ) ;
#1091 = DIRECTION ( 'NONE',  ( -1.000000000000000000, -0.000000000000000000, -0.000000000000000000 ) ) ;
#1092 = CARTESIAN_POINT ( 'NONE',  ( -11.99999999999999822, -48.00000000000000000, -2.927345865710861972E-15 ) ) ;
#1093 = VERTEX_POINT ( 'NONE', #1255 ) ;
#1094 = ORIENTED_EDGE ( 'NONE', *, *, #88, .T. ) ;
#1095 = ORIENTED_EDGE ( 'NONE', *, *, #279, .T. ) ;
#1096 = EDGE_LOOP ( 'NONE', ( #5250, #39, #2976, #1787 ) ) ;
#1097 = CARTESIAN_POINT ( 'NONE',  ( 30.00000000000000000, 37.13385416666654493, -11.05336486002074281 ) ) ;
#1098 = DIRECTION ( 'NONE',  ( 0.000000000000000000, 0.000000000000000000, -1.000000000000000000 ) ) ;
#1099 = DIRECTION ( 'NONE',  ( -1.000000000000000000, -0.000000000000000000, -0.000000000000000000 ) ) ;
#1100 = AXIS2_PLACEMENT_3D ( 'NONE', #3000, #3802, #2226 ) ;
#1101 = ORIENTED_EDGE ( 'NONE', *, *, #435, .F. ) ;
#1102 = DIRECTION ( 'NONE',  ( 0.000000000000000000, 0.6785714285714311567, 0.7345344214715382458 ) ) ;
#1103 = CIRCLE ( 'NONE', #1625, 1.000000000000000000 ) ;
#1104 = ORIENTED_EDGE ( 'NONE', *, *, #720, .T. ) ;
#1105 = ORIENTED_EDGE ( 'NONE', *, *, #4178, .F. ) ;
#1106 = DIRECTION ( 'NONE',  ( 1.000000000000000000, -0.000000000000000000, -0.000000000000000000 ) ) ;
#1107 = LINE ( 'NONE', #3936, #4571 ) ;
#1108 = CARTESIAN_POINT ( 'NONE',  ( 12.00000000000000000, -16.26345596729059650, 18.26345596729060006 ) ) ;
#1109 = ORIENTED_EDGE ( 'NONE', *, *, #407, .T. ) ;
#1110 = AXIS2_PLACEMENT_3D ( 'NONE', #4938, #1612, #2883 ) ;
#1111 = DIRECTION ( 'NONE',  ( 1.000000000000000000, -0.000000000000000000, -0.000000000000000000 ) ) ;
#1112 = CARTESIAN_POINT ( 'NONE',  ( 12.00000000000000000, 1.224646799147354045E-15, 18.00000000000000355 ) ) ;
#1113 = CARTESIAN_POINT ( 'NONE',  ( 10.00000000000000000, 48.00000000000000000, 14.19999999999950369 ) ) ;
#1114 = CARTESIAN_POINT ( 'NONE',  ( -8.000000000000000000, 22.43818669639379237, -54.66666666666665719 ) ) ;
#1115 = EDGE_CURVE ( 'NONE', #4539, #2411, #33, .T. ) ;
#1116 = EDGE_LOOP ( 'NONE', ( #3805, #746, #4385, #3107 ) ) ;
#1117 = DIRECTION ( 'NONE',  ( -1.000000000000000000, -0.000000000000000000, -0.000000000000000000 ) ) ;
#1118 = CIRCLE ( 'NONE', #265, 1.999999999999998224 ) ;
#1119 = DIRECTION ( 'NONE',  ( 0.000000000000000000, -1.000000000000000000, 0.000000000000000000 ) ) ;
#1120 = VERTEX_POINT ( 'NONE', #5029 ) ;
#1121 = EDGE_LOOP ( 'NONE', ( #2617, #121, #2840, #3134 ) ) ;
#1122 = EDGE_CURVE ( 'NONE', #1203, #4910, #3626, .T. ) ;
#1123 = EDGE_CURVE ( 'NONE', #2947, #3062, #1640, .T. ) ;
#1124 = CARTESIAN_POINT ( 'NONE',  ( 30.00000000000000000, 0.000000000000000000, 0.000000000000000000 ) ) ;
#1125 = LINE ( 'NONE', #3529, #3115 ) ;
#1126 = DIRECTION ( 'NONE',  ( 0.000000000000000000, 0.000000000000000000, -1.000000000000000000 ) ) ;
#1127 = ORIENTED_EDGE ( 'NONE', *, *, #89, .T. ) ;
#1128 = CIRCLE ( 'NONE', #191, 2.000000000000000000 ) ;
#1129 = DIRECTION ( 'NONE',  ( 2.942834468174958779E-16, 0.7345344214715382458, -0.6785714285714310456 ) ) ;
#1130 = EDGE_CURVE ( 'NONE', #1757, #4875, #3205, .T. ) ;
#1131 = ORIENTED_EDGE ( 'NONE', *, *, #636, .T. ) ;
#1132 = AXIS2_PLACEMENT_3D ( 'NONE', #3465, #3782, #2674 ) ;
#1133 = DIRECTION ( 'NONE',  ( 0.000000000000000000, 0.000000000000000000, 1.000000000000000000 ) ) ;
#1134 = DIRECTION ( 'NONE',  ( 1.000000000000000000, -0.000000000000000000, -0.000000000000000000 ) ) ;
#1135 = CYLINDRICAL_SURFACE ( 'NONE', #3697, 2.000000000000001776 ) ;
#1136 = DIRECTION ( 'NONE',  ( 0.000000000000000000, -1.000000000000000000, 3.491481338843132566E-15 ) ) ;
#1137 = CYLINDRICAL_SURFACE ( 'NONE', #1156, 1.999999999999998224 ) ;
#1138 = DIRECTION ( 'NONE',  ( 0.000000000000000000, 0.000000000000000000, -1.000000000000000000 ) ) ;
#1139 = LINE ( 'NONE', #3124, #4956 ) ;
#1140 = AXIS2_PLACEMENT_3D ( 'NONE', #1042, #1018, #1772 ) ;
#1141 = EDGE_LOOP ( 'NONE', ( #365, #1047 ) ) ;
#1142 = CARTESIAN_POINT ( 'NONE',  ( 32.00000000000000000, -49.29629629629634735, -17.45192298608387915 ) ) ;
#1143 = AXIS2_PLACEMENT_3D ( 'NONE', #4094, #2142, #91 ) ;
#1144 = DIRECTION ( 'NONE',  ( 0.000000000000000000, 0.000000000000000000, -1.000000000000000000 ) ) ;
#1145 = ORIENTED_EDGE ( 'NONE', *, *, #3931, .F. ) ;
#1146 = CARTESIAN_POINT ( 'NONE',  ( -8.000000000000000000, 48.00000000000000000, 3.150000000000009237 ) ) ;
#1147 = ADVANCED_FACE ( 'NONE', ( #452 ), #4177, .T. ) ;
#1148 = FACE_OUTER_BOUND ( 'NONE', #3032, .T. ) ;
#1149 = EDGE_CURVE ( 'NONE', #4540, #2065, #796, .T. ) ;
#1150 = CARTESIAN_POINT ( 'NONE',  ( 30.00000000000000000, 0.000000000000000000, 0.000000000000000000 ) ) ;
#1151 = ORIENTED_EDGE ( 'NONE', *, *, #4876, .F. ) ;
#1152 = DIRECTION ( 'NONE',  ( -1.000000000000000000, -0.000000000000000000, -0.000000000000000000 ) ) ;
#1153 = VECTOR ( 'NONE', #3114, 1000.000000000000000 ) ;
#1154 = ORIENTED_EDGE ( 'NONE', *, *, #3735, .T. ) ;
#1155 = CIRCLE ( 'NONE', #3974, 2.000000000000000000 ) ;
#1156 = AXIS2_PLACEMENT_3D ( 'NONE', #285, #3492, #5133 ) ;
#1157 = DIRECTION ( 'NONE',  ( 0.000000000000000000, 0.4457001959685623071, 0.8951822916666667407 ) ) ;
#1158 = ADVANCED_FACE ( 'NONE', ( #3660 ), #508, .F. ) ;
#1159 = ADVANCED_FACE ( 'NONE', ( #4566 ), #730, .T. ) ;
#1160 = TOROIDAL_SURFACE ( 'NONE', #4161, 7.000000000000000000, 2.000000000000000000 ) ;
#1161 = DIRECTION ( 'NONE',  ( -1.000000000000000000, -0.000000000000000000, -0.000000000000000000 ) ) ;
#1162 = CARTESIAN_POINT ( 'NONE',  ( 30.00000000000000355, 68.94285714285716438, -2.807569942065888835 ) ) ;
#1163 = VERTEX_POINT ( 'NONE', #932 ) ;
#1164 = CYLINDRICAL_SURFACE ( 'NONE', #1406, 17.50000000000000711 ) ;
#1165 = DIRECTION ( 'NONE',  ( -1.000000000000000000, -0.000000000000000000, -0.000000000000000000 ) ) ;
#1166 = ORIENTED_EDGE ( 'NONE', *, *, #2545, .F. ) ;
#1167 = CYLINDRICAL_SURFACE ( 'NONE', #2227, 14.20000000000000462 ) ;
#1168 = VERTEX_POINT ( 'NONE', #578 ) ;
#1169 = DIRECTION ( 'NONE',  ( 0.000000000000000000, 0.000000000000000000, -1.000000000000000000 ) ) ;
#1170 = DIRECTION ( 'NONE',  ( -1.000000000000000000, 0.000000000000000000, 0.000000000000000000 ) ) ;
#1171 = DIRECTION ( 'NONE',  ( 1.000000000000000000, -0.000000000000000000, -0.000000000000000000 ) ) ;
#1172 = VERTEX_POINT ( 'NONE', #208 ) ;
#1173 = ORIENTED_EDGE ( 'NONE', *, *, #88, .F. ) ;
#1174 = ORIENTED_EDGE ( 'NONE', *, *, #3028, .T. ) ;
#1175 =( GEOMETRIC_REPRESENTATION_CONTEXT ( 3 ) GLOBAL_UNCERTAINTY_ASSIGNED_CONTEXT ( ( #2117 ) ) GLOBAL_UNIT_ASSIGNED_CONTEXT ( ( #2495, #389, #2829 ) ) REPRESENTATION_CONTEXT ( 'NONE', 'WORKASPACE' ) );
#1176 = CARTESIAN_POINT ( 'NONE',  ( 32.00000000000000000, -54.22324159021412981, -24.49673593459486654 ) ) ;
#1177 = DIRECTION ( 'NONE',  ( 0.000000000000000000, 0.000000000000000000, 1.000000000000000000 ) ) ;
#1178 = VERTEX_POINT ( 'NONE', #2602 ) ;
#1179 = CARTESIAN_POINT ( 'NONE',  ( -8.000000000000000000, 22.43818669639379237, -49.66666666666665009 ) ) ;
#1180 = ORIENTED_EDGE ( 'NONE', *, *, #2642, .F. ) ;
#1181 = CARTESIAN_POINT ( 'NONE',  ( 30.57175938284953531, 69.18421623061887260, 1.827185163593241013 ) ) ;
#1182 = EDGE_CURVE ( 'NONE', #2098, #711, #1854, .T. ) ;
#1183 = DIRECTION ( 'NONE',  ( 1.000000000000000000, 0.000000000000000000, 0.000000000000000000 ) ) ;
#1184 = DIRECTION ( 'NONE',  ( 0.000000000000000000, 0.000000000000000000, 1.000000000000000000 ) ) ;
#1185 = LINE ( 'NONE', #969, #3422 ) ;
#1186 = ADVANCED_FACE ( 'NONE', ( #552 ), #4061, .T. ) ;
#1187 = ADVANCED_FACE ( 'NONE', ( #5087 ), #1780, .F. ) ;
#1188 = VECTOR ( 'NONE', #2695, 1000.000000000000000 ) ;
#1189 = CYLINDRICAL_SURFACE ( 'NONE', #625, 3.150000000000000355 ) ;
#1190 = CYLINDRICAL_SURFACE ( 'NONE', #1808, 3.150000000000000355 ) ;
#1191 = DIRECTION ( 'NONE',  ( -1.000000000000000000, 0.000000000000000000, 0.000000000000000000 ) ) ;
#1192 = EDGE_LOOP ( 'NONE', ( #3323, #2992 ) ) ;
#1193 = CIRCLE ( 'NONE', #2412, 2.000000000000000444 ) ;
#1194 = TOROIDAL_SURFACE ( 'NONE', #4195, 7.000000000000000000, 2.000000000000000000 ) ;
#1195 = DIRECTION ( 'NONE',  ( 1.000000000000000000, 0.000000000000000000, 0.000000000000000000 ) ) ;
#1196 = ORIENTED_EDGE ( 'NONE', *, *, #3252, .F. ) ;
#1197 = EDGE_CURVE ( 'NONE', #2065, #5267, #3213, .T. ) ;
#1198 = DIRECTION ( 'NONE',  ( 0.000000000000000000, 0.000000000000000000, -1.000000000000000000 ) ) ;
#1199 = ORIENTED_EDGE ( 'NONE', *, *, #1296, .F. ) ;
#1200 = CARTESIAN_POINT ( 'NONE',  ( 32.00000000000000000, 22.43818669639379237, -49.66666666666665009 ) ) ;
#1201 = CARTESIAN_POINT ( 'NONE',  ( 12.00000000000000000, -9.192388155425119223, -11.19238815542512100 ) ) ;
#1202 = ORIENTED_EDGE ( 'NONE', *, *, #4772, .T. ) ;
#1203 = VERTEX_POINT ( 'NONE', #1417 ) ;
#1204 = CARTESIAN_POINT ( 'NONE',  ( 30.00000000000000000, 69.97142857142860350, -2.126321353182256235 ) ) ;
#1205 = DIRECTION ( 'NONE',  ( 1.000000000000000000, -0.000000000000000000, -0.000000000000000000 ) ) ;
#1206 = ORIENTED_EDGE ( 'NONE', *, *, #3670, .T. ) ;
#1207 = EDGE_LOOP ( 'NONE', ( #1250, #3753 ) ) ;
#1208 = CARTESIAN_POINT ( 'NONE',  ( 30.00000000000000000, 27.75065104166680641, 13.81670607502515047 ) ) ;
#1209 = CARTESIAN_POINT ( 'NONE',  ( -8.000000000000000000, -54.22324159021412271, -24.49673593459487719 ) ) ;
#1210 = CIRCLE ( 'NONE', #4217, 4.999999999999997335 ) ;
#1211 = DIRECTION ( 'NONE',  ( 0.000000000000000000, 9.912705577010326536E-16, -1.000000000000000000 ) ) ;
#1212 = ORIENTED_EDGE ( 'NONE', *, *, #1436, .F. ) ;
#1213 = CARTESIAN_POINT ( 'NONE',  ( 30.00000000000000000, 22.43818669639379237, -54.66666666666665009 ) ) ;
#1214 = AXIS2_PLACEMENT_3D ( 'NONE', #3410, #4304, #2208 ) ;
#1215 = DIRECTION ( 'NONE',  ( 0.000000000000000000, 0.000000000000000000, 1.000000000000000000 ) ) ;
#1216 = AXIS2_PLACEMENT_3D ( 'NONE', #281, #2009, #3937 ) ;
#1217 = ADVANCED_FACE ( 'NONE', ( #3040 ), #4511, .T. ) ;
#1218 = DIRECTION ( 'NONE',  ( 0.000000000000000000, 0.000000000000000000, -1.000000000000000000 ) ) ;
#1219 = EDGE_LOOP ( 'NONE', ( #1588, #4347, #4614, #2855, #3736, #306, #1775, #2727, #4770, #4150 ) ) ;
#1220 = EDGE_CURVE ( 'NONE', #4444, #2897, #2655, .T. ) ;
#1221 = CYLINDRICAL_SURFACE ( 'NONE', #3574, 2.000000000000000888 ) ;
#1222 = ORIENTED_EDGE ( 'NONE', *, *, #792, .F. ) ;
#1223 = CARTESIAN_POINT ( 'NONE',  ( 30.26794856240540810, 69.92858290028897272, -2.845462307699646587 ) ) ;
#1224 = ORIENTED_EDGE ( 'NONE', *, *, #2926, .T. ) ;
#1225 = DIRECTION ( 'NONE',  ( 0.000000000000000000, 0.000000000000000000, -1.000000000000000000 ) ) ;
#1226 = CARTESIAN_POINT ( 'NONE',  ( 31.00000000000000000, 70.00000000000001421, 0.000000000000000000 ) ) ;
#1227 = ADVANCED_FACE ( 'NONE', ( #2268 ), #3066, .T. ) ;
#1228 = AXIS2_PLACEMENT_3D ( 'NONE', #5132, #3064, #2578 ) ;
#1229 = AXIS2_PLACEMENT_3D ( 'NONE', #4555, #2848, #4138 ) ;
#1230 = CIRCLE ( 'NONE', #4235, 5.000000000000000888 ) ;
#1231 = CARTESIAN_POINT ( 'NONE',  ( 30.14240394730502359, 69.29020173896512347, -1.869838942782267477 ) ) ;
#1232 = CARTESIAN_POINT ( 'NONE',  ( 2.000000000000000000, 0.000000000000000000, 0.000000000000000000 ) ) ;
#1233 = EDGE_LOOP ( 'NONE', ( #2676, #2869, #166, #394 ) ) ;
#1234 = EDGE_LOOP ( 'NONE', ( #2740, #2525, #1812, #1044 ) ) ;
#1235 = VERTEX_POINT ( 'NONE', #3493 ) ;
#1236 = CARTESIAN_POINT ( 'NONE',  ( 30.00000000000000000, 49.29629629629609866, -17.45192298608456483 ) ) ;
#1237 = AXIS2_PLACEMENT_3D ( 'NONE', #884, #2586, #3745 ) ;
#1238 = TOROIDAL_SURFACE ( 'NONE', #4239, 15.50000000000000888, 2.000000000000000000 ) ;
#1239 = CARTESIAN_POINT ( 'NONE',  ( 30.00000000000000000, -32.22656249999993605, 11.04520705486836540 ) ) ;
#1240 = AXIS2_PLACEMENT_3D ( 'NONE', #3209, #346, #4888 ) ;
#1241 = DIRECTION ( 'NONE',  ( 0.000000000000000000, 0.000000000000000000, -1.000000000000000000 ) ) ;
#1242 = DIRECTION ( 'NONE',  ( 0.000000000000000000, 1.776356839400251254E-15, 1.000000000000000000 ) ) ;
#1243 = EDGE_LOOP ( 'NONE', ( #4184, #1581 ) ) ;
#1244 = EDGE_LOOP ( 'NONE', ( #1966, #1174 ) ) ;
#1245 = DIRECTION ( 'NONE',  ( -1.000000000000000000, -0.000000000000000000, -0.000000000000000000 ) ) ;
#1246 = CARTESIAN_POINT ( 'NONE',  ( 32.00000000000000000, 1.714505518806290299E-15, 26.00000000000000000 ) ) ;
#1247 = DIRECTION ( 'NONE',  ( 1.524740220002124710E-16, -0.9113149847094795808, -0.4117098476402541452 ) ) ;
#1248 = AXIS2_PLACEMENT_3D ( 'NONE', #1779, #3844, #3094 ) ;
#1249 = LINE ( 'NONE', #1741, #2239 ) ;
#1250 = ORIENTED_EDGE ( 'NONE', *, *, #89, .F. ) ;
#1251 = EDGE_CURVE ( 'NONE', #2250, #794, #1777, .T. ) ;
#1252 = CARTESIAN_POINT ( 'NONE',  ( 30.00000000000000000, -25.96028645833337123, -12.92530568308822581 ) ) ;
#1253 = ORIENTED_EDGE ( 'NONE', *, *, #3967, .T. ) ;
#1254 = CARTESIAN_POINT ( 'NONE',  ( 30.00000000000000000, 49.66666666666641561, -22.43818669639431107 ) ) ;
#1255 = CARTESIAN_POINT ( 'NONE',  ( 30.00000000000000000, 0.000000000000000000, -70.00000000000001421 ) ) ;
#1256 = ORIENTED_EDGE ( 'NONE', *, *, #3477, .F. ) ;
#1257 = EDGE_CURVE ( 'NONE', #1076, #3354, #2968, .T. ) ;
#1258 = STYLED_ITEM ( 'NONE', ( #2401 ), #4727 ) ;
#1259 = EDGE_CURVE ( 'NONE', #1338, #181, #5063, .T. ) ;
#1260 = DIRECTION ( 'NONE',  ( 0.000000000000000000, 0.000000000000000000, -1.000000000000000000 ) ) ;
#1261 = DIRECTION ( 'NONE',  ( 1.000000000000000000, 0.000000000000000000, 0.000000000000000000 ) ) ;
#1262 = VECTOR ( 'NONE', #2298, 1000.000000000000000 ) ;
#1263 = CIRCLE ( 'NONE', #4075, 17.50000000000000711 ) ;
#1264 = EDGE_LOOP ( 'NONE', ( #1558, #4215, #2923, #55 ) ) ;
#1265 = ORIENTED_EDGE ( 'NONE', *, *, #1800, .F. ) ;
#1266 = CARTESIAN_POINT ( 'NONE',  ( 12.00000000000000000, 1.714505518806290299E-15, 26.00000000000000000 ) ) ;
#1267 = ADVANCED_FACE ( 'NONE', ( #4642 ), #2014, .T. ) ;
#1268 = CIRCLE ( 'NONE', #4443, 2.000000000000000000 ) ;
#1269 = CARTESIAN_POINT ( 'NONE',  ( 31.34368425053892082, 69.43370701819776514, 2.728871331130871436 ) ) ;
#1270 = CARTESIAN_POINT ( 'NONE',  ( 32.00000000000000000, 0.000000000000000000, 0.000000000000000000 ) ) ;
#1271 = FACE_OUTER_BOUND ( 'NONE', #1589, .T. ) ;
#1272 = AXIS2_PLACEMENT_3D ( 'NONE', #2106, #2887, #908 ) ;
#1273 = ORIENTED_EDGE ( 'NONE', *, *, #179, .T. ) ;
#1274 = DIRECTION ( 'NONE',  ( 0.000000000000000000, 0.000000000000000000, 1.000000000000000000 ) ) ;
#1275 = DIRECTION ( 'NONE',  ( 0.000000000000000000, 0.4117098476402540896, -0.9113149847094794698 ) ) ;
#1276 = DIRECTION ( 'NONE',  ( 0.000000000000000000, 0.000000000000000000, 1.000000000000000000 ) ) ;
#1277 = CIRCLE ( 'NONE', #3067, 31.00000000000000000 ) ;
#1278 = EDGE_LOOP ( 'NONE', ( #3458, #2275, #2002, #5077, #267, #2509 ) ) ;
#1279 = AXIS2_PLACEMENT_3D ( 'NONE', #2095, #4852, #5264 ) ;
#1280 = DIRECTION ( 'NONE',  ( 0.000000000000000000, 0.000000000000000000, -1.000000000000000000 ) ) ;
#1281 = ORIENTED_EDGE ( 'NONE', *, *, #895, .T. ) ;
#1282 = CYLINDRICAL_SURFACE ( 'NONE', #240, 5.000000000000000888 ) ;
#1283 = CARTESIAN_POINT ( 'NONE',  ( 31.65996427138065172, 69.07302228405995947, 2.627020791169355274 ) ) ;
#1284 = CYLINDRICAL_SURFACE ( 'NONE', #2055, 2.050000000000001599 ) ;
#1285 = AXIS2_PLACEMENT_3D ( 'NONE', #1599, #1621, #4896 ) ;
#1286 = DIRECTION ( 'NONE',  ( 0.000000000000000000, 0.000000000000000000, -1.000000000000000000 ) ) ;
#1287 = CARTESIAN_POINT ( 'NONE',  ( -8.000000000000000000, 68.94285714285716438, 2.807569942065886170 ) ) ;
#1288 = ORIENTED_EDGE ( 'NONE', *, *, #4019, .T. ) ;
#1289 = EDGE_CURVE ( 'NONE', #982, #3596, #2128, .T. ) ;
#1290 = EDGE_CURVE ( 'NONE', #2609, #2947, #141, .T. ) ;
#1291 = ORIENTED_EDGE ( 'NONE', *, *, #620, .F. ) ;
#1292 = EDGE_LOOP ( 'NONE', ( #2570, #4991, #1507, #586 ) ) ;
#1293 = DIRECTION ( 'NONE',  ( 1.000000000000000000, -0.000000000000000000, -0.000000000000000000 ) ) ;
#1294 = DIRECTION ( 'NONE',  ( 0.000000000000000000, 0.000000000000000000, -1.000000000000000000 ) ) ;
#1295 = CARTESIAN_POINT ( 'NONE',  ( -8.000000000000000000, -35.73177083333328596, 12.47960548711988160 ) ) ;
#1296 = EDGE_CURVE ( 'NONE', #3486, #3253, #737, .T. ) ;
#1297 = CARTESIAN_POINT ( 'NONE',  ( 12.00000000000000000, -14.00000000000000000, -1.999999999999998224 ) ) ;
#1298 = ORIENTED_EDGE ( 'NONE', *, *, #5138, .F. ) ;
#1299 = CARTESIAN_POINT ( 'NONE',  ( 32.00000000000000000, -49.66666666666657193, 22.43818669639396646 ) ) ;
#1300 = FACE_BOUND ( 'NONE', #5056, .T. ) ;
#1301 = DIRECTION ( 'NONE',  ( -1.000000000000000000, 0.000000000000000000, 0.000000000000000000 ) ) ;
#1302 = AXIS2_PLACEMENT_3D ( 'NONE', #3729, #4904, #2934 ) ;
#1303 = ORIENTED_EDGE ( 'NONE', *, *, #4945, .F. ) ;
#1304 = DIRECTION ( 'NONE',  ( 0.000000000000000000, 0.000000000000000000, -1.000000000000000000 ) ) ;
#1305 = ORIENTED_EDGE ( 'NONE', *, *, #3571, .F. ) ;
#1306 = DIRECTION ( 'NONE',  ( 0.000000000000000000, 0.7010416666666589025, -0.7131203135497073964 ) ) ;
#1307 = CARTESIAN_POINT ( 'NONE',  ( 32.00000000000000000, 13.43502884254440133, -13.43502884254440133 ) ) ;
#1308 = ORIENTED_EDGE ( 'NONE', *, *, #2901, .F. ) ;
#1309 = ORIENTED_EDGE ( 'NONE', *, *, #3289, .T. ) ;
#1310 = CARTESIAN_POINT ( 'NONE',  ( 30.00000000000000000, 0.000000000000000000, 0.000000000000000000 ) ) ;
#1311 = ORIENTED_EDGE ( 'NONE', *, *, #3579, .F. ) ;
#1312 = AXIS2_PLACEMENT_3D ( 'NONE', #3654, #3282, #446 ) ;
#1313 = CARTESIAN_POINT ( 'NONE',  ( 29.99999999999999645, 69.29523809523811906, -1.871713294710593001 ) ) ;
#1314 = CARTESIAN_POINT ( 'NONE',  ( 32.00000000000000000, 16.04520705486825349, 32.22656249999999289 ) ) ;
#1315 = ORIENTED_EDGE ( 'NONE', *, *, #4974, .F. ) ;
#1316 = EDGE_LOOP ( 'NONE', ( #3156, #2882, #2823, #4587 ) ) ;
#1317 = ORIENTED_EDGE ( 'NONE', *, *, #59, .F. ) ;
#1318 = EDGE_LOOP ( 'NONE', ( #1005, #4212, #3264, #217, #1375 ) ) ;
#1319 = DIRECTION ( 'NONE',  ( 1.000000000000000000, 0.000000000000000000, 0.000000000000000000 ) ) ;
#1320 = AXIS2_PLACEMENT_3D ( 'NONE', #2094, #815, #1215 ) ;
#1321 = EDGE_CURVE ( 'NONE', #1597, #4383, #1084, .T. ) ;
#1322 = DIRECTION ( 'NONE',  ( 0.000000000000000000, 0.000000000000000000, 1.000000000000000000 ) ) ;
#1323 = CARTESIAN_POINT ( 'NONE',  ( 10.00000000000000000, 48.00000000000000000, -3.149999999999991918 ) ) ;
#1324 = CIRCLE ( 'NONE', #5023, 17.50000000000000711 ) ;
#1325 = ORIENTED_EDGE ( 'NONE', *, *, #4750, .T. ) ;
#1326 = DIRECTION ( 'NONE',  ( -1.000000000000000000, 0.000000000000000000, 0.000000000000000000 ) ) ;
#1327 = VERTEX_POINT ( 'NONE', #3518 ) ;
#1328 = EDGE_CURVE ( 'NONE', #3824, #1500, #2211, .T. ) ;
#1329 = AXIS2_PLACEMENT_3D ( 'NONE', #4480, #4916, #427 ) ;
#1330 = EDGE_CURVE ( 'NONE', #1087, #1038, #4254, .T. ) ;
#1331 = CARTESIAN_POINT ( 'NONE',  ( 32.00000000000000000, -14.00000000000000000, -1.999999999999998224 ) ) ;
#1332 = AXIS2_PLACEMENT_3D ( 'NONE', #1848, #3463, #3488 ) ;
#1333 = FACE_OUTER_BOUND ( 'NONE', #1292, .T. ) ;
#1334 = CARTESIAN_POINT ( 'NONE',  ( 30.00000000000000000, 32.22656249999982947, -16.04520705486859100 ) ) ;
#1335 = VERTEX_POINT ( 'NONE', #1113 ) ;
#1336 = ORIENTED_EDGE ( 'NONE', *, *, #1829, .F. ) ;
#1337 = AXIS2_PLACEMENT_3D ( 'NONE', #4341, #3095, #764 ) ;
#1338 = VERTEX_POINT ( 'NONE', #2341 ) ;
#1339 = ORIENTED_EDGE ( 'NONE', *, *, #3810, .T. ) ;
#1340 = CARTESIAN_POINT ( 'NONE',  ( 12.00000000000000000, -2.204364238465240161E-15, -12.00000000000000000 ) ) ;
#1341 = DIRECTION ( 'NONE',  ( 0.000000000000000000, 0.000000000000000000, -1.000000000000000000 ) ) ;
#1342 = ORIENTED_EDGE ( 'NONE', *, *, #661, .F. ) ;
#1343 = DIRECTION ( 'NONE',  ( 0.000000000000000000, 0.000000000000000000, -1.000000000000000000 ) ) ;
#1344 = CIRCLE ( 'NONE', #1949, 68.00000000000001421 ) ;
#1345 = CARTESIAN_POINT ( 'NONE',  ( 30.00000000000000000, 32.22656250000015632, 16.04520705486791954 ) ) ;
#1346 = CARTESIAN_POINT ( 'NONE',  ( 30.99999999999999289, 68.64285714285715301, 1.469068842943079378 ) ) ;
#1347 = VERTEX_POINT ( 'NONE', #286 ) ;
#1348 = ORIENTED_EDGE ( 'NONE', *, *, #5002, .F. ) ;
#1349 = ORIENTED_EDGE ( 'NONE', *, *, #5278, .T. ) ;
#1350 = EDGE_LOOP ( 'NONE', ( #2959, #1823, #534, #1206 ) ) ;
#1351 = DIRECTION ( 'NONE',  ( -1.000000000000000000, 0.000000000000000000, 0.000000000000000000 ) ) ;
#1352 = FACE_OUTER_BOUND ( 'NONE', #28, .T. ) ;
#1353 = ORIENTED_EDGE ( 'NONE', *, *, #2932, .F. ) ;
#1354 = FACE_OUTER_BOUND ( 'NONE', #953, .T. ) ;
#1355 = ORIENTED_EDGE ( 'NONE', *, *, #1289, .F. ) ;
#1356 = CARTESIAN_POINT ( 'NONE',  ( 30.00000000000000000, 25.96028645833319715, -12.92530568308858463 ) ) ;
#1357 = EDGE_CURVE ( 'NONE', #3225, #2609, #1956, .T. ) ;
#1358 = AXIS2_PLACEMENT_3D ( 'NONE', #299, #1943, #3530 ) ;
#1359 = ORIENTED_EDGE ( 'NONE', *, *, #2545, .T. ) ;
#1360 = ORIENTED_EDGE ( 'NONE', *, *, #5113, .T. ) ;
#1361 = CARTESIAN_POINT ( 'NONE',  ( 30.00000000000000000, -12.47960548711975370, 35.73177083333332860 ) ) ;
#1362 = FACE_OUTER_BOUND ( 'NONE', #4495, .T. ) ;
#1363 = EDGE_CURVE ( 'NONE', #832, #4780, #4336, .T. ) ;
#1364 = EDGE_CURVE ( 'NONE', #3609, #3166, #5125, .T. ) ;
#1365 = VERTEX_POINT ( 'NONE', #5215 ) ;
#1366 = DIRECTION ( 'NONE',  ( 0.000000000000000000, 0.000000000000000000, -1.000000000000000000 ) ) ;
#1367 = CARTESIAN_POINT ( 'NONE',  ( 6.999999999999999112, 18.50000000000000000, -2.050000000000004263 ) ) ;
#1368 = DIRECTION ( 'NONE',  ( 1.000000000000000000, 0.000000000000000000, 0.000000000000000000 ) ) ;
#1369 = EDGE_CURVE ( 'NONE', #2722, #2048, #1155, .T. ) ;
#1370 = AXIS2_PLACEMENT_3D ( 'NONE', #4406, #5257, #3193 ) ;
#1371 = AXIS2_PLACEMENT_3D ( 'NONE', #1008, #1034, #3395 ) ;
#1372 = CARTESIAN_POINT ( 'NONE',  ( 30.00000000000000000, 27.75065104166651864, -13.81670607502572956 ) ) ;
#1373 = FACE_OUTER_BOUND ( 'NONE', #348, .T. ) ;
#1374 = ORIENTED_EDGE ( 'NONE', *, *, #4454, .T. ) ;
#1375 = ORIENTED_EDGE ( 'NONE', *, *, #2325, .F. ) ;
#1376 = EDGE_LOOP ( 'NONE', ( #1019, #4192, #3426, #1404 ) ) ;
#1377 = CARTESIAN_POINT ( 'NONE',  ( 30.00000000000000000, 49.66666666666688457, 22.43818669639327013 ) ) ;
#1378 = CIRCLE ( 'NONE', #1815, 1.999999999999998224 ) ;
#1379 = AXIS2_PLACEMENT_3D ( 'NONE', #579, #3891, #1806 ) ;
#1380 = CARTESIAN_POINT ( 'NONE',  ( 12.00000000000000000, -14.00000000000000000, 1.714505518806289905E-15 ) ) ;
#1381 = DIRECTION ( 'NONE',  ( 0.000000000000000000, 0.000000000000000000, 1.000000000000000000 ) ) ;
#1382 = FACE_OUTER_BOUND ( 'NONE', #2880, .T. ) ;
#1383 = DIRECTION ( 'NONE',  ( -1.000000000000000000, 0.000000000000000000, 0.000000000000000000 ) ) ;
#1384 = DIRECTION ( 'NONE',  ( -1.000000000000000000, -0.000000000000000000, -0.000000000000000000 ) ) ;
#1385 = ADVANCED_FACE ( 'NONE', ( #5185 ), #2369, .F. ) ;
#1386 = ADVANCED_FACE ( 'NONE', ( #3570 ), #4690, .T. ) ;
#1387 = ORIENTED_EDGE ( 'NONE', *, *, #4962, .T. ) ;
#1388 = DIRECTION ( 'NONE',  ( -1.000000000000000000, -0.000000000000000000, -0.000000000000000000 ) ) ;
#1389 = CARTESIAN_POINT ( 'NONE',  ( 31.40246051663256210, 69.37923590120948347, 2.714473643643124934 ) ) ;
#1390 = CYLINDRICAL_SURFACE ( 'NONE', #173, 2.000000000000000000 ) ;
#1391 = AXIS2_PLACEMENT_3D ( 'NONE', #5207, #679, #3991 ) ;
#1392 = ADVANCED_FACE ( 'NONE', ( #2779 ), #3996, .F. ) ;
#1393 = EDGE_CURVE ( 'NONE', #984, #4676, #3203, .T. ) ;
#1394 = CARTESIAN_POINT ( 'NONE',  ( 29.99999999999999645, 69.29523809523811906, -1.871713294710593223 ) ) ;
#1395 = FACE_OUTER_BOUND ( 'NONE', #3959, .T. ) ;
#1396 = ORIENTED_EDGE ( 'NONE', *, *, #2090, .F. ) ;
#1397 = AXIS2_PLACEMENT_3D ( 'NONE', #3489, #3591, #1543 ) ;
#1398 = VERTEX_POINT ( 'NONE', #2803 ) ;
#1399 = CARTESIAN_POINT ( 'NONE',  ( 12.00000000000000000, 0.000000000000000000, 0.000000000000000000 ) ) ;
#1400 = CLOSED_SHELL ( 'NONE', ( #948, #511, #4209, #3894, #5244, #2444, #3046, #1385, #1658, #1518, #2173, #3543, #2850, #204, #1456, #2634, #81, #3701, #4248, #4848, #4105, #1217, #1596, #5054, #3734, #4644, #1924, #5081, #556, #4402, #4307, #3803, #4815, #3606, #3421, #1081, #5217, #4743, #3841, #1762, #477, #801, #2559, #5287, #3961, #313, #152, #2296, #4446, #2957, #4280, #1885, #4681, #955, #1837, #4512, #1801, #3998, #3893, #3709, #2350, #214, #4410, #1267, #1528, #1147, #1988, #4575, #2521, #836, #1689, #539, #3541, #246, #2289, #239, #4930, #21, #1026, #4940, #4412, #869, #3222, #4870, #400, #1158, #2512, #1690, #497, #2768, #2891, #205, #3045, #1731, #4207, #2742, #3254, #2232, #2233, #4140, #1227, #4554, #4975, #931, #1698, #4471, #4605, #5060, #925, #4613, #3793, #2092, #894, #2016, #1587, #1553, #4374, #4106, #5165, #3443, #414, #2333, #2297, #3597, #2577, #1386, #1186, #4344, #3563, #857, #4148, #118, #180, #2203, #2520, #2735, #3187, #471, #2677, #2794, #1392, #4382, #4279, #2776, #563, #630, #864, #3259, #1894, #2399, #3011, #5146, #3858, #4062, #3345, #2127, #3512, #4167, #4313, #2551, #1187, #4537, #2989, #2892, #3125, #2139, #3504, #1016, #3742, #2705, #3086, #2393, #1159, #5201, #4679, #2062 ) ) ;
#1401 = DIRECTION ( 'NONE',  ( 0.000000000000000000, 0.7131203135497010681, 0.7010416666666656749 ) ) ;
#1402 = ORIENTED_EDGE ( 'NONE', *, *, #1491, .T. ) ;
#1403 = LINE ( 'NONE', #891, #4349 ) ;
#1404 = ORIENTED_EDGE ( 'NONE', *, *, #5319, .F. ) ;
#1405 = DIRECTION ( 'NONE',  ( -1.000000000000000000, -0.000000000000000000, -0.000000000000000000 ) ) ;
#1406 = AXIS2_PLACEMENT_3D ( 'NONE', #4525, #49, #1712 ) ;
#1407 = ORIENTED_EDGE ( 'NONE', *, *, #3929, .T. ) ;
#1408 = CARTESIAN_POINT ( 'NONE',  ( 32.00000000000000000, 0.000000000000000000, 0.000000000000000000 ) ) ;
#1409 = AXIS2_PLACEMENT_3D ( 'NONE', #3638, #2407, #4009 ) ;
#1410 = VERTEX_POINT ( 'NONE', #4450 ) ;
#1411 = DIRECTION ( 'NONE',  ( 0.000000000000000000, 0.000000000000000000, -1.000000000000000000 ) ) ;
#1412 = DIRECTION ( 'NONE',  ( 1.000000000000000000, 0.000000000000000000, 0.000000000000000000 ) ) ;
#1413 = AXIS2_PLACEMENT_3D ( 'NONE', #1883, #1473, #3099 ) ;
#1414 = CARTESIAN_POINT ( 'NONE',  ( 12.00000000000000000, -14.00000000000000000, -1.999999999999998224 ) ) ;
#1415 = DIRECTION ( 'NONE',  ( 0.000000000000000000, 1.000000000000000000, -1.224646799147353207E-16 ) ) ;
#1416 = AXIS2_PLACEMENT_3D ( 'NONE', #2105, #2915, #3263 ) ;
#1417 = CARTESIAN_POINT ( 'NONE',  ( 32.00000000000000000, -48.00000000000000000, 14.20000000000017160 ) ) ;
#1418 = CARTESIAN_POINT ( 'NONE',  ( 30.00000000000000000, -48.00000000000000000, -17.49999999999984368 ) ) ;
#1419 = VECTOR ( 'NONE', #2388, 1000.000000000000000 ) ;
#1420 = EDGE_CURVE ( 'NONE', #527, #2409, #3634, .T. ) ;
#1421 = AXIS2_PLACEMENT_3D ( 'NONE', #369, #4967, #426 ) ;
#1422 = CARTESIAN_POINT ( 'NONE',  ( 31.31019006184837394, 69.48057672559599496, -2.742753606017400703 ) ) ;
#1423 = DIRECTION ( 'NONE',  ( 0.000000000000000000, 9.912705577010326536E-16, -1.000000000000000000 ) ) ;
#1424 = ORIENTED_EDGE ( 'NONE', *, *, #998, .T. ) ;
#1425 = CIRCLE ( 'NONE', #4424, 6.999999999999999112 ) ;
#1426 = VERTEX_POINT ( 'NONE', #2421 ) ;
#1427 = EDGE_CURVE ( 'NONE', #4545, #4784, #2034, .T. ) ;
#1428 = EDGE_CURVE ( 'NONE', #1887, #4658, #4257, .T. ) ;
#1429 = DIRECTION ( 'NONE',  ( -1.000000000000000000, -0.000000000000000000, -0.000000000000000000 ) ) ;
#1430 = DIRECTION ( 'NONE',  ( 0.000000000000000000, 0.000000000000000000, -1.000000000000000000 ) ) ;
#1431 = TOROIDAL_SURFACE ( 'NONE', #740, 7.000000000000000000, 2.000000000000000000 ) ;
#1432 = AXIS2_PLACEMENT_3D ( 'NONE', #663, #242, #3522 ) ;
#1433 = CARTESIAN_POINT ( 'NONE',  ( 32.00000000000000000, 0.000000000000000000, -68.00000000000001421 ) ) ;
#1434 = ORIENTED_EDGE ( 'NONE', *, *, #1918, .T. ) ;
#1435 = DIRECTION ( 'NONE',  ( -1.000000000000000000, -0.000000000000000000, -0.000000000000000000 ) ) ;
#1436 = EDGE_CURVE ( 'NONE', #2913, #3283, #3307, .T. ) ;
#1437 = ORIENTED_EDGE ( 'NONE', *, *, #2926, .F. ) ;
#1438 = CARTESIAN_POINT ( 'NONE',  ( 30.00000000000000000, -37.13385416666669414, -11.05336486002022056 ) ) ;
#1439 = CYLINDRICAL_SURFACE ( 'NONE', #3097, 4.999999999999997335 ) ;
#1440 = ORIENTED_EDGE ( 'NONE', *, *, #186, .F. ) ;
#1441 = CARTESIAN_POINT ( 'NONE',  ( 12.00000000000000000, -14.00000000000000000, 1.714505518806289905E-15 ) ) ;
#1442 = AXIS2_PLACEMENT_3D ( 'NONE', #403, #2507, #4155 ) ;
#1443 = VECTOR ( 'NONE', #5126, 1000.000000000000000 ) ;
#1444 = VERTEX_POINT ( 'NONE', #77 ) ;
#1445 = CARTESIAN_POINT ( 'NONE',  ( 32.00000000000000000, 0.000000000000000000, 48.00000000000000000 ) ) ;
#1446 = DIRECTION ( 'NONE',  ( -1.000000000000000000, 0.000000000000000000, 0.000000000000000000 ) ) ;
#1447 = CARTESIAN_POINT ( 'NONE',  ( 12.00000000000000000, 1.714505518806290299E-15, 26.00000000000000000 ) ) ;
#1448 = CARTESIAN_POINT ( 'NONE',  ( 30.28480789409857010, 69.92681948347878063, -2.845098997551802622 ) ) ;
#1449 = FACE_OUTER_BOUND ( 'NONE', #585, .T. ) ;
#1450 = ORIENTED_EDGE ( 'NONE', *, *, #2678, .F. ) ;
#1451 = EDGE_LOOP ( 'NONE', ( #4076, #3185, #69, #777 ) ) ;
#1452 = AXIS2_PLACEMENT_3D ( 'NONE', #5147, #2721, #2792 ) ;
#1453 = CYLINDRICAL_SURFACE ( 'NONE', #3748, 31.00000000000000000 ) ;
#1454 = EDGE_CURVE ( 'NONE', #4819, #1971, #4338, .T. ) ;
#1455 = FACE_BOUND ( 'NONE', #450, .T. ) ;
#1456 = ADVANCED_FACE ( 'NONE', ( #4560 ), #2852, .F. ) ;
#1457 = ORIENTED_EDGE ( 'NONE', *, *, #3347, .T. ) ;
#1458 = AXIS2_PLACEMENT_3D ( 'NONE', #3643, #1675, #2511 ) ;
#1459 = ORIENTED_EDGE ( 'NONE', *, *, #1053, .F. ) ;
#1460 = DIRECTION ( 'NONE',  ( -1.000000000000000000, 0.000000000000000000, 0.000000000000000000 ) ) ;
#1461 = PLANE ( 'NONE',  #4364 ) ;
#1462 = ORIENTED_EDGE ( 'NONE', *, *, #4306, .T. ) ;
#1463 = VERTEX_POINT ( 'NONE', #786 ) ;
#1464 = CARTESIAN_POINT ( 'NONE',  ( 30.00000000000000000, -35.73177083333328596, 12.47960548711987805 ) ) ;
#1465 = EDGE_CURVE ( 'NONE', #1967, #2546, #1075, .T. ) ;
#1466 = DIRECTION ( 'NONE',  ( 0.000000000000000000, 0.000000000000000000, 1.000000000000000000 ) ) ;
#1467 = CARTESIAN_POINT ( 'NONE',  ( 32.00000000000000000, 0.000000000000000000, 62.20000000000000284 ) ) ;
#1468 = CARTESIAN_POINT ( 'NONE',  ( 12.00000000000000000, 1.469576158976819806E-15, 22.00000000000000355 ) ) ;
#1469 = CARTESIAN_POINT ( 'NONE',  ( 31.00000000000000000, 70.00000000000001421, 0.000000000000000000 ) ) ;
#1470 = CARTESIAN_POINT ( 'NONE',  ( 32.00000000000000000, 48.00000000000000000, -5.027733127934112032E-13 ) ) ;
#1471 = FACE_OUTER_BOUND ( 'NONE', #2593, .T. ) ;
#1472 = SURFACE_STYLE_FILL_AREA ( #5161 ) ;
#1473 = DIRECTION ( 'NONE',  ( 1.000000000000000000, 0.000000000000000000, 0.000000000000000000 ) ) ;
#1474 = ORIENTED_EDGE ( 'NONE', *, *, #4778, .T. ) ;
#1475 = ORIENTED_EDGE ( 'NONE', *, *, #3287, .T. ) ;
#1476 = EDGE_LOOP ( 'NONE', ( #3261, #1907 ) ) ;
#1477 = CIRCLE ( 'NONE', #4220, 3.150000000000000355 ) ;
#1478 = CARTESIAN_POINT ( 'NONE',  ( 32.00000000000000000, 48.00000000000000000, -5.027733127934112032E-13 ) ) ;
#1479 = CARTESIAN_POINT ( 'NONE',  ( 12.00000000000000000, 18.00000000000000000, 0.000000000000000000 ) ) ;
#1480 = ORIENTED_EDGE ( 'NONE', *, *, #2671, .F. ) ;
#1481 = PLANE ( 'NONE',  #4616 ) ;
#1482 = ORIENTED_EDGE ( 'NONE', *, *, #2605, .T. ) ;
#1483 = ORIENTED_EDGE ( 'NONE', *, *, #733, .F. ) ;
#1484 = DIRECTION ( 'NONE',  ( 0.000000000000000000, 0.4457001959685629733, -0.8951822916666664076 ) ) ;
#1485 = EDGE_CURVE ( 'NONE', #2254, #3824, #314, .T. ) ;
#1486 = EDGE_LOOP ( 'NONE', ( #133, #5046, #372, #4615 ) ) ;
#1487 = FACE_OUTER_BOUND ( 'NONE', #2217, .T. ) ;
#1488 = CARTESIAN_POINT ( 'NONE',  ( 32.00000000000000000, 10.00000000000000000, 0.000000000000000000 ) ) ;
#1489 = CIRCLE ( 'NONE', #460, 2.000000000000000000 ) ;
#1490 = DIRECTION ( 'NONE',  ( 0.000000000000000000, 0.000000000000000000, -1.000000000000000000 ) ) ;
#1491 = EDGE_CURVE ( 'NONE', #886, #3508, #5302, .T. ) ;
#1492 = EDGE_CURVE ( 'NONE', #3587, #106, #909, .T. ) ;
#1493 = CARTESIAN_POINT ( 'NONE',  ( -11.99999999999999822, 0.000000000000000000, -48.00000000000000000 ) ) ;
#1494 = DIRECTION ( 'NONE',  ( 1.000000000000000000, -0.000000000000000000, -0.000000000000000000 ) ) ;
#1495 = DIRECTION ( 'NONE',  ( 0.000000000000000000, 0.000000000000000000, 1.000000000000000000 ) ) ;
#1496 = CIRCLE ( 'NONE', #3620, 5.000000000000000888 ) ;
#1497 = AXIS2_PLACEMENT_3D ( 'NONE', #4730, #1012, #4294 ) ;
#1498 = CARTESIAN_POINT ( 'NONE',  ( 0.000000000000000000, 16.04520705486824994, -32.22656249999999289 ) ) ;
#1499 = AXIS2_PLACEMENT_3D ( 'NONE', #1438, #1048, #1898 ) ;
#1500 = VERTEX_POINT ( 'NONE', #420 ) ;
#1501 = DIRECTION ( 'NONE',  ( 0.000000000000000000, -2.664535259100375697E-15, -1.000000000000000000 ) ) ;
#1502 = VECTOR ( 'NONE', #1927, 1000.000000000000000 ) ;
#1503 = CARTESIAN_POINT ( 'NONE',  ( 12.00000000000000000, -2.204364238465240161E-15, -12.00000000000000000 ) ) ;
#1504 = ORIENTED_EDGE ( 'NONE', *, *, #1491, .F. ) ;
#1505 = DIRECTION ( 'NONE',  ( 0.000000000000000000, 0.000000000000000000, -1.000000000000000000 ) ) ;
#1506 = ORIENTED_EDGE ( 'NONE', *, *, #2324, .T. ) ;
#1507 = ORIENTED_EDGE ( 'NONE', *, *, #4027, .F. ) ;
#1508 = DIRECTION ( 'NONE',  ( 0.000000000000000000, 0.000000000000000000, 1.000000000000000000 ) ) ;
#1509 = EDGE_LOOP ( 'NONE', ( #1450, #3661 ) ) ;
#1510 = CIRCLE ( 'NONE', #914, 14.20000000000000462 ) ;
#1511 = LINE ( 'NONE', #3537, #1681 ) ;
#1512 = EDGE_CURVE ( 'NONE', #4562, #4331, #2040, .T. ) ;
#1513 = DIRECTION ( 'NONE',  ( 0.000000000000000000, 0.9113149847094839107, 0.4117098476402441531 ) ) ;
#1514 = DIRECTION ( 'NONE',  ( 1.000000000000000000, 0.000000000000000000, 0.000000000000000000 ) ) ;
#1515 = CARTESIAN_POINT ( 'NONE',  ( 30.00000000000000000, 32.22656250000015632, 16.04520705486791954 ) ) ;
#1516 = DIRECTION ( 'NONE',  ( 1.000000000000000000, 0.000000000000000000, 0.000000000000000000 ) ) ;
#1517 = AXIS2_PLACEMENT_3D ( 'NONE', #2784, #4425, #4002 ) ;
#1518 = ADVANCED_FACE ( 'NONE', ( #1608 ), #3682, .F. ) ;
#1519 = CARTESIAN_POINT ( 'NONE',  ( 12.00000000000000000, -2.204364238465240161E-15, -12.00000000000000000 ) ) ;
#1520 = EDGE_CURVE ( 'NONE', #1120, #3603, #1654, .T. ) ;
#1521 = PRODUCT_DEFINITION_FORMATION_WITH_SPECIFIED_SOURCE ( 'ANY', '', #2969, .NOT_KNOWN. ) ;
#1522 = CARTESIAN_POINT ( 'NONE',  ( 32.00000000000000000, 0.000000000000000000, -48.00000000000000000 ) ) ;
#1523 = ORIENTED_EDGE ( 'NONE', *, *, #4974, .T. ) ;
#1524 = VERTEX_POINT ( 'NONE', #4933 ) ;
#1525 = AXIS2_PLACEMENT_3D ( 'NONE', #3353, #3806, #2255 ) ;
#1526 = DIRECTION ( 'NONE',  ( 1.000000000000000000, 0.000000000000000000, 0.000000000000000000 ) ) ;
#1527 = CARTESIAN_POINT ( 'NONE',  ( 30.00000000000000000, 0.000000000000000000, 0.000000000000000000 ) ) ;
#1528 = ADVANCED_FACE ( 'NONE', ( #2096, #475, #2496, #3706, #51, #1300, #2045, #3653, #1, #2129, #1685, #4989, #3256, #1632 ), #2909, .T. ) ;
#1529 = AXIS2_PLACEMENT_3D ( 'NONE', #5309, #2431, #1286 ) ;
#1530 = EDGE_LOOP ( 'NONE', ( #1960, #1101, #990, #3928 ) ) ;
#1531 = ORIENTED_EDGE ( 'NONE', *, *, #3281, .F. ) ;
#1532 = AXIS2_PLACEMENT_3D ( 'NONE', #1610, #2316, #343 ) ;
#1533 = DIRECTION ( 'NONE',  ( 1.000000000000000000, 0.000000000000000000, 0.000000000000000000 ) ) ;
#1534 = CARTESIAN_POINT ( 'NONE',  ( 32.00000000000000000, -37.13385416666669414, -11.05336486002022056 ) ) ;
#1535 = CARTESIAN_POINT ( 'NONE',  ( 10.00000000000000000, -48.00000000000000000, 14.20000000000017515 ) ) ;
#1536 = ORIENTED_EDGE ( 'NONE', *, *, #3387, .F. ) ;
#1537 = ORIENTED_EDGE ( 'NONE', *, *, #5176, .F. ) ;
#1538 = DIRECTION ( 'NONE',  ( 1.000000000000000000, -0.000000000000000000, -0.000000000000000000 ) ) ;
#1539 = CIRCLE ( 'NONE', #5235, 1.999999999999999334 ) ;
#1540 = ORIENTED_EDGE ( 'NONE', *, *, #3680, .F. ) ;
#1541 = CIRCLE ( 'NONE', #2658, 5.000000000000004441 ) ;
#1542 = LINE ( 'NONE', #307, #4850 ) ;
#1543 = DIRECTION ( 'NONE',  ( 0.000000000000000000, 0.000000000000000000, 1.000000000000000000 ) ) ;
#1544 = CYLINDRICAL_SURFACE ( 'NONE', #2533, 5.000000000000000888 ) ;
#1545 = VECTOR ( 'NONE', #2565, 1000.000000000000000 ) ;
#1546 = VECTOR ( 'NONE', #209, 1000.000000000000000 ) ;
#1547 = DIRECTION ( 'NONE',  ( 1.000000000000000000, 0.000000000000000000, 0.000000000000000000 ) ) ;
#1548 = LINE ( 'NONE', #2730, #1554 ) ;
#1549 = CARTESIAN_POINT ( 'NONE',  ( 12.00000000000000000, -22.00000000000000000, 2.694222958124179965E-15 ) ) ;
#1550 = CARTESIAN_POINT ( 'NONE',  ( -8.000000000000000000, 0.000000000000000000, -48.00000000000000000 ) ) ;
#1551 = EDGE_LOOP ( 'NONE', ( #1868, #1482, #5171, #1265 ) ) ;
#1552 = EDGE_CURVE ( 'NONE', #832, #4300, #1128, .T. ) ;
#1553 = ADVANCED_FACE ( 'NONE', ( #1333 ), #1742, .T. ) ;
#1554 = VECTOR ( 'NONE', #4362, 1000.000000000000000 ) ;
#1555 = DIRECTION ( 'NONE',  ( 0.000000000000000000, -0.7010416666666660079, -0.7131203135497005130 ) ) ;
#1556 = DIRECTION ( 'NONE',  ( -1.000000000000000000, 0.000000000000000000, 0.000000000000000000 ) ) ;
#1557 = EDGE_LOOP ( 'NONE', ( #4963, #2636, #4519, #1692 ) ) ;
#1558 = ORIENTED_EDGE ( 'NONE', *, *, #3632, .T. ) ;
#1559 = EDGE_CURVE ( 'NONE', #3609, #3157, #2181, .T. ) ;
#1560 = EDGE_CURVE ( 'NONE', #3690, #5274, #4913, .T. ) ;
#1561 = CARTESIAN_POINT ( 'NONE',  ( 30.00000000000000000, 49.66666666666688457, 22.43818669639327013 ) ) ;
#1562 = DIRECTION ( 'NONE',  ( 0.000000000000000000, 0.000000000000000000, -1.000000000000000000 ) ) ;
#1563 = VERTEX_POINT ( 'NONE', #1361 ) ;
#1564 = DIRECTION ( 'NONE',  ( 1.000000000000000000, 0.000000000000000000, 0.000000000000000000 ) ) ;
#1565 = EDGE_LOOP ( 'NONE', ( #5307, #1434, #4157, #2870 ) ) ;
#1566 = FACE_OUTER_BOUND ( 'NONE', #3454, .T. ) ;
#1567 = ORIENTED_EDGE ( 'NONE', *, *, #3640, .F. ) ;
#1568 = VECTOR ( 'NONE', #336, 1000.000000000000000 ) ;
#1569 = FACE_OUTER_BOUND ( 'NONE', #4221, .T. ) ;
#1570 = DIRECTION ( 'NONE',  ( 0.000000000000000000, 0.000000000000000000, -1.000000000000000000 ) ) ;
#1571 = AXIS2_PLACEMENT_3D ( 'NONE', #5262, #3965, #2311 ) ;
#1572 = DIRECTION ( 'NONE',  ( 0.000000000000000000, 0.000000000000000000, -1.000000000000000000 ) ) ;
#1573 = CIRCLE ( 'NONE', #4573, 5.000000000000004441 ) ;
#1574 = AXIS2_PLACEMENT_3D ( 'NONE', #2704, #2367, #1136 ) ;
#1575 = FACE_OUTER_BOUND ( 'NONE', #3013, .T. ) ;
#1576 = DIRECTION ( 'NONE',  ( 0.000000000000000000, 0.000000000000000000, 1.000000000000000000 ) ) ;
#1577 = DIRECTION ( 'NONE',  ( 0.000000000000000000, 0.000000000000000000, -1.000000000000000000 ) ) ;
#1578 = ORIENTED_EDGE ( 'NONE', *, *, #2090, .T. ) ;
#1579 = FACE_OUTER_BOUND ( 'NONE', #1096, .T. ) ;
#1580 = AXIS2_PLACEMENT_3D ( 'NONE', #5323, #4497, #4958 ) ;
#1581 = ORIENTED_EDGE ( 'NONE', *, *, #3836, .F. ) ;
#1582 = DIRECTION ( 'NONE',  ( 0.000000000000000000, 0.000000000000000000, -1.000000000000000000 ) ) ;
#1583 =( LENGTH_UNIT ( ) NAMED_UNIT ( * ) SI_UNIT ( .MILLI., .METRE. ) );
#1584 = AXIS2_PLACEMENT_3D ( 'NONE', #2416, #358, #5180 ) ;
#1585 = CIRCLE ( 'NONE', #547, 4.999999999999997335 ) ;
#1586 = DIRECTION ( 'NONE',  ( 0.000000000000000000, 0.000000000000000000, 1.000000000000000000 ) ) ;
#1587 = ADVANCED_FACE ( 'NONE', ( #573 ), #5000, .T. ) ;
#1588 = ORIENTED_EDGE ( 'NONE', *, *, #4513, .T. ) ;
#1589 = EDGE_LOOP ( 'NONE', ( #3924, #2280 ) ) ;
#1590 = ORIENTED_EDGE ( 'NONE', *, *, #733, .T. ) ;
#1591 = CIRCLE ( 'NONE', #2949, 4.999999999999999112 ) ;
#1592 = CARTESIAN_POINT ( 'NONE',  ( -8.000000000000000000, 0.000000000000000000, -5.500000000000000000 ) ) ;
#1593 = CARTESIAN_POINT ( 'NONE',  ( 12.00000000000000000, -14.00000000000000000, 2.000000000000001776 ) ) ;
#1594 = EDGE_CURVE ( 'NONE', #3275, #1087, #5177, .T. ) ;
#1595 = DIRECTION ( 'NONE',  ( 1.000000000000000000, 0.000000000000000000, 0.000000000000000000 ) ) ;
#1596 = ADVANCED_FACE ( 'NONE', ( #3036 ), #113, .T. ) ;
#1597 = VERTEX_POINT ( 'NONE', #3007 ) ;
#1598 = ORIENTED_EDGE ( 'NONE', *, *, #2736, .F. ) ;
#1599 = CARTESIAN_POINT ( 'NONE',  ( 30.00000000000000000, 22.43818669639379237, 49.66666666666665009 ) ) ;
#1600 = ORIENTED_EDGE ( 'NONE', *, *, #628, .T. ) ;
#1601 = AXIS2_PLACEMENT_3D ( 'NONE', #3123, #4754, #4801 ) ;
#1602 = CYLINDRICAL_SURFACE ( 'NONE', #902, 2.000000000000001776 ) ;
#1603 = CYLINDRICAL_SURFACE ( 'NONE', #1704, 2.049999999999999822 ) ;
#1604 = VERTEX_POINT ( 'NONE', #2237 ) ;
#1605 = EDGE_CURVE ( 'NONE', #4856, #2888, #1798, .T. ) ;
#1606 = DIRECTION ( 'NONE',  ( 1.000000000000000000, 0.000000000000000000, 0.000000000000000000 ) ) ;
#1607 = DIRECTION ( 'NONE',  ( 0.000000000000000000, 0.000000000000000000, -1.000000000000000000 ) ) ;
#1608 = FACE_OUTER_BOUND ( 'NONE', #4599, .T. ) ;
#1609 = AXIS2_PLACEMENT_3D ( 'NONE', #774, #2349, #4399 ) ;
#1610 = CARTESIAN_POINT ( 'NONE',  ( 32.00000000000000000, 48.00000000000000000, -5.027733127934112032E-13 ) ) ;
#1611 = ORIENTED_EDGE ( 'NONE', *, *, #4901, .T. ) ;
#1612 = DIRECTION ( 'NONE',  ( 1.000000000000000000, 0.000000000000000000, 0.000000000000000000 ) ) ;
#1613 = ORIENTED_EDGE ( 'NONE', *, *, #2678, .T. ) ;
#1614 = DIRECTION ( 'NONE',  ( -1.000000000000000000, -0.000000000000000000, -0.000000000000000000 ) ) ;
#1615 = DIRECTION ( 'NONE',  ( 0.000000000000000000, 0.000000000000000000, 1.000000000000000000 ) ) ;
#1616 = EDGE_LOOP ( 'NONE', ( #3979, #3082 ) ) ;
#1617 = CARTESIAN_POINT ( 'NONE',  ( 10.00000000000000000, 0.000000000000000000, -33.79999999999999716 ) ) ;
#1618 = DIRECTION ( 'NONE',  ( -1.000000000000000000, 0.000000000000000000, 0.000000000000000000 ) ) ;
#1619 = ORIENTED_EDGE ( 'NONE', *, *, #3499, .F. ) ;
#1620 = VERTEX_POINT ( 'NONE', #4693 ) ;
#1621 = DIRECTION ( 'NONE',  ( 1.000000000000000000, 0.000000000000000000, 0.000000000000000000 ) ) ;
#1622 = EDGE_CURVE ( 'NONE', #3796, #292, #2093, .T. ) ;
#1623 = EDGE_CURVE ( 'NONE', #2241, #4504, #1477, .T. ) ;
#1624 = DIRECTION ( 'NONE',  ( 0.000000000000000000, 0.000000000000000000, -1.000000000000000000 ) ) ;
#1625 = AXIS2_PLACEMENT_3D ( 'NONE', #4769, #1129, #1102 ) ;
#1626 = FACE_BOUND ( 'NONE', #3309, .T. ) ;
#1627 = CARTESIAN_POINT ( 'NONE',  ( 6.999999999999999112, 0.000000000000000000, 20.54999999999999716 ) ) ;
#1628 = ORIENTED_EDGE ( 'NONE', *, *, #4638, .T. ) ;
#1629 = CIRCLE ( 'NONE', #4101, 14.20000000000000462 ) ;
#1630 = EDGE_CURVE ( 'NONE', #799, #4539, #4653, .T. ) ;
#1631 = DIRECTION ( 'NONE',  ( 0.000000000000000000, 0.000000000000000000, -1.000000000000000000 ) ) ;
#1632 = FACE_BOUND ( 'NONE', #249, .T. ) ;
#1633 = AXIS2_PLACEMENT_3D ( 'NONE', #2172, #3349, #2589 ) ;
#1634 = DIRECTION ( 'NONE',  ( 1.000000000000000000, -0.000000000000000000, -0.000000000000000000 ) ) ;
#1635 = EDGE_LOOP ( 'NONE', ( #3131, #3702 ) ) ;
#1636 = CIRCLE ( 'NONE', #175, 28.99999999999999645 ) ;
#1637 = CARTESIAN_POINT ( 'NONE',  ( 31.60980041092997084, 69.14332811555436820, -2.648080035162588608 ) ) ;
#1638 = VERTEX_POINT ( 'NONE', #2597 ) ;
#1639 = DIRECTION ( 'NONE',  ( 0.000000000000000000, 0.000000000000000000, -1.000000000000000000 ) ) ;
#1640 = LINE ( 'NONE', #3738, #213 ) ;
#1641 = VERTEX_POINT ( 'NONE', #176 ) ;
#1642 = ORIENTED_EDGE ( 'NONE', *, *, #1257, .T. ) ;
#1643 = DIRECTION ( 'NONE',  ( -1.000000000000000000, -0.000000000000000000, -0.000000000000000000 ) ) ;
#1644 = DIRECTION ( 'NONE',  ( -1.000000000000000000, -0.000000000000000000, -0.000000000000000000 ) ) ;
#1645 = ORIENTED_EDGE ( 'NONE', *, *, #2865, .T. ) ;
#1646 = CARTESIAN_POINT ( 'NONE',  ( 32.00000000000000000, 9.797174393178831574E-16, 16.00000000000000000 ) ) ;
#1647 = CARTESIAN_POINT ( 'NONE',  ( 10.00000000000000000, 48.00000000000000000, -5.027733127934112032E-13 ) ) ;
#1648 = FACE_BOUND ( 'NONE', #1219, .T. ) ;
#1649 = DIRECTION ( 'NONE',  ( 0.000000000000000000, 0.000000000000000000, -1.000000000000000000 ) ) ;
#1650 = EDGE_CURVE ( 'NONE', #1398, #4822, #2931, .T. ) ;
#1651 = EDGE_LOOP ( 'NONE', ( #3238, #4431, #3667, #2194 ) ) ;
#1652 = DIRECTION ( 'NONE',  ( 1.000000000000000000, -0.000000000000000000, -0.000000000000000000 ) ) ;
#1653 = AXIS2_PLACEMENT_3D ( 'NONE', #873, #1686, #3707 ) ;
#1654 = LINE ( 'NONE', #391, #5044 ) ;
#1655 = ORIENTED_EDGE ( 'NONE', *, *, #1492, .F. ) ;
#1656 = AXIS2_PLACEMENT_3D ( 'NONE', #3116, #701, #2724 ) ;
#1657 = CARTESIAN_POINT ( 'NONE',  ( 30.00000000000000000, 0.000000000000000000, 0.000000000000000000 ) ) ;
#1658 = ADVANCED_FACE ( 'NONE', ( #2573 ), #154, .F. ) ;
#1659 = EDGE_CURVE ( 'NONE', #1915, #4562, #4660, .T. ) ;
#1660 = ORIENTED_EDGE ( 'NONE', *, *, #2240, .F. ) ;
#1661 = AXIS2_PLACEMENT_3D ( 'NONE', #1162, #5234, #4017 ) ;
#1662 = AXIS2_PLACEMENT_3D ( 'NONE', #1515, #3491, #3515 ) ;
#1663 = CARTESIAN_POINT ( 'NONE',  ( 31.95373448276454198, 68.45679467130027263, -2.418219794541852874 ) ) ;
#1664 = ORIENTED_EDGE ( 'NONE', *, *, #17, .F. ) ;
#1665 = DIRECTION ( 'NONE',  ( 0.000000000000000000, 0.000000000000000000, -1.000000000000000000 ) ) ;
#1666 = CARTESIAN_POINT ( 'NONE',  ( -8.000000000000000000, 13.81670607502544001, -27.75065104166666430 ) ) ;
#1667 = AXIS2_PLACEMENT_3D ( 'NONE', #3306, #3277, #1631 ) ;
#1668 = ORIENTED_EDGE ( 'NONE', *, *, #694, .F. ) ;
#1669 = ORIENTED_EDGE ( 'NONE', *, *, #4028, .F. ) ;
#1670 = CIRCLE ( 'NONE', #1229, 2.000000000000000000 ) ;
#1671 = AXIS2_PLACEMENT_3D ( 'NONE', #4389, #4361, #681 ) ;
#1672 = DIRECTION ( 'NONE',  ( 0.000000000000000000, 0.000000000000000000, -1.000000000000000000 ) ) ;
#1673 = CARTESIAN_POINT ( 'NONE',  ( 12.00000000000000000, 12.02081528017130019, 10.02081528017129841 ) ) ;
#1674 = ORIENTED_EDGE ( 'NONE', *, *, #270, .F. ) ;
#1675 = DIRECTION ( 'NONE',  ( -1.000000000000000000, 0.000000000000000000, 0.000000000000000000 ) ) ;
#1676 = AXIS2_PLACEMENT_3D ( 'NONE', #5118, #1836, #4266 ) ;
#1677 = CARTESIAN_POINT ( 'NONE',  ( 12.00000000000000000, -14.84924240491750069, -16.84924240491750069 ) ) ;
#1678 = AXIS2_PLACEMENT_3D ( 'NONE', #3794, #1037, #4646 ) ;
#1679 = FACE_BOUND ( 'NONE', #854, .T. ) ;
#1680 = FACE_OUTER_BOUND ( 'NONE', #3604, .T. ) ;
#1681 = VECTOR ( 'NONE', #1106, 1000.000000000000000 ) ;
#1682 = ORIENTED_EDGE ( 'NONE', *, *, #1485, .T. ) ;
#1683 = DIRECTION ( 'NONE',  ( 1.000000000000000000, 0.000000000000000000, 0.000000000000000000 ) ) ;
#1684 = ORIENTED_EDGE ( 'NONE', *, *, #254, .T. ) ;
#1685 = FACE_BOUND ( 'NONE', #2468, .T. ) ;
#1686 = DIRECTION ( 'NONE',  ( -1.000000000000000000, -0.000000000000000000, -0.000000000000000000 ) ) ;
#1687 = ORIENTED_EDGE ( 'NONE', *, *, #441, .F. ) ;
#1688 = CARTESIAN_POINT ( 'NONE',  ( 32.00000000000000000, 67.96428571428572241, -2.203603264414638829 ) ) ;
#1689 = ADVANCED_FACE ( 'NONE', ( #3757 ), #975, .T. ) ;
#1690 = ADVANCED_FACE ( 'NONE', ( #5130 ), #1439, .F. ) ;
#1691 = CIRCLE ( 'NONE', #4695, 5.000000000000000888 ) ;
#1692 = ORIENTED_EDGE ( 'NONE', *, *, #436, .F. ) ;
#1693 = CARTESIAN_POINT ( 'NONE',  ( -8.000000000000000000, 12.47960548711975370, 35.73177083333332860 ) ) ;
#1694 = CARTESIAN_POINT ( 'NONE',  ( 31.68630627331830496, 69.12902533759512380, 1.823260160448220590 ) ) ;
#1695 = ORIENTED_EDGE ( 'NONE', *, *, #2085, .T. ) ;
#1696 = CARTESIAN_POINT ( 'NONE',  ( -8.000000000000000000, 49.66666666666641561, -17.43818669639430752 ) ) ;
#1697 = ORIENTED_EDGE ( 'NONE', *, *, #2193, .F. ) ;
#1698 = ADVANCED_FACE ( 'NONE', ( #5057 ), #1834, .T. ) ;
#1699 = CARTESIAN_POINT ( 'NONE',  ( 12.00000000000000000, -3.673940397442059967E-15, -22.00000000000000000 ) ) ;
#1700 = DIRECTION ( 'NONE',  ( 1.000000000000000000, 0.000000000000000000, 0.000000000000000000 ) ) ;
#1701 = ORIENTED_EDGE ( 'NONE', *, *, #835, .F. ) ;
#1702 = ORIENTED_EDGE ( 'NONE', *, *, #1594, .F. ) ;
#1703 = CARTESIAN_POINT ( 'NONE',  ( 30.23546952948984057, 69.28166218395743670, 1.866782699562623105 ) ) ;
#1704 = AXIS2_PLACEMENT_3D ( 'NONE', #3224, #4873, #1184 ) ;
#1705 = DIRECTION ( 'NONE',  ( 0.000000000000000000, 0.000000000000000000, -1.000000000000000000 ) ) ;
#1706 = ORIENTED_EDGE ( 'NONE', *, *, #3476, .F. ) ;
#1707 = CARTESIAN_POINT ( 'NONE',  ( 12.00000000000000000, 10.00000000000000000, 0.000000000000000000 ) ) ;
#1708 = AXIS2_PLACEMENT_3D ( 'NONE', #4514, #12, #4976 ) ;
#1709 = DIRECTION ( 'NONE',  ( 0.000000000000000000, -1.586032892321651496E-15, -1.000000000000000000 ) ) ;
#1710 = TOROIDAL_SURFACE ( 'NONE', #3744, 68.00000000000001421, 2.000000000000000000 ) ;
#1711 = VERTEX_POINT ( 'NONE', #232 ) ;
#1712 = DIRECTION ( 'NONE',  ( 0.000000000000000000, 0.000000000000000000, 1.000000000000000000 ) ) ;
#1713 = CARTESIAN_POINT ( 'NONE',  ( 30.00000000000000000, -49.14814814814808841, 15.45741750196034658 ) ) ;
#1714 = CARTESIAN_POINT ( 'NONE',  ( 32.00000000000000000, 48.00000000000000000, 14.19999999999950013 ) ) ;
#1715 = ORIENTED_EDGE ( 'NONE', *, *, #3680, .T. ) ;
#1716 = CYLINDRICAL_SURFACE ( 'NONE', #3035, 2.000000000000001776 ) ;
#1717 = EDGE_LOOP ( 'NONE', ( #4987, #3712, #2041, #2996 ) ) ;
#1718 = ORIENTED_EDGE ( 'NONE', *, *, #272, .F. ) ;
#1719 = DIRECTION ( 'NONE',  ( 1.000000000000000000, -0.000000000000000000, -0.000000000000000000 ) ) ;
#1720 = VECTOR ( 'NONE', #1814, 1000.000000000000000 ) ;
#1721 = CARTESIAN_POINT ( 'NONE',  ( 31.00000001397449623, 68.71302964941301639, 1.533895019400076221 ) ) ;
#1722 = CARTESIAN_POINT ( 'NONE',  ( 30.00000000000000000, -13.81670607502544357, 27.75065104166666075 ) ) ;
#1723 = EDGE_CURVE ( 'NONE', #744, #3253, #2184, .T. ) ;
#1724 = DIRECTION ( 'NONE',  ( 0.000000000000000000, 0.000000000000000000, -1.000000000000000000 ) ) ;
#1725 = DIRECTION ( 'NONE',  ( 0.000000000000000000, 0.000000000000000000, -1.000000000000000000 ) ) ;
#1726 = ORIENTED_EDGE ( 'NONE', *, *, #1182, .T. ) ;
#1727 = ORIENTED_EDGE ( 'NONE', *, *, #3159, .F. ) ;
#1728 = ORIENTED_EDGE ( 'NONE', *, *, #2552, .T. ) ;
#1729 = CARTESIAN_POINT ( 'NONE',  ( 12.00000000000000000, 10.00000000000000000, 2.000000000000000000 ) ) ;
#1730 = EDGE_CURVE ( 'NONE', #4037, #1235, #1913, .T. ) ;
#1731 = ADVANCED_FACE ( 'NONE', ( #731 ), #4413, .F. ) ;
#1732 = CARTESIAN_POINT ( 'NONE',  ( 12.00000000000000000, -14.84924240491750069, -14.84924240491750069 ) ) ;
#1733 = CARTESIAN_POINT ( 'NONE',  ( 32.00000000000000000, -3.429011037612589670E-15, -18.00000000000000355 ) ) ;
#1734 = VERTEX_POINT ( 'NONE', #1870 ) ;
#1735 = FACE_OUTER_BOUND ( 'NONE', #1821, .T. ) ;
#1736 = ORIENTED_EDGE ( 'NONE', *, *, #3477, .T. ) ;
#1737 = AXIS2_PLACEMENT_3D ( 'NONE', #1799, #1384, #2209 ) ;
#1738 = VECTOR ( 'NONE', #4252, 1000.000000000000000 ) ;
#1739 = CYLINDRICAL_SURFACE ( 'NONE', #2854, 70.00000000000001421 ) ;
#1740 = CARTESIAN_POINT ( 'NONE',  ( -8.000000000000000000, 0.000000000000000000, -48.00000000000000000 ) ) ;
#1741 = CARTESIAN_POINT ( 'NONE',  ( 12.00000000000000000, 18.00000000000000000, -2.000000000000000000 ) ) ;
#1742 = TOROIDAL_SURFACE ( 'NONE', #3010, 28.99999999999999645, 2.000000000000000000 ) ;
#1743 = CIRCLE ( 'NONE', #5098, 2.000000000000000444 ) ;
#1744 = ORIENTED_EDGE ( 'NONE', *, *, #3735, .F. ) ;
#1745 = VECTOR ( 'NONE', #3912, 1000.000000000000000 ) ;
#1746 = AXIS2_PLACEMENT_3D ( 'NONE', #2490, #4040, #2119 ) ;
#1747 = CARTESIAN_POINT ( 'NONE',  ( 12.00000000000000000, -2.204364238465240161E-15, -14.00000000000000000 ) ) ;
#1748 = DIRECTION ( 'NONE',  ( 0.000000000000000000, 0.000000000000000000, 1.000000000000000000 ) ) ;
#1749 = AXIS2_PLACEMENT_3D ( 'NONE', #2291, #4390, #1877 ) ;
#1750 = CARTESIAN_POINT ( 'NONE',  ( 30.82998213109912200, 69.00796679446149540, 1.737137359536709447 ) ) ;
#1751 = ORIENTED_EDGE ( 'NONE', *, *, #3076, .F. ) ;
#1752 = DIRECTION ( 'NONE',  ( 1.000000000000000000, -0.000000000000000000, -0.000000000000000000 ) ) ;
#1753 = CARTESIAN_POINT ( 'NONE',  ( 30.54098301823581352, 69.19850595726026654, -1.832840127682431097 ) ) ;
#1754 = EDGE_CURVE ( 'NONE', #2475, #2200, #3271, .T. ) ;
#1755 = CIRCLE ( 'NONE', #797, 2.000000000000000000 ) ;
#1756 = LINE ( 'NONE', #513, #2202 ) ;
#1757 = VERTEX_POINT ( 'NONE', #3539 ) ;
#1758 = VERTEX_POINT ( 'NONE', #2337 ) ;
#1759 = CARTESIAN_POINT ( 'NONE',  ( 10.00000000000000000, 3.857637417314161703E-16, -44.85000000000000142 ) ) ;
#1760 = CIRCLE ( 'NONE', #5108, 6.999999999999999112 ) ;
#1761 = FACE_OUTER_BOUND ( 'NONE', #142, .T. ) ;
#1762 = ADVANCED_FACE ( 'NONE', ( #4333 ), #4773, .F. ) ;
#1763 = EDGE_CURVE ( 'NONE', #4270, #4253, #962, .T. ) ;
#1764 = DIRECTION ( 'NONE',  ( -1.000000000000000000, -0.000000000000000000, -0.000000000000000000 ) ) ;
#1765 = AXIS2_PLACEMENT_3D ( 'NONE', #3190, #4948, #431 ) ;
#1766 = CARTESIAN_POINT ( 'NONE',  ( 10.00000000000000000, -6.071532165918824830E-15, 48.00000000000000000 ) ) ;
#1767 = ORIENTED_EDGE ( 'NONE', *, *, #2056, .F. ) ;
#1768 = EDGE_LOOP ( 'NONE', ( #1039, #288 ) ) ;
#1769 = AXIS2_PLACEMENT_3D ( 'NONE', #3713, #4534, #2135 ) ;
#1770 = AXIS2_PLACEMENT_3D ( 'NONE', #1527, #322, #1144 ) ;
#1771 = EDGE_CURVE ( 'NONE', #2171, #3883, #788, .T. ) ;
#1772 = DIRECTION ( 'NONE',  ( 0.000000000000000000, 8.881784197001252323E-16, -1.000000000000000000 ) ) ;
#1773 = CARTESIAN_POINT ( 'NONE',  ( 12.00000000000000000, -2.204364238465240161E-15, -12.00000000000000000 ) ) ;
#1774 = DIRECTION ( 'NONE',  ( -1.000000000000000000, 0.000000000000000000, 0.000000000000000000 ) ) ;
#1775 = ORIENTED_EDGE ( 'NONE', *, *, #3931, .T. ) ;
#1776 = AXIS2_PLACEMENT_3D ( 'NONE', #2086, #4601, #5010 ) ;
#1777 = CIRCLE ( 'NONE', #644, 17.50000000000000711 ) ;
#1778 = VERTEX_POINT ( 'NONE', #2774 ) ;
#1779 = CARTESIAN_POINT ( 'NONE',  ( -8.000000000000000000, -18.50000000000000000, 1.084202172485504434E-15 ) ) ;
#1780 = PLANE ( 'NONE',  #222 ) ;
#1781 = FACE_OUTER_BOUND ( 'NONE', #1316, .T. ) ;
#1782 = CIRCLE ( 'NONE', #2138, 2.000000000000000444 ) ;
#1783 = CARTESIAN_POINT ( 'NONE',  ( 30.49439462068776407, 69.91477186922826093, -2.114683472837043166 ) ) ;
#1784 = CARTESIAN_POINT ( 'NONE',  ( 32.00000000000000000, 0.000000000000000000, 0.000000000000000000 ) ) ;
#1785 = ORIENTED_EDGE ( 'NONE', *, *, #1754, .F. ) ;
#1786 = VERTEX_POINT ( 'NONE', #1899 ) ;
#1787 = ORIENTED_EDGE ( 'NONE', *, *, #4111, .T. ) ;
#1788 = CYLINDRICAL_SURFACE ( 'NONE', #2580, 2.050000000000001599 ) ;
#1789 = AXIS2_PLACEMENT_3D ( 'NONE', #749, #3503, #1069 ) ;
#1790 = CYLINDRICAL_SURFACE ( 'NONE', #4090, 2.000000000000000000 ) ;
#1791 = DIRECTION ( 'NONE',  ( -1.000000000000000000, 0.000000000000000000, 0.000000000000000000 ) ) ;
#1792 = DIRECTION ( 'NONE',  ( 3.280275122291011011E-18, -0.4457001959685727988, -0.8951822916666617447 ) ) ;
#1793 = VECTOR ( 'NONE', #1819, 1000.000000000000000 ) ;
#1794 = EDGE_CURVE ( 'NONE', #5095, #2076, #678, .T. ) ;
#1795 = ORIENTED_EDGE ( 'NONE', *, *, #3355, .F. ) ;
#1796 = EDGE_CURVE ( 'NONE', #3212, #761, #5206, .T. ) ;
#1797 = AXIS2_PLACEMENT_3D ( 'NONE', #856, #4568, #459 ) ;
#1798 = LINE ( 'NONE', #2962, #3269 ) ;
#1799 = CARTESIAN_POINT ( 'NONE',  ( 32.00000000000000000, -49.66666666666657193, 22.43818669639396646 ) ) ;
#1800 = EDGE_CURVE ( 'NONE', #1524, #289, #1107, .T. ) ;
#1801 = ADVANCED_FACE ( 'NONE', ( #4386 ), #3911, .F. ) ;
#1802 = ORIENTED_EDGE ( 'NONE', *, *, #5277, .F. ) ;
#1803 = CARTESIAN_POINT ( 'NONE',  ( 30.00000000000000000, 37.13385416666677941, 11.05336486001997010 ) ) ;
#1804 = CARTESIAN_POINT ( 'NONE',  ( 30.25520574504999161, 69.97142855017376917, 2.126321349064965283 ) ) ;
#1805 = CIRCLE ( 'NONE', #3573, 14.20000000000000462 ) ;
#1806 = DIRECTION ( 'NONE',  ( 0.000000000000000000, 0.000000000000000000, -1.000000000000000000 ) ) ;
#1807 = ORIENTED_EDGE ( 'NONE', *, *, #1149, .T. ) ;
#1808 = AXIS2_PLACEMENT_3D ( 'NONE', #2044, #816, #2878 ) ;
#1809 = CIRCLE ( 'NONE', #934, 31.00000000000000000 ) ;
#1810 = CARTESIAN_POINT ( 'NONE',  ( 30.57247015942914103, 69.18391998976329660, -1.827059911773094125 ) ) ;
#1811 = CARTESIAN_POINT ( 'NONE',  ( 32.00000000000000000, 35.73177083333346360, 12.47960548711938067 ) ) ;
#1812 = ORIENTED_EDGE ( 'NONE', *, *, #4702, .F. ) ;
#1813 = EDGE_LOOP ( 'NONE', ( #3005, #4271, #3779, #1072 ) ) ;
#1814 = DIRECTION ( 'NONE',  ( -1.000000000000000000, -0.000000000000000000, -0.000000000000000000 ) ) ;
#1815 = AXIS2_PLACEMENT_3D ( 'NONE', #3311, #423, #3600 ) ;
#1816 = CIRCLE ( 'NONE', #4808, 2.049999999999999822 ) ;
#1817 = VECTOR ( 'NONE', #4469, 1000.000000000000000 ) ;
#1818 = DIRECTION ( 'NONE',  ( 0.000000000000000000, 0.000000000000000000, -1.000000000000000000 ) ) ;
#1819 = DIRECTION ( 'NONE',  ( -1.000000000000000000, -0.000000000000000000, -0.000000000000000000 ) ) ;
#1820 = CARTESIAN_POINT ( 'NONE',  ( 32.00000000000000000, -35.73177083333337123, -12.47960548711962758 ) ) ;
#1821 = EDGE_LOOP ( 'NONE', ( #3197, #1976 ) ) ;
#1822 = CARTESIAN_POINT ( 'NONE',  ( 32.00000000000000000, -16.26345596729059650, 16.26345596729059650 ) ) ;
#1823 = ORIENTED_EDGE ( 'NONE', *, *, #2613, .F. ) ;
#1824 = EDGE_CURVE ( 'NONE', #5274, #4756, #2599, .T. ) ;
#1825 = DIRECTION ( 'NONE',  ( 1.000000000000000000, -0.000000000000000000, -0.000000000000000000 ) ) ;
#1826 = DIRECTION ( 'NONE',  ( 0.000000000000000000, 0.000000000000000000, -1.000000000000000000 ) ) ;
#1827 = CARTESIAN_POINT ( 'NONE',  ( 12.00000000000000000, 13.43502884254440133, -13.43502884254440133 ) ) ;
#1828 = DIRECTION ( 'NONE',  ( 0.000000000000000000, 0.000000000000000000, 1.000000000000000000 ) ) ;
#1829 = EDGE_CURVE ( 'NONE', #5049, #3892, #4358, .T. ) ;
#1830 = CARTESIAN_POINT ( 'NONE',  ( 30.84370057268990095, 69.79429165940452151, 2.086361280514287042 ) ) ;
#1831 = EDGE_CURVE ( 'NONE', #432, #4318, #4484, .T. ) ;
#1832 = AXIS2_PLACEMENT_3D ( 'NONE', #736, #682, #207 ) ;
#1833 = DIRECTION ( 'NONE',  ( -1.000000000000000000, 0.000000000000000000, 0.000000000000000000 ) ) ;
#1834 = TOROIDAL_SURFACE ( 'NONE', #4130, 61.49999999999999289, 2.000000000000000000 ) ;
#1835 = DIRECTION ( 'NONE',  ( 1.000000000000000000, 0.000000000000000000, 0.000000000000000000 ) ) ;
#1836 = DIRECTION ( 'NONE',  ( -1.000000000000000000, -0.000000000000000000, -0.000000000000000000 ) ) ;
#1837 = ADVANCED_FACE ( 'NONE', ( #3564, #3173, #4847, #5153, #3089, #4746, #384, #2465, #2436, #44, #467, #4984, #2847, #1626, #3699, #2038, #1648, #3645, #4523, #3250, #4898, #1679, #758, #3300, #866, #4953 ), #5320, .T. ) ;
#1838 = AXIS2_PLACEMENT_3D ( 'NONE', #1334, #2524, #2963 ) ;
#1839 = EDGE_LOOP ( 'NONE', ( #4405, #4687, #3348, #2667 ) ) ;
#1840 = ORIENTED_EDGE ( 'NONE', *, *, #3194, .T. ) ;
#1841 = ORIENTED_EDGE ( 'NONE', *, *, #3535, .T. ) ;
#1842 = AXIS2_PLACEMENT_3D ( 'NONE', #2729, #1055, #4826 ) ;
#1843 = FACE_OUTER_BOUND ( 'NONE', #4267, .T. ) ;
#1844 = DIRECTION ( 'NONE',  ( 1.000000000000000000, 0.000000000000000000, 0.000000000000000000 ) ) ;
#1845 = EDGE_LOOP ( 'NONE', ( #5199, #3760, #647, #1523 ) ) ;
#1846 = CARTESIAN_POINT ( 'NONE',  ( 32.00000000000000000, 13.43502884254440133, -13.43502884254440133 ) ) ;
#1847 = ORIENTED_EDGE ( 'NONE', *, *, #3949, .T. ) ;
#1848 = CARTESIAN_POINT ( 'NONE',  ( 10.00000000000000000, -48.00000000000000000, -2.927345865710861972E-15 ) ) ;
#1849 = AXIS2_PLACEMENT_3D ( 'NONE', #2716, #4350, #377 ) ;
#1850 = DIRECTION ( 'NONE',  ( 0.000000000000000000, 0.4117098476402526464, 0.9113149847094800249 ) ) ;
#1851 = DIRECTION ( 'NONE',  ( 1.000000000000000000, 0.000000000000000000, 0.000000000000000000 ) ) ;
#1852 = CARTESIAN_POINT ( 'NONE',  ( 32.00000000000000000, 17.45192298608404968, -49.29629629629628340 ) ) ;
#1853 = CARTESIAN_POINT ( 'NONE',  ( 32.00000000000000000, 18.00000000000000000, -2.000000000000000000 ) ) ;
#1854 = CIRCLE ( 'NONE', #4684, 14.20000000000000462 ) ;
#1855 = CARTESIAN_POINT ( 'NONE',  ( 30.00000000000000000, -48.00000000000000000, 17.50000000000017408 ) ) ;
#1856 = AXIS2_PLACEMENT_3D ( 'NONE', #278, #3644, #4794 ) ;
#1857 = EDGE_CURVE ( 'NONE', #4822, #3339, #2088, .T. ) ;
#1858 = EDGE_CURVE ( 'NONE', #3892, #3253, #3521, .T. ) ;
#1859 = DIRECTION ( 'NONE',  ( 0.000000000000000000, 0.9972527420619452521, -0.07407407407407361200 ) ) ;
#1860 = CARTESIAN_POINT ( 'NONE',  ( 12.00000000000000000, 17.67766952966370297, 19.67766952966369942 ) ) ;
#1861 = ORIENTED_EDGE ( 'NONE', *, *, #4833, .T. ) ;
#1862 = EDGE_CURVE ( 'NONE', #4331, #5308, #36, .T. ) ;
#1863 = FACE_OUTER_BOUND ( 'NONE', #4835, .T. ) ;
#1864 = DIRECTION ( 'NONE',  ( 0.000000000000000000, 0.000000000000000000, -1.000000000000000000 ) ) ;
#1865 = DIRECTION ( 'NONE',  ( 1.000000000000000000, -0.000000000000000000, -0.000000000000000000 ) ) ;
#1866 = CIRCLE ( 'NONE', #2042, 2.000000000000000444 ) ;
#1867 = DIRECTION ( 'NONE',  ( 0.000000000000000000, 0.000000000000000000, 1.000000000000000000 ) ) ;
#1868 = ORIENTED_EDGE ( 'NONE', *, *, #4343, .F. ) ;
#1869 = DIRECTION ( 'NONE',  ( 0.000000000000000000, 0.000000000000000000, 1.000000000000000000 ) ) ;
#1870 = CARTESIAN_POINT ( 'NONE',  ( 30.00000000000000000, 32.22656250000015632, 11.04520705486791776 ) ) ;
#1871 = CIRCLE ( 'NONE', #327, 15.50000000000000888 ) ;
#1872 = LINE ( 'NONE', #2286, #692 ) ;
#1873 = AXIS2_PLACEMENT_3D ( 'NONE', #97, #4686, #4603 ) ;
#1874 = CIRCLE ( 'NONE', #4175, 1.999999999999999334 ) ;
#1875 = CIRCLE ( 'NONE', #2728, 3.150000000000000355 ) ;
#1876 = CARTESIAN_POINT ( 'NONE',  ( 10.00000000000000000, -5.685768424187408956E-15, 51.14999999999999858 ) ) ;
#1877 = DIRECTION ( 'NONE',  ( 0.000000000000000000, 0.000000000000000000, -1.000000000000000000 ) ) ;
#1878 = CARTESIAN_POINT ( 'NONE',  ( 30.14479722282869290, 69.29523808606008117, 1.871713291254762712 ) ) ;
#1879 = ORIENTED_EDGE ( 'NONE', *, *, #95, .F. ) ;
#1880 = EDGE_LOOP ( 'NONE', ( #3113, #3795, #5104, #4973 ) ) ;
#1881 = FACE_OUTER_BOUND ( 'NONE', #991, .T. ) ;
#1882 = CARTESIAN_POINT ( 'NONE',  ( 32.00000000000000000, -25.32015562987556834, 56.04587155963300660 ) ) ;
#1883 = CARTESIAN_POINT ( 'NONE',  ( 12.00000000000000000, 17.67766952966370297, 17.67766952966370297 ) ) ;
#1884 = ORIENTED_EDGE ( 'NONE', *, *, #3708, .T. ) ;
#1885 = ADVANCED_FACE ( 'NONE', ( #839 ), #4468, .F. ) ;
#1886 = ORIENTED_EDGE ( 'NONE', *, *, #835, .T. ) ;
#1887 = VERTEX_POINT ( 'NONE', #4492 ) ;
#1888 = AXIS2_PLACEMENT_3D ( 'NONE', #1987, #4661, #2673 ) ;
#1889 = CARTESIAN_POINT ( 'NONE',  ( 32.00000000000000000, 0.000000000000000000, 0.000000000000000000 ) ) ;
#1890 = FACE_OUTER_BOUND ( 'NONE', #31, .T. ) ;
#1891 = CIRCLE ( 'NONE', #1110, 68.00000000000001421 ) ;
#1892 = EDGE_CURVE ( 'NONE', #1398, #3695, #3329, .T. ) ;
#1893 = CARTESIAN_POINT ( 'NONE',  ( 30.00000000000000000, -48.00000000000000000, 1.675911042644704011E-13 ) ) ;
#1894 = ADVANCED_FACE ( 'NONE', ( #3615 ), #4925, .F. ) ;
#1895 = VERTEX_POINT ( 'NONE', #781 ) ;
#1896 = DIRECTION ( 'NONE',  ( 1.000000000000000000, 0.000000000000000000, 0.000000000000000000 ) ) ;
#1897 = ORIENTED_EDGE ( 'NONE', *, *, #4671, .F. ) ;
#1898 = DIRECTION ( 'NONE',  ( 0.000000000000000000, -0.7010416666666620111, 0.7131203135497042878 ) ) ;
#1899 = CARTESIAN_POINT ( 'NONE',  ( 30.00000000000000000, 13.81670607502544179, -27.75065104166666430 ) ) ;
#1900 = DIRECTION ( 'NONE',  ( -1.000000000000000000, -0.000000000000000000, -0.000000000000000000 ) ) ;
#1901 = ORIENTED_EDGE ( 'NONE', *, *, #995, .T. ) ;
#1902 = CARTESIAN_POINT ( 'NONE',  ( 12.00000000000000000, 10.00000000000000000, -2.000000000000000000 ) ) ;
#1903 = DIRECTION ( 'NONE',  ( 1.000000000000000000, 0.000000000000000000, 0.000000000000000000 ) ) ;
#1904 = CARTESIAN_POINT ( 'NONE',  ( 12.00000000000000000, 0.000000000000000000, 0.000000000000000000 ) ) ;
#1905 = DIRECTION ( 'NONE',  ( 1.000000000000000000, 0.000000000000000000, 0.000000000000000000 ) ) ;
#1906 = DIRECTION ( 'NONE',  ( 1.000000000000000000, 0.000000000000000000, 0.000000000000000000 ) ) ;
#1907 = ORIENTED_EDGE ( 'NONE', *, *, #59, .T. ) ;
#1908 = VERTEX_POINT ( 'NONE', #1295 ) ;
#1909 = VECTOR ( 'NONE', #919, 1000.000000000000000 ) ;
#1910 = EDGE_CURVE ( 'NONE', #3101, #5285, #458, .T. ) ;
#1911 = DIRECTION ( 'NONE',  ( 1.000000000000000000, 0.000000000000000000, 0.000000000000000000 ) ) ;
#1912 = CARTESIAN_POINT ( 'NONE',  ( 30.00000000000000000, 32.22656250000015632, 16.04520705486791954 ) ) ;
#1913 = CIRCLE ( 'NONE', #3862, 61.49999999999999289 ) ;
#1914 = DIRECTION ( 'NONE',  ( 0.000000000000000000, 0.000000000000000000, -1.000000000000000000 ) ) ;
#1915 = VERTEX_POINT ( 'NONE', #2415 ) ;
#1916 = CARTESIAN_POINT ( 'NONE',  ( 32.00000000000000000, 0.000000000000000000, -33.79999999999999716 ) ) ;
#1917 = EDGE_LOOP ( 'NONE', ( #3487, #4190 ) ) ;
#1918 = EDGE_CURVE ( 'NONE', #5301, #3101, #449, .T. ) ;
#1919 = EDGE_CURVE ( 'NONE', #3502, #640, #876, .T. ) ;
#1920 = DIRECTION ( 'NONE',  ( 1.000000000000000000, 0.000000000000000000, 0.000000000000000000 ) ) ;
#1921 = DIRECTION ( 'NONE',  ( 1.000000000000000000, -0.000000000000000000, -0.000000000000000000 ) ) ;
#1922 = CIRCLE ( 'NONE', #1671, 6.999999999999999112 ) ;
#1923 = CARTESIAN_POINT ( 'NONE',  ( 12.00000000000000000, 12.02081528017130019, 12.02081528017130019 ) ) ;
#1924 = ADVANCED_FACE ( 'NONE', ( #5291 ), #1603, .F. ) ;
#1925 = CYLINDRICAL_SURFACE ( 'NONE', #3527, 2.000000000000000000 ) ;
#1926 = LINE ( 'NONE', #3545, #4124 ) ;
#1927 = DIRECTION ( 'NONE',  ( 1.000000000000000000, -0.000000000000000000, -0.000000000000000000 ) ) ;
#1928 = CIRCLE ( 'NONE', #2780, 6.999999999999999112 ) ;
#1929 = DIRECTION ( 'NONE',  ( 1.000000000000000000, 0.000000000000000000, 0.000000000000000000 ) ) ;
#1930 = VECTOR ( 'NONE', #404, 1000.000000000000000 ) ;
#1931 = ORIENTED_EDGE ( 'NONE', *, *, #3506, .T. ) ;
#1932 = CIRCLE ( 'NONE', #1100, 14.20000000000000462 ) ;
#1933 = AXIS2_PLACEMENT_3D ( 'NONE', #3821, #163, #3022 ) ;
#1934 = DIRECTION ( 'NONE',  ( 1.000000000000000000, 0.000000000000000000, 0.000000000000000000 ) ) ;
#1935 = DIRECTION ( 'NONE',  ( 1.000000000000000000, -0.000000000000000000, -0.000000000000000000 ) ) ;
#1936 = AXIS2_PLACEMENT_3D ( 'NONE', #198, #2133, #1869 ) ;
#1937 = EDGE_LOOP ( 'NONE', ( #1645, #237 ) ) ;
#1938 = ORIENTED_EDGE ( 'NONE', *, *, #4027, .T. ) ;
#1939 = CARTESIAN_POINT ( 'NONE',  ( 6.999999999999999112, -2.168404344971008868E-15, -18.50000000000000000 ) ) ;
#1940 = AXIS2_PLACEMENT_3D ( 'NONE', #1549, #3546, #2706 ) ;
#1941 = CARTESIAN_POINT ( 'NONE',  ( 12.00000000000000000, 10.00000000000000000, 2.000000000000000000 ) ) ;
#1942 = ORIENTED_EDGE ( 'NONE', *, *, #3145, .F. ) ;
#1943 = DIRECTION ( 'NONE',  ( 1.000000000000000000, 0.000000000000000000, 0.000000000000000000 ) ) ;
#1944 = ORIENTED_EDGE ( 'NONE', *, *, #5012, .F. ) ;
#1945 = CARTESIAN_POINT ( 'NONE',  ( 12.00000000000000000, 0.000000000000000000, 0.000000000000000000 ) ) ;
#1946 = ORIENTED_EDGE ( 'NONE', *, *, #3640, .T. ) ;
#1947 = DIRECTION ( 'NONE',  ( 0.000000000000000000, 0.000000000000000000, -1.000000000000000000 ) ) ;
#1948 = ORIENTED_EDGE ( 'NONE', *, *, #2136, .F. ) ;
#1949 = AXIS2_PLACEMENT_3D ( 'NONE', #910, #1835, #3871 ) ;
#1950 = DIRECTION ( 'NONE',  ( 0.000000000000000000, 0.000000000000000000, 1.000000000000000000 ) ) ;
#1951 = DIRECTION ( 'NONE',  ( 1.000000000000000000, 0.000000000000000000, 0.000000000000000000 ) ) ;
#1952 = EDGE_CURVE ( 'NONE', #3973, #4403, #169, .T. ) ;
#1953 = EDGE_CURVE ( 'NONE', #3695, #3339, #329, .T. ) ;
#1954 = CARTESIAN_POINT ( 'NONE',  ( -8.000000000000000000, 18.50000000000000000, -2.050000000000004263 ) ) ;
#1955 = DIRECTION ( 'NONE',  ( 0.000000000000000000, 0.000000000000000000, -1.000000000000000000 ) ) ;
#1956 = LINE ( 'NONE', #2315, #1502 ) ;
#1957 = DIRECTION ( 'NONE',  ( 1.000000000000000000, -0.000000000000000000, -0.000000000000000000 ) ) ;
#1958 = EDGE_CURVE ( 'NONE', #4408, #4813, #4868, .T. ) ;
#1959 = EDGE_CURVE ( 'NONE', #3796, #756, #1403, .T. ) ;
#1960 = ORIENTED_EDGE ( 'NONE', *, *, #1030, .F. ) ;
#1961 = CIRCLE ( 'NONE', #3656, 3.150000000000000355 ) ;
#1962 =( NAMED_UNIT ( * ) SI_UNIT ( $, .STERADIAN. ) SOLID_ANGLE_UNIT ( ) );
#1963 = LINE ( 'NONE', #1201, #3030 ) ;
#1964 = VERTEX_POINT ( 'NONE', #124 ) ;
#1965 = CIRCLE ( 'NONE', #2151, 5.000000000000004441 ) ;
#1966 = ORIENTED_EDGE ( 'NONE', *, *, #3842, .T. ) ;
#1967 = VERTEX_POINT ( 'NONE', #2644 ) ;
#1968 = AXIS2_PLACEMENT_3D ( 'NONE', #1550, #4024, #1495 ) ;
#1969 = DIRECTION ( 'NONE',  ( 0.000000000000000000, 0.000000000000000000, -1.000000000000000000 ) ) ;
#1970 = CYLINDRICAL_SURFACE ( 'NONE', #3371, 2.000000000000000000 ) ;
#1971 = VERTEX_POINT ( 'NONE', #194 ) ;
#1972 = CARTESIAN_POINT ( 'NONE',  ( 32.00000000000000000, 49.66666666666688457, 15.43818669639327190 ) ) ;
#1973 = ORIENTED_EDGE ( 'NONE', *, *, #792, .T. ) ;
#1974 = ORIENTED_EDGE ( 'NONE', *, *, #4240, .T. ) ;
#1975 = DIRECTION ( 'NONE',  ( 0.000000000000000000, 0.000000000000000000, -1.000000000000000000 ) ) ;
#1976 = ORIENTED_EDGE ( 'NONE', *, *, #3993, .T. ) ;
#1977 = CARTESIAN_POINT ( 'NONE',  ( 30.00000000000000000, 0.000000000000000000, 48.00000000000000000 ) ) ;
#1978 = DIRECTION ( 'NONE',  ( 0.000000000000000000, 0.000000000000000000, -1.000000000000000000 ) ) ;
#1979 = DIRECTION ( 'NONE',  ( 0.000000000000000000, 0.000000000000000000, -1.000000000000000000 ) ) ;
#1980 = EDGE_LOOP ( 'NONE', ( #2141, #1664, #324, #1288 ) ) ;
#1981 = CIRCLE ( 'NONE', #3163, 2.000000000000001776 ) ;
#1982 = EDGE_CURVE ( 'NONE', #3216, #4037, #3142, .T. ) ;
#1983 = FACE_OUTER_BOUND ( 'NONE', #3218, .T. ) ;
#1984 = CARTESIAN_POINT ( 'NONE',  ( 30.00000000000000355, 68.94285714285716438, 2.807569942065888835 ) ) ;
#1985 = CARTESIAN_POINT ( 'NONE',  ( 12.00000000000000000, -10.60660171779819905, 10.60660171779819905 ) ) ;
#1986 = ORIENTED_EDGE ( 'NONE', *, *, #95, .T. ) ;
#1987 = CARTESIAN_POINT ( 'NONE',  ( -8.000000000000000000, -6.071532165918824830E-15, 48.00000000000000000 ) ) ;
#1988 = ADVANCED_FACE ( 'NONE', ( #3002 ), #3029, .F. ) ;
#1989 = EDGE_CURVE ( 'NONE', #5128, #453, #2480, .T. ) ;
#1990 = CARTESIAN_POINT ( 'NONE',  ( -8.000000000000000000, 0.000000000000000000, -51.14999999999999858 ) ) ;
#1991 = FACE_OUTER_BOUND ( 'NONE', #4011, .T. ) ;
#1992 = ORIENTED_EDGE ( 'NONE', *, *, #2130, .F. ) ;
#1993 = ORIENTED_EDGE ( 'NONE', *, *, #1730, .T. ) ;
#1994 = VERTEX_POINT ( 'NONE', #1733 ) ;
#1995 = AXIS2_PLACEMENT_3D ( 'NONE', #4637, #546, #4283 ) ;
#1996 = EDGE_CURVE ( 'NONE', #2888, #4676, #2562, .T. ) ;
#1997 = FACE_OUTER_BOUND ( 'NONE', #3561, .T. ) ;
#1998 = CARTESIAN_POINT ( 'NONE',  ( 12.00000000000000000, -10.60660171779819905, 8.606601717798199047 ) ) ;
#1999 = DIRECTION ( 'NONE',  ( 1.000000000000000000, 0.000000000000000000, 0.000000000000000000 ) ) ;
#2000 = ORIENTED_EDGE ( 'NONE', *, *, #2270, .T. ) ;
#2001 = VECTOR ( 'NONE', #1825, 1000.000000000000000 ) ;
#2002 = ORIENTED_EDGE ( 'NONE', *, *, #1560, .T. ) ;
#2003 = DIRECTION ( 'NONE',  ( 1.000000000000000000, 0.000000000000000000, 0.000000000000000000 ) ) ;
#2004 = VERTEX_POINT ( 'NONE', #541 ) ;
#2005 = CIRCLE ( 'NONE', #4747, 70.00000000000001421 ) ;
#2006 = AXIS2_PLACEMENT_3D ( 'NONE', #257, #5233, #3990 ) ;
#2007 = CARTESIAN_POINT ( 'NONE',  ( 32.00000000000000000, -32.22656249999993605, 9.045207054868367180 ) ) ;
#2008 = CARTESIAN_POINT ( 'NONE',  ( 32.00000000000000000, -49.66666666666672825, -22.43818669639361829 ) ) ;
#2009 = DIRECTION ( 'NONE',  ( -1.000000000000000000, 0.000000000000000000, 0.000000000000000000 ) ) ;
#2010 = AXIS2_PLACEMENT_3D ( 'NONE', #27, #1301, #2 ) ;
#2011 = CIRCLE ( 'NONE', #3946, 2.000000000000001776 ) ;
#2012 = AXIS2_PLACEMENT_3D ( 'NONE', #5109, #206, #2242 ) ;
#2013 = DIRECTION ( 'NONE',  ( 0.000000000000000000, -1.000000000000000000, 0.000000000000000000 ) ) ;
#2014 = CYLINDRICAL_SURFACE ( 'NONE', #2463, 17.50000000000000711 ) ;
#2015 = FACE_OUTER_BOUND ( 'NONE', #5078, .T. ) ;
#2016 = ADVANCED_FACE ( 'NONE', ( #1354 ), #76, .T. ) ;
#2017 = CIRCLE ( 'NONE', #1667, 2.000000000000000000 ) ;
#2018 = ORIENTED_EDGE ( 'NONE', *, *, #4033, .T. ) ;
#2019 = DIRECTION ( 'NONE',  ( 1.000000000000000000, 0.000000000000000000, 0.000000000000000000 ) ) ;
#2020 = EDGE_LOOP ( 'NONE', ( #937, #2301, #5037, #3576 ) ) ;
#2021 = CARTESIAN_POINT ( 'NONE',  ( 30.00000000000000000, 0.000000000000000000, -48.00000000000000000 ) ) ;
#2022 = AXIS2_PLACEMENT_3D ( 'NONE', #3161, #691, #1098 ) ;
#2023 = CARTESIAN_POINT ( 'NONE',  ( -8.000000000000000000, 27.75065104166651864, -13.81670607502572956 ) ) ;
#2024 = ORIENTED_EDGE ( 'NONE', *, *, #1130, .T. ) ;
#2025 = ORIENTED_EDGE ( 'NONE', *, *, #3900, .F. ) ;
#2026 = EDGE_CURVE ( 'NONE', #4504, #3074, #4276, .T. ) ;
#2027 = EDGE_CURVE ( 'NONE', #4403, #2897, #5316, .T. ) ;
#2028 = DIRECTION ( 'NONE',  ( 1.000000000000000000, -0.000000000000000000, -0.000000000000000000 ) ) ;
#2029 = ORIENTED_EDGE ( 'NONE', *, *, #1259, .T. ) ;
#2030 = VERTEX_POINT ( 'NONE', #2592 ) ;
#2031 = EDGE_LOOP ( 'NONE', ( #2921, #5040, #2816, #2343, #5070, #3553, #1315, #2221 ) ) ;
#2032 = CYLINDRICAL_SURFACE ( 'NONE', #3577, 1.999999999999998224 ) ;
#2033 = EDGE_CURVE ( 'NONE', #756, #2692, #3822, .T. ) ;
#2034 = CIRCLE ( 'NONE', #649, 2.000000000000002220 ) ;
#2035 = PLANE ( 'NONE',  #2294 ) ;
#2036 = CIRCLE ( 'NONE', #5043, 2.000000000000000444 ) ;
#2037 = AXIS2_PLACEMENT_3D ( 'NONE', #3601, #1117, #3127 ) ;
#2038 = FACE_BOUND ( 'NONE', #1509, .T. ) ;
#2039 = DIRECTION ( 'NONE',  ( -1.000000000000000000, 0.000000000000000000, 0.000000000000000000 ) ) ;
#2040 = CIRCLE ( 'NONE', #3303, 61.49999999999999289 ) ;
#2041 = ORIENTED_EDGE ( 'NONE', *, *, #4285, .F. ) ;
#2042 = AXIS2_PLACEMENT_3D ( 'NONE', #5136, #2189, #1859 ) ;
#2043 = DIRECTION ( 'NONE',  ( 1.000000000000000000, 0.000000000000000000, 0.000000000000000000 ) ) ;
#2044 = CARTESIAN_POINT ( 'NONE',  ( -11.99999999999999822, -48.00000000000000000, -2.927345865710861972E-15 ) ) ;
#2045 = FACE_BOUND ( 'NONE', #3023, .T. ) ;
#2046 = DIRECTION ( 'NONE',  ( 0.000000000000000000, 0.000000000000000000, 1.000000000000000000 ) ) ;
#2047 = ORIENTED_EDGE ( 'NONE', *, *, #1122, .F. ) ;
#2048 = VERTEX_POINT ( 'NONE', #3853 ) ;
#2049 = CARTESIAN_POINT ( 'NONE',  ( 32.00000000000000000, -48.00000000000000000, -14.19999999999983409 ) ) ;
#2050 = CARTESIAN_POINT ( 'NONE',  ( 30.98286891073923144, 68.78601287584331203, 1.591999005585938987 ) ) ;
#2051 = VERTEX_POINT ( 'NONE', #3403 ) ;
#2052 = ORIENTED_EDGE ( 'NONE', *, *, #3151, .F. ) ;
#2053 = AXIS2_PLACEMENT_3D ( 'NONE', #269, #5280, #2744 ) ;
#2054 = CARTESIAN_POINT ( 'NONE',  ( 32.00000000000000000, -25.32015562987556834, -56.04587155963301370 ) ) ;
#2055 = AXIS2_PLACEMENT_3D ( 'NONE', #4864, #4592, #3764 ) ;
#2056 = EDGE_CURVE ( 'NONE', #2622, #3101, #148, .T. ) ;
#2057 = DIRECTION ( 'NONE',  ( -1.000000000000000000, -0.000000000000000000, -0.000000000000000000 ) ) ;
#2058 = VERTEX_POINT ( 'NONE', #1323 ) ;
#2059 = ORIENTED_EDGE ( 'NONE', *, *, #1485, .F. ) ;
#2060 = CARTESIAN_POINT ( 'NONE',  ( 31.95461765600598270, 68.45402173193022577, 2.417190550179245001 ) ) ;
#2061 = EDGE_CURVE ( 'NONE', #4231, #1711, #3229, .T. ) ;
#2062 = ADVANCED_FACE ( 'NONE', ( #2542 ), #4163, .T. ) ;
#2063 = DIRECTION ( 'NONE',  ( 0.000000000000000000, -1.000000000000000000, 0.000000000000000000 ) ) ;
#2064 = FACE_BOUND ( 'NONE', #3314, .T. ) ;
#2065 = VERTEX_POINT ( 'NONE', #918 ) ;
#2066 = VECTOR ( 'NONE', #2115, 1000.000000000000000 ) ;
#2067 = CIRCLE ( 'NONE', #3917, 3.149999999999999911 ) ;
#2068 = DIRECTION ( 'NONE',  ( 0.000000000000000000, 0.000000000000000000, -1.000000000000000000 ) ) ;
#2069 = SHAPE_DEFINITION_REPRESENTATION ( #1085, #2815 ) ;
#2070 = DIRECTION ( 'NONE',  ( 0.000000000000000000, 0.000000000000000000, -1.000000000000000000 ) ) ;
#2071 = AXIS2_PLACEMENT_3D ( 'NONE', #1377, #1319, #2948 ) ;
#2072 = CARTESIAN_POINT ( 'NONE',  ( 32.00000000000000000, 15.45741750196017605, -49.14814814814813815 ) ) ;
#2073 = AXIS2_PLACEMENT_3D ( 'NONE', #2631, #1833, #2293 ) ;
#2074 = ORIENTED_EDGE ( 'NONE', *, *, #1953, .F. ) ;
#2075 = CARTESIAN_POINT ( 'NONE',  ( 32.00000000000000000, -48.00000000000000000, 1.675911042644704011E-13 ) ) ;
#2076 = VERTEX_POINT ( 'NONE', #520 ) ;
#2077 = DIRECTION ( 'NONE',  ( 0.000000000000000000, -8.881784197001252323E-16, -1.000000000000000000 ) ) ;
#2078 = DIRECTION ( 'NONE',  ( -1.000000000000000000, -0.000000000000000000, -0.000000000000000000 ) ) ;
#2079 = EDGE_LOOP ( 'NONE', ( #1212, #3710, #667, #3455 ) ) ;
#2080 = CARTESIAN_POINT ( 'NONE',  ( 30.25075704892201500, 69.95977915179400952, -2.124081472224808032 ) ) ;
#2081 = CARTESIAN_POINT ( 'NONE',  ( 30.00000000000000000, -49.66666666666657193, 22.43818669639396646 ) ) ;
#2082 = ORIENTED_EDGE ( 'NONE', *, *, #1559, .T. ) ;
#2083 = VERTEX_POINT ( 'NONE', #2176 ) ;
#2084 = CARTESIAN_POINT ( 'NONE',  ( 30.00000000000000000, 56.04587155963274370, -25.32015562987615098 ) ) ;
#2085 = EDGE_CURVE ( 'NONE', #4731, #2975, #4527, .T. ) ;
#2086 = CARTESIAN_POINT ( 'NONE',  ( 30.00000000000000000, 25.96028645833346005, 12.92530568308804284 ) ) ;
#2087 = VECTOR ( 'NONE', #4199, 1000.000000000000000 ) ;
#2088 = LINE ( 'NONE', #4552, #3359 ) ;
#2089 = DIRECTION ( 'NONE',  ( -1.000000000000000000, -0.000000000000000000, -0.000000000000000000 ) ) ;
#2090 = EDGE_CURVE ( 'NONE', #3978, #1915, #3741, .T. ) ;
#2091 = EDGE_LOOP ( 'NONE', ( #3168, #2146, #274, #3817 ) ) ;
#2092 = ADVANCED_FACE ( 'NONE', ( #2383 ), #3903, .T. ) ;
#2093 = CIRCLE ( 'NONE', #3941, 2.000000000000000000 ) ;
#2094 = CARTESIAN_POINT ( 'NONE',  ( -8.000000000000000000, -48.00000000000000000, 1.675911042644704011E-13 ) ) ;
#2095 = CARTESIAN_POINT ( 'NONE',  ( 30.00000000000000000, 0.000000000000000000, 0.000000000000000000 ) ) ;
#2096 = FACE_OUTER_BOUND ( 'NONE', #1278, .T. ) ;
#2097 = AXIS2_PLACEMENT_3D ( 'NONE', #5261, #1921, #1950 ) ;
#2098 = VERTEX_POINT ( 'NONE', #3165 ) ;
#2099 = FACE_OUTER_BOUND ( 'NONE', #2922, .T. ) ;
#2100 = ORIENTED_EDGE ( 'NONE', *, *, #2960, .F. ) ;
#2101 = EDGE_CURVE ( 'NONE', #1563, #2913, #2230, .T. ) ;
#2102 = DIRECTION ( 'NONE',  ( 0.000000000000000000, 0.8951822916666681840, 0.4457001959685595316 ) ) ;
#2103 = EDGE_LOOP ( 'NONE', ( #4844, #140, #717, #4230 ) ) ;
#2104 = FACE_OUTER_BOUND ( 'NONE', #1845, .T. ) ;
#2105 = CARTESIAN_POINT ( 'NONE',  ( 32.00000000000000000, -32.22656249999993605, 16.04520705486836718 ) ) ;
#2106 = CARTESIAN_POINT ( 'NONE',  ( 6.999999999999999112, -18.50000000000000000, 1.084202172485504434E-15 ) ) ;
#2107 = VECTOR ( 'NONE', #4045, 1000.000000000000000 ) ;
#2108 = ORIENTED_EDGE ( 'NONE', *, *, #572, .F. ) ;
#2109 = VECTOR ( 'NONE', #2814, 1000.000000000000000 ) ;
#2110 = FACE_OUTER_BOUND ( 'NONE', #2335, .T. ) ;
#2111 = CARTESIAN_POINT ( 'NONE',  ( 32.00000000000000000, 11.05336486002035556, 37.13385416666665861 ) ) ;
#2112 = ORIENTED_EDGE ( 'NONE', *, *, #4019, .F. ) ;
#2113 = AXIS2_PLACEMENT_3D ( 'NONE', #4565, #878, #2528 ) ;
#2114 = ORIENTED_EDGE ( 'NONE', *, *, #2479, .F. ) ;
#2115 = DIRECTION ( 'NONE',  ( 1.000000000000000000, 0.000000000000000000, 0.000000000000000000 ) ) ;
#2116 = AXIS2_PLACEMENT_3D ( 'NONE', #4238, #533, #2248 ) ;
#2117 = UNCERTAINTY_MEASURE_WITH_UNIT (LENGTH_MEASURE( 1.000000000000000082E-05 ), #2495, 'distance_accuracy_value', 'NONE');
#2118 = CARTESIAN_POINT ( 'NONE',  ( 30.27026068569006867, 69.94202898550726388, 2.848259361516118027 ) ) ;
#2119 = DIRECTION ( 'NONE',  ( 0.000000000000000000, 0.000000000000000000, -1.000000000000000000 ) ) ;
#2120 = ORIENTED_EDGE ( 'NONE', *, *, #23, .F. ) ;
#2121 = FACE_OUTER_BOUND ( 'NONE', #2256, .T. ) ;
#2122 = CIRCLE ( 'NONE', #1936, 70.00000000000001421 ) ;
#2123 = EDGE_LOOP ( 'NONE', ( #3415, #4014, #2788, #4704, #5211, #846 ) ) ;
#2124 = AXIS2_PLACEMENT_3D ( 'NONE', #3328, #3772, #2846 ) ;
#2125 = CARTESIAN_POINT ( 'NONE',  ( 32.00000000000000000, 0.000000000000000000, 0.000000000000000000 ) ) ;
#2126 = AXIS2_PLACEMENT_3D ( 'NONE', #2021, #4055, #5305 ) ;
#2127 = ADVANCED_FACE ( 'NONE', ( #4352 ), #1481, .F. ) ;
#2128 = CIRCLE ( 'NONE', #390, 15.50000000000000888 ) ;
#2129 = FACE_BOUND ( 'NONE', #2849, .T. ) ;
#2130 = EDGE_CURVE ( 'NONE', #650, #2170, #2974, .T. ) ;
#2131 = PLANE ( 'NONE',  #457 ) ;
#2132 = VERTEX_POINT ( 'NONE', #1433 ) ;
#2133 = DIRECTION ( 'NONE',  ( -1.000000000000000000, 0.000000000000000000, 0.000000000000000000 ) ) ;
#2134 = ORIENTED_EDGE ( 'NONE', *, *, #254, .F. ) ;
#2135 = DIRECTION ( 'NONE',  ( 0.000000000000000000, -8.881784197001252323E-16, -1.000000000000000000 ) ) ;
#2136 = EDGE_CURVE ( 'NONE', #3610, #1347, #1268, .T. ) ;
#2137 = CARTESIAN_POINT ( 'NONE',  ( 31.85030301424800214, 68.90837560737990941, 1.690292174971776529 ) ) ;
#2138 = AXIS2_PLACEMENT_3D ( 'NONE', #3766, #2560, #4182 ) ;
#2139 = ADVANCED_FACE ( 'NONE', ( #3880 ), #4326, .F. ) ;
#2140 = LINE ( 'NONE', #802, #3478 ) ;
#2141 = ORIENTED_EDGE ( 'NONE', *, *, #2919, .F. ) ;
#2142 = DIRECTION ( 'NONE',  ( 1.000000000000000000, 0.000000000000000000, 0.000000000000000000 ) ) ;
#2143 = CIRCLE ( 'NONE', #1789, 28.99999999999999645 ) ;
#2144 = CIRCLE ( 'NONE', #2488, 6.999999999999999112 ) ;
#2145 = ORIENTED_EDGE ( 'NONE', *, *, #374, .T. ) ;
#2146 = ORIENTED_EDGE ( 'NONE', *, *, #4306, .F. ) ;
#2147 = CARTESIAN_POINT ( 'NONE',  ( 30.00000000000000000, 25.32015562987556834, -56.04587155963300660 ) ) ;
#2148 = FACE_OUTER_BOUND ( 'NONE', #666, .T. ) ;
#2149 = DIRECTION ( 'NONE',  ( 1.000000000000000000, -0.000000000000000000, -0.000000000000000000 ) ) ;
#2150 = DIRECTION ( 'NONE',  ( 0.000000000000000000, 0.000000000000000000, -1.000000000000000000 ) ) ;
#2151 = AXIS2_PLACEMENT_3D ( 'NONE', #1179, #3717, #5254 ) ;
#2152 = DIRECTION ( 'NONE',  ( -1.000000000000000000, 0.000000000000000000, 0.000000000000000000 ) ) ;
#2153 = CARTESIAN_POINT ( 'NONE',  ( -8.000000000000000000, 16.04520705486824994, -32.22656249999999289 ) ) ;
#2154 = FACE_OUTER_BOUND ( 'NONE', #2079, .T. ) ;
#2155 = AXIS2_PLACEMENT_3D ( 'NONE', #1310, #2941, #1343 ) ;
#2156 = VERTEX_POINT ( 'NONE', #1972 ) ;
#2157 = EDGE_CURVE ( 'NONE', #1500, #2622, #659, .T. ) ;
#2158 = ORIENTED_EDGE ( 'NONE', *, *, #4982, .F. ) ;
#2159 = CARTESIAN_POINT ( 'NONE',  ( 30.00000000000000000, 0.000000000000000000, 0.000000000000000000 ) ) ;
#2160 = AXIS2_PLACEMENT_3D ( 'NONE', #4187, #3377, #5042 ) ;
#2161 = CARTESIAN_POINT ( 'NONE',  ( 32.00000000000000000, 68.17784198264855888, 2.304353764158761031 ) ) ;
#2162 = ORIENTED_EDGE ( 'NONE', *, *, #3028, .F. ) ;
#2163 = ORIENTED_EDGE ( 'NONE', *, *, #2483, .F. ) ;
#2164 = DIRECTION ( 'NONE',  ( 0.000000000000000000, 0.000000000000000000, -1.000000000000000000 ) ) ;
#2165 = EDGE_CURVE ( 'NONE', #2132, #1163, #4268, .T. ) ;
#2166 = EDGE_CURVE ( 'NONE', #2058, #3074, #1961, .T. ) ;
#2167 = CARTESIAN_POINT ( 'NONE',  ( 30.97098520083372364, 68.82352662623945605, -1.620548428726716672 ) ) ;
#2168 = DIRECTION ( 'NONE',  ( 0.000000000000000000, 0.000000000000000000, -1.000000000000000000 ) ) ;
#2169 = EDGE_LOOP ( 'NONE', ( #1094, #2756, #5275, #3501 ) ) ;
#2170 = VERTEX_POINT ( 'NONE', #3585 ) ;
#2171 = VERTEX_POINT ( 'NONE', #1535 ) ;
#2172 = CARTESIAN_POINT ( 'NONE',  ( -8.000000000000000000, 49.66666666666688457, 22.43818669639327013 ) ) ;
#2173 = ADVANCED_FACE ( 'NONE', ( #723 ), #4713, .F. ) ;
#2174 = DIRECTION ( 'NONE',  ( 1.000000000000000000, -0.000000000000000000, -0.000000000000000000 ) ) ;
#2175 = ORIENTED_EDGE ( 'NONE', *, *, #2833, .F. ) ;
#2176 = CARTESIAN_POINT ( 'NONE',  ( 32.00000000000000000, 12.02081528017130019, 14.02081528017130196 ) ) ;
#2177 = CARTESIAN_POINT ( 'NONE',  ( 30.00000000000000000, 49.14814814814830157, 15.45741750195965913 ) ) ;
#2178 = ORIENTED_EDGE ( 'NONE', *, *, #4473, .T. ) ;
#2179 = VECTOR ( 'NONE', #195, 1000.000000000000000 ) ;
#2180 = FACE_OUTER_BOUND ( 'NONE', #4944, .T. ) ;
#2181 = LINE ( 'NONE', #2984, #2001 ) ;
#2182 = CARTESIAN_POINT ( 'NONE',  ( -8.000000000000000000, 35.73177083333319359, -12.47960548712013029 ) ) ;
#2183 = ORIENTED_EDGE ( 'NONE', *, *, #564, .F. ) ;
#2184 = CIRCLE ( 'NONE', #704, 2.000000000000000000 ) ;
#2185 = CARTESIAN_POINT ( 'NONE',  ( -8.000000000000000000, 0.000000000000000000, 0.000000000000000000 ) ) ;
#2186 = CARTESIAN_POINT ( 'NONE',  ( 30.00000000000000000, -49.29629629629634735, -17.45192298608387915 ) ) ;
#2187 = CARTESIAN_POINT ( 'NONE',  ( 31.15095460943954464, 69.62507067810712158, 2.037636631782125285 ) ) ;
#2188 = CARTESIAN_POINT ( 'NONE',  ( 12.00000000000000000, -3.429011037612589670E-15, -18.00000000000000355 ) ) ;
#2189 = DIRECTION ( 'NONE',  ( 0.000000000000000000, -0.07407407407407361200, -0.9972527420619452521 ) ) ;
#2190 = AXIS2_PLACEMENT_3D ( 'NONE', #5183, #3567, #735 ) ;
#2191 = CARTESIAN_POINT ( 'NONE',  ( -8.000000000000000000, -49.29629629629622656, 17.45192298608423442 ) ) ;
#2192 = EDGE_CURVE ( 'NONE', #3212, #1638, #1875, .T. ) ;
#2193 = EDGE_CURVE ( 'NONE', #1035, #2051, #4355, .T. ) ;
#2194 = ORIENTED_EDGE ( 'NONE', *, *, #186, .T. ) ;
#2195 = EDGE_LOOP ( 'NONE', ( #4329, #1946, #2686, #1802 ) ) ;
#2196 = ORIENTED_EDGE ( 'NONE', *, *, #340, .F. ) ;
#2197 = CARTESIAN_POINT ( 'NONE',  ( 32.00000000000000000, 1.469576158976819806E-15, 22.00000000000000355 ) ) ;
#2198 = CIRCLE ( 'NONE', #3534, 1.999999999999998224 ) ;
#2199 = DIRECTION ( 'NONE',  ( 0.000000000000000000, 0.000000000000000000, -1.000000000000000000 ) ) ;
#2200 = VERTEX_POINT ( 'NONE', #3135 ) ;
#2201 = CARTESIAN_POINT ( 'NONE',  ( -8.000000000000000000, 32.22656249999982947, -16.04520705486859100 ) ) ;
#2202 = VECTOR ( 'NONE', #1644, 1000.000000000000000 ) ;
#2203 = ADVANCED_FACE ( 'NONE', ( #4791 ), #2403, .T. ) ;
#2204 = DIRECTION ( 'NONE',  ( 0.000000000000000000, 1.586032892321651496E-15, 1.000000000000000000 ) ) ;
#2205 = AXIS2_PLACEMENT_3D ( 'NONE', #4651, #643, #3381 ) ;
#2206 = VERTEX_POINT ( 'NONE', #4379 ) ;
#2207 = CIRCLE ( 'NONE', #5202, 2.000000000000001776 ) ;
#2208 = DIRECTION ( 'NONE',  ( 0.000000000000000000, 0.000000000000000000, -1.000000000000000000 ) ) ;
#2209 = DIRECTION ( 'NONE',  ( 0.000000000000000000, -3.965082230804130614E-15, -1.000000000000000000 ) ) ;
#2210 = AXIS2_PLACEMENT_3D ( 'NONE', #2464, #2489, #3672 ) ;
#2211 = CIRCLE ( 'NONE', #1601, 59.49999999999999289 ) ;
#2212 = CARTESIAN_POINT ( 'NONE',  ( 30.00000000000000000, 32.22656250000015632, 16.04520705486791954 ) ) ;
#2213 = FACE_OUTER_BOUND ( 'NONE', #4328, .T. ) ;
#2214 = CARTESIAN_POINT ( 'NONE',  ( 31.30161258305901839, 69.47077767699587980, 2.738393935856695993 ) ) ;
#2215 = ORIENTED_EDGE ( 'NONE', *, *, #4908, .F. ) ;
#2216 = DIRECTION ( 'NONE',  ( 0.000000000000000000, 0.000000000000000000, -1.000000000000000000 ) ) ;
#2217 = EDGE_LOOP ( 'NONE', ( #1841, #502, #4317, #4820 ) ) ;
#2218 = AXIS2_PLACEMENT_3D ( 'NONE', #3623, #1191, #818 ) ;
#2219 = CARTESIAN_POINT ( 'NONE',  ( 31.68298793664568080, 69.13323880076529804, -1.825638281745987079 ) ) ;
#2220 = LINE ( 'NONE', #4782, #54 ) ;
#2221 = ORIENTED_EDGE ( 'NONE', *, *, #1251, .F. ) ;
#2222 = VERTEX_POINT ( 'NONE', #2767 ) ;
#2223 = CARTESIAN_POINT ( 'NONE',  ( 32.00000000000000000, 12.47960548711975370, 35.73177083333332860 ) ) ;
#2224 = EDGE_CURVE ( 'NONE', #3947, #4185, #4531, .T. ) ;
#2225 = AXIS2_PLACEMENT_3D ( 'NONE', #1124, #671, #1501 ) ;
#2226 = DIRECTION ( 'NONE',  ( 0.000000000000000000, 0.000000000000000000, -1.000000000000000000 ) ) ;
#2227 = AXIS2_PLACEMENT_3D ( 'NONE', #1522, #2804, #4829 ) ;
#2228 = CARTESIAN_POINT ( 'NONE',  ( 32.00000000000000000, 0.000000000000000000, -48.00000000000000000 ) ) ;
#2229 = DIRECTION ( 'NONE',  ( 1.000000000000000000, 0.000000000000000000, 0.000000000000000000 ) ) ;
#2230 = CIRCLE ( 'NONE', #2890, 17.50000000000000711 ) ;
#2231 = ORIENTED_EDGE ( 'NONE', *, *, #4343, .T. ) ;
#2232 = ADVANCED_FACE ( 'NONE', ( #2917 ), #1284, .F. ) ;
#2233 = ADVANCED_FACE ( 'NONE', ( #4840 ), #2505, .T. ) ;
#2234 = DIRECTION ( 'NONE',  ( 1.000000000000000000, 0.000000000000000000, 0.000000000000000000 ) ) ;
#2235 = CIRCLE ( 'NONE', #4621, 1.999999999999997780 ) ;
#2236 = AXIS2_PLACEMENT_3D ( 'NONE', #1021, #1865, #2330 ) ;
#2237 = CARTESIAN_POINT ( 'NONE',  ( 30.00000000000000000, 35.73177083333346360, 12.47960548711938067 ) ) ;
#2238 = DIRECTION ( 'NONE',  ( 1.000000000000000000, 0.000000000000000000, 0.000000000000000000 ) ) ;
#2239 = VECTOR ( 'NONE', #4906, 1000.000000000000000 ) ;
#2240 = EDGE_CURVE ( 'NONE', #798, #1994, #4998, .T. ) ;
#2241 = VERTEX_POINT ( 'NONE', #4180 ) ;
#2242 = DIRECTION ( 'NONE',  ( 0.000000000000000000, 0.000000000000000000, 1.000000000000000000 ) ) ;
#2243 = DIRECTION ( 'NONE',  ( 0.000000000000000000, 0.000000000000000000, -1.000000000000000000 ) ) ;
#2244 = CARTESIAN_POINT ( 'NONE',  ( 30.50392782930260793, 69.92302087928132437, 2.117646101928231328 ) ) ;
#2245 = DIRECTION ( 'NONE',  ( -1.000000000000000000, -0.000000000000000000, -0.000000000000000000 ) ) ;
#2246 = AXIS2_PLACEMENT_3D ( 'NONE', #1803, #5027, #1306 ) ;
#2247 = CARTESIAN_POINT ( 'NONE',  ( 30.92035647689599287, 68.89996154464023448, -1.670929862762093432 ) ) ;
#2248 = DIRECTION ( 'NONE',  ( 0.000000000000000000, 0.000000000000000000, -1.000000000000000000 ) ) ;
#2249 = ORIENTED_EDGE ( 'NONE', *, *, #2857, .F. ) ;
#2250 = VERTEX_POINT ( 'NONE', #455 ) ;
#2251 = ORIENTED_EDGE ( 'NONE', *, *, #1290, .F. ) ;
#2252 = AXIS2_PLACEMENT_3D ( 'NONE', #3825, #1351, #940 ) ;
#2253 = DIRECTION ( 'NONE',  ( -1.000000000000000000, 0.000000000000000000, 0.000000000000000000 ) ) ;
#2254 = VERTEX_POINT ( 'NONE', #1696 ) ;
#2255 = DIRECTION ( 'NONE',  ( 0.000000000000000000, 0.000000000000000000, -1.000000000000000000 ) ) ;
#2256 = EDGE_LOOP ( 'NONE', ( #4302, #1462, #3075, #3906 ) ) ;
#2257 = DIRECTION ( 'NONE',  ( -1.000000000000000000, 0.000000000000000000, 0.000000000000000000 ) ) ;
#2258 = ORIENTED_EDGE ( 'NONE', *, *, #3770, .F. ) ;
#2259 = DIRECTION ( 'NONE',  ( 0.000000000000000000, 0.000000000000000000, -1.000000000000000000 ) ) ;
#2260 = DIRECTION ( 'NONE',  ( 0.000000000000000000, 0.000000000000000000, 1.000000000000000000 ) ) ;
#2261 = ORIENTED_EDGE ( 'NONE', *, *, #531, .T. ) ;
#2262 = CARTESIAN_POINT ( 'NONE',  ( -8.000000000000000000, 22.43818669639379237, 54.66666666666665719 ) ) ;
#2263 = EDGE_CURVE ( 'NONE', #2622, #4597, #1965, .T. ) ;
#2264 = EDGE_CURVE ( 'NONE', #3718, #5282, #4964, .T. ) ;
#2265 = CYLINDRICAL_SURFACE ( 'NONE', #127, 14.20000000000000284 ) ;
#2266 = DIRECTION ( 'NONE',  ( 0.000000000000000000, 0.000000000000000000, -1.000000000000000000 ) ) ;
#2267 = AXIS2_PLACEMENT_3D ( 'NONE', #98, #2569, #2204 ) ;
#2268 = FACE_OUTER_BOUND ( 'NONE', #5004, .T. ) ;
#2269 = CARTESIAN_POINT ( 'NONE',  ( 12.00000000000000000, 18.00000000000000000, 0.000000000000000000 ) ) ;
#2270 = EDGE_CURVE ( 'NONE', #974, #4458, #2558, .T. ) ;
#2271 = CYLINDRICAL_SURFACE ( 'NONE', #2876, 3.149999999999999911 ) ;
#2272 = CARTESIAN_POINT ( 'NONE',  ( 0.000000000000000000, -16.04520705486824994, -32.22656249999999289 ) ) ;
#2273 = AXIS2_PLACEMENT_3D ( 'NONE', #1657, #2471, #3683 ) ;
#2274 = EDGE_LOOP ( 'NONE', ( #3474, #15, #5121, #3240 ) ) ;
#2275 = ORIENTED_EDGE ( 'NONE', *, *, #2648, .T. ) ;
#2276 = VECTOR ( 'NONE', #3366, 1000.000000000000000 ) ;
#2277 = CARTESIAN_POINT ( 'NONE',  ( 30.00000000000000000, 0.000000000000000000, -48.00000000000000000 ) ) ;
#2278 = CARTESIAN_POINT ( 'NONE',  ( 32.00000000000000000, 1.738998454789241549E-15, -62.20000000000000284 ) ) ;
#2279 = DIRECTION ( 'NONE',  ( 0.000000000000000000, 0.000000000000000000, 1.000000000000000000 ) ) ;
#2280 = ORIENTED_EDGE ( 'NONE', *, *, #4375, .T. ) ;
#2281 = CARTESIAN_POINT ( 'NONE',  ( 32.00000000000000000, -14.84924240491750069, -16.84924240491750069 ) ) ;
#2282 = CIRCLE ( 'NONE', #4758, 5.000000000000000888 ) ;
#2283 = DIRECTION ( 'NONE',  ( 1.000000000000000000, 0.000000000000000000, 0.000000000000000000 ) ) ;
#2284 = CIRCLE ( 'NONE', #4586, 17.50000000000000711 ) ;
#2285 = CARTESIAN_POINT ( 'NONE',  ( 30.00000000000000000, 0.000000000000000000, 0.000000000000000000 ) ) ;
#2286 = CARTESIAN_POINT ( 'NONE',  ( -21.00000000000003197, 69.29523809523811906, -1.871713294710593001 ) ) ;
#2287 = CIRCLE ( 'NONE', #1769, 17.50000000000000711 ) ;
#2288 = AXIS2_PLACEMENT_3D ( 'NONE', #4357, #757, #1157 ) ;
#2289 = ADVANCED_FACE ( 'NONE', ( #2582 ), #4154, .F. ) ;
#2290 = CARTESIAN_POINT ( 'NONE',  ( 32.00000000000000000, -14.00000000000000000, 1.714505518806289905E-15 ) ) ;
#2291 = CARTESIAN_POINT ( 'NONE',  ( 12.00000000000000000, -3.673940397442059967E-15, -20.00000000000000000 ) ) ;
#2292 = DIRECTION ( 'NONE',  ( 1.000000000000000000, -0.000000000000000000, -0.000000000000000000 ) ) ;
#2293 = DIRECTION ( 'NONE',  ( 0.000000000000000000, 0.000000000000000000, 1.000000000000000000 ) ) ;
#2294 = AXIS2_PLACEMENT_3D ( 'NONE', #4845, #2796, #4439 ) ;
#2295 = AXIS2_PLACEMENT_3D ( 'NONE', #4698, #3393, #1007 ) ;
#2296 = ADVANCED_FACE ( 'NONE', ( #752 ), #1710, .T. ) ;
#2297 = ADVANCED_FACE ( 'NONE', ( #4206 ), #5140, .T. ) ;
#2298 = DIRECTION ( 'NONE',  ( 1.000000000000000000, -0.000000000000000000, -0.000000000000000000 ) ) ;
#2299 = DIRECTION ( 'NONE',  ( 1.000000000000000000, 0.000000000000000000, 0.000000000000000000 ) ) ;
#2300 = AXIS2_PLACEMENT_3D ( 'NONE', #4960, #4528, #4168 ) ;
#2301 = ORIENTED_EDGE ( 'NONE', *, *, #1025, .T. ) ;
#2302 = ORIENTED_EDGE ( 'NONE', *, *, #407, .F. ) ;
#2303 = DIRECTION ( 'NONE',  ( 0.000000000000000000, 0.000000000000000000, 1.000000000000000000 ) ) ;
#2304 = ORIENTED_EDGE ( 'NONE', *, *, #2584, .F. ) ;
#2305 = CARTESIAN_POINT ( 'NONE',  ( 10.00000000000000000, 0.000000000000000000, -48.00000000000000000 ) ) ;
#2306 = DIRECTION ( 'NONE',  ( 1.000000000000000000, 0.000000000000000000, 0.000000000000000000 ) ) ;
#2307 = DIRECTION ( 'NONE',  ( 0.000000000000000000, 0.7131203135497005130, 0.7010416666666660079 ) ) ;
#2308 = ORIENTED_EDGE ( 'NONE', *, *, #601, .T. ) ;
#2309 = DIRECTION ( 'NONE',  ( -1.000000000000000000, -0.000000000000000000, -0.000000000000000000 ) ) ;
#2310 = CARTESIAN_POINT ( 'NONE',  ( 32.00000000000000000, 7.778174593052019858, -7.778174593052029628 ) ) ;
#2311 = DIRECTION ( 'NONE',  ( 0.000000000000000000, -0.7131203135497005130, 0.7010416666666660079 ) ) ;
#2312 = AXIS2_PLACEMENT_3D ( 'NONE', #2718, #3557, #3905 ) ;
#2313 = DIRECTION ( 'NONE',  ( 0.000000000000000000, 0.000000000000000000, -1.000000000000000000 ) ) ;
#2314 = DIRECTION ( 'NONE',  ( 1.000000000000000000, 0.000000000000000000, 0.000000000000000000 ) ) ;
#2315 = CARTESIAN_POINT ( 'NONE',  ( -21.00000000000003197, 69.29523809523811906, 1.871713294710593001 ) ) ;
#2316 = DIRECTION ( 'NONE',  ( 1.000000000000000000, 0.000000000000000000, 0.000000000000000000 ) ) ;
#2317 = ORIENTED_EDGE ( 'NONE', *, *, #3719, .T. ) ;
#2318 = AXIS2_PLACEMENT_3D ( 'NONE', #2531, #1752, #3740 ) ;
#2319 = EDGE_CURVE ( 'NONE', #1915, #1168, #4971, .T. ) ;
#2320 = SURFACE_SIDE_STYLE ('',( #1472 ) ) ;
#2321 = CARTESIAN_POINT ( 'NONE',  ( 30.00000000000000000, 24.49673593459505838, 54.22324159021404455 ) ) ;
#2322 = ORIENTED_EDGE ( 'NONE', *, *, #4711, .T. ) ;
#2323 = ORIENTED_EDGE ( 'NONE', *, *, #3289, .F. ) ;
#2324 = EDGE_CURVE ( 'NONE', #1066, #432, #4088, .T. ) ;
#2325 = EDGE_CURVE ( 'NONE', #4444, #3973, #581, .T. ) ;
#2326 = CARTESIAN_POINT ( 'NONE',  ( 30.00000000000000000, -16.04520705486825349, 32.22656249999999289 ) ) ;
#2327 = FACE_OUTER_BOUND ( 'NONE', #4099, .T. ) ;
#2328 = ORIENTED_EDGE ( 'NONE', *, *, #5086, .T. ) ;
#2329 = TOROIDAL_SURFACE ( 'NONE', #2659, 7.000000000000000000, 2.000000000000000000 ) ;
#2330 = DIRECTION ( 'NONE',  ( 0.000000000000000000, 0.000000000000000000, -1.000000000000000000 ) ) ;
#2331 = VERTEX_POINT ( 'NONE', #1722 ) ;
#2332 = DIRECTION ( 'NONE',  ( 0.000000000000000000, -0.8951822916666665186, -0.4457001959685629733 ) ) ;
#2333 = ADVANCED_FACE ( 'NONE', ( #509 ), #3063, .T. ) ;
#2334 = ORIENTED_EDGE ( 'NONE', *, *, #767, .T. ) ;
#2335 = EDGE_LOOP ( 'NONE', ( #3409, #1303, #2024, #1687 ) ) ;
#2336 = DIRECTION ( 'NONE',  ( -1.000000000000000000, 0.000000000000000000, 0.000000000000000000 ) ) ;
#2337 = CARTESIAN_POINT ( 'NONE',  ( 32.00000000000000000, -11.05336486002035379, 37.13385416666665861 ) ) ;
#2338 = CARTESIAN_POINT ( 'NONE',  ( 10.00000000000000000, 48.00000000000000000, 3.150000000000009237 ) ) ;
#2339 = DIRECTION ( 'NONE',  ( -1.000000000000000000, 0.000000000000000000, 0.000000000000000000 ) ) ;
#2340 = CARTESIAN_POINT ( 'NONE',  ( -8.000000000000000000, 18.50000000000000000, -3.398394867633905489E-15 ) ) ;
#2341 = CARTESIAN_POINT ( 'NONE',  ( 6.999999999999999112, 18.50000000000000000, -2.050000000000004263 ) ) ;
#2342 = DIRECTION ( 'NONE',  ( 0.000000000000000000, 0.000000000000000000, -1.000000000000000000 ) ) ;
#2343 = ORIENTED_EDGE ( 'NONE', *, *, #601, .F. ) ;
#2344 = CARTESIAN_POINT ( 'NONE',  ( 30.00000000000000000, 48.00000000000000000, -5.027733127934112032E-13 ) ) ;
#2345 = ORIENTED_EDGE ( 'NONE', *, *, #1796, .F. ) ;
#2346 = ORIENTED_EDGE ( 'NONE', *, *, #2513, .F. ) ;
#2347 = VECTOR ( 'NONE', #3061, 1000.000000000000000 ) ;
#2348 = VERTEX_POINT ( 'NONE', #3608 ) ;
#2349 = DIRECTION ( 'NONE',  ( -1.000000000000000000, -0.000000000000000000, -0.000000000000000000 ) ) ;
#2350 = ADVANCED_FACE ( 'NONE', ( #5283 ), #5031, .T. ) ;
#2351 = CARTESIAN_POINT ( 'NONE',  ( 32.00000000000000000, -48.00000000000000000, 1.675911042644704011E-13 ) ) ;
#2352 = EDGE_CURVE ( 'NONE', #778, #1035, #2657, .T. ) ;
#2353 = AXIS2_PLACEMENT_3D ( 'NONE', #1488, #2361, #2797 ) ;
#2354 = DIRECTION ( 'NONE',  ( 1.000000000000000000, 0.000000000000000000, 0.000000000000000000 ) ) ;
#2355 = FACE_OUTER_BOUND ( 'NONE', #26, .T. ) ;
#2356 = TOROIDAL_SURFACE ( 'NONE', #1662, 7.000000000000000000, 2.000000000000000000 ) ;
#2357 = ORIENTED_EDGE ( 'NONE', *, *, #2033, .F. ) ;
#2358 = FACE_OUTER_BOUND ( 'NONE', #117, .T. ) ;
#2359 = EDGE_CURVE ( 'NONE', #4910, #3883, #5111, .T. ) ;
#2360 = EDGE_CURVE ( 'NONE', #4597, #3275, #3838, .T. ) ;
#2361 = DIRECTION ( 'NONE',  ( 1.000000000000000000, 0.000000000000000000, 0.000000000000000000 ) ) ;
#2362 = AXIS2_PLACEMENT_3D ( 'NONE', #763, #359, #1274 ) ;
#2363 = CARTESIAN_POINT ( 'NONE',  ( -8.000000000000000000, 13.81670607502544179, 27.75065104166665719 ) ) ;
#2364 = EDGE_LOOP ( 'NONE', ( #1440, #2760 ) ) ;
#2365 = VECTOR ( 'NONE', #4578, 1000.000000000000000 ) ;
#2366 = AXIS2_PLACEMENT_3D ( 'NONE', #4377, #2765, #5311 ) ;
#2367 = DIRECTION ( 'NONE',  ( 1.000000000000000000, 0.000000000000000000, 0.000000000000000000 ) ) ;
#2368 = CARTESIAN_POINT ( 'NONE',  ( 32.00000000000000000, -14.84924240491750069, -14.84924240491750069 ) ) ;
#2369 = CYLINDRICAL_SURFACE ( 'NONE', #5297, 2.000000000000000000 ) ;
#2370 = FACE_OUTER_BOUND ( 'NONE', #433, .T. ) ;
#2371 = AXIS2_PLACEMENT_3D ( 'NONE', #911, #3373, #2168 ) ;
#2372 = ORIENTED_EDGE ( 'NONE', *, *, #1149, .F. ) ;
#2373 = CARTESIAN_POINT ( 'NONE',  ( 12.00000000000000000, -14.84924240491750069, -14.84924240491750069 ) ) ;
#2374 = CARTESIAN_POINT ( 'NONE',  ( 32.00000000000000000, -2.204364238465240161E-15, -14.00000000000000000 ) ) ;
#2375 = EDGE_LOOP ( 'NONE', ( #1598, #2663, #401, #676 ) ) ;
#2376 = AXIS2_PLACEMENT_3D ( 'NONE', #1408, #5151, #2624 ) ;
#2377 = ORIENTED_EDGE ( 'NONE', *, *, #2428, .F. ) ;
#2378 = EDGE_LOOP ( 'NONE', ( #2628, #3580, #624, #2889 ) ) ;
#2379 = PRESENTATION_LAYER_ASSIGNMENT (  '', '', ( #1258 ) ) ;
#2380 = FACE_OUTER_BOUND ( 'NONE', #3268, .T. ) ;
#2381 = AXIS2_PLACEMENT_3D ( 'NONE', #3971, #2396, #1138 ) ;
#2382 = CYLINDRICAL_SURFACE ( 'NONE', #3791, 5.000000000000000888 ) ;
#2383 = FACE_OUTER_BOUND ( 'NONE', #1486, .T. ) ;
#2384 = VERTEX_POINT ( 'NONE', #1418 ) ;
#2385 = CARTESIAN_POINT ( 'NONE',  ( 10.00000000000000000, 0.000000000000000000, -48.00000000000000000 ) ) ;
#2386 = EDGE_CURVE ( 'NONE', #1908, #2810, #4196, .T. ) ;
#2387 = VERTEX_POINT ( 'NONE', #5065 ) ;
#2388 = DIRECTION ( 'NONE',  ( 1.000000000000000000, 0.000000000000000000, 0.000000000000000000 ) ) ;
#2389 = CIRCLE ( 'NONE', #652, 2.000000000000000444 ) ;
#2390 = DIRECTION ( 'NONE',  ( -1.000000000000000000, -0.000000000000000000, -0.000000000000000000 ) ) ;
#2391 = CYLINDRICAL_SURFACE ( 'NONE', #2614, 2.000000000000000000 ) ;
#2392 = EDGE_CURVE ( 'NONE', #4557, #132, #2067, .T. ) ;
#2393 = ADVANCED_FACE ( 'NONE', ( #1881 ), #605, .T. ) ;
#2394 = DIRECTION ( 'NONE',  ( 0.000000000000000000, 0.000000000000000000, -1.000000000000000000 ) ) ;
#2395 = CARTESIAN_POINT ( 'NONE',  ( 32.00000000000000000, 25.96028645833319359, -12.92530568308858463 ) ) ;
#2396 = DIRECTION ( 'NONE',  ( 1.000000000000000000, 0.000000000000000000, 0.000000000000000000 ) ) ;
#2397 = DIRECTION ( 'NONE',  ( 0.000000000000000000, 0.000000000000000000, -1.000000000000000000 ) ) ;
#2398 = ORIENTED_EDGE ( 'NONE', *, *, #1257, .F. ) ;
#2399 = ADVANCED_FACE ( 'NONE', ( #3869 ), #1390, .F. ) ;
#2400 = DIRECTION ( 'NONE',  ( 0.000000000000000000, 0.000000000000000000, -1.000000000000000000 ) ) ;
#2401 = PRESENTATION_STYLE_ASSIGNMENT (( #5245 ) ) ;
#2402 = LINE ( 'NONE', #3945, #3542 ) ;
#2403 = TOROIDAL_SURFACE ( 'NONE', #4447, 28.99999999999999645, 2.000000000000000000 ) ;
#2404 = EDGE_LOOP ( 'NONE', ( #349, #3025, #2687, #5170 ) ) ;
#2405 = EDGE_LOOP ( 'NONE', ( #4659, #4738, #5074, #244 ) ) ;
#2406 = LINE ( 'NONE', #4008, #3227 ) ;
#2407 = DIRECTION ( 'NONE',  ( 1.000000000000000000, 0.000000000000000000, 0.000000000000000000 ) ) ;
#2408 = DIRECTION ( 'NONE',  ( 1.000000000000000000, 0.000000000000000000, 0.000000000000000000 ) ) ;
#2409 = VERTEX_POINT ( 'NONE', #4264 ) ;
#2410 = CARTESIAN_POINT ( 'NONE',  ( 29.99999999999999645, 69.29523809523811906, 1.871713294710593223 ) ) ;
#2411 = VERTEX_POINT ( 'NONE', #3816 ) ;
#2412 = AXIS2_PLACEMENT_3D ( 'NONE', #3787, #4288, #4995 ) ;
#2413 = CARTESIAN_POINT ( 'NONE',  ( -8.000000000000000000, 0.000000000000000000, 0.000000000000000000 ) ) ;
#2414 = AXIS2_PLACEMENT_3D ( 'NONE', #779, #2844, #4100 ) ;
#2415 = CARTESIAN_POINT ( 'NONE',  ( 30.00000000000000000, -24.49673593459505838, -54.22324159021404455 ) ) ;
#2416 = CARTESIAN_POINT ( 'NONE',  ( 32.00000000000000000, 0.000000000000000000, 48.00000000000000000 ) ) ;
#2417 = CIRCLE ( 'NONE', #100, 2.000000000000001776 ) ;
#2418 = CARTESIAN_POINT ( 'NONE',  ( 32.00000000000000000, 0.000000000000000000, 48.00000000000000000 ) ) ;
#2419 = CARTESIAN_POINT ( 'NONE',  ( 32.00000000000000000, -49.14814814814818789, -15.45741750196000375 ) ) ;
#2420 = EDGE_CURVE ( 'NONE', #4058, #4269, #4104, .T. ) ;
#2421 = CARTESIAN_POINT ( 'NONE',  ( 12.00000000000000000, 13.43502884254440133, -11.43502884254439955 ) ) ;
#2422 = EDGE_CURVE ( 'NONE', #3587, #5282, #952, .T. ) ;
#2423 = DIRECTION ( 'NONE',  ( 0.000000000000000000, 1.982541115402065307E-15, -1.000000000000000000 ) ) ;
#2424 = ORIENTED_EDGE ( 'NONE', *, *, #2857, .T. ) ;
#2425 = CARTESIAN_POINT ( 'NONE',  ( 32.00000000000000000, -15.45741750196016007, -49.14814814814813815 ) ) ;
#2426 = DIRECTION ( 'NONE',  ( 1.000000000000000000, 0.000000000000000000, 0.000000000000000000 ) ) ;
#2427 = CYLINDRICAL_SURFACE ( 'NONE', #383, 2.000000000000001776 ) ;
#2428 = EDGE_CURVE ( 'NONE', #3690, #4886, #2682, .T. ) ;
#2429 = ORIENTED_EDGE ( 'NONE', *, *, #2027, .F. ) ;
#2430 = ORIENTED_EDGE ( 'NONE', *, *, #1829, .T. ) ;
#2431 = DIRECTION ( 'NONE',  ( 1.000000000000000000, 0.000000000000000000, 0.000000000000000000 ) ) ;
#2432 = DIRECTION ( 'NONE',  ( -1.000000000000000000, -0.000000000000000000, -0.000000000000000000 ) ) ;
#2433 = VERTEX_POINT ( 'NONE', #1855 ) ;
#2434 = ORIENTED_EDGE ( 'NONE', *, *, #1659, .F. ) ;
#2435 = CARTESIAN_POINT ( 'NONE',  ( 30.11782504355270618, 69.29523809523813327, 1.871713294710592113 ) ) ;
#2436 = FACE_BOUND ( 'NONE', #994, .T. ) ;
#2437 = CARTESIAN_POINT ( 'NONE',  ( -21.00000000000003197, 70.00000000000001421, 0.000000000000000000 ) ) ;
#2438 = FACE_OUTER_BOUND ( 'NONE', #4732, .T. ) ;
#2439 = DIRECTION ( 'NONE',  ( 1.000000000000000000, 0.000000000000000000, 0.000000000000000000 ) ) ;
#2440 = EDGE_LOOP ( 'NONE', ( #5222, #2377, #3398, #2175 ) ) ;
#2441 = DIRECTION ( 'NONE',  ( 1.000000000000000000, 0.000000000000000000, 0.000000000000000000 ) ) ;
#2442 = CIRCLE ( 'NONE', #1320, 17.50000000000000711 ) ;
#2443 = ORIENTED_EDGE ( 'NONE', *, *, #435, .T. ) ;
#2444 = ADVANCED_FACE ( 'NONE', ( #1471 ), #5089, .F. ) ;
#2445 = DIRECTION ( 'NONE',  ( -1.000000000000000000, -0.000000000000000000, -0.000000000000000000 ) ) ;
#2446 = ORIENTED_EDGE ( 'NONE', *, *, #2056, .T. ) ;
#2447 = CARTESIAN_POINT ( 'NONE',  ( 30.00000000000000000, 69.94202898550726388, -2.848259361516115806 ) ) ;
#2448 = CIRCLE ( 'NONE', #714, 6.999999999999999112 ) ;
#2449 = CARTESIAN_POINT ( 'NONE',  ( 31.24292145683318367, 69.56037868576737537, 2.016274214810484189 ) ) ;
#2450 = ORIENTED_EDGE ( 'NONE', *, *, #1052, .F. ) ;
#2451 = ORIENTED_EDGE ( 'NONE', *, *, #4111, .F. ) ;
#2452 = ORIENTED_EDGE ( 'NONE', *, *, #3056, .T. ) ;
#2453 = AXIS2_PLACEMENT_3D ( 'NONE', #3430, #2253, #4297 ) ;
#2454 = EDGE_CURVE ( 'NONE', #984, #2051, #3674, .T. ) ;
#2455 = TOROIDAL_SURFACE ( 'NONE', #4152, 15.50000000000000888, 2.000000000000000000 ) ;
#2456 = EDGE_CURVE ( 'NONE', #1073, #2083, #2746, .T. ) ;
#2457 = CARTESIAN_POINT ( 'NONE',  ( 32.00000000000000000, -48.00000000000000000, 1.675911042644704011E-13 ) ) ;
#2458 = AXIS2_PLACEMENT_3D ( 'NONE', #3059, #2283, #4692 ) ;
#2459 = LINE ( 'NONE', #4064, #1930 ) ;
#2460 = ORIENTED_EDGE ( 'NONE', *, *, #4580, .T. ) ;
#2461 = EDGE_LOOP ( 'NONE', ( #4255, #4089, #3376, #4547 ) ) ;
#2462 = CARTESIAN_POINT ( 'NONE',  ( 30.97141929589943388, 68.82318214052857286, 1.620378323033832446 ) ) ;
#2463 = AXIS2_PLACEMENT_3D ( 'NONE', #4777, #657, #1057 ) ;
#2464 = CARTESIAN_POINT ( 'NONE',  ( 30.00000000000000000, -48.00000000000000000, 1.675911042644704011E-13 ) ) ;
#2465 = FACE_BOUND ( 'NONE', #447, .T. ) ;
#2466 = DIRECTION ( 'NONE',  ( 0.000000000000000000, 0.000000000000000000, 1.000000000000000000 ) ) ;
#2467 = VECTOR ( 'NONE', #4079, 1000.000000000000000 ) ;
#2468 = EDGE_LOOP ( 'NONE', ( #5288, #1567 ) ) ;
#2469 = DIRECTION ( 'NONE',  ( 0.000000000000000000, 0.000000000000000000, -1.000000000000000000 ) ) ;
#2470 = CARTESIAN_POINT ( 'NONE',  ( -8.000000000000000000, 0.000000000000000000, 18.50000000000000000 ) ) ;
#2471 = DIRECTION ( 'NONE',  ( -1.000000000000000000, -0.000000000000000000, -0.000000000000000000 ) ) ;
#2472 = CIRCLE ( 'NONE', #1080, 4.999999999999997335 ) ;
#2473 = ORIENTED_EDGE ( 'NONE', *, *, #4839, .F. ) ;
#2474 = CARTESIAN_POINT ( 'NONE',  ( -8.000000000000000000, -2.168404344971008868E-15, -16.44999999999999929 ) ) ;
#2475 = VERTEX_POINT ( 'NONE', #3495 ) ;
#2476 = DIRECTION ( 'NONE',  ( 0.000000000000000000, 0.000000000000000000, -1.000000000000000000 ) ) ;
#2477 = CARTESIAN_POINT ( 'NONE',  ( 31.58309449384047340, 69.17867483428693731, 2.658322135665758257 ) ) ;
#2478 = ORIENTED_EDGE ( 'NONE', *, *, #5218, .T. ) ;
#2479 = EDGE_CURVE ( 'NONE', #5094, #3374, #1816, .T. ) ;
#2480 = CIRCLE ( 'NONE', #1873, 2.000000000000001776 ) ;
#2481 = FACE_OUTER_BOUND ( 'NONE', #826, .T. ) ;
#2482 = DIRECTION ( 'NONE',  ( 0.000000000000000000, 0.000000000000000000, -1.000000000000000000 ) ) ;
#2483 = EDGE_CURVE ( 'NONE', #4185, #1971, #2498, .T. ) ;
#2484 = EDGE_CURVE ( 'NONE', #2409, #527, #575, .T. ) ;
#2485 = ORIENTED_EDGE ( 'NONE', *, *, #2613, .T. ) ;
#2486 = EDGE_LOOP ( 'NONE', ( #2114, #4179, #726, #5020 ) ) ;
#2487 = AXIS2_PLACEMENT_3D ( 'NONE', #4567, #881, #111 ) ;
#2488 = AXIS2_PLACEMENT_3D ( 'NONE', #4452, #3231, #2423 ) ;
#2489 = DIRECTION ( 'NONE',  ( -1.000000000000000000, -0.000000000000000000, -0.000000000000000000 ) ) ;
#2490 = CARTESIAN_POINT ( 'NONE',  ( -11.99999999999999822, 48.00000000000000000, 8.673617379884035472E-15 ) ) ;
#2491 = DIRECTION ( 'NONE',  ( -1.000000000000000000, -0.000000000000000000, -0.000000000000000000 ) ) ;
#2492 = EDGE_LOOP ( 'NONE', ( #1317, #4723, #3722, #3024 ) ) ;
#2493 = AXIS2_PLACEMENT_3D ( 'NONE', #4466, #5314, #834 ) ;
#2494 = DIRECTION ( 'NONE',  ( 1.000000000000000000, 0.000000000000000000, 0.000000000000000000 ) ) ;
#2495 =( LENGTH_UNIT ( ) NAMED_UNIT ( * ) SI_UNIT ( .MILLI., .METRE. ) );
#2496 = FACE_BOUND ( 'NONE', #3301, .T. ) ;
#2497 = CARTESIAN_POINT ( 'NONE',  ( 6.999999999999999112, 0.000000000000000000, 18.50000000000000000 ) ) ;
#2498 = CIRCLE ( 'NONE', #3164, 15.50000000000000888 ) ;
#2499 = ORIENTED_EDGE ( 'NONE', *, *, #1436, .T. ) ;
#2500 = CIRCLE ( 'NONE', #3921, 2.050000000000001599 ) ;
#2501 = CARTESIAN_POINT ( 'NONE',  ( 31.02751087566970511, 69.68064627363823149, -2.790510093296024063 ) ) ;
#2502 = EDGE_LOOP ( 'NONE', ( #4005, #3784, #4949, #4423 ) ) ;
#2503 = CARTESIAN_POINT ( 'NONE',  ( 6.999999999999999112, -18.50000000000000000, 2.050000000000002487 ) ) ;
#2504 = CARTESIAN_POINT ( 'NONE',  ( 31.62466716834154923, 69.20431070199717283, 1.863639809644157985 ) ) ;
#2505 = PLANE ( 'NONE',  #1272 ) ;
#2506 = ORIENTED_EDGE ( 'NONE', *, *, #1771, .F. ) ;
#2507 = DIRECTION ( 'NONE',  ( 1.000000000000000000, 0.000000000000000000, 0.000000000000000000 ) ) ;
#2508 = CARTESIAN_POINT ( 'NONE',  ( 30.00000000000000000, -16.04520705486824994, -32.22656249999999289 ) ) ;
#2509 = ORIENTED_EDGE ( 'NONE', *, *, #696, .T. ) ;
#2510 = ORIENTED_EDGE ( 'NONE', *, *, #2386, .F. ) ;
#2511 = DIRECTION ( 'NONE',  ( 0.000000000000000000, 0.000000000000000000, 1.000000000000000000 ) ) ;
#2512 = ADVANCED_FACE ( 'NONE', ( #1781 ), #160, .F. ) ;
#2513 = EDGE_CURVE ( 'NONE', #454, #3157, #326, .T. ) ;
#2514 = CARTESIAN_POINT ( 'NONE',  ( 30.90563974298006045, 69.73190066618117555, 2.802077676001839102 ) ) ;
#2515 = TOROIDAL_SURFACE ( 'NONE', #3182, 3.000000000000002220, 1.000000000000000000 ) ;
#2516 = DIRECTION ( 'NONE',  ( 1.000000000000000000, -0.000000000000000000, -0.000000000000000000 ) ) ;
#2517 = CARTESIAN_POINT ( 'NONE',  ( 30.00000000000000000, -48.00000000000000000, 1.675911042644704011E-13 ) ) ;
#2518 = ORIENTED_EDGE ( 'NONE', *, *, #1427, .T. ) ;
#2519 = AXIS2_PLACEMENT_3D ( 'NONE', #4795, #2390, #1466 ) ;
#2520 = ADVANCED_FACE ( 'NONE', ( #2370, #2733 ), #3595, .T. ) ;
#2521 = ADVANCED_FACE ( 'NONE', ( #1579 ), #3942, .F. ) ;
#2522 = DIRECTION ( 'NONE',  ( 0.000000000000000000, 0.000000000000000000, 1.000000000000000000 ) ) ;
#2523 = DIRECTION ( 'NONE',  ( 0.000000000000000000, 0.000000000000000000, 1.000000000000000000 ) ) ;
#2524 = DIRECTION ( 'NONE',  ( 1.000000000000000000, 0.000000000000000000, 0.000000000000000000 ) ) ;
#2525 = ORIENTED_EDGE ( 'NONE', *, *, #1030, .T. ) ;
#2526 = DIRECTION ( 'NONE',  ( 1.000000000000000000, 0.000000000000000000, 0.000000000000000000 ) ) ;
#2527 = EDGE_LOOP ( 'NONE', ( #1727, #4626, #4465, #4655 ) ) ;
#2528 = DIRECTION ( 'NONE',  ( 0.000000000000000000, 0.000000000000000000, -1.000000000000000000 ) ) ;
#2529 = CARTESIAN_POINT ( 'NONE',  ( 31.96573778348432171, 68.39967585801360883, 2.395604362615185501 ) ) ;
#2530 = VERTEX_POINT ( 'NONE', #4881 ) ;
#2531 = CARTESIAN_POINT ( 'NONE',  ( -8.000000000000000000, 48.00000000000000000, -5.027733127934112032E-13 ) ) ;
#2532 = AXIS2_PLACEMENT_3D ( 'NONE', #3255, #2013, #1607 ) ;
#2533 = AXIS2_PLACEMENT_3D ( 'NONE', #3141, #732, #3174 ) ;
#2534 = CIRCLE ( 'NONE', #4407, 14.20000000000000462 ) ;
#2535 = CYLINDRICAL_SURFACE ( 'NONE', #3901, 70.00000000000001421 ) ;
#2536 = DIRECTION ( 'NONE',  ( -1.000000000000000000, -0.000000000000000000, -0.000000000000000000 ) ) ;
#2537 = EDGE_LOOP ( 'NONE', ( #685, #2930, #1901, #877 ) ) ;
#2538 = FACE_OUTER_BOUND ( 'NONE', #2502, .T. ) ;
#2539 = AXIS2_PLACEMENT_3D ( 'NONE', #958, #3425, #2685 ) ;
#2540 = PRODUCT_DEFINITION_CONTEXT ( 'detailed design', #2732, 'design' ) ;
#2541 = DIRECTION ( 'NONE',  ( 0.000000000000000000, 0.000000000000000000, 1.000000000000000000 ) ) ;
#2542 = FACE_OUTER_BOUND ( 'NONE', #2440, .T. ) ;
#2543 = LINE ( 'NONE', #3331, #2365 ) ;
#2544 = AXIS2_PLACEMENT_3D ( 'NONE', #3172, #2336, #1133 ) ;
#2545 = EDGE_CURVE ( 'NONE', #368, #3216, #3818, .T. ) ;
#2546 = VERTEX_POINT ( 'NONE', #3572 ) ;
#2547 = CIRCLE ( 'NONE', #227, 2.000000000000000888 ) ;
#2548 = CYLINDRICAL_SURFACE ( 'NONE', #3703, 5.000000000000000888 ) ;
#2549 = DIRECTION ( 'NONE',  ( 0.000000000000000000, -1.000000000000000000, 0.000000000000000000 ) ) ;
#2550 = CYLINDRICAL_SURFACE ( 'NONE', #960, 2.049999999999999822 ) ;
#2551 = ADVANCED_FACE ( 'NONE', ( #3178 ), #4855, .F. ) ;
#2552 = EDGE_CURVE ( 'NONE', #611, #4408, #2144, .T. ) ;
#2553 = ORIENTED_EDGE ( 'NONE', *, *, #2991, .T. ) ;
#2554 = EDGE_LOOP ( 'NONE', ( #2162, #900, #4579, #165 ) ) ;
#2555 = CARTESIAN_POINT ( 'NONE',  ( 32.00000000000000000, 1.469576158976819806E-15, 24.00000000000000000 ) ) ;
#2556 = DIRECTION ( 'NONE',  ( 1.000000000000000000, 0.000000000000000000, 0.000000000000000000 ) ) ;
#2557 = ORIENTED_EDGE ( 'NONE', *, *, #2700, .F. ) ;
#2558 = LINE ( 'NONE', #4619, #755 ) ;
#2559 = ADVANCED_FACE ( 'NONE', ( #4779 ), #1167, .F. ) ;
#2560 = DIRECTION ( 'NONE',  ( -0.000000000000000000, 0.07407407407407361200, 0.9972527420619452521 ) ) ;
#2561 = CARTESIAN_POINT ( 'NONE',  ( -8.000000000000000000, -35.73177083333337123, -12.47960548711962936 ) ) ;
#2562 = CIRCLE ( 'NONE', #5226, 5.000000000000004441 ) ;
#2563 = EDGE_LOOP ( 'NONE', ( #2317, #3427, #5192, #3532 ) ) ;
#2564 = EDGE_LOOP ( 'NONE', ( #2916, #665, #2499, #3295 ) ) ;
#2565 = DIRECTION ( 'NONE',  ( 1.000000000000000000, -0.000000000000000000, -0.000000000000000000 ) ) ;
#2566 = FACE_OUTER_BOUND ( 'NONE', #2939, .T. ) ;
#2567 = ORIENTED_EDGE ( 'NONE', *, *, #4543, .F. ) ;
#2568 = CARTESIAN_POINT ( 'NONE',  ( -11.99999999999999822, 48.00000000000000000, 3.150000000000009237 ) ) ;
#2569 = DIRECTION ( 'NONE',  ( 1.000000000000000000, -0.000000000000000000, -0.000000000000000000 ) ) ;
#2570 = ORIENTED_EDGE ( 'NONE', *, *, #3765, .T. ) ;
#2571 = DIRECTION ( 'NONE',  ( -1.000000000000000000, -0.000000000000000000, -0.000000000000000000 ) ) ;
#2572 = VERTEX_POINT ( 'NONE', #3519 ) ;
#2573 = FACE_OUTER_BOUND ( 'NONE', #859, .T. ) ;
#2574 = FACE_OUTER_BOUND ( 'NONE', #3234, .T. ) ;
#2575 = ORIENTED_EDGE ( 'NONE', *, *, #2240, .T. ) ;
#2576 = EDGE_CURVE ( 'NONE', #4819, #2433, #1263, .T. ) ;
#2577 = ADVANCED_FACE ( 'NONE', ( #3916 ), #164, .T. ) ;
#2578 = DIRECTION ( 'NONE',  ( 0.000000000000000000, 0.07407407407407712308, 0.9972527420619449190 ) ) ;
#2579 = CARTESIAN_POINT ( 'NONE',  ( 32.00000000000000000, -2.204364238465240161E-15, -12.00000000000000000 ) ) ;
#2580 = AXIS2_PLACEMENT_3D ( 'NONE', #4244, #3401, #2999 ) ;
#2581 = CARTESIAN_POINT ( 'NONE',  ( 32.00000000000000000, 0.000000000000000000, 48.00000000000000000 ) ) ;
#2582 = FACE_OUTER_BOUND ( 'NONE', #2719, .T. ) ;
#2583 = AXIS2_PLACEMENT_3D ( 'NONE', #4043, #439, #2150 ) ;
#2584 = EDGE_CURVE ( 'NONE', #4822, #1398, #4538, .T. ) ;
#2585 = DIRECTION ( 'NONE',  ( 1.000000000000000000, 0.000000000000000000, 0.000000000000000000 ) ) ;
#2586 = DIRECTION ( 'NONE',  ( 1.000000000000000000, 0.000000000000000000, 0.000000000000000000 ) ) ;
#2587 = ORIENTED_EDGE ( 'NONE', *, *, #4638, .F. ) ;
#2588 = ORIENTED_EDGE ( 'NONE', *, *, #594, .T. ) ;
#2589 = DIRECTION ( 'NONE',  ( 0.000000000000000000, 0.000000000000000000, 1.000000000000000000 ) ) ;
#2590 = ORIENTED_EDGE ( 'NONE', *, *, #2352, .F. ) ;
#2591 = DIRECTION ( 'NONE',  ( 1.000000000000000000, 0.000000000000000000, 0.000000000000000000 ) ) ;
#2592 = CARTESIAN_POINT ( 'NONE',  ( 12.00000000000000000, -9.192388155425119223, -7.192388155425118335 ) ) ;
#2593 = EDGE_LOOP ( 'NONE', ( #413, #1715, #4226, #4380 ) ) ;
#2594 = DIRECTION ( 'NONE',  ( -1.000000000000000000, -0.000000000000000000, -0.000000000000000000 ) ) ;
#2595 = ORIENTED_EDGE ( 'NONE', *, *, #5218, .F. ) ;
#2596 = VECTOR ( 'NONE', #126, 1000.000000000000000 ) ;
#2597 = CARTESIAN_POINT ( 'NONE',  ( -8.000000000000000000, -48.00000000000000000, -3.150000000000003464 ) ) ;
#2598 = CYLINDRICAL_SURFACE ( 'NONE', #3691, 2.000000000000001776 ) ;
#2599 = CIRCLE ( 'NONE', #1397, 70.00000000000001421 ) ;
#2600 = ORIENTED_EDGE ( 'NONE', *, *, #1552, .F. ) ;
#2601 = CARTESIAN_POINT ( 'NONE',  ( 10.00000000000000000, 1.738998454789241549E-15, -62.20000000000000284 ) ) ;
#2602 = CARTESIAN_POINT ( 'NONE',  ( -8.000000000000000000, -18.50000000000000000, 2.050000000000002487 ) ) ;
#2603 = CARTESIAN_POINT ( 'NONE',  ( 32.00000000000000000, 22.43818669639379237, 49.66666666666665009 ) ) ;
#2604 = ORIENTED_EDGE ( 'NONE', *, *, #728, .F. ) ;
#2605 = EDGE_CURVE ( 'NONE', #3058, #4275, #1139, .T. ) ;
#2606 = CARTESIAN_POINT ( 'NONE',  ( 32.00000000000000000, 68.64285714285715301, -1.469068842943073827 ) ) ;
#2607 = CYLINDRICAL_SURFACE ( 'NONE', #2703, 4.999999999999997335 ) ;
#2608 = ORIENTED_EDGE ( 'NONE', *, *, #119, .F. ) ;
#2609 = VERTEX_POINT ( 'NONE', #5300 ) ;
#2610 = ORIENTED_EDGE ( 'NONE', *, *, #4908, .T. ) ;
#2611 = DIRECTION ( 'NONE',  ( 1.000000000000000000, 0.000000000000000000, 0.000000000000000000 ) ) ;
#2612 = EDGE_CURVE ( 'NONE', #1365, #4936, #2641, .T. ) ;
#2613 = EDGE_CURVE ( 'NONE', #292, #3796, #3313, .T. ) ;
#2614 = AXIS2_PLACEMENT_3D ( 'NONE', #2798, #2702, #1051 ) ;
#2615 = CIRCLE ( 'NONE', #973, 2.000000000000000000 ) ;
#2616 = PLANE ( 'NONE',  #2453 ) ;
#2617 = ORIENTED_EDGE ( 'NONE', *, *, #3412, .T. ) ;
#2618 = CIRCLE ( 'NONE', #5193, 15.50000000000000888 ) ;
#2619 = DIRECTION ( 'NONE',  ( -1.000000000000000000, -0.000000000000000000, -0.000000000000000000 ) ) ;
#2620 = ORIENTED_EDGE ( 'NONE', *, *, #2484, .T. ) ;
#2621 = AXIS2_PLACEMENT_3D ( 'NONE', #5045, #4629, #3051 ) ;
#2622 = VERTEX_POINT ( 'NONE', #1114 ) ;
#2623 = AXIS2_PLACEMENT_3D ( 'NONE', #4087, #2556, #399 ) ;
#2624 = DIRECTION ( 'NONE',  ( 0.000000000000000000, 0.000000000000000000, -1.000000000000000000 ) ) ;
#2625 = AXIS2_PLACEMENT_3D ( 'NONE', #4332, #3034, #4256 ) ;
#2626 = DIRECTION ( 'NONE',  ( -1.000000000000000000, 0.000000000000000000, 0.000000000000000000 ) ) ;
#2627 = DIRECTION ( 'NONE',  ( -1.000000000000000000, -0.000000000000000000, -0.000000000000000000 ) ) ;
#2628 = ORIENTED_EDGE ( 'NONE', *, *, #3804, .T. ) ;
#2629 = DIRECTION ( 'NONE',  ( -1.000000000000000000, 0.000000000000000000, 0.000000000000000000 ) ) ;
#2630 = CARTESIAN_POINT ( 'NONE',  ( 30.28628878119662104, 69.27450778823670419, 1.864238794029988933 ) ) ;
#2631 = CARTESIAN_POINT ( 'NONE',  ( 2.000000000000001776, 68.94285714285716438, 2.807569942065886170 ) ) ;
#2632 = VECTOR ( 'NONE', #1091, 1000.000000000000000 ) ;
#2633 = DIRECTION ( 'NONE',  ( 1.000000000000000000, -0.000000000000000000, -0.000000000000000000 ) ) ;
#2634 = ADVANCED_FACE ( 'NONE', ( #2015 ), #684, .F. ) ;
#2635 = CARTESIAN_POINT ( 'NONE',  ( 32.00000000000000000, 25.96028645833346005, 12.92530568308804284 ) ) ;
#2636 = ORIENTED_EDGE ( 'NONE', *, *, #5011, .F. ) ;
#2637 = EDGE_LOOP ( 'NONE', ( #1948, #4633, #3483, #1480 ) ) ;
#2638 = EDGE_LOOP ( 'NONE', ( #874, #4137 ) ) ;
#2639 = CARTESIAN_POINT ( 'NONE',  ( 32.00000000000000000, -35.73177083333328596, 12.47960548711987805 ) ) ;
#2640 = FACE_OUTER_BOUND ( 'NONE', #1880, .T. ) ;
#2641 = CIRCLE ( 'NONE', #2902, 2.050000000000001599 ) ;
#2642 = EDGE_CURVE ( 'NONE', #5100, #1168, #3988, .T. ) ;
#2643 = EDGE_CURVE ( 'NONE', #1178, #1778, #3733, .T. ) ;
#2644 = CARTESIAN_POINT ( 'NONE',  ( 32.00000000000000000, 9.797174393178831574E-16, 13.99999999999999822 ) ) ;
#2645 = DIRECTION ( 'NONE',  ( 0.000000000000000000, 0.000000000000000000, -1.000000000000000000 ) ) ;
#2646 = VERTEX_POINT ( 'NONE', #2853 ) ;
#2647 = LINE ( 'NONE', #3732, #638 ) ;
#2648 = EDGE_CURVE ( 'NONE', #3731, #3690, #417, .T. ) ;
#2649 = ORIENTED_EDGE ( 'NONE', *, *, #1197, .F. ) ;
#2650 = DIRECTION ( 'NONE',  ( 0.000000000000000000, 0.000000000000000000, -1.000000000000000000 ) ) ;
#2651 = CARTESIAN_POINT ( 'NONE',  ( 12.00000000000000000, 17.67766952966370297, 17.67766952966370297 ) ) ;
#2652 = AXIS2_PLACEMENT_3D ( 'NONE', #553, #1195, #4420 ) ;
#2653 = ORIENTED_EDGE ( 'NONE', *, *, #1454, .F. ) ;
#2654 = DIRECTION ( 'NONE',  ( 1.000000000000000000, 0.000000000000000000, 0.000000000000000000 ) ) ;
#2655 = LINE ( 'NONE', #604, #3385 ) ;
#2656 = CARTESIAN_POINT ( 'NONE',  ( -8.000000000000000000, 0.000000000000000000, -48.00000000000000000 ) ) ;
#2657 = CIRCLE ( 'NONE', #4798, 15.50000000000000711 ) ;
#2658 = AXIS2_PLACEMENT_3D ( 'NONE', #4086, #2629, #1748 ) ;
#2659 = AXIS2_PLACEMENT_3D ( 'NONE', #2899, #2003, #4572 ) ;
#2660 = CARTESIAN_POINT ( 'NONE',  ( 30.98263545324449808, 68.78712904813920659, -1.592893245730612417 ) ) ;
#2661 = DIRECTION ( 'NONE',  ( -1.000000000000000000, -0.000000000000000000, -0.000000000000000000 ) ) ;
#2662 = VERTEX_POINT ( 'NONE', #2072 ) ;
#2663 = ORIENTED_EDGE ( 'NONE', *, *, #504, .F. ) ;
#2664 = ORIENTED_EDGE ( 'NONE', *, *, #5175, .T. ) ;
#2665 = CARTESIAN_POINT ( 'NONE',  ( 30.00000000000000000, -49.66666666666657193, 17.43818669639396290 ) ) ;
#2666 = DIRECTION ( 'NONE',  ( -1.000000000000000000, 0.000000000000000000, 0.000000000000000000 ) ) ;
#2667 = ORIENTED_EDGE ( 'NONE', *, *, #1858, .F. ) ;
#2668 = DIRECTION ( 'NONE',  ( 0.000000000000000000, 9.912705577010326536E-16, -1.000000000000000000 ) ) ;
#2669 = ORIENTED_EDGE ( 'NONE', *, *, #1763, .T. ) ;
#2670 = DIRECTION ( 'NONE',  ( 0.000000000000000000, 0.000000000000000000, 1.000000000000000000 ) ) ;
#2671 = EDGE_CURVE ( 'NONE', #1347, #5191, #1249, .T. ) ;
#2672 = ORIENTED_EDGE ( 'NONE', *, *, #1594, .T. ) ;
#2673 = DIRECTION ( 'NONE',  ( 0.000000000000000000, 0.000000000000000000, 1.000000000000000000 ) ) ;
#2674 = DIRECTION ( 'NONE',  ( 0.000000000000000000, 0.000000000000000000, 1.000000000000000000 ) ) ;
#2675 = DIRECTION ( 'NONE',  ( -1.000000000000000000, -0.000000000000000000, -0.000000000000000000 ) ) ;
#2676 = ORIENTED_EDGE ( 'NONE', *, *, #3834, .T. ) ;
#2677 = ADVANCED_FACE ( 'NONE', ( #2099 ), #1221, .F. ) ;
#2678 = EDGE_CURVE ( 'NONE', #4383, #1964, #583, .T. ) ;
#2679 = DIRECTION ( 'NONE',  ( 0.000000000000000000, 0.000000000000000000, -1.000000000000000000 ) ) ;
#2680 = LINE ( 'NONE', #1112, #4222 ) ;
#2681 = DIRECTION ( 'NONE',  ( -1.000000000000000000, 0.000000000000000000, 0.000000000000000000 ) ) ;
#2682 = LINE ( 'NONE', #1058, #4635 ) ;
#2683 = VECTOR ( 'NONE', #3964, 1000.000000000000000 ) ;
#2684 = LINE ( 'NONE', #4315, #1262 ) ;
#2685 = DIRECTION ( 'NONE',  ( 0.000000000000000000, 0.000000000000000000, 1.000000000000000000 ) ) ;
#2686 = ORIENTED_EDGE ( 'NONE', *, *, #956, .T. ) ;
#2687 = ORIENTED_EDGE ( 'NONE', *, *, #272, .T. ) ;
#2688 = VERTEX_POINT ( 'NONE', #5022 ) ;
#2689 = AXIS2_PLACEMENT_3D ( 'NONE', #3093, #4752, #315 ) ;
#2690 = DIRECTION ( 'NONE',  ( 1.000000000000000000, 0.000000000000000000, 0.000000000000000000 ) ) ;
#2691 = DIRECTION ( 'NONE',  ( 0.000000000000000000, 0.000000000000000000, -1.000000000000000000 ) ) ;
#2692 = VERTEX_POINT ( 'NONE', #4502 ) ;
#2693 = DIRECTION ( 'NONE',  ( 1.000000000000000000, 0.000000000000000000, 0.000000000000000000 ) ) ;
#2694 = ORIENTED_EDGE ( 'NONE', *, *, #4506, .F. ) ;
#2695 = DIRECTION ( 'NONE',  ( -1.000000000000000000, -0.000000000000000000, -0.000000000000000000 ) ) ;
#2696 = CIRCLE ( 'NONE', #2942, 2.000000000000000000 ) ;
#2697 = EDGE_LOOP ( 'NONE', ( #1767, #3716, #4712, #2966 ) ) ;
#2698 = DIRECTION ( 'NONE',  ( 1.000000000000000000, -0.000000000000000000, -0.000000000000000000 ) ) ;
#2699 = CIRCLE ( 'NONE', #1143, 1.999999999999998224 ) ;
#2700 = EDGE_CURVE ( 'NONE', #4428, #3508, #3863, .T. ) ;
#2701 = DIRECTION ( 'NONE',  ( 1.000000000000000000, 0.000000000000000000, 0.000000000000000000 ) ) ;
#2702 = DIRECTION ( 'NONE',  ( 1.000000000000000000, -0.000000000000000000, -0.000000000000000000 ) ) ;
#2703 = AXIS2_PLACEMENT_3D ( 'NONE', #2272, #216, #3473 ) ;
#2704 = CARTESIAN_POINT ( 'NONE',  ( 32.00000000000000000, -48.00000000000000000, 1.675911042644704011E-13 ) ) ;
#2705 = ADVANCED_FACE ( 'NONE', ( #4529 ), #4990, .F. ) ;
#2706 = DIRECTION ( 'NONE',  ( 0.000000000000000000, 0.000000000000000000, -1.000000000000000000 ) ) ;
#2707 = EDGE_CURVE ( 'NONE', #4428, #3536, #2764, .T. ) ;
#2708 = DIRECTION ( 'NONE',  ( 1.000000000000000000, -0.000000000000000000, -0.000000000000000000 ) ) ;
#2709 = CARTESIAN_POINT ( 'NONE',  ( 32.00000000000000000, -56.04587155963292133, 25.32015562987576018 ) ) ;
#2710 = EDGE_CURVE ( 'NONE', #3339, #3695, #3852, .T. ) ;
#2711 = ORIENTED_EDGE ( 'NONE', *, *, #2192, .T. ) ;
#2712 = EDGE_LOOP ( 'NONE', ( #3130, #1884, #2836, #2811 ) ) ;
#2713 = ORIENTED_EDGE ( 'NONE', *, *, #5236, .T. ) ;
#2714 = AXIS2_PLACEMENT_3D ( 'NONE', #4203, #950, #577 ) ;
#2715 = CARTESIAN_POINT ( 'NONE',  ( 30.00000000000000000, -35.73177083333337123, -12.47960548711962758 ) ) ;
#2716 = CARTESIAN_POINT ( 'NONE',  ( 32.00000000000000000, 32.22656250000015632, 16.04520705486791954 ) ) ;
#2717 = VERTEX_POINT ( 'NONE', #1714 ) ;
#2718 = CARTESIAN_POINT ( 'NONE',  ( 31.00000000000000000, 67.96428571428572241, 2.203603264414617957 ) ) ;
#2719 = EDGE_LOOP ( 'NONE', ( #5322, #608, #961, #2108 ) ) ;
#2720 = EDGE_LOOP ( 'NONE', ( #753, #472 ) ) ;
#2721 = DIRECTION ( 'NONE',  ( 1.000000000000000000, 0.000000000000000000, 0.000000000000000000 ) ) ;
#2722 = VERTEX_POINT ( 'NONE', #476 ) ;
#2723 = PLANE ( 'NONE',  #2544 ) ;
#2724 = DIRECTION ( 'NONE',  ( 0.000000000000000000, 0.000000000000000000, 1.000000000000000000 ) ) ;
#2725 = CARTESIAN_POINT ( 'NONE',  ( 30.00000000000000000, 69.94202898550727809, 2.848259361516116250 ) ) ;
#2726 = AXIS2_PLACEMENT_3D ( 'NONE', #5075, #5099, #3830 ) ;
#2727 = ORIENTED_EDGE ( 'NONE', *, *, #5319, .T. ) ;
#2728 = AXIS2_PLACEMENT_3D ( 'NONE', #3930, #1460, #3079 ) ;
#2729 = CARTESIAN_POINT ( 'NONE',  ( 30.00000000000000000, 16.04520705486825349, 32.22656249999999289 ) ) ;
#2730 = CARTESIAN_POINT ( 'NONE',  ( 12.00000000000000000, 1.469576158976819806E-15, 22.00000000000000355 ) ) ;
#2731 = DIRECTION ( 'NONE',  ( 0.000000000000000000, 0.000000000000000000, -1.000000000000000000 ) ) ;
#2732 = APPLICATION_CONTEXT ( 'automotive_design' ) ;
#2733 = FACE_BOUND ( 'NONE', #4373, .T. ) ;
#2734 = ORIENTED_EDGE ( 'NONE', *, *, #5088, .F. ) ;
#2735 = ADVANCED_FACE ( 'NONE', ( #2935, #4169 ), #2131, .T. ) ;
#2736 = EDGE_CURVE ( 'NONE', #3610, #3391, #4585, .T. ) ;
#2737 = DIRECTION ( 'NONE',  ( 0.000000000000000000, -0.07407407407406320365, 0.9972527420619460292 ) ) ;
#2738 = DIRECTION ( 'NONE',  ( 0.000000000000000000, 0.000000000000000000, -1.000000000000000000 ) ) ;
#2739 = ORIENTED_EDGE ( 'NONE', *, *, #1952, .T. ) ;
#2740 = ORIENTED_EDGE ( 'NONE', *, *, #505, .F. ) ;
#2741 = CIRCLE ( 'NONE', #350, 5.000000000000000888 ) ;
#2742 = ADVANCED_FACE ( 'NONE', ( #392 ), #2550, .F. ) ;
#2743 = EDGE_CURVE ( 'NONE', #4936, #1778, #4144, .T. ) ;
#2744 = DIRECTION ( 'NONE',  ( 0.000000000000000000, 0.000000000000000000, 1.000000000000000000 ) ) ;
#2745 = DIRECTION ( 'NONE',  ( 0.000000000000000000, 0.000000000000000000, 1.000000000000000000 ) ) ;
#2746 = CIRCLE ( 'NONE', #1379, 2.000000000000001776 ) ;
#2747 = DIRECTION ( 'NONE',  ( -1.000000000000000000, -0.000000000000000000, -0.000000000000000000 ) ) ;
#2748 = ORIENTED_EDGE ( 'NONE', *, *, #4783, .F. ) ;
#2749 = LINE ( 'NONE', #4409, #1419 ) ;
#2750 = CARTESIAN_POINT ( 'NONE',  ( -18.00000000000001421, 0.000000000000000000, 0.000000000000000000 ) ) ;
#2751 = CARTESIAN_POINT ( 'NONE',  ( 30.00000000000000000, -49.66666666666657193, 22.43818669639396646 ) ) ;
#2752 = CARTESIAN_POINT ( 'NONE',  ( 32.00000000000000000, 49.66666666666688457, 22.43818669639327013 ) ) ;
#2753 = CARTESIAN_POINT ( 'NONE',  ( 30.00000000000000000, 15.45741750196017605, 49.14814814814813815 ) ) ;
#2754 = DIRECTION ( 'NONE',  ( 1.000000000000000000, 3.717264591378880685E-15, -6.014810796987495081E-15 ) ) ;
#2755 = DIRECTION ( 'NONE',  ( 1.000000000000000000, -0.000000000000000000, -0.000000000000000000 ) ) ;
#2756 = ORIENTED_EDGE ( 'NONE', *, *, #3992, .T. ) ;
#2757 = LINE ( 'NONE', #3550, #570 ) ;
#2758 = CARTESIAN_POINT ( 'NONE',  ( 32.00000000000000000, 12.02081528017130019, 10.02081528017129841 ) ) ;
#2759 = EDGE_CURVE ( 'NONE', #3973, #4707, #4134, .T. ) ;
#2760 = ORIENTED_EDGE ( 'NONE', *, *, #5086, .F. ) ;
#2761 = EDGE_LOOP ( 'NONE', ( #150, #3364, #3658, #2694 ) ) ;
#2762 = AXIS2_PLACEMENT_3D ( 'NONE', #1707, #4072, #1241 ) ;
#2763 = DIRECTION ( 'NONE',  ( 0.000000000000000000, 0.000000000000000000, 1.000000000000000000 ) ) ;
#2764 = CIRCLE ( 'NONE', #2273, 31.00000000000000000 ) ;
#2765 = DIRECTION ( 'NONE',  ( 1.000000000000000000, -0.000000000000000000, -0.000000000000000000 ) ) ;
#2766 = EDGE_CURVE ( 'NONE', #3486, #5049, #1573, .T. ) ;
#2767 = CARTESIAN_POINT ( 'NONE',  ( 30.00000000000000000, -13.81670607502544179, -27.75065104166666430 ) ) ;
#2768 = ADVANCED_FACE ( 'NONE', ( #2154 ), #3758, .F. ) ;
#2769 = ORIENTED_EDGE ( 'NONE', *, *, #4805, .T. ) ;
#2770 = DIRECTION ( 'NONE',  ( -1.000000000000000000, 0.000000000000000000, 0.000000000000000000 ) ) ;
#2771 = VECTOR ( 'NONE', #3843, 1000.000000000000000 ) ;
#2772 = ORIENTED_EDGE ( 'NONE', *, *, #366, .F. ) ;
#2773 = CARTESIAN_POINT ( 'NONE',  ( 10.00000000000000000, -48.00000000000000000, -2.927345865710861972E-15 ) ) ;
#2774 = CARTESIAN_POINT ( 'NONE',  ( -8.000000000000000000, -18.50000000000000000, -2.050000000000000711 ) ) ;
#2775 = CIRCLE ( 'NONE', #3616, 6.999999999999999112 ) ;
#2776 = ADVANCED_FACE ( 'NONE', ( #3257 ), #5154, .F. ) ;
#2777 = CARTESIAN_POINT ( 'NONE',  ( 30.00000000000000000, 16.04520705486825349, 32.22656249999999289 ) ) ;
#2778 = CARTESIAN_POINT ( 'NONE',  ( 32.00000000000000000, -15.45741750196017605, 49.14814814814813815 ) ) ;
#2779 = FACE_OUTER_BOUND ( 'NONE', #1350, .T. ) ;
#2780 = AXIS2_PLACEMENT_3D ( 'NONE', #3737, #484, #1639 ) ;
#2781 = CARTESIAN_POINT ( 'NONE',  ( 12.00000000000000000, -22.00000000000000000, 2.694222958124179965E-15 ) ) ;
#2782 = VECTOR ( 'NONE', #3873, 1000.000000000000000 ) ;
#2783 = ORIENTED_EDGE ( 'NONE', *, *, #587, .F. ) ;
#2784 = CARTESIAN_POINT ( 'NONE',  ( 32.00000000000000000, 22.43818669639379237, 49.66666666666665009 ) ) ;
#2785 = DIRECTION ( 'NONE',  ( 0.000000000000000000, 0.000000000000000000, 1.000000000000000000 ) ) ;
#2786 = ORIENTED_EDGE ( 'NONE', *, *, #347, .F. ) ;
#2787 = CIRCLE ( 'NONE', #4050, 5.500000000000000000 ) ;
#2788 = ORIENTED_EDGE ( 'NONE', *, *, #3186, .T. ) ;
#2789 = DIRECTION ( 'NONE',  ( 1.000000000000000000, 0.000000000000000000, 0.000000000000000000 ) ) ;
#2790 = DIRECTION ( 'NONE',  ( -1.000000000000000000, -0.000000000000000000, -0.000000000000000000 ) ) ;
#2791 = DIRECTION ( 'NONE',  ( 0.000000000000000000, 0.000000000000000000, -1.000000000000000000 ) ) ;
#2792 = DIRECTION ( 'NONE',  ( 0.000000000000000000, 0.000000000000000000, -1.000000000000000000 ) ) ;
#2793 = EDGE_LOOP ( 'NONE', ( #4451, #718, #1992, #4950 ) ) ;
#2794 = ADVANCED_FACE ( 'NONE', ( #1362 ), #2598, .F. ) ;
#2795 = EDGE_CURVE ( 'NONE', #3502, #2083, #3783, .T. ) ;
#2796 = DIRECTION ( 'NONE',  ( -1.000000000000000000, 0.000000000000000000, 0.000000000000000000 ) ) ;
#2797 = DIRECTION ( 'NONE',  ( 0.000000000000000000, 0.000000000000000000, -1.000000000000000000 ) ) ;
#2798 = CARTESIAN_POINT ( 'NONE',  ( 12.00000000000000000, 7.778174593052019858, -7.778174593052029628 ) ) ;
#2799 = CIRCLE ( 'NONE', #393, 1.999999999999999334 ) ;
#2800 = EDGE_CURVE ( 'NONE', #5274, #1093, #130, .T. ) ;
#2801 = VECTOR ( 'NONE', #1911, 1000.000000000000000 ) ;
#2802 = CARTESIAN_POINT ( 'NONE',  ( -8.000000000000000000, -17.45192298608406389, -49.29629629629628340 ) ) ;
#2803 = CARTESIAN_POINT ( 'NONE',  ( -8.000000000000000000, 3.857637417314161703E-16, -44.85000000000000142 ) ) ;
#2804 = DIRECTION ( 'NONE',  ( -1.000000000000000000, -0.000000000000000000, -0.000000000000000000 ) ) ;
#2805 = ORIENTED_EDGE ( 'NONE', *, *, #2224, .F. ) ;
#2806 = AXIS2_PLACEMENT_3D ( 'NONE', #2201, #589, #2980 ) ;
#2807 = FACE_OUTER_BOUND ( 'NONE', #2091, .T. ) ;
#2808 = FACE_OUTER_BOUND ( 'NONE', #1376, .T. ) ;
#2809 = DIRECTION ( 'NONE',  ( 0.000000000000000000, 0.000000000000000000, -1.000000000000000000 ) ) ;
#2810 = VERTEX_POINT ( 'NONE', #623 ) ;
#2811 = ORIENTED_EDGE ( 'NONE', *, *, #3450, .T. ) ;
#2812 = AXIS2_PLACEMENT_3D ( 'NONE', #275, #5230, #1867 ) ;
#2813 = PLANE ( 'NONE',  #2053 ) ;
#2814 = DIRECTION ( 'NONE',  ( 1.000000000000000000, -0.000000000000000000, -0.000000000000000000 ) ) ;
#2815 = ADVANCED_BREP_SHAPE_REPRESENTATION ( 'Vztrajnik', ( #4727, #3819 ), #1175 ) ;
#2816 = ORIENTED_EDGE ( 'NONE', *, *, #827, .F. ) ;
#2817 = ORIENTED_EDGE ( 'NONE', *, *, #4612, .F. ) ;
#2818 = FACE_OUTER_BOUND ( 'NONE', #3589, .T. ) ;
#2819 = AXIS2_PLACEMENT_3D ( 'NONE', #530, #1595, #2791 ) ;
#2820 = LINE ( 'NONE', #4467, #1153 ) ;
#2821 = AXIS2_PLACEMENT_3D ( 'NONE', #1252, #5303, #2102 ) ;
#2822 = DIRECTION ( 'NONE',  ( 1.000000000000000000, 0.000000000000000000, 0.000000000000000000 ) ) ;
#2823 = ORIENTED_EDGE ( 'NONE', *, *, #2270, .F. ) ;
#2824 = DIRECTION ( 'NONE',  ( 1.000000000000000000, -0.000000000000000000, -0.000000000000000000 ) ) ;
#2825 = AXIS2_PLACEMENT_3D ( 'NONE', #4073, #3677, #2466 ) ;
#2826 = EDGE_CURVE ( 'NONE', #1971, #832, #3599, .T. ) ;
#2827 = AXIS2_PLACEMENT_3D ( 'NONE', #2177, #170, #3433 ) ;
#2828 = LINE ( 'NONE', #785, #3200 ) ;
#2829 =( NAMED_UNIT ( * ) SI_UNIT ( $, .STERADIAN. ) SOLID_ANGLE_UNIT ( ) );
#2830 = DIRECTION ( 'NONE',  ( -1.000000000000000000, -0.000000000000000000, -0.000000000000000000 ) ) ;
#2831 = DIRECTION ( 'NONE',  ( -1.000000000000000000, 0.000000000000000000, 0.000000000000000000 ) ) ;
#2832 = EDGE_CURVE ( 'NONE', #1597, #852, #108, .T. ) ;
#2833 = EDGE_CURVE ( 'NONE', #3684, #3731, #1872, .T. ) ;
#2834 = ORIENTED_EDGE ( 'NONE', *, *, #1321, .T. ) ;
#2835 = CARTESIAN_POINT ( 'NONE',  ( 6.999999999999999112, 18.50000000000000000, -3.398394867633905489E-15 ) ) ;
#2836 = ORIENTED_EDGE ( 'NONE', *, *, #1794, .T. ) ;
#2837 = FACE_OUTER_BOUND ( 'NONE', #4889, .T. ) ;
#2838 = CARTESIAN_POINT ( 'NONE',  ( 30.70123025035911368, 69.10908396365530848, 1.790995060605004241 ) ) ;
#2839 = ORIENTED_EDGE ( 'NONE', *, *, #5243, .T. ) ;
#2840 = ORIENTED_EDGE ( 'NONE', *, *, #1130, .F. ) ;
#2841 = CARTESIAN_POINT ( 'NONE',  ( 32.00000000000000000, 0.000000000000000000, -48.00000000000000000 ) ) ;
#2842 = ORIENTED_EDGE ( 'NONE', *, *, #1857, .F. ) ;
#2843 = ORIENTED_EDGE ( 'NONE', *, *, #1122, .T. ) ;
#2844 = DIRECTION ( 'NONE',  ( 1.000000000000000000, 0.000000000000000000, 0.000000000000000000 ) ) ;
#2845 = AXIS2_PLACEMENT_3D ( 'NONE', #1740, #1383, #2260 ) ;
#2846 = DIRECTION ( 'NONE',  ( 0.000000000000000000, 0.000000000000000000, -1.000000000000000000 ) ) ;
#2847 = FACE_BOUND ( 'NONE', #57, .T. ) ;
#2848 = DIRECTION ( 'NONE',  ( 1.000000000000000000, 0.000000000000000000, 0.000000000000000000 ) ) ;
#2849 = EDGE_LOOP ( 'NONE', ( #1173, #3829 ) ) ;
#2850 = ADVANCED_FACE ( 'NONE', ( #3812 ), #178, .F. ) ;
#2851 = CARTESIAN_POINT ( 'NONE',  ( 30.00000000000000000, 48.00000000000000000, 17.49999999999950617 ) ) ;
#2852 = CYLINDRICAL_SURFACE ( 'NONE', #2300, 2.000000000000001776 ) ;
#2853 = CARTESIAN_POINT ( 'NONE',  ( 32.00000000000000000, 13.43502884254440133, -15.43502884254440133 ) ) ;
#2854 = AXIS2_PLACEMENT_3D ( 'NONE', #3360, #3481, #4608 ) ;
#2855 = ORIENTED_EDGE ( 'NONE', *, *, #2483, .T. ) ;
#2856 = DIRECTION ( 'NONE',  ( 1.000000000000000000, 0.000000000000000000, 0.000000000000000000 ) ) ;
#2857 = EDGE_CURVE ( 'NONE', #1172, #3985, #4388, .T. ) ;
#2858 = ORIENTED_EDGE ( 'NONE', *, *, #3993, .F. ) ;
#2859 = DIRECTION ( 'NONE',  ( 0.000000000000000000, 0.000000000000000000, 1.000000000000000000 ) ) ;
#2860 = AXIS2_PLACEMENT_3D ( 'NONE', #4156, #1261, #1725 ) ;
#2861 = DIRECTION ( 'NONE',  ( -1.000000000000000000, -0.000000000000000000, -0.000000000000000000 ) ) ;
#2862 = AXIS2_PLACEMENT_3D ( 'NONE', #3827, #4735, #4219 ) ;
#2863 = AXIS2_PLACEMENT_3D ( 'NONE', #1254, #2885, #850 ) ;
#2864 = CIRCLE ( 'NONE', #3120, 6.999999999999999112 ) ;
#2865 = EDGE_CURVE ( 'NONE', #106, #3587, #3517, .T. ) ;
#2866 = FACE_OUTER_BOUND ( 'NONE', #323, .T. ) ;
#2867 = CARTESIAN_POINT ( 'NONE',  ( 10.00000000000000000, -48.00000000000000000, 3.149999999999997247 ) ) ;
#2868 = ORIENTED_EDGE ( 'NONE', *, *, #4241, .T. ) ;
#2869 = ORIENTED_EDGE ( 'NONE', *, *, #1605, .T. ) ;
#2870 = ORIENTED_EDGE ( 'NONE', *, *, #4711, .F. ) ;
#2871 = DIRECTION ( 'NONE',  ( 0.000000000000000000, 0.000000000000000000, -1.000000000000000000 ) ) ;
#2872 = DIRECTION ( 'NONE',  ( 1.000000000000000000, 0.000000000000000000, 0.000000000000000000 ) ) ;
#2873 = CARTESIAN_POINT ( 'NONE',  ( 12.00000000000000000, 12.02081528017130019, 12.02081528017130019 ) ) ;
#2874 = LINE ( 'NONE', #2929, #99 ) ;
#2875 = ORIENTED_EDGE ( 'NONE', *, *, #2136, .T. ) ;
#2876 = AXIS2_PLACEMENT_3D ( 'NONE', #4210, #2633, #580 ) ;
#2877 = CARTESIAN_POINT ( 'NONE',  ( 32.00000000000000000, 18.00000000000000000, 0.000000000000000000 ) ) ;
#2878 = DIRECTION ( 'NONE',  ( 0.000000000000000000, 0.000000000000000000, -1.000000000000000000 ) ) ;
#2879 = DIRECTION ( 'NONE',  ( 0.000000000000000000, 0.000000000000000000, -1.000000000000000000 ) ) ;
#2880 = EDGE_LOOP ( 'NONE', ( #823, #3642, #515, #1349 ) ) ;
#2881 = DIRECTION ( 'NONE',  ( 0.000000000000000000, 0.4457001959685623071, 0.8951822916666667407 ) ) ;
#2882 = ORIENTED_EDGE ( 'NONE', *, *, #4639, .T. ) ;
#2883 = DIRECTION ( 'NONE',  ( 0.000000000000000000, 0.000000000000000000, -1.000000000000000000 ) ) ;
#2884 = ORIENTED_EDGE ( 'NONE', *, *, #727, .F. ) ;
#2885 = DIRECTION ( 'NONE',  ( 1.000000000000000000, 0.000000000000000000, 0.000000000000000000 ) ) ;
#2886 = CARTESIAN_POINT ( 'NONE',  ( 30.99999999999999645, 68.64285714285715301, 1.469068842943079378 ) ) ;
#2887 = DIRECTION ( 'NONE',  ( -1.000000000000000000, 0.000000000000000000, 0.000000000000000000 ) ) ;
#2888 = VERTEX_POINT ( 'NONE', #2262 ) ;
#2889 = ORIENTED_EDGE ( 'NONE', *, *, #4201, .T. ) ;
#2890 = AXIS2_PLACEMENT_3D ( 'NONE', #3984, #5145, #3953 ) ;
#2891 = ADVANCED_FACE ( 'NONE', ( #2574 ), #3390, .F. ) ;
#2892 = ADVANCED_FACE ( 'NONE', ( #3439 ), #3009, .F. ) ;
#2893 = CARTESIAN_POINT ( 'NONE',  ( -8.000000000000000000, 17.45192298608404968, -49.29629629629628340 ) ) ;
#2894 = CARTESIAN_POINT ( 'NONE',  ( 30.00000000000000000, 48.00000000000000000, -5.027733127934112032E-13 ) ) ;
#2895 = ORIENTED_EDGE ( 'NONE', *, *, #4805, .F. ) ;
#2896 = EDGE_LOOP ( 'NONE', ( #463, #3526 ) ) ;
#2897 = VERTEX_POINT ( 'NONE', #2182 ) ;
#2898 = VERTEX_POINT ( 'NONE', #3466 ) ;
#2899 = CARTESIAN_POINT ( 'NONE',  ( 30.00000000000000000, 22.43818669639379237, -49.66666666666665009 ) ) ;
#2900 = EDGE_CURVE ( 'NONE', #2098, #3629, #4663, .T. ) ;
#2901 = EDGE_CURVE ( 'NONE', #2898, #1994, #5174, .T. ) ;
#2902 = AXIS2_PLACEMENT_3D ( 'NONE', #287, #1086, #5241 ) ;
#2903 = LINE ( 'NONE', #2925, #3297 ) ;
#2904 = DIRECTION ( 'NONE',  ( 0.000000000000000000, 0.000000000000000000, -1.000000000000000000 ) ) ;
#2905 = DIRECTION ( 'NONE',  ( 1.000000000000000000, -0.000000000000000000, -0.000000000000000000 ) ) ;
#2906 = ORIENTED_EDGE ( 'NONE', *, *, #4718, .F. ) ;
#2907 = CIRCLE ( 'NONE', #3069, 2.000000000000001776 ) ;
#2908 = CARTESIAN_POINT ( 'NONE',  ( 32.00000000000000000, 49.66666666666688457, 22.43818669639327013 ) ) ;
#2909 = PLANE ( 'NONE',  #1302 ) ;
#2910 = CARTESIAN_POINT ( 'NONE',  ( 6.999999999999999112, -18.50000000000000000, -2.050000000000000711 ) ) ;
#2911 = EDGE_LOOP ( 'NONE', ( #2196, #1706 ) ) ;
#2912 = FACE_OUTER_BOUND ( 'NONE', #2103, .T. ) ;
#2913 = VERTEX_POINT ( 'NONE', #4694 ) ;
#2914 = CARTESIAN_POINT ( 'NONE',  ( 10.00000000000000000, 0.000000000000000000, -48.00000000000000000 ) ) ;
#2915 = DIRECTION ( 'NONE',  ( -1.000000000000000000, -0.000000000000000000, -0.000000000000000000 ) ) ;
#2916 = ORIENTED_EDGE ( 'NONE', *, *, #4218, .T. ) ;
#2917 = FACE_OUTER_BOUND ( 'NONE', #2461, .T. ) ;
#2918 = CARTESIAN_POINT ( 'NONE',  ( -8.000000000000000000, 24.49673593459506193, 54.22324159021404455 ) ) ;
#2919 = EDGE_CURVE ( 'NONE', #2206, #4270, #1003, .T. ) ;
#2920 = DIRECTION ( 'NONE',  ( 1.000000000000000000, -0.000000000000000000, -0.000000000000000000 ) ) ;
#2921 = ORIENTED_EDGE ( 'NONE', *, *, #3320, .F. ) ;
#2922 = EDGE_LOOP ( 'NONE', ( #2052, #3138, #2082, #3184 ) ) ;
#2923 = ORIENTED_EDGE ( 'NONE', *, *, #3671, .F. ) ;
#2924 = DIRECTION ( 'NONE',  ( 0.000000000000000000, 0.000000000000000000, -1.000000000000000000 ) ) ;
#2925 = CARTESIAN_POINT ( 'NONE',  ( 32.00000000000000000, -12.47960548711975370, 35.73177083333332860 ) ) ;
#2926 = EDGE_CURVE ( 'NONE', #1410, #5064, #4611, .T. ) ;
#2927 = EDGE_CURVE ( 'NONE', #3624, #2947, #2005, .T. ) ;
#2928 = CARTESIAN_POINT ( 'NONE',  ( -8.000000000000000000, 32.22656250000015632, 16.04520705486791954 ) ) ;
#2929 = CARTESIAN_POINT ( 'NONE',  ( 12.00000000000000000, -22.00000000000000000, 2.000000000000003553 ) ) ;
#2930 = ORIENTED_EDGE ( 'NONE', *, *, #3842, .F. ) ;
#2931 = CIRCLE ( 'NONE', #2845, 3.149999999999999911 ) ;
#2932 = EDGE_CURVE ( 'NONE', #4231, #1734, #310, .T. ) ;
#2933 = CARTESIAN_POINT ( 'NONE',  ( 30.00000000000000000, 32.22656249999982947, -16.04520705486859100 ) ) ;
#2934 = DIRECTION ( 'NONE',  ( 0.000000000000000000, 0.000000000000000000, 1.000000000000000000 ) ) ;
#2935 = FACE_OUTER_BOUND ( 'NONE', #3258, .T. ) ;
#2936 = EDGE_LOOP ( 'NONE', ( #1718, #2473, #1339, #3966 ) ) ;
#2937 = TOROIDAL_SURFACE ( 'NONE', #4139, 7.000000000000000000, 2.000000000000000000 ) ;
#2938 = DIRECTION ( 'NONE',  ( 1.000000000000000000, 0.000000000000000000, 0.000000000000000000 ) ) ;
#2939 = EDGE_LOOP ( 'NONE', ( #4517, #4685, #479, #1127 ) ) ;
#2940 = DIRECTION ( 'NONE',  ( 0.000000000000000000, 0.000000000000000000, -1.000000000000000000 ) ) ;
#2941 = DIRECTION ( 'NONE',  ( 1.000000000000000000, 0.000000000000000000, 0.000000000000000000 ) ) ;
#2942 = AXIS2_PLACEMENT_3D ( 'NONE', #870, #75, #2469 ) ;
#2943 = VECTOR ( 'NONE', #2536, 1000.000000000000000 ) ;
#2944 = CYLINDRICAL_SURFACE ( 'NONE', #3826, 2.050000000000000711 ) ;
#2945 = CARTESIAN_POINT ( 'NONE',  ( 10.00000000000000000, 0.000000000000000000, 48.00000000000000000 ) ) ;
#2946 = VECTOR ( 'NONE', #123, 1000.000000000000000 ) ;
#2947 = VERTEX_POINT ( 'NONE', #2725 ) ;
#2948 = DIRECTION ( 'NONE',  ( 0.000000000000000000, 0.000000000000000000, -1.000000000000000000 ) ) ;
#2949 = AXIS2_PLACEMENT_3D ( 'NONE', #3236, #686, #1586 ) ;
#2950 = PRODUCT_DEFINITION ( 'UNKNOWN', '', #1521, #2540 ) ;
#2951 = TOROIDAL_SURFACE ( 'NONE', #3464, 7.000000000000000000, 2.000000000000000000 ) ;
#2952 = CARTESIAN_POINT ( 'NONE',  ( 31.24290712394049763, 69.51811060886144844, 2.750454384146492348 ) ) ;
#2953 = DIRECTION ( 'NONE',  ( 0.000000000000000000, 0.000000000000000000, -1.000000000000000000 ) ) ;
#2954 =( BOUNDED_SURFACE ( )  B_SPLINE_SURFACE ( 3, 2, ( 
 ( #1313, #1204, #3266 ),
 ( #4594, #4034, #4917 ),
 ( #1231, #2080, #1448 ),
 ( #5117, #1783, #5034 ),
 ( #187, #3472, #2972 ),
 ( #1753, #115, #1010 ),
 ( #957, #3372, #1422 ),
 ( #4622, #3042, #138 ),
 ( #3451, #986, #4265 ),
 ( #4237, #5066, #4701 ),
 ( #2247, #2219, #935 ),
 ( #2660, #4293, #606 ),
 ( #3820, #3071, #4645 ),
 ( #162, #2606, #3847 ) ),
 .UNSPECIFIED., .F., .F., .F. ) 
 B_SPLINE_SURFACE_WITH_KNOTS ( ( 4, 2, 2, 2, 2, 2, 4 ),
 ( 3, 3 ),
 ( 3.306816626080788524E-18, 0.0002126003303927180576, 0.0004252006607854328085, 0.0008504013215708622559, 0.001063001651963576925, 0.001275601982356291703, 0.001700802643141721259 ),
 ( 0.000000000000000000, 1.000000000000000000 ),
 .UNSPECIFIED. ) 
 GEOMETRIC_REPRESENTATION_ITEM ( )  RATIONAL_B_SPLINE_SURFACE ( (
 ( 1.000000000000000000, 0.8105583451657715210, 1.000000000000000000),
 ( 1.000000000000000000, 0.8105522008159244951, 1.000000000000000000),
 ( 1.000000000000000000, 0.8106319183834757025, 1.000000000000000000),
 ( 1.000000000000000000, 0.8107121290554250015, 1.000000000000000000),
 ( 1.000000000000000000, 0.8107130086873214347, 1.000000000000000000),
 ( 1.000000000000000000, 0.8097438410846375945, 1.000000000000000000),
 ( 1.000000000000000000, 0.8077176393142816435, 1.000000000000000000),
 ( 1.000000000000000000, 0.7983845070471513594, 1.000000000000000000),
 ( 1.000000000000000000, 0.7941645093395266475, 1.000000000000000000),
 ( 1.000000000000000000, 0.7833604317357245606, 1.000000000000000000),
 ( 1.000000000000000000, 0.7767687599921980768, 1.000000000000000000),
 ( 1.000000000000000000, 0.7529000001593122438, 1.000000000000000000),
 ( 1.000000000000000000, 0.7322394227934235778, 1.000000000000000000),
 ( 1.000000000000000000, 0.7071067811865463515, 1.000000000000000000) ) ) 
 REPRESENTATION_ITEM ( '' )  SURFACE ( )  );
#2955 = DIRECTION ( 'NONE',  ( 0.000000000000000000, 0.000000000000000000, 1.000000000000000000 ) ) ;
#2956 = AXIS2_PLACEMENT_3D ( 'NONE', #4070, #3698, #1322 ) ;
#2957 = ADVANCED_FACE ( 'NONE', ( #4849 ), #3008, .T. ) ;
#2958 = VECTOR ( 'NONE', #1165, 1000.000000000000000 ) ;
#2959 = ORIENTED_EDGE ( 'NONE', *, *, #1959, .F. ) ;
#2960 = EDGE_CURVE ( 'NONE', #4510, #4557, #337, .T. ) ;
#2961 = CYLINDRICAL_SURFACE ( 'NONE', #290, 5.000000000000000888 ) ;
#2962 = CARTESIAN_POINT ( 'NONE',  ( 32.00000000000000000, 22.43818669639379237, 54.66666666666665009 ) ) ;
#2963 = DIRECTION ( 'NONE',  ( 0.000000000000000000, 0.000000000000000000, -1.000000000000000000 ) ) ;
#2964 = ORIENTED_EDGE ( 'NONE', *, *, #594, .F. ) ;
#2965 = EDGE_CURVE ( 'NONE', #4300, #4819, #4035, .T. ) ;
#2966 = ORIENTED_EDGE ( 'NONE', *, *, #3605, .T. ) ;
#2967 = CARTESIAN_POINT ( 'NONE',  ( 30.00000000000000000, -49.66666666666657193, 22.43818669639396646 ) ) ;
#2968 = LINE ( 'NONE', #4204, #311 ) ;
#2969 = PRODUCT ( 'Vztrajnik', 'Vztrajnik', '', ( #3705 ) ) ;
#2970 = CARTESIAN_POINT ( 'NONE',  ( 32.00000000000000000, 0.000000000000000000, 48.00000000000000000 ) ) ;
#2971 = AXIS2_PLACEMENT_3D ( 'NONE', #3098, #4118, #2077 ) ;
#2972 = CARTESIAN_POINT ( 'NONE',  ( 30.69849640415006320, 69.82228218846934453, -2.822576881303908269 ) ) ;
#2973 = DIRECTION ( 'NONE',  ( -1.000000000000000000, 0.000000000000000000, 0.000000000000000000 ) ) ;
#2974 = CIRCLE ( 'NONE', #2312, 1.000000000000000222 ) ;
#2975 = VERTEX_POINT ( 'NONE', #1079 ) ;
#2976 = ORIENTED_EDGE ( 'NONE', *, *, #1115, .T. ) ;
#2977 = CARTESIAN_POINT ( 'NONE',  ( -8.000000000000000000, 69.29523809523811906, -1.871713294710593223 ) ) ;
#2978 = FACE_OUTER_BOUND ( 'NONE', #1839, .T. ) ;
#2979 = ORIENTED_EDGE ( 'NONE', *, *, #1857, .T. ) ;
#2980 = DIRECTION ( 'NONE',  ( 0.000000000000000000, 0.000000000000000000, 1.000000000000000000 ) ) ;
#2981 = ORIENTED_EDGE ( 'NONE', *, *, #1959, .T. ) ;
#2982 = CARTESIAN_POINT ( 'NONE',  ( 12.00000000000000000, -14.84924240491750069, -16.84924240491750069 ) ) ;
#2983 = EDGE_CURVE ( 'NONE', #453, #5128, #882, .T. ) ;
#2984 = CARTESIAN_POINT ( 'NONE',  ( 12.00000000000000000, -22.00000000000000000, -1.999999999999998224 ) ) ;
#2985 = CARTESIAN_POINT ( 'NONE',  ( 2.000000000000000000, 0.000000000000000000, -70.00000000000001421 ) ) ;
#2986 = AXIS2_PLACEMENT_3D ( 'NONE', #4330, #4381, #2307 ) ;
#2987 = ORIENTED_EDGE ( 'NONE', *, *, #687, .T. ) ;
#2988 = DIRECTION ( 'NONE',  ( 0.000000000000000000, 0.000000000000000000, 1.000000000000000000 ) ) ;
#2989 = ADVANCED_FACE ( 'NONE', ( #759 ), #4824, .F. ) ;
#2990 = DIRECTION ( 'NONE',  ( -1.000000000000000000, -0.000000000000000000, -0.000000000000000000 ) ) ;
#2991 = EDGE_CURVE ( 'NONE', #1076, #3646, #702, .T. ) ;
#2992 = ORIENTED_EDGE ( 'NONE', *, *, #3054, .F. ) ;
#2993 = CARTESIAN_POINT ( 'NONE',  ( 6.999999999999999112, -2.168404344971008868E-15, -18.50000000000000000 ) ) ;
#2994 = CARTESIAN_POINT ( 'NONE',  ( 30.85422153302838666, 68.99333259507780269, -1.731152086006097823 ) ) ;
#2995 = CARTESIAN_POINT ( 'NONE',  ( -8.000000000000000000, -5.685768424187408956E-15, 51.14999999999999858 ) ) ;
#2996 = ORIENTED_EDGE ( 'NONE', *, *, #305, .F. ) ;
#2997 = VERTEX_POINT ( 'NONE', #2363 ) ;
#2998 = ORIENTED_EDGE ( 'NONE', *, *, #4543, .T. ) ;
#2999 = DIRECTION ( 'NONE',  ( 0.000000000000000000, 0.000000000000000000, 1.000000000000000000 ) ) ;
#3000 = CARTESIAN_POINT ( 'NONE',  ( 10.00000000000000000, -48.00000000000000000, 1.675911042644704011E-13 ) ) ;
#3001 = AXIS2_PLACEMENT_3D ( 'NONE', #3004, #2619, #4277 ) ;
#3002 = FACE_OUTER_BOUND ( 'NONE', #2020, .T. ) ;
#3003 = ORIENTED_EDGE ( 'NONE', *, *, #3386, .F. ) ;
#3004 = CARTESIAN_POINT ( 'NONE',  ( 6.999999999999999112, 18.50000000000000000, -3.398394867633905489E-15 ) ) ;
#3005 = ORIENTED_EDGE ( 'NONE', *, *, #1296, .T. ) ;
#3006 = ORIENTED_EDGE ( 'NONE', *, *, #3866, .T. ) ;
#3007 = CARTESIAN_POINT ( 'NONE',  ( 12.00000000000000000, 17.67766952966370297, 15.67766952966370297 ) ) ;
#3008 = TOROIDAL_SURFACE ( 'NONE', #1391, 68.00000000000001421, 2.000000000000000000 ) ;
#3009 = PLANE ( 'NONE',  #4127 ) ;
#3010 = AXIS2_PLACEMENT_3D ( 'NONE', #545, #3438, #103 ) ;
#3011 = ADVANCED_FACE ( 'NONE', ( #258 ), #1135, .F. ) ;
#3012 = AXIS2_PLACEMENT_3D ( 'NONE', #1773, #3839, #3859 ) ;
#3013 = EDGE_LOOP ( 'NONE', ( #2178, #1578, #4170, #355 ) ) ;
#3014 = DIRECTION ( 'NONE',  ( 0.000000000000000000, 0.000000000000000000, -1.000000000000000000 ) ) ;
#3015 = CARTESIAN_POINT ( 'NONE',  ( 12.00000000000000000, 0.000000000000000000, 0.000000000000000000 ) ) ;
#3016 = DIRECTION ( 'NONE',  ( 0.000000000000000000, 0.000000000000000000, 1.000000000000000000 ) ) ;
#3017 = AXIS2_PLACEMENT_3D ( 'NONE', #576, #602, #4617 ) ;
#3018 = EDGE_CURVE ( 'NONE', #3977, #301, #5007, .T. ) ;
#3019 = EDGE_CURVE ( 'NONE', #3684, #4886, #4225, .T. ) ;
#3020 = CARTESIAN_POINT ( 'NONE',  ( 30.46247738984155617, 69.22621757372216678, -1.844493937334502176 ) ) ;
#3021 = AXIS2_PLACEMENT_3D ( 'NONE', #2877, #2494, #3681 ) ;
#3022 = DIRECTION ( 'NONE',  ( 0.000000000000000000, 0.000000000000000000, -1.000000000000000000 ) ) ;
#3023 = EDGE_LOOP ( 'NONE', ( #1702, #4098, #3575, #3375, #4941, #2059, #2817, #2323, #2429, #2450, #514 ) ) ;
#3024 = ORIENTED_EDGE ( 'NONE', *, *, #5113, .F. ) ;
#3025 = ORIENTED_EDGE ( 'NONE', *, *, #669, .F. ) ;
#3026 = DIRECTION ( 'NONE',  ( -1.000000000000000000, 0.000000000000000000, 0.000000000000000000 ) ) ;
#3027 = VECTOR ( 'NONE', #4789, 1000.000000000000000 ) ;
#3028 = EDGE_CURVE ( 'NONE', #2030, #3158, #2011, .T. ) ;
#3029 = CYLINDRICAL_SURFACE ( 'NONE', #837, 14.20000000000000462 ) ;
#3030 = VECTOR ( 'NONE', #1171, 1000.000000000000000 ) ;
#3031 = DIRECTION ( 'NONE',  ( 0.000000000000000000, 0.000000000000000000, -1.000000000000000000 ) ) ;
#3032 = EDGE_LOOP ( 'NONE', ( #4397, #1273, #1600, #483 ) ) ;
#3033 = CIRCLE ( 'NONE', #5290, 14.20000000000000462 ) ;
#3034 = DIRECTION ( 'NONE',  ( 1.000000000000000000, 0.000000000000000000, 0.000000000000000000 ) ) ;
#3035 = AXIS2_PLACEMENT_3D ( 'NONE', #3511, #5178, #1027 ) ;
#3036 = FACE_OUTER_BOUND ( 'NONE', #517, .T. ) ;
#3037 = DIRECTION ( 'NONE',  ( 1.000000000000000000, 0.000000000000000000, 0.000000000000000000 ) ) ;
#3038 = DIRECTION ( 'NONE',  ( 1.000000000000000000, -0.000000000000000000, -0.000000000000000000 ) ) ;
#3039 = DIRECTION ( 'NONE',  ( 1.000000000000000000, 0.000000000000000000, 0.000000000000000000 ) ) ;
#3040 = FACE_OUTER_BOUND ( 'NONE', #65, .T. ) ;
#3041 = CARTESIAN_POINT ( 'NONE',  ( 30.00000000000000000, -32.22656249999993605, 9.045207054868367180 ) ) ;
#3042 = CARTESIAN_POINT ( 'NONE',  ( 31.40842586925647595, 69.42576952313406480, -1.965413217983831951 ) ) ;
#3043 = DIRECTION ( 'NONE',  ( -1.000000000000000000, -0.000000000000000000, -0.000000000000000000 ) ) ;
#3044 = ORIENTED_EDGE ( 'NONE', *, *, #3214, .T. ) ;
#3045 = ADVANCED_FACE ( 'NONE', ( #5293 ), #1544, .F. ) ;
#3046 = ADVANCED_FACE ( 'NONE', ( #4748 ), #2391, .F. ) ;
#3047 = ORIENTED_EDGE ( 'NONE', *, *, #2085, .F. ) ;
#3048 = ORIENTED_EDGE ( 'NONE', *, *, #5208, .F. ) ;
#3049 =( GEOMETRIC_REPRESENTATION_CONTEXT ( 3 ) GLOBAL_UNCERTAINTY_ASSIGNED_CONTEXT ( ( #4521 ) ) GLOBAL_UNIT_ASSIGNED_CONTEXT ( ( #1583, #4781, #1962 ) ) REPRESENTATION_CONTEXT ( 'NONE', 'WORKASPACE' ) );
#3050 = CIRCLE ( 'NONE', #2225, 31.00000000000000000 ) ;
#3051 = DIRECTION ( 'NONE',  ( 0.000000000000000000, 0.9113149847094782485, -0.4117098476402568652 ) ) ;
#3052 = AXIS2_PLACEMENT_3D ( 'NONE', #2781, #3625, #2342 ) ;
#3053 = DIRECTION ( 'NONE',  ( 1.000000000000000000, 0.000000000000000000, 0.000000000000000000 ) ) ;
#3054 = EDGE_CURVE ( 'NONE', #711, #2098, #631, .T. ) ;
#3055 = DIRECTION ( 'NONE',  ( 0.000000000000000000, 0.000000000000000000, 1.000000000000000000 ) ) ;
#3056 = EDGE_CURVE ( 'NONE', #2717, #1335, #4335, .T. ) ;
#3057 = CARTESIAN_POINT ( 'NONE',  ( 32.00000000000000000, 24.49673593459505838, -54.22324159021404455 ) ) ;
#3058 = VERTEX_POINT ( 'NONE', #1108 ) ;
#3059 = CARTESIAN_POINT ( 'NONE',  ( 0.000000000000000000, 0.000000000000000000, 0.000000000000000000 ) ) ;
#3060 = CARTESIAN_POINT ( 'NONE',  ( 32.00000000000000000, 16.04520705486825349, 32.22656249999999289 ) ) ;
#3061 = DIRECTION ( 'NONE',  ( 1.000000000000000000, -0.000000000000000000, -0.000000000000000000 ) ) ;
#3062 = VERTEX_POINT ( 'NONE', #4774 ) ;
#3063 = TOROIDAL_SURFACE ( 'NONE', #2155, 61.49999999999999289, 2.000000000000000000 ) ;
#3064 = DIRECTION ( 'NONE',  ( 0.000000000000000000, 0.9972527420619449190, -0.07407407407407710920 ) ) ;
#3065 = DIRECTION ( 'NONE',  ( 0.000000000000000000, 0.9972527420619452521, 0.07407407407407361200 ) ) ;
#3066 = PLANE ( 'NONE',  #5038 ) ;
#3067 = AXIS2_PLACEMENT_3D ( 'NONE', #3484, #1538, #1074 ) ;
#3068 = CARTESIAN_POINT ( 'NONE',  ( 12.00000000000000000, 10.00000000000000000, 0.000000000000000000 ) ) ;
#3069 = AXIS2_PLACEMENT_3D ( 'NONE', #550, #1415, #603 ) ;
#3070 = CIRCLE ( 'NONE', #3333, 2.000000000000003109 ) ;
#3071 = CARTESIAN_POINT ( 'NONE',  ( 31.93139025795784036, 68.76898500334056052, -1.585587220278109610 ) ) ;
#3072 = CARTESIAN_POINT ( 'NONE',  ( 30.00000000000000000, 48.00000000000000000, -5.027733127934112032E-13 ) ) ;
#3073 = ORIENTED_EDGE ( 'NONE', *, *, #4814, .T. ) ;
#3074 = VERTEX_POINT ( 'NONE', #2338 ) ;
#3075 = ORIENTED_EDGE ( 'NONE', *, *, #4473, .F. ) ;
#3076 = EDGE_CURVE ( 'NONE', #1786, #1087, #4359, .T. ) ;
#3077 = DIRECTION ( 'NONE',  ( 1.000000000000000000, -0.000000000000000000, -0.000000000000000000 ) ) ;
#3078 = DIRECTION ( 'NONE',  ( 1.000000000000000000, 0.000000000000000000, 0.000000000000000000 ) ) ;
#3079 = DIRECTION ( 'NONE',  ( 0.000000000000000000, 0.000000000000000000, 1.000000000000000000 ) ) ;
#3080 = ORIENTED_EDGE ( 'NONE', *, *, #988, .F. ) ;
#3081 = ORIENTED_EDGE ( 'NONE', *, *, #1321, .F. ) ;
#3082 = ORIENTED_EDGE ( 'NONE', *, *, #3355, .T. ) ;
#3083 = DIRECTION ( 'NONE',  ( 0.000000000000000000, 0.000000000000000000, 1.000000000000000000 ) ) ;
#3084 = CIRCLE ( 'NONE', #2827, 2.000000000000000000 ) ;
#3085 = ORIENTED_EDGE ( 'NONE', *, *, #4060, .T. ) ;
#3086 = ADVANCED_FACE ( 'NONE', ( #20 ), #4985, .F. ) ;
#3087 = EDGE_CURVE ( 'NONE', #2913, #4545, #3619, .T. ) ;
#3088 = CARTESIAN_POINT ( 'NONE',  ( -11.99999999999999822, -6.071532165918824830E-15, 48.00000000000000000 ) ) ;
#3089 = FACE_BOUND ( 'NONE', #3898, .T. ) ;
#3090 = CARTESIAN_POINT ( 'NONE',  ( 32.00000000000000000, 32.22656250000015632, 11.04520705486791776 ) ) ;
#3091 = AXIS2_PLACEMENT_3D ( 'NONE', #5076, #591, #3031 ) ;
#3092 = EDGE_CURVE ( 'NONE', #3283, #2688, #379, .T. ) ;
#3093 = CARTESIAN_POINT ( 'NONE',  ( -8.000000000000000000, -16.04520705486825349, 32.22656249999999289 ) ) ;
#3094 = DIRECTION ( 'NONE',  ( 0.000000000000000000, 0.000000000000000000, 1.000000000000000000 ) ) ;
#3095 = DIRECTION ( 'NONE',  ( 1.000000000000000000, 0.000000000000000000, 0.000000000000000000 ) ) ;
#3096 = CARTESIAN_POINT ( 'NONE',  ( 32.00000000000000000, -48.00000000000000000, 1.675911042644704011E-13 ) ) ;
#3097 = AXIS2_PLACEMENT_3D ( 'NONE', #3060, #1028, #3389 ) ;
#3098 = CARTESIAN_POINT ( 'NONE',  ( 30.00000000000000000, 0.000000000000000000, 0.000000000000000000 ) ) ;
#3099 = DIRECTION ( 'NONE',  ( 0.000000000000000000, 0.000000000000000000, -1.000000000000000000 ) ) ;
#3100 = ORIENTED_EDGE ( 'NONE', *, *, #3056, .F. ) ;
#3101 = VERTEX_POINT ( 'NONE', #1213 ) ;
#3102 = ORIENTED_EDGE ( 'NONE', *, *, #4981, .F. ) ;
#3103 = AXIS2_PLACEMENT_3D ( 'NONE', #2185, #2339, #3969 ) ;
#3104 = FACE_OUTER_BOUND ( 'NONE', #2404, .T. ) ;
#3105 = ORIENTED_EDGE ( 'NONE', *, *, #1428, .T. ) ;
#3106 = DIRECTION ( 'NONE',  ( 1.000000000000000000, 0.000000000000000000, 0.000000000000000000 ) ) ;
#3107 = ORIENTED_EDGE ( 'NONE', *, *, #3485, .F. ) ;
#3108 = CARTESIAN_POINT ( 'NONE',  ( 10.00000000000000000, 48.00000000000000000, 8.673617379884035472E-15 ) ) ;
#3109 = ORIENTED_EDGE ( 'NONE', *, *, #3999, .F. ) ;
#3110 = ORIENTED_EDGE ( 'NONE', *, *, #3327, .F. ) ;
#3111 = DIRECTION ( 'NONE',  ( 0.000000000000000000, 0.8951822916666615226, -0.4457001959685726877 ) ) ;
#3112 = AXIS2_PLACEMENT_3D ( 'NONE', #4988, #2152, #129 ) ;
#3113 = ORIENTED_EDGE ( 'NONE', *, *, #592, .F. ) ;
#3114 = DIRECTION ( 'NONE',  ( -1.000000000000000000, -0.000000000000000000, -0.000000000000000000 ) ) ;
#3115 = VECTOR ( 'NONE', #4401, 1000.000000000000000 ) ;
#3116 = CARTESIAN_POINT ( 'NONE',  ( 32.00000000000000000, 0.000000000000000000, 0.000000000000000000 ) ) ;
#3117 = DIRECTION ( 'NONE',  ( -1.000000000000000000, -0.000000000000000000, -0.000000000000000000 ) ) ;
#3118 = EDGE_CURVE ( 'NONE', #1327, #1426, #1670, .T. ) ;
#3119 = EDGE_CURVE ( 'NONE', #1638, #4812, #2543, .T. ) ;
#3120 = AXIS2_PLACEMENT_3D ( 'NONE', #3896, #2661, #1423 ) ;
#3121 = DIRECTION ( 'NONE',  ( 1.000000000000000000, 0.000000000000000000, 0.000000000000000000 ) ) ;
#3122 = DIRECTION ( 'NONE',  ( -1.000000000000000000, -0.000000000000000000, -0.000000000000000000 ) ) ;
#3123 = CARTESIAN_POINT ( 'NONE',  ( -8.000000000000000000, 0.000000000000000000, 0.000000000000000000 ) ) ;
#3124 = CARTESIAN_POINT ( 'NONE',  ( 12.00000000000000000, -16.26345596729059650, 18.26345596729060006 ) ) ;
#3125 = ADVANCED_FACE ( 'NONE', ( #1680 ), #3302, .F. ) ;
#3126 = CIRCLE ( 'NONE', #2956, 2.049999999999999822 ) ;
#3127 = DIRECTION ( 'NONE',  ( 0.000000000000000000, 0.000000000000000000, 1.000000000000000000 ) ) ;
#3128 = DIRECTION ( 'NONE',  ( -1.000000000000000000, 0.000000000000000000, 0.000000000000000000 ) ) ;
#3129 = ORIENTED_EDGE ( 'NONE', *, *, #1123, .T. ) ;
#3130 = ORIENTED_EDGE ( 'NONE', *, *, #4028, .T. ) ;
#3131 = ORIENTED_EDGE ( 'NONE', *, *, #1089, .F. ) ;
#3132 = DIRECTION ( 'NONE',  ( 0.000000000000000000, 0.000000000000000000, -1.000000000000000000 ) ) ;
#3133 = CARTESIAN_POINT ( 'NONE',  ( 10.00000000000000000, 1.738998454789241549E-15, 33.79999999999999716 ) ) ;
#3134 = ORIENTED_EDGE ( 'NONE', *, *, #4513, .F. ) ;
#3135 = CARTESIAN_POINT ( 'NONE',  ( 32.00000000000000000, 10.00000000000000000, -2.000000000000000000 ) ) ;
#3136 = ORIENTED_EDGE ( 'NONE', *, *, #3386, .T. ) ;
#3137 = CARTESIAN_POINT ( 'NONE',  ( 32.00000000000000000, 48.00000000000000000, -5.027733127934112032E-13 ) ) ;
#3138 = ORIENTED_EDGE ( 'NONE', *, *, #1364, .F. ) ;
#3139 = CARTESIAN_POINT ( 'NONE',  ( 32.00000000000000000, -1.959434878635769470E-15, -10.00000000000000000 ) ) ;
#3140 = CARTESIAN_POINT ( 'NONE',  ( 32.00000000000000000, 0.000000000000000000, 0.000000000000000000 ) ) ;
#3141 = CARTESIAN_POINT ( 'NONE',  ( 32.00000000000000000, 32.22656249999982947, -16.04520705486859100 ) ) ;
#3142 = CIRCLE ( 'NONE', #2726, 6.999999999999999112 ) ;
#3143 = ORIENTED_EDGE ( 'NONE', *, *, #2800, .T. ) ;
#3144 = CIRCLE ( 'NONE', #1529, 5.000000000000000888 ) ;
#3145 = EDGE_CURVE ( 'NONE', #860, #4819, #470, .T. ) ;
#3146 = DIRECTION ( 'NONE',  ( 0.000000000000000000, 0.000000000000000000, -1.000000000000000000 ) ) ;
#3147 = FACE_OUTER_BOUND ( 'NONE', #3956, .T. ) ;
#3148 = DIRECTION ( 'NONE',  ( 1.000000000000000000, -0.000000000000000000, -0.000000000000000000 ) ) ;
#3149 = DIRECTION ( 'NONE',  ( 0.000000000000000000, -1.000000000000000000, 0.000000000000000000 ) ) ;
#3150 = EDGE_LOOP ( 'NONE', ( #4427, #558, #3948, #334 ) ) ;
#3151 = EDGE_CURVE ( 'NONE', #3166, #454, #2874, .T. ) ;
#3152 = EDGE_CURVE ( 'NONE', #4518, #2384, #4372, .T. ) ;
#3153 = FACE_OUTER_BOUND ( 'NONE', #1233, .T. ) ;
#3154 = CIRCLE ( 'NONE', #4969, 17.50000000000000000 ) ;
#3155 = DIRECTION ( 'NONE',  ( -1.000000000000000000, -0.000000000000000000, -0.000000000000000000 ) ) ;
#3156 = ORIENTED_EDGE ( 'NONE', *, *, #1605, .F. ) ;
#3157 = VERTEX_POINT ( 'NONE', #4524 ) ;
#3158 = VERTEX_POINT ( 'NONE', #812 ) ;
#3159 = EDGE_CURVE ( 'NONE', #4936, #1365, #2500, .T. ) ;
#3160 = CARTESIAN_POINT ( 'NONE',  ( 30.00000000000000000, 17.45192298608404968, 49.29629629629628340 ) ) ;
#3161 = CARTESIAN_POINT ( 'NONE',  ( 12.00000000000000000, 7.778174593052019858, -7.778174593052029628 ) ) ;
#3162 = VERTEX_POINT ( 'NONE', #1297 ) ;
#3163 = AXIS2_PLACEMENT_3D ( 'NONE', #741, #4885, #1198 ) ;
#3164 = AXIS2_PLACEMENT_3D ( 'NONE', #3096, #4342, #2216 ) ;
#3165 = CARTESIAN_POINT ( 'NONE',  ( 32.00000000000000000, 0.000000000000000000, 62.20000000000000284 ) ) ;
#3166 = VERTEX_POINT ( 'NONE', #840 ) ;
#3167 = ORIENTED_EDGE ( 'NONE', *, *, #441, .T. ) ;
#3168 = ORIENTED_EDGE ( 'NONE', *, *, #4620, .F. ) ;
#3169 = PLANE ( 'NONE',  #4802 ) ;
#3170 = ORIENTED_EDGE ( 'NONE', *, *, #3569, .T. ) ;
#3171 = VECTOR ( 'NONE', #1719, 1000.000000000000000 ) ;
#3172 = CARTESIAN_POINT ( 'NONE',  ( 6.999999999999999112, -1.843143693225357538E-15, -18.50000000000000711 ) ) ;
#3173 = FACE_BOUND ( 'NONE', #5258, .T. ) ;
#3174 = DIRECTION ( 'NONE',  ( 0.000000000000000000, 0.000000000000000000, 1.000000000000000000 ) ) ;
#3175 = CARTESIAN_POINT ( 'NONE',  ( -8.000000000000000000, 0.000000000000000000, 0.000000000000000000 ) ) ;
#3176 = DIRECTION ( 'NONE',  ( 1.000000000000000000, 0.000000000000000000, 0.000000000000000000 ) ) ;
#3177 = CARTESIAN_POINT ( 'NONE',  ( 12.00000000000000000, 13.43502884254440133, -13.43502884254440133 ) ) ;
#3178 = FACE_OUTER_BOUND ( 'NONE', #1244, .T. ) ;
#3179 = EDGE_LOOP ( 'NONE', ( #1751, #2769, #536, #2672 ) ) ;
#3180 = AXIS2_PLACEMENT_3D ( 'NONE', #4301, #3832, #4715 ) ;
#3181 = CARTESIAN_POINT ( 'NONE',  ( 32.00000000000000000, 0.000000000000000000, -48.00000000000000000 ) ) ;
#3182 = AXIS2_PLACEMENT_3D ( 'NONE', #1469, #1516, #3970 ) ;
#3183 = DIRECTION ( 'NONE',  ( 0.000000000000000000, 0.000000000000000000, -1.000000000000000000 ) ) ;
#3184 = ORIENTED_EDGE ( 'NONE', *, *, #4273, .T. ) ;
#3185 = ORIENTED_EDGE ( 'NONE', *, *, #4962, .F. ) ;
#3186 = EDGE_CURVE ( 'NONE', #3731, #3225, #5156, .T. ) ;
#3187 = ADVANCED_FACE ( 'NONE', ( #1271, #2064 ), #3274, .T. ) ;
#3188 = AXIS2_PLACEMENT_3D ( 'NONE', #4107, #4440, #438 ) ;
#3189 = CARTESIAN_POINT ( 'NONE',  ( 30.00000000000000000, -54.22324159021396639, 24.49673593459524668 ) ) ;
#3190 = CARTESIAN_POINT ( 'NONE',  ( -8.000000000000000000, 0.000000000000000000, 0.000000000000000000 ) ) ;
#3191 = DIRECTION ( 'NONE',  ( 0.000000000000000000, 0.7010416666666691166, 0.7131203135496976264 ) ) ;
#3192 = ORIENTED_EDGE ( 'NONE', *, *, #3834, .F. ) ;
#3193 = DIRECTION ( 'NONE',  ( 0.000000000000000000, 0.000000000000000000, -1.000000000000000000 ) ) ;
#3194 = EDGE_CURVE ( 'NONE', #3985, #1887, #386, .T. ) ;
#3195 = ORIENTED_EDGE ( 'NONE', *, *, #342, .T. ) ;
#3196 = AXIS2_PLACEMENT_3D ( 'NONE', #3175, #4309, #284 ) ;
#3197 = ORIENTED_EDGE ( 'NONE', *, *, #1364, .T. ) ;
#3198 = CARTESIAN_POINT ( 'NONE',  ( 30.00000000000000000, -16.04520705486824994, -32.22656249999999289 ) ) ;
#3199 = DIRECTION ( 'NONE',  ( 1.000000000000000000, -0.000000000000000000, -0.000000000000000000 ) ) ;
#3200 = VECTOR ( 'NONE', #1683, 1000.000000000000000 ) ;
#3201 = DIRECTION ( 'NONE',  ( 0.000000000000000000, 0.000000000000000000, -1.000000000000000000 ) ) ;
#3202 = DIRECTION ( 'NONE',  ( 1.000000000000000000, 0.000000000000000000, 0.000000000000000000 ) ) ;
#3203 = LINE ( 'NONE', #4854, #2958 ) ;
#3204 = DIRECTION ( 'NONE',  ( 0.000000000000000000, 0.000000000000000000, -1.000000000000000000 ) ) ;
#3205 = CIRCLE ( 'NONE', #300, 1.999999999999998446 ) ;
#3206 = ORIENTED_EDGE ( 'NONE', *, *, #1220, .F. ) ;
#3207 = CARTESIAN_POINT ( 'NONE',  ( 30.00000000000000000, 69.94202898550726388, -2.848259361516115806 ) ) ;
#3208 = DIRECTION ( 'NONE',  ( 0.000000000000000000, 0.000000000000000000, -1.000000000000000000 ) ) ;
#3209 = CARTESIAN_POINT ( 'NONE',  ( 32.00000000000000000, 22.43818669639379237, -49.66666666666665009 ) ) ;
#3210 = CIRCLE ( 'NONE', #1856, 2.000000000000000000 ) ;
#3211 = VERTEX_POINT ( 'NONE', #782 ) ;
#3212 = VERTEX_POINT ( 'NONE', #3648 ) ;
#3213 = CIRCLE ( 'NONE', #3724, 59.49999999999999289 ) ;
#3214 = EDGE_CURVE ( 'NONE', #301, #5249, #1636, .T. ) ;
#3215 = DIRECTION ( 'NONE',  ( -1.000000000000000000, -0.000000000000000000, -0.000000000000000000 ) ) ;
#3216 = VERTEX_POINT ( 'NONE', #46 ) ;
#3217 = DIRECTION ( 'NONE',  ( 1.000000000000000000, 0.000000000000000000, 0.000000000000000000 ) ) ;
#3218 = EDGE_LOOP ( 'NONE', ( #3384, #4490, #3899, #2842 ) ) ;
#3219 = CARTESIAN_POINT ( 'NONE',  ( 30.46176643169209797, 69.22639965118378313, 1.844567528081997532 ) ) ;
#3220 = EDGE_LOOP ( 'NONE', ( #293, #804, #144, #4006, #3618 ) ) ;
#3221 = CARTESIAN_POINT ( 'NONE',  ( 30.00000000000000000, -22.43818669639379237, -49.66666666666665009 ) ) ;
#3222 = ADVANCED_FACE ( 'NONE', ( #2121 ), #3727, .F. ) ;
#3223 = EDGE_CURVE ( 'NONE', #2348, #462, #1185, .T. ) ;
#3224 = CARTESIAN_POINT ( 'NONE',  ( 6.999999999999999112, 0.000000000000000000, 18.50000000000000000 ) ) ;
#3225 = VERTEX_POINT ( 'NONE', #999 ) ;
#3226 = DIRECTION ( 'NONE',  ( 1.000000000000000000, 0.000000000000000000, 0.000000000000000000 ) ) ;
#3227 = VECTOR ( 'NONE', #4376, 1000.000000000000000 ) ;
#3228 = DIRECTION ( 'NONE',  ( -1.000000000000000000, -0.000000000000000000, -0.000000000000000000 ) ) ;
#3229 = CIRCLE ( 'NONE', #499, 5.000000000000000888 ) ;
#3230 = CARTESIAN_POINT ( 'NONE',  ( 32.00000000000000000, 0.000000000000000000, 0.000000000000000000 ) ) ;
#3231 = DIRECTION ( 'NONE',  ( -1.000000000000000000, -0.000000000000000000, -0.000000000000000000 ) ) ;
#3232 = ORIENTED_EDGE ( 'NONE', *, *, #4141, .T. ) ;
#3233 = DIRECTION ( 'NONE',  ( 0.000000000000000000, 0.000000000000000000, 1.000000000000000000 ) ) ;
#3234 = EDGE_LOOP ( 'NONE', ( #1353, #3432, #1342, #34 ) ) ;
#3235 = DIRECTION ( 'NONE',  ( 0.000000000000000000, 0.000000000000000000, 1.000000000000000000 ) ) ;
#3236 = CARTESIAN_POINT ( 'NONE',  ( -8.000000000000000000, 32.22656249999982947, -16.04520705486859100 ) ) ;
#3237 = CIRCLE ( 'NONE', #1708, 5.000000000000004441 ) ;
#3238 = ORIENTED_EDGE ( 'NONE', *, *, #4060, .F. ) ;
#3239 = ORIENTED_EDGE ( 'NONE', *, *, #4366, .T. ) ;
#3240 = ORIENTED_EDGE ( 'NONE', *, *, #4251, .T. ) ;
#3241 = DIRECTION ( 'NONE',  ( 0.000000000000000000, 0.000000000000000000, 1.000000000000000000 ) ) ;
#3242 = DIRECTION ( 'NONE',  ( 0.000000000000000000, 0.000000000000000000, 1.000000000000000000 ) ) ;
#3243 = ORIENTED_EDGE ( 'NONE', *, *, #3719, .F. ) ;
#3244 = EDGE_LOOP ( 'NONE', ( #3954, #1847, #189, #4765 ) ) ;
#3245 = CYLINDRICAL_SURFACE ( 'NONE', #2493, 17.50000000000000000 ) ;
#3246 = CIRCLE ( 'NONE', #1370, 1.999999999999998224 ) ;
#3247 = EDGE_CURVE ( 'NONE', #982, #68, #3084, .T. ) ;
#3248 = FACE_OUTER_BOUND ( 'NONE', #83, .T. ) ;
#3249 = AXIS2_PLACEMENT_3D ( 'NONE', #167, #992, #537 ) ;
#3250 = FACE_BOUND ( 'NONE', #4957, .T. ) ;
#3251 = CARTESIAN_POINT ( 'NONE',  ( 32.00000000000000000, 0.000000000000000000, 0.000000000000000000 ) ) ;
#3252 = EDGE_CURVE ( 'NONE', #4665, #798, #1118, .T. ) ;
#3253 = VERTEX_POINT ( 'NONE', #1022 ) ;
#3254 = ADVANCED_FACE ( 'NONE', ( #1382 ), #3778, .F. ) ;
#3255 = CARTESIAN_POINT ( 'NONE',  ( 30.00000000000000000, 0.000000000000000000, -68.00000000000001421 ) ) ;
#3256 = FACE_BOUND ( 'NONE', #751, .T. ) ;
#3257 = FACE_OUTER_BOUND ( 'NONE', #2537, .T. ) ;
#3258 = EDGE_LOOP ( 'NONE', ( #3655, #3768 ) ) ;
#3259 = ADVANCED_FACE ( 'NONE', ( #3854 ), #5014, .F. ) ;
#3260 = DIRECTION ( 'NONE',  ( 1.000000000000000000, 0.000000000000000000, 0.000000000000000000 ) ) ;
#3261 = ORIENTED_EDGE ( 'NONE', *, *, #3118, .T. ) ;
#3262 = CARTESIAN_POINT ( 'NONE',  ( 12.00000000000000000, 12.02081528017130019, 12.02081528017130019 ) ) ;
#3263 = DIRECTION ( 'NONE',  ( 0.000000000000000000, 0.000000000000000000, 1.000000000000000000 ) ) ;
#3264 = ORIENTED_EDGE ( 'NONE', *, *, #3380, .F. ) ;
#3265 = ORIENTED_EDGE ( 'NONE', *, *, #4581, .T. ) ;
#3266 = CARTESIAN_POINT ( 'NONE',  ( 30.00000000000000000, 69.94202898550727809, -2.848259361516118915 ) ) ;
#3267 = DIRECTION ( 'NONE',  ( 1.000000000000000000, 0.000000000000000000, 0.000000000000000000 ) ) ;
#3268 = EDGE_LOOP ( 'NONE', ( #3006, #3932 ) ) ;
#3269 = VECTOR ( 'NONE', #525, 1000.000000000000000 ) ;
#3270 = CARTESIAN_POINT ( 'NONE',  ( 30.00000000000000000, 8.572527594031474570E-15, 70.00000000000001421 ) ) ;
#3271 = CIRCLE ( 'NONE', #2353, 2.000000000000000000 ) ;
#3272 = CARTESIAN_POINT ( 'NONE',  ( 31.62049021336930821, 69.15098191996713695, 2.651651391521581136 ) ) ;
#3273 = CARTESIAN_POINT ( 'NONE',  ( 30.00000000000000000, 49.66666666666688457, 22.43818669639327013 ) ) ;
#3274 = PLANE ( 'NONE',  #2583 ) ;
#3275 = VERTEX_POINT ( 'NONE', #3461 ) ;
#3276 = AXIS2_PLACEMENT_3D ( 'NONE', #1827, #929, #3444 ) ;
#3277 = DIRECTION ( 'NONE',  ( 1.000000000000000000, 0.000000000000000000, 0.000000000000000000 ) ) ;
#3278 = EDGE_CURVE ( 'NONE', #794, #4518, #4657, .T. ) ;
#3279 = DIRECTION ( 'NONE',  ( 1.000000000000000000, 0.000000000000000000, 0.000000000000000000 ) ) ;
#3280 = VERTEX_POINT ( 'NONE', #542 ) ;
#3281 = EDGE_CURVE ( 'NONE', #1500, #5285, #5050, .T. ) ;
#3282 = DIRECTION ( 'NONE',  ( 1.000000000000000000, 0.000000000000000000, 0.000000000000000000 ) ) ;
#3283 = VERTEX_POINT ( 'NONE', #4688 ) ;
#3284 = DIRECTION ( 'NONE',  ( 0.000000000000000000, 0.000000000000000000, -1.000000000000000000 ) ) ;
#3285 = ORIENTED_EDGE ( 'NONE', *, *, #179, .F. ) ;
#3286 = CARTESIAN_POINT ( 'NONE',  ( 30.00000000000000000, 48.00000000000000000, -5.027733127934112032E-13 ) ) ;
#3287 = EDGE_CURVE ( 'NONE', #2997, #4861, #1210, .T. ) ;
#3288 = CARTESIAN_POINT ( 'NONE',  ( 30.00000000000000000, -25.96028645833328241, 12.92530568308840699 ) ) ;
#3289 = EDGE_CURVE ( 'NONE', #2897, #1120, #4912, .T. ) ;
#3290 = EDGE_LOOP ( 'NONE', ( #4433, #4066, #3167, #4954, #5084 ) ) ;
#3291 = AXIS2_PLACEMENT_3D ( 'NONE', #1307, #60, #2940 ) ;
#3292 = DIRECTION ( 'NONE',  ( 0.000000000000000000, 0.9113149847094814682, 0.4117098476402497598 ) ) ;
#3293 = AXIS2_PLACEMENT_3D ( 'NONE', #875, #2526, #1304 ) ;
#3294 = DIRECTION ( 'NONE',  ( 0.000000000000000000, 0.000000000000000000, -1.000000000000000000 ) ) ;
#3295 = ORIENTED_EDGE ( 'NONE', *, *, #3092, .T. ) ;
#3296 = DIRECTION ( 'NONE',  ( 1.000000000000000000, 0.000000000000000000, 0.000000000000000000 ) ) ;
#3297 = VECTOR ( 'NONE', #42, 1000.000000000000000 ) ;
#3298 = VECTOR ( 'NONE', #2990, 1000.000000000000000 ) ;
#3299 = CARTESIAN_POINT ( 'NONE',  ( 31.76343722670578629, 68.93008068066588123, 2.585339407428363767 ) ) ;
#3300 = FACE_BOUND ( 'NONE', #1192, .T. ) ;
#3301 = EDGE_LOOP ( 'NONE', ( #4287, #4042 ) ) ;
#3302 = PLANE ( 'NONE',  #713 ) ;
#3303 = AXIS2_PLACEMENT_3D ( 'NONE', #5298, #2830, #2070 ) ;
#3304 = ORIENTED_EDGE ( 'NONE', *, *, #1465, .F. ) ;
#3305 = CIRCLE ( 'NONE', #997, 5.000000000000000888 ) ;
#3306 = CARTESIAN_POINT ( 'NONE',  ( 32.00000000000000000, -14.00000000000000000, 1.714505518806289905E-15 ) ) ;
#3307 = LINE ( 'NONE', #500, #2467 ) ;
#3308 = DIRECTION ( 'NONE',  ( 0.000000000000000000, 0.000000000000000000, -1.000000000000000000 ) ) ;
#3309 = EDGE_LOOP ( 'NONE', ( #3304, #1311 ) ) ;
#3310 = EDGE_CURVE ( 'NONE', #4243, #3330, #617, .T. ) ;
#3311 = CARTESIAN_POINT ( 'NONE',  ( 32.00000000000000000, -14.84924240491750069, -14.84924240491750069 ) ) ;
#3312 = AXIS2_PLACEMENT_3D ( 'NONE', #2914, #771, #3208 ) ;
#3313 = CIRCLE ( 'NONE', #1083, 2.000000000000000000 ) ;
#3314 = EDGE_LOOP ( 'NONE', ( #3232, #1407 ) ) ;
#3315 = DIRECTION ( 'NONE',  ( -1.000000000000000000, -0.000000000000000000, -0.000000000000000000 ) ) ;
#3316 = CARTESIAN_POINT ( 'NONE',  ( 32.00000000000000000, 68.64285714285715301, 1.469068842943076492 ) ) ;
#3317 = DIRECTION ( 'NONE',  ( 1.000000000000000000, 0.000000000000000000, 0.000000000000000000 ) ) ;
#3318 = ORIENTED_EDGE ( 'NONE', *, *, #820, .F. ) ;
#3319 = EDGE_CURVE ( 'NONE', #3280, #2646, #3435, .T. ) ;
#3320 = EDGE_CURVE ( 'NONE', #4242, #2250, #783, .T. ) ;
#3321 = DIRECTION ( 'NONE',  ( 1.000000000000000000, 0.000000000000000000, 0.000000000000000000 ) ) ;
#3322 = DIRECTION ( 'NONE',  ( 0.000000000000000000, 0.000000000000000000, -1.000000000000000000 ) ) ;
#3323 = ORIENTED_EDGE ( 'NONE', *, *, #1182, .F. ) ;
#3324 = EDGE_LOOP ( 'NONE', ( #2518, #1145, #831, #618 ) ) ;
#3325 = ORIENTED_EDGE ( 'NONE', *, *, #3194, .F. ) ;
#3326 = CARTESIAN_POINT ( 'NONE',  ( 30.76721179318045429, 69.06888848522720536, 1.771197371130177611 ) ) ;
#3327 = EDGE_CURVE ( 'NONE', #47, #4444, #3774, .T. ) ;
#3328 = CARTESIAN_POINT ( 'NONE',  ( 32.00000000000000000, 70.00000000000001421, 0.000000000000000000 ) ) ;
#3329 = LINE ( 'NONE', #72, #5102 ) ;
#3330 = VERTEX_POINT ( 'NONE', #2281 ) ;
#3331 = CARTESIAN_POINT ( 'NONE',  ( -11.99999999999999822, -48.00000000000000000, -3.150000000000003464 ) ) ;
#3332 = AXIS2_PLACEMENT_3D ( 'NONE', #2159, #2654, #930 ) ;
#3333 = AXIS2_PLACEMENT_3D ( 'NONE', #2084, #3696, #41 ) ;
#3334 = DIRECTION ( 'NONE',  ( 0.000000000000000000, 0.000000000000000000, -1.000000000000000000 ) ) ;
#3335 = DIRECTION ( 'NONE',  ( 0.000000000000000000, 0.000000000000000000, -1.000000000000000000 ) ) ;
#3336 = DIRECTION ( 'NONE',  ( 0.000000000000000000, 0.000000000000000000, 1.000000000000000000 ) ) ;
#3337 = ORIENTED_EDGE ( 'NONE', *, *, #17, .T. ) ;
#3338 = CARTESIAN_POINT ( 'NONE',  ( -18.00000000000001421, 6.735557395310442023E-16, 5.500000000000000000 ) ) ;
#3339 = VERTEX_POINT ( 'NONE', #944 ) ;
#3340 = CARTESIAN_POINT ( 'NONE',  ( 30.00000000000000000, 54.22324159021378875, -24.49673593459562326 ) ) ;
#3341 = CARTESIAN_POINT ( 'NONE',  ( -18.00000000000001421, 0.000000000000000000, -5.500000000000000000 ) ) ;
#3342 = ORIENTED_EDGE ( 'NONE', *, *, #538, .F. ) ;
#3343 = LINE ( 'NONE', #5001, #670 ) ;
#3344 = CARTESIAN_POINT ( 'NONE',  ( 32.00000000000000000, -10.60660171779819905, 12.60660171779819905 ) ) ;
#3345 = ADVANCED_FACE ( 'NONE', ( #1735 ), #5101, .F. ) ;
#3346 = EDGE_LOOP ( 'NONE', ( #1536, #4459, #3265, #4677, #218 ) ) ;
#3347 = EDGE_CURVE ( 'NONE', #4994, #3824, #4193, .T. ) ;
#3348 = ORIENTED_EDGE ( 'NONE', *, *, #1723, .T. ) ;
#3349 = DIRECTION ( 'NONE',  ( -1.000000000000000000, 0.000000000000000000, 0.000000000000000000 ) ) ;
#3350 = DIRECTION ( 'NONE',  ( 1.000000000000000000, -0.000000000000000000, -0.000000000000000000 ) ) ;
#3351 = AXIS2_PLACEMENT_3D ( 'NONE', #1846, #4632, #5127 ) ;
#3352 = AXIS2_PLACEMENT_3D ( 'NONE', #2153, #5021, #4636 ) ;
#3353 = CARTESIAN_POINT ( 'NONE',  ( 32.00000000000000000, -10.60660171779819905, 10.60660171779819905 ) ) ;
#3354 = VERTEX_POINT ( 'NONE', #4604 ) ;
#3355 = EDGE_CURVE ( 'NONE', #132, #4557, #4652, .T. ) ;
#3356 = CARTESIAN_POINT ( 'NONE',  ( 12.00000000000000000, 0.000000000000000000, 0.000000000000000000 ) ) ;
#3357 = ORIENTED_EDGE ( 'NONE', *, *, #4176, .T. ) ;
#3358 = EDGE_LOOP ( 'NONE', ( #4884, #1459, #219, #4012 ) ) ;
#3359 = VECTOR ( 'NONE', #2516, 1000.000000000000000 ) ;
#3360 = CARTESIAN_POINT ( 'NONE',  ( 2.000000000000000000, 0.000000000000000000, 0.000000000000000000 ) ) ;
#3361 = AXIS2_PLACEMENT_3D ( 'NONE', #3565, #1900, #1572 ) ;
#3362 = DIRECTION ( 'NONE',  ( -1.000000000000000000, 0.000000000000000000, 0.000000000000000000 ) ) ;
#3363 = DIRECTION ( 'NONE',  ( 0.000000000000000000, 0.000000000000000000, -1.000000000000000000 ) ) ;
#3364 = ORIENTED_EDGE ( 'NONE', *, *, #3214, .F. ) ;
#3365 = CIRCLE ( 'NONE', #1842, 5.000000000000000888 ) ;
#3366 = DIRECTION ( 'NONE',  ( 1.000000000000000000, -0.000000000000000000, -0.000000000000000000 ) ) ;
#3367 = DIRECTION ( 'NONE',  ( 1.000000000000000000, 0.000000000000000000, 0.000000000000000000 ) ) ;
#3368 = CYLINDRICAL_SURFACE ( 'NONE', #1329, 17.50000000000000711 ) ;
#3369 = CARTESIAN_POINT ( 'NONE',  ( 30.00000000000000000, 32.22656249999982947, -16.04520705486859100 ) ) ;
#3370 = CIRCLE ( 'NONE', #710, 2.050000000000000711 ) ;
#3371 = AXIS2_PLACEMENT_3D ( 'NONE', #1503, #3583, #1562 ) ;
#3372 = CARTESIAN_POINT ( 'NONE',  ( 31.15727698377956756, 69.62962130589932030, -2.042311549252477931 ) ) ;
#3373 = DIRECTION ( 'NONE',  ( 0.000000000000000000, -1.000000000000000000, 0.000000000000000000 ) ) ;
#3374 = VERTEX_POINT ( 'NONE', #4224 ) ;
#3375 = ORIENTED_EDGE ( 'NONE', *, *, #2157, .F. ) ;
#3376 = ORIENTED_EDGE ( 'NONE', *, *, #4869, .T. ) ;
#3377 = DIRECTION ( 'NONE',  ( -1.000000000000000000, -0.000000000000000000, -0.000000000000000000 ) ) ;
#3378 = AXIS2_PLACEMENT_3D ( 'NONE', #1498, #3155, #2785 ) ;
#3379 = CIRCLE ( 'NONE', #1332, 3.150000000000000355 ) ;
#3380 = EDGE_CURVE ( 'NONE', #4707, #5249, #4391, .T. ) ;
#3381 = DIRECTION ( 'NONE',  ( 0.000000000000000000, 0.000000000000000000, -1.000000000000000000 ) ) ;
#3382 = DIRECTION ( 'NONE',  ( 1.000000000000000000, 0.000000000000000000, 0.000000000000000000 ) ) ;
#3383 = DIRECTION ( 'NONE',  ( 0.000000000000000000, 0.000000000000000000, -1.000000000000000000 ) ) ;
#3384 = ORIENTED_EDGE ( 'NONE', *, *, #2584, .T. ) ;
#3385 = VECTOR ( 'NONE', #1033, 1000.000000000000000 ) ;
#3386 = EDGE_CURVE ( 'NONE', #590, #1163, #1103, .T. ) ;
#3387 = EDGE_CURVE ( 'NONE', #1915, #4744, #3509, .T. ) ;
#3388 = CARTESIAN_POINT ( 'NONE',  ( 32.00000000000000000, -22.43818669639379237, -49.66666666666665009 ) ) ;
#3389 = DIRECTION ( 'NONE',  ( 0.000000000000000000, 0.000000000000000000, 1.000000000000000000 ) ) ;
#3390 = CYLINDRICAL_SURFACE ( 'NONE', #954, 5.000000000000000888 ) ;
#3391 = VERTEX_POINT ( 'NONE', #5200 ) ;
#3392 = CARTESIAN_POINT ( 'NONE',  ( 10.00000000000000000, 48.00000000000000000, -14.20000000000050910 ) ) ;
#3393 = DIRECTION ( 'NONE',  ( 1.000000000000000000, 0.000000000000000000, 0.000000000000000000 ) ) ;
#3394 = ORIENTED_EDGE ( 'NONE', *, *, #3949, .F. ) ;
#3395 = DIRECTION ( 'NONE',  ( 0.000000000000000000, 1.586032892321651496E-15, 1.000000000000000000 ) ) ;
#3396 = FACE_OUTER_BOUND ( 'NONE', #971, .T. ) ;
#3397 = FACE_OUTER_BOUND ( 'NONE', #1717, .T. ) ;
#3398 = ORIENTED_EDGE ( 'NONE', *, *, #2648, .F. ) ;
#3399 = ORIENTED_EDGE ( 'NONE', *, *, #3412, .F. ) ;
#3400 = ORIENTED_EDGE ( 'NONE', *, *, #767, .F. ) ;
#3401 = DIRECTION ( 'NONE',  ( -1.000000000000000000, -0.000000000000000000, -0.000000000000000000 ) ) ;
#3402 = CARTESIAN_POINT ( 'NONE',  ( 32.00000000000000000, 49.66666666666688457, 22.43818669639327013 ) ) ;
#3403 = CARTESIAN_POINT ( 'NONE',  ( 32.00000000000000000, 25.32015562987556834, 56.04587155963301370 ) ) ;
#3404 = ORIENTED_EDGE ( 'NONE', *, *, #1559, .F. ) ;
#3405 = TOROIDAL_SURFACE ( 'NONE', #3910, 7.000000000000000000, 2.000000000000000000 ) ;
#3406 = CARTESIAN_POINT ( 'NONE',  ( 12.00000000000000000, -3.673940397442059967E-15, -20.00000000000000000 ) ) ;
#3407 = EDGE_CURVE ( 'NONE', #5139, #4627, #1805, .T. ) ;
#3408 = AXIS2_PLACEMENT_3D ( 'NONE', #4114, #4934, #3336 ) ;
#3409 = ORIENTED_EDGE ( 'NONE', *, *, #2420, .F. ) ;
#3410 = CARTESIAN_POINT ( 'NONE',  ( 30.00000000000000000, -22.43818669639379237, -49.66666666666665009 ) ) ;
#3411 = DIRECTION ( 'NONE',  ( 1.000000000000000000, -0.000000000000000000, -0.000000000000000000 ) ) ;
#3412 = EDGE_CURVE ( 'NONE', #2530, #2331, #1539, .T. ) ;
#3413 = AXIS2_PLACEMENT_3D ( 'NONE', #1445, #5184, #707 ) ;
#3414 = EDGE_CURVE ( 'NONE', #4861, #974, #3154, .T. ) ;
#3415 = ORIENTED_EDGE ( 'NONE', *, *, #4718, .T. ) ;
#3416 = CYLINDRICAL_SURFACE ( 'NONE', #4986, 2.049999999999999822 ) ;
#3417 = CIRCLE ( 'NONE', #5079, 2.000000000000000000 ) ;
#3418 = AXIS2_PLACEMENT_3D ( 'NONE', #4312, #185, #632 ) ;
#3419 = DIRECTION ( 'NONE',  ( 1.000000000000000000, 0.000000000000000000, 0.000000000000000000 ) ) ;
#3420 = DIRECTION ( 'NONE',  ( 1.000000000000000000, -0.000000000000000000, -0.000000000000000000 ) ) ;
#3421 = ADVANCED_FACE ( 'NONE', ( #1566 ), #3933, .F. ) ;
#3422 = VECTOR ( 'NONE', #1405, 1000.000000000000000 ) ;
#3423 = CIRCLE ( 'NONE', #1888, 3.149999999999999911 ) ;
#3424 = CARTESIAN_POINT ( 'NONE',  ( 30.23494528173696239, 69.28179865911775437, -1.866837958162150812 ) ) ;
#3425 = DIRECTION ( 'NONE',  ( -1.000000000000000000, 0.000000000000000000, 0.000000000000000000 ) ) ;
#3426 = ORIENTED_EDGE ( 'NONE', *, *, #4709, .F. ) ;
#3427 = ORIENTED_EDGE ( 'NONE', *, *, #2932, .T. ) ;
#3428 = ORIENTED_EDGE ( 'NONE', *, *, #436, .T. ) ;
#3429 = FACE_OUTER_BOUND ( 'NONE', #1937, .T. ) ;
#3430 = CARTESIAN_POINT ( 'NONE',  ( 12.00000000000000000, 0.000000000000000000, 0.000000000000000000 ) ) ;
#3431 = DIRECTION ( 'NONE',  ( -1.000000000000000000, -0.000000000000000000, -0.000000000000000000 ) ) ;
#3432 = ORIENTED_EDGE ( 'NONE', *, *, #2061, .T. ) ;
#3433 = DIRECTION ( 'NONE',  ( 0.000000000000000000, -0.07407407407408403421, -0.9972527420619445859 ) ) ;
#3434 = ORIENTED_EDGE ( 'NONE', *, *, #1622, .T. ) ;
#3435 = CIRCLE ( 'NONE', #3351, 2.000000000000000000 ) ;
#3436 = CARTESIAN_POINT ( 'NONE',  ( 30.00000000000000000, 32.22656249999982947, -11.04520705486859100 ) ) ;
#3437 = EDGE_LOOP ( 'NONE', ( #2322, #3047, #641, #2964 ) ) ;
#3438 = DIRECTION ( 'NONE',  ( 1.000000000000000000, 0.000000000000000000, 0.000000000000000000 ) ) ;
#3439 = FACE_OUTER_BOUND ( 'NONE', #4654, .T. ) ;
#3440 = AXIS2_PLACEMENT_3D ( 'NONE', #4016, #2063, #3675 ) ;
#3441 = VECTOR ( 'NONE', #4561, 1000.000000000000000 ) ;
#3442 = EDGE_CURVE ( 'NONE', #1338, #2348, #3749, .T. ) ;
#3443 = ADVANCED_FACE ( 'NONE', ( #3560 ), #4188, .T. ) ;
#3444 = DIRECTION ( 'NONE',  ( 0.000000000000000000, 0.000000000000000000, -1.000000000000000000 ) ) ;
#3445 = DIRECTION ( 'NONE',  ( 1.000000000000000000, 0.000000000000000000, 0.000000000000000000 ) ) ;
#3446 = DIRECTION ( 'NONE',  ( 0.000000000000000000, 0.000000000000000000, 1.000000000000000000 ) ) ;
#3447 = CARTESIAN_POINT ( 'NONE',  ( 10.00000000000000000, -6.071532165918824830E-15, 48.00000000000000000 ) ) ;
#3448 = VECTOR ( 'NONE', #1547, 1000.000000000000000 ) ;
#3449 = EDGE_CURVE ( 'NONE', #5064, #1335, #1629, .T. ) ;
#3450 = EDGE_CURVE ( 'NONE', #2076, #787, #1277, .T. ) ;
#3451 = CARTESIAN_POINT ( 'NONE',  ( 30.82867080214529665, 69.00923136093001631, -1.737857512580351704 ) ) ;
#3452 = TOROIDAL_SURFACE ( 'NONE', #3790, 7.000000000000000000, 2.000000000000000000 ) ;
#3453 = FACE_OUTER_BOUND ( 'NONE', #3649, .T. ) ;
#3454 = EDGE_LOOP ( 'NONE', ( #4914, #1224, #1105, #3100 ) ) ;
#3455 = ORIENTED_EDGE ( 'NONE', *, *, #50, .T. ) ;
#3456 = AXIS2_PLACEMENT_3D ( 'NONE', #4036, #5227, #298 ) ;
#3457 = CARTESIAN_POINT ( 'NONE',  ( 32.00000000000000000, 32.22656249999982947, -16.04520705486859100 ) ) ;
#3458 = ORIENTED_EDGE ( 'NONE', *, *, #3186, .F. ) ;
#3459 = CARTESIAN_POINT ( 'NONE',  ( 32.00000000000000000, 0.000000000000000000, 0.000000000000000000 ) ) ;
#3460 = CIRCLE ( 'NONE', #1770, 59.49999999999999289 ) ;
#3461 = CARTESIAN_POINT ( 'NONE',  ( -8.000000000000000000, 12.47960548711975548, -35.73177083333332860 ) ) ;
#3462 = ORIENTED_EDGE ( 'NONE', *, *, #2360, .T. ) ;
#3463 = DIRECTION ( 'NONE',  ( -1.000000000000000000, -0.000000000000000000, -0.000000000000000000 ) ) ;
#3464 = AXIS2_PLACEMENT_3D ( 'NONE', #3198, #4823, #3962 ) ;
#3465 = CARTESIAN_POINT ( 'NONE',  ( 32.00000000000000000, -48.00000000000000000, 1.675911042644704011E-13 ) ) ;
#3466 = CARTESIAN_POINT ( 'NONE',  ( 32.00000000000000000, -3.673940397442059967E-15, -22.00000000000000000 ) ) ;
#3467 = CARTESIAN_POINT ( 'NONE',  ( 32.00000000000000000, 48.00000000000000000, -5.027733127934112032E-13 ) ) ;
#3468 = DIRECTION ( 'NONE',  ( 0.000000000000000000, 0.000000000000000000, -1.000000000000000000 ) ) ;
#3469 = DIRECTION ( 'NONE',  ( -1.000000000000000000, 0.000000000000000000, 0.000000000000000000 ) ) ;
#3470 = CARTESIAN_POINT ( 'NONE',  ( 32.00000000000000000, -48.00000000000000000, -14.19999999999983409 ) ) ;
#3471 = EDGE_CURVE ( 'NONE', #4875, #2331, #1809, .T. ) ;
#3472 = CARTESIAN_POINT ( 'NONE',  ( 30.61494098450901191, 69.88078589258543616, -2.107366727443903187 ) ) ;
#3473 = DIRECTION ( 'NONE',  ( 0.000000000000000000, 0.000000000000000000, -1.000000000000000000 ) ) ;
#3474 = ORIENTED_EDGE ( 'NONE', *, *, #2927, .F. ) ;
#3475 = EDGE_LOOP ( 'NONE', ( #2112, #105 ) ) ;
#3476 = EDGE_CURVE ( 'NONE', #3391, #5191, #762, .T. ) ;
#3477 = EDGE_CURVE ( 'NONE', #1620, #2254, #4821, .T. ) ;
#3478 = VECTOR ( 'NONE', #3692, 1000.000000000000000 ) ;
#3479 = CARTESIAN_POINT ( 'NONE',  ( 32.00000000000000000, -25.96028645833337123, -12.92530568308822581 ) ) ;
#3480 = AXIS2_PLACEMENT_3D ( 'NONE', #738, #3997, #2046 ) ;
#3481 = DIRECTION ( 'NONE',  ( 1.000000000000000000, 0.000000000000000000, 0.000000000000000000 ) ) ;
#3482 = CARTESIAN_POINT ( 'NONE',  ( 30.00000000000000000, 0.000000000000000000, 0.000000000000000000 ) ) ;
#3483 = ORIENTED_EDGE ( 'NONE', *, *, #3476, .T. ) ;
#3484 = CARTESIAN_POINT ( 'NONE',  ( -8.000000000000000000, 0.000000000000000000, 0.000000000000000000 ) ) ;
#3485 = EDGE_CURVE ( 'NONE', #1895, #4627, #648, .T. ) ;
#3486 = VERTEX_POINT ( 'NONE', #674 ) ;
#3487 = ORIENTED_EDGE ( 'NONE', *, *, #4435, .F. ) ;
#3488 = DIRECTION ( 'NONE',  ( 0.000000000000000000, 0.000000000000000000, -1.000000000000000000 ) ) ;
#3489 = CARTESIAN_POINT ( 'NONE',  ( -8.000000000000000000, 0.000000000000000000, 0.000000000000000000 ) ) ;
#3490 = DIRECTION ( 'NONE',  ( 0.000000000000000000, 0.000000000000000000, 1.000000000000000000 ) ) ;
#3491 = DIRECTION ( 'NONE',  ( 1.000000000000000000, 0.000000000000000000, 0.000000000000000000 ) ) ;
#3492 = DIRECTION ( 'NONE',  ( 1.000000000000000000, -0.000000000000000000, -0.000000000000000000 ) ) ;
#3493 = CARTESIAN_POINT ( 'NONE',  ( 32.00000000000000000, 25.32015562987556834, -56.04587155963300660 ) ) ;
#3494 = ORIENTED_EDGE ( 'NONE', *, *, #2386, .T. ) ;
#3495 = CARTESIAN_POINT ( 'NONE',  ( 32.00000000000000000, 10.00000000000000000, 2.000000000000000000 ) ) ;
#3496 = CIRCLE ( 'NONE', #519, 15.50000000000000888 ) ;
#3497 = EDGE_LOOP ( 'NONE', ( #4158, #1736, #1682, #639 ) ) ;
#3498 = DIRECTION ( 'NONE',  ( 0.000000000000000000, 0.000000000000000000, -1.000000000000000000 ) ) ;
#3499 = EDGE_CURVE ( 'NONE', #4731, #3977, #4630, .T. ) ;
#3500 = CYLINDRICAL_SURFACE ( 'NONE', #1497, 2.000000000000000000 ) ;
#3501 = ORIENTED_EDGE ( 'NONE', *, *, #1115, .F. ) ;
#3502 = VERTEX_POINT ( 'NONE', #697 ) ;
#3503 = DIRECTION ( 'NONE',  ( 1.000000000000000000, 0.000000000000000000, 0.000000000000000000 ) ) ;
#3504 = ADVANCED_FACE ( 'NONE', ( #2355 ), #3169, .F. ) ;
#3505 = CARTESIAN_POINT ( 'NONE',  ( 32.00000000000000000, -22.43818669639379237, -49.66666666666665009 ) ) ;
#3506 = EDGE_CURVE ( 'NONE', #1994, #2898, #3246, .T. ) ;
#3507 = DIRECTION ( 'NONE',  ( -1.000000000000000000, 0.000000000000000000, 0.000000000000000000 ) ) ;
#3508 = VERTEX_POINT ( 'NONE', #754 ) ;
#3509 = LINE ( 'NONE', #4843, #4091 ) ;
#3510 = EDGE_LOOP ( 'NONE', ( #2249, #408, #3849, #3325 ) ) ;
#3511 = CARTESIAN_POINT ( 'NONE',  ( 12.00000000000000000, 12.02081528017130019, 12.02081528017130019 ) ) ;
#3512 = ADVANCED_FACE ( 'NONE', ( #3882 ), #1461, .F. ) ;
#3513 = DIRECTION ( 'NONE',  ( 1.000000000000000000, 0.000000000000000000, 0.000000000000000000 ) ) ;
#3514 = CARTESIAN_POINT ( 'NONE',  ( 32.00000000000000000, 48.00000000000000000, 14.19999999999950013 ) ) ;
#3515 = DIRECTION ( 'NONE',  ( 0.000000000000000000, 0.000000000000000000, -1.000000000000000000 ) ) ;
#3516 = FACE_OUTER_BOUND ( 'NONE', #938, .T. ) ;
#3517 = CIRCLE ( 'NONE', #613, 1.999999999999998224 ) ;
#3518 = CARTESIAN_POINT ( 'NONE',  ( 12.00000000000000000, 13.43502884254440133, -15.43502884254440133 ) ) ;
#3519 = CARTESIAN_POINT ( 'NONE',  ( 12.00000000000000000, -14.00000000000000000, 2.000000000000001776 ) ) ;
#3520 = AXIS2_PLACEMENT_3D ( 'NONE', #3592, #4442, #3201 ) ;
#3521 = CIRCLE ( 'NONE', #193, 5.000000000000000888 ) ;
#3522 = DIRECTION ( 'NONE',  ( 0.000000000000000000, 0.000000000000000000, -1.000000000000000000 ) ) ;
#3523 = LINE ( 'NONE', #3578, #1062 ) ;
#3524 = ORIENTED_EDGE ( 'NONE', *, *, #1251, .T. ) ;
#3525 = ORIENTED_EDGE ( 'NONE', *, *, #1623, .T. ) ;
#3526 = ORIENTED_EDGE ( 'NONE', *, *, #2983, .F. ) ;
#3527 = AXIS2_PLACEMENT_3D ( 'NONE', #3544, #4799, #2394 ) ;
#3528 = DIRECTION ( 'NONE',  ( 0.000000000000000000, 0.000000000000000000, 1.000000000000000000 ) ) ;
#3529 = CARTESIAN_POINT ( 'NONE',  ( 12.00000000000000000, 7.778174593052019858, -9.778174593052030517 ) ) ;
#3530 = DIRECTION ( 'NONE',  ( 0.000000000000000000, 0.000000000000000000, -1.000000000000000000 ) ) ;
#3531 = ORIENTED_EDGE ( 'NONE', *, *, #3223, .F. ) ;
#3532 = ORIENTED_EDGE ( 'NONE', *, *, #828, .F. ) ;
#3533 = DIRECTION ( 'NONE',  ( 1.000000000000000000, 0.000000000000000000, 0.000000000000000000 ) ) ;
#3534 = AXIS2_PLACEMENT_3D ( 'NONE', #5055, #3078, #248 ) ;
#3535 = EDGE_CURVE ( 'NONE', #1038, #4707, #4979, .T. ) ;
#3536 = VERTEX_POINT ( 'NONE', #1208 ) ;
#3537 = CARTESIAN_POINT ( 'NONE',  ( 12.00000000000000000, -1.959434878635769470E-15, -10.00000000000000000 ) ) ;
#3538 = CIRCLE ( 'NONE', #1237, 2.000000000000001776 ) ;
#3539 = CARTESIAN_POINT ( 'NONE',  ( 32.00000000000000000, -25.96028645833328241, 12.92530568308840699 ) ) ;
#3540 = DIRECTION ( 'NONE',  ( 0.000000000000000000, 0.000000000000000000, -1.000000000000000000 ) ) ;
#3541 = ADVANCED_FACE ( 'NONE', ( #4951 ), #3245, .T. ) ;
#3542 = VECTOR ( 'NONE', #715, 1000.000000000000000 ) ;
#3543 = ADVANCED_FACE ( 'NONE', ( #3611 ), #2032, .F. ) ;
#3544 = CARTESIAN_POINT ( 'NONE',  ( 12.00000000000000000, -10.60660171779819905, 10.60660171779819905 ) ) ;
#3545 = CARTESIAN_POINT ( 'NONE',  ( 6.999999999999999112, -1.917351751145801499E-15, -20.54999999999999716 ) ) ;
#3546 = DIRECTION ( 'NONE',  ( 1.000000000000000000, 0.000000000000000000, 0.000000000000000000 ) ) ;
#3547 = CARTESIAN_POINT ( 'NONE',  ( 30.00000000000000000, 16.04520705486824994, -32.22656249999999289 ) ) ;
#3548 = AXIS2_PLACEMENT_3D ( 'NONE', #4189, #18, #2541 ) ;
#3549 = EDGE_LOOP ( 'NONE', ( #4830, #5242, #4668, #4194 ) ) ;
#3550 = CARTESIAN_POINT ( 'NONE',  ( 12.00000000000000000, -9.192388155425119223, -7.192388155425118335 ) ) ;
#3551 = CARTESIAN_POINT ( 'NONE',  ( 32.00000000000000000, 49.29629629629646814, 17.45192298608353454 ) ) ;
#3552 = ORIENTED_EDGE ( 'NONE', *, *, #660, .F. ) ;
#3553 = ORIENTED_EDGE ( 'NONE', *, *, #3450, .F. ) ;
#3554 = AXIS2_PLACEMENT_3D ( 'NONE', #1097, #4348, #5166 ) ;
#3555 = CARTESIAN_POINT ( 'NONE',  ( 30.00000000000000000, 35.73177083333319359, -12.47960548712012852 ) ) ;
#3556 = FACE_OUTER_BOUND ( 'NONE', #3497, .T. ) ;
#3557 = DIRECTION ( 'NONE',  ( -2.942834468174947932E-16, -0.7345344214715383568, -0.6785714285714308236 ) ) ;
#3558 = ORIENTED_EDGE ( 'NONE', *, *, #4133, .T. ) ;
#3559 = ORIENTED_EDGE ( 'NONE', *, *, #1363, .F. ) ;
#3560 = FACE_OUTER_BOUND ( 'NONE', #3220, .T. ) ;
#3561 = EDGE_LOOP ( 'NONE', ( #4214, #3920 ) ) ;
#3562 = DIRECTION ( 'NONE',  ( 0.000000000000000000, 0.000000000000000000, -1.000000000000000000 ) ) ;
#3563 = ADVANCED_FACE ( 'NONE', ( #2818 ), #4549, .T. ) ;
#3564 = FACE_BOUND ( 'NONE', #3475, .T. ) ;
#3565 = CARTESIAN_POINT ( 'NONE',  ( 32.00000000000000000, 16.04520705486824994, -32.22656249999999289 ) ) ;
#3566 = AXIS2_PLACEMENT_3D ( 'NONE', #1893, #2693, #1126 ) ;
#3567 = DIRECTION ( 'NONE',  ( -1.000000000000000000, 0.000000000000000000, 0.000000000000000000 ) ) ;
#3568 = CARTESIAN_POINT ( 'NONE',  ( -11.99999999999999822, -5.685768424187408956E-15, 51.14999999999999858 ) ) ;
#3569 = EDGE_CURVE ( 'NONE', #1524, #3058, #3754, .T. ) ;
#3570 = FACE_OUTER_BOUND ( 'NONE', #3437, .T. ) ;
#3571 = EDGE_CURVE ( 'NONE', #1638, #3212, #3918, .T. ) ;
#3572 = CARTESIAN_POINT ( 'NONE',  ( 32.00000000000000000, 1.224646799147354045E-15, 18.00000000000000355 ) ) ;
#3573 = AXIS2_PLACEMENT_3D ( 'NONE', #2385, #1896, #3957 ) ;
#3574 = AXIS2_PLACEMENT_3D ( 'NONE', #53, #78, #3363 ) ;
#3575 = ORIENTED_EDGE ( 'NONE', *, *, #2263, .F. ) ;
#3576 = ORIENTED_EDGE ( 'NONE', *, *, #3407, .F. ) ;
#3577 = AXIS2_PLACEMENT_3D ( 'NONE', #70, #1293, #2871 ) ;
#3578 = CARTESIAN_POINT ( 'NONE',  ( 12.00000000000000000, -14.84924240491750069, -12.84924240491750069 ) ) ;
#3579 = EDGE_CURVE ( 'NONE', #2546, #1967, #4722, .T. ) ;
#3580 = ORIENTED_EDGE ( 'NONE', *, *, #4689, .T. ) ;
#3581 = ORIENTED_EDGE ( 'NONE', *, *, #3770, .T. ) ;
#3582 = DIRECTION ( 'NONE',  ( 0.000000000000000000, 1.000000000000000000, -1.047444401652940007E-14 ) ) ;
#3583 = DIRECTION ( 'NONE',  ( 1.000000000000000000, -0.000000000000000000, -0.000000000000000000 ) ) ;
#3584 = CIRCLE ( 'NONE', #4284, 2.050000000000000711 ) ;
#3585 = CARTESIAN_POINT ( 'NONE',  ( 32.00000000000000000, 67.96428571428572241, 2.203603264414617513 ) ) ;
#3586 = ORIENTED_EDGE ( 'NONE', *, *, #4612, .T. ) ;
#3587 = VERTEX_POINT ( 'NONE', #1266 ) ;
#3588 = CARTESIAN_POINT ( 'NONE',  ( 32.00000000000000000, 49.66666666666641561, -17.43818669639431107 ) ) ;
#3589 = EDGE_LOOP ( 'NONE', ( #1040, #1697, #1537, #197, #3192 ) ) ;
#3590 = DIRECTION ( 'NONE',  ( 0.000000000000000000, 0.000000000000000000, -1.000000000000000000 ) ) ;
#3591 = DIRECTION ( 'NONE',  ( -1.000000000000000000, 0.000000000000000000, 0.000000000000000000 ) ) ;
#3592 = CARTESIAN_POINT ( 'NONE',  ( 32.00000000000000000, -9.192388155425119223, -9.192388155425119223 ) ) ;
#3593 = LINE ( 'NONE', #5157, #3448 ) ;
#3594 = DIRECTION ( 'NONE',  ( 1.000000000000000000, -0.000000000000000000, -0.000000000000000000 ) ) ;
#3595 = PLANE ( 'NONE',  #4438 ) ;
#3596 = VERTEX_POINT ( 'NONE', #4866 ) ;
#3597 = ADVANCED_FACE ( 'NONE', ( #4489 ), #2329, .T. ) ;
#3598 = EDGE_CURVE ( 'NONE', #2609, #650, #4077, .T. ) ;
#3599 = CIRCLE ( 'NONE', #1737, 6.999999999999999112 ) ;
#3600 = DIRECTION ( 'NONE',  ( 0.000000000000000000, 0.000000000000000000, -1.000000000000000000 ) ) ;
#3601 = CARTESIAN_POINT ( 'NONE',  ( 32.00000000000000000, -48.00000000000000000, 1.675911042644704011E-13 ) ) ;
#3602 = CARTESIAN_POINT ( 'NONE',  ( -8.000000000000000000, -6.071532165918824830E-15, 48.00000000000000000 ) ) ;
#3603 = VERTEX_POINT ( 'NONE', #1236 ) ;
#3604 = EDGE_LOOP ( 'NONE', ( #2620, #887 ) ) ;
#3605 = EDGE_CURVE ( 'NONE', #2975, #3101, #94, .T. ) ;
#3606 = ADVANCED_FACE ( 'NONE', ( #4520 ), #4013, .F. ) ;
#3607 = CARTESIAN_POINT ( 'NONE',  ( 32.00000000000000000, 32.22656249999982947, -16.04520705486859100 ) ) ;
#3608 = CARTESIAN_POINT ( 'NONE',  ( 6.999999999999999112, 18.50000000000000000, 2.049999999999997158 ) ) ;
#3609 = VERTEX_POINT ( 'NONE', #3669 ) ;
#3610 = VERTEX_POINT ( 'NONE', #16 ) ;
#3611 = FACE_OUTER_BOUND ( 'NONE', #4842, .T. ) ;
#3612 = ORIENTED_EDGE ( 'NONE', *, *, #828, .T. ) ;
#3613 = AXIS2_PLACEMENT_3D ( 'NONE', #2340, #3939, #4879 ) ;
#3614 = FACE_OUTER_BOUND ( 'NONE', #4487, .T. ) ;
#3615 = FACE_OUTER_BOUND ( 'NONE', #199, .T. ) ;
#3616 = AXIS2_PLACEMENT_3D ( 'NONE', #3388, #223, #4298 ) ;
#3617 = DIRECTION ( 'NONE',  ( 1.000000000000000000, -0.000000000000000000, -0.000000000000000000 ) ) ;
#3618 = ORIENTED_EDGE ( 'NONE', *, *, #1982, .F. ) ;
#3619 = CIRCLE ( 'NONE', #4322, 4.999999999999997335 ) ;
#3620 = AXIS2_PLACEMENT_3D ( 'NONE', #2081, #1700, #5036 ) ;
#3621 = CARTESIAN_POINT ( 'NONE',  ( 32.00000000000000000, -16.26345596729059650, 14.26345596729059650 ) ) ;
#3622 = CARTESIAN_POINT ( 'NONE',  ( 32.00000000000000000, -22.43818669639379237, 49.66666666666665009 ) ) ;
#3623 = CARTESIAN_POINT ( 'NONE',  ( -8.000000000000000000, 49.66666666666641561, -22.43818669639431107 ) ) ;
#3624 = VERTEX_POINT ( 'NONE', #3270 ) ;
#3625 = DIRECTION ( 'NONE',  ( 1.000000000000000000, -0.000000000000000000, -0.000000000000000000 ) ) ;
#3626 = CIRCLE ( 'NONE', #2623, 14.20000000000000462 ) ;
#3627 = ORIENTED_EDGE ( 'NONE', *, *, #4337, .F. ) ;
#3628 = FACE_OUTER_BOUND ( 'NONE', #4464, .T. ) ;
#3629 = VERTEX_POINT ( 'NONE', #434 ) ;
#3630 = FACE_OUTER_BOUND ( 'NONE', #402, .T. ) ;
#3631 = DIRECTION ( 'NONE',  ( 0.000000000000000000, 0.000000000000000000, -1.000000000000000000 ) ) ;
#3632 = EDGE_CURVE ( 'NONE', #4037, #4994, #3070, .T. ) ;
#3633 = ORIENTED_EDGE ( 'NONE', *, *, #5114, .T. ) ;
#3634 = CIRCLE ( 'NONE', #1337, 2.000000000000000000 ) ;
#3635 = AXIS2_PLACEMENT_3D ( 'NONE', #808, #3077, #5097 ) ;
#3636 = CARTESIAN_POINT ( 'NONE',  ( 30.00000000000000000, -56.04587155963309186, -25.32015562987536583 ) ) ;
#3637 = EDGE_LOOP ( 'NONE', ( #2000, #2610, #1154, #424 ) ) ;
#3638 = CARTESIAN_POINT ( 'NONE',  ( 32.00000000000000000, 0.000000000000000000, -48.00000000000000000 ) ) ;
#3639 = EDGE_CURVE ( 'NONE', #5049, #1066, #4807, .T. ) ;
#3640 = EDGE_CURVE ( 'NONE', #4504, #2241, #4461, .T. ) ;
#3641 = ORIENTED_EDGE ( 'NONE', *, *, #4481, .T. ) ;
#3642 = ORIENTED_EDGE ( 'NONE', *, *, #3866, .F. ) ;
#3643 = CARTESIAN_POINT ( 'NONE',  ( -8.000000000000000000, -48.00000000000000000, -2.927345865710861972E-15 ) ) ;
#3644 = DIRECTION ( 'NONE',  ( 1.000000000000000000, 0.000000000000000000, 0.000000000000000000 ) ) ;
#3645 = FACE_BOUND ( 'NONE', #4999, .T. ) ;
#3646 = VERTEX_POINT ( 'NONE', #518 ) ;
#3647 = EDGE_CURVE ( 'NONE', #3947, #1908, #5071, .T. ) ;
#3648 = CARTESIAN_POINT ( 'NONE',  ( -8.000000000000000000, -48.00000000000000000, 3.149999999999997247 ) ) ;
#3649 = EDGE_LOOP ( 'NONE', ( #252, #3080, #3318, #2158, #1355 ) ) ;
#3650 = DIRECTION ( 'NONE',  ( -1.000000000000000000, 0.000000000000000000, 0.000000000000000000 ) ) ;
#3651 = DIRECTION ( 'NONE',  ( 1.000000000000000000, 0.000000000000000000, 0.000000000000000000 ) ) ;
#3652 = AXIS2_PLACEMENT_3D ( 'NONE', #250, #5228, #5169 ) ;
#3653 = FACE_BOUND ( 'NONE', #2031, .T. ) ;
#3654 = CARTESIAN_POINT ( 'NONE',  ( 32.00000000000000000, 17.67766952966370297, 17.67766952966370297 ) ) ;
#3655 = ORIENTED_EDGE ( 'NONE', *, *, #793, .T. ) ;
#3656 = AXIS2_PLACEMENT_3D ( 'NONE', #3108, #4766, #1071 ) ;
#3657 = CARTESIAN_POINT ( 'NONE',  ( 30.00000000000000000, -49.66666666666672825, -22.43818669639361829 ) ) ;
#3658 = ORIENTED_EDGE ( 'NONE', *, *, #5318, .F. ) ;
#3659 = CYLINDRICAL_SURFACE ( 'NONE', #5115, 4.999999999999997335 ) ;
#3660 = FACE_OUTER_BOUND ( 'NONE', #3290, .T. ) ;
#3661 = ORIENTED_EDGE ( 'NONE', *, *, #687, .F. ) ;
#3662 = ORIENTED_EDGE ( 'NONE', *, *, #661, .T. ) ;
#3663 = ORIENTED_EDGE ( 'NONE', *, *, #2707, .F. ) ;
#3664 = CARTESIAN_POINT ( 'NONE',  ( 6.999999999999999112, 18.50000000000000000, -3.398394867633905489E-15 ) ) ;
#3665 = DIRECTION ( 'NONE',  ( 0.000000000000000000, 0.000000000000000000, 1.000000000000000000 ) ) ;
#3666 = ORIENTED_EDGE ( 'NONE', *, *, #2901, .T. ) ;
#3667 = ORIENTED_EDGE ( 'NONE', *, *, #23, .T. ) ;
#3668 = ORIENTED_EDGE ( 'NONE', *, *, #2965, .F. ) ;
#3669 = CARTESIAN_POINT ( 'NONE',  ( 12.00000000000000000, -22.00000000000000000, -1.999999999999998224 ) ) ;
#3670 = EDGE_CURVE ( 'NONE', #2692, #756, #3417, .T. ) ;
#3671 = EDGE_CURVE ( 'NONE', #1235, #5285, #1020, .T. ) ;
#3672 = DIRECTION ( 'NONE',  ( 0.000000000000000000, 1.586032892321651496E-15, -1.000000000000000000 ) ) ;
#3673 = AXIS2_PLACEMENT_3D ( 'NONE', #56, #2019, #1280 ) ;
#3674 = CIRCLE ( 'NONE', #3418, 2.000000000000000888 ) ;
#3675 = DIRECTION ( 'NONE',  ( 0.000000000000000000, 0.000000000000000000, -1.000000000000000000 ) ) ;
#3676 = EDGE_LOOP ( 'NONE', ( #4095, #3831, #3662, #4321 ) ) ;
#3677 = DIRECTION ( 'NONE',  ( -1.000000000000000000, 0.000000000000000000, 0.000000000000000000 ) ) ;
#3678 = TOROIDAL_SURFACE ( 'NONE', #4286, 7.000000000000000000, 2.000000000000000000 ) ;
#3679 = EDGE_LOOP ( 'NONE', ( #1437, #92, #2452, #4129 ) ) ;
#3680 = EDGE_CURVE ( 'NONE', #527, #2475, #93, .T. ) ;
#3681 = DIRECTION ( 'NONE',  ( 0.000000000000000000, 0.000000000000000000, -1.000000000000000000 ) ) ;
#3682 = CYLINDRICAL_SURFACE ( 'NONE', #395, 1.999999999999998224 ) ;
#3683 = DIRECTION ( 'NONE',  ( 0.000000000000000000, -1.776356839400250465E-15, -1.000000000000000000 ) ) ;
#3684 = VERTEX_POINT ( 'NONE', #3800 ) ;
#3685 = CARTESIAN_POINT ( 'NONE',  ( 12.00000000000000000, 1.469576158976819806E-15, 24.00000000000000000 ) ) ;
#3686 = VERTEX_POINT ( 'NONE', #122 ) ;
#3687 = CARTESIAN_POINT ( 'NONE',  ( 30.00000000000000000, -22.43818669639379237, 49.66666666666665009 ) ) ;
#3688 = CARTESIAN_POINT ( 'NONE',  ( 31.93149620960909729, 68.76879022233292460, 1.585407266273586524 ) ) ;
#3689 = ORIENTED_EDGE ( 'NONE', *, *, #820, .T. ) ;
#3690 = VERTEX_POINT ( 'NONE', #4650 ) ;
#3691 = AXIS2_PLACEMENT_3D ( 'NONE', #947, #3840, #3887 ) ;
#3692 = DIRECTION ( 'NONE',  ( 1.000000000000000000, 0.000000000000000000, 0.000000000000000000 ) ) ;
#3693 = DIRECTION ( 'NONE',  ( -1.000000000000000000, -0.000000000000000000, -0.000000000000000000 ) ) ;
#3694 = ORIENTED_EDGE ( 'NONE', *, *, #4751, .T. ) ;
#3695 = VERTEX_POINT ( 'NONE', #1759 ) ;
#3696 = DIRECTION ( 'NONE',  ( 0.000000000000000000, -0.4117098476402625828, -0.9113149847094755840 ) ) ;
#3697 = AXIS2_PLACEMENT_3D ( 'NONE', #1923, #3617, #3540 ) ;
#3698 = DIRECTION ( 'NONE',  ( -1.000000000000000000, 0.000000000000000000, 0.000000000000000000 ) ) ;
#3699 = FACE_BOUND ( 'NONE', #4997, .T. ) ;
#3700 = CARTESIAN_POINT ( 'NONE',  ( -8.000000000000000000, 0.000000000000000000, 48.00000000000000000 ) ) ;
#3701 = ADVANCED_FACE ( 'NONE', ( #2538 ), #4007, .T. ) ;
#3702 = ORIENTED_EDGE ( 'NONE', *, *, #3319, .F. ) ;
#3703 = AXIS2_PLACEMENT_3D ( 'NONE', #1299, #2571, #672 ) ;
#3704 = CARTESIAN_POINT ( 'NONE',  ( -8.000000000000000000, 18.50000000000000000, -3.398394867633905489E-15 ) ) ;
#3705 = PRODUCT_CONTEXT ( 'NONE', #4084, 'mechanical' ) ;
#3706 = FACE_BOUND ( 'NONE', #1207, .T. ) ;
#3707 = DIRECTION ( 'NONE',  ( 0.000000000000000000, 0.000000000000000000, -1.000000000000000000 ) ) ;
#3708 = EDGE_CURVE ( 'NONE', #2222, #5095, #4289, .T. ) ;
#3709 = ADVANCED_FACE ( 'NONE', ( #4216 ), #4600, .F. ) ;
#3710 = ORIENTED_EDGE ( 'NONE', *, *, #3087, .T. ) ;
#3711 = CARTESIAN_POINT ( 'NONE',  ( -8.000000000000000000, 54.22324159021380297, -24.49673593459563037 ) ) ;
#3712 = ORIENTED_EDGE ( 'NONE', *, *, #2101, .F. ) ;
#3713 = CARTESIAN_POINT ( 'NONE',  ( 30.00000000000000000, 0.000000000000000000, 48.00000000000000000 ) ) ;
#3714 = CIRCLE ( 'NONE', #809, 5.500000000000000000 ) ;
#3715 = CARTESIAN_POINT ( 'NONE',  ( 32.00000000000000000, 67.96428571428572241, 2.203603264414617957 ) ) ;
#3716 = ORIENTED_EDGE ( 'NONE', *, *, #2263, .T. ) ;
#3717 = DIRECTION ( 'NONE',  ( -1.000000000000000000, 0.000000000000000000, 0.000000000000000000 ) ) ;
#3718 = VERTEX_POINT ( 'NONE', #2197 ) ;
#3719 = EDGE_CURVE ( 'NONE', #4318, #4231, #11, .T. ) ;
#3720 = FACE_OUTER_BOUND ( 'NONE', #409, .T. ) ;
#3721 = DIRECTION ( 'NONE',  ( 0.000000000000000000, 0.000000000000000000, -1.000000000000000000 ) ) ;
#3722 = ORIENTED_EDGE ( 'NONE', *, *, #3319, .T. ) ;
#3723 = DIRECTION ( 'NONE',  ( -1.000000000000000000, 0.000000000000000000, 0.000000000000000000 ) ) ;
#3724 = AXIS2_PLACEMENT_3D ( 'NONE', #3845, #1446, #3446 ) ;
#3725 = CARTESIAN_POINT ( 'NONE',  ( 32.00000000000000000, 7.778174593052019858, -5.778174593052029628 ) ) ;
#3726 = DIRECTION ( 'NONE',  ( 1.000000000000000000, 0.000000000000000000, 0.000000000000000000 ) ) ;
#3727 = CYLINDRICAL_SURFACE ( 'NONE', #597, 5.000000000000000888 ) ;
#3728 = FACE_OUTER_BOUND ( 'NONE', #776, .T. ) ;
#3729 = CARTESIAN_POINT ( 'NONE',  ( -8.000000000000000000, 0.000000000000000000, 0.000000000000000000 ) ) ;
#3730 = CARTESIAN_POINT ( 'NONE',  ( -8.000000000000000000, 49.66666666666688457, 22.43818669639327013 ) ) ;
#3731 = VERTEX_POINT ( 'NONE', #2977 ) ;
#3732 = CARTESIAN_POINT ( 'NONE',  ( 6.999999999999999112, 2.510525938252074186E-16, 16.44999999999999929 ) ) ;
#3733 = CIRCLE ( 'NONE', #3480, 2.050000000000001599 ) ;
#3734 = ADVANCED_FACE ( 'NONE', ( #145 ), #1788, .F. ) ;
#3735 = EDGE_CURVE ( 'NONE', #1444, #4861, #560, .T. ) ;
#3736 = ORIENTED_EDGE ( 'NONE', *, *, #2826, .T. ) ;
#3737 = CARTESIAN_POINT ( 'NONE',  ( 32.00000000000000000, -32.22656249999993605, 16.04520705486836718 ) ) ;
#3738 = CARTESIAN_POINT ( 'NONE',  ( 2.000000000000000000, 69.94202898550727809, 2.848259361516116250 ) ) ;
#3739 = ORIENTED_EDGE ( 'NONE', *, *, #504, .T. ) ;
#3740 = DIRECTION ( 'NONE',  ( 0.000000000000000000, 1.427429603089486485E-14, 1.000000000000000000 ) ) ;
#3741 = CIRCLE ( 'NONE', #4959, 59.49999999999999289 ) ;
#3742 = ADVANCED_FACE ( 'NONE', ( #3429 ), #5096, .F. ) ;
#3743 = DIRECTION ( 'NONE',  ( 1.000000000000000000, 0.000000000000000000, 0.000000000000000000 ) ) ;
#3744 = AXIS2_PLACEMENT_3D ( 'NONE', #1150, #3317, #87 ) ;
#3745 = DIRECTION ( 'NONE',  ( 0.000000000000000000, 0.000000000000000000, -1.000000000000000000 ) ) ;
#3746 = ORIENTED_EDGE ( 'NONE', *, *, #52, .T. ) ;
#3747 = DIRECTION ( 'NONE',  ( 0.000000000000000000, 0.4117098476402540896, -0.9113149847094794698 ) ) ;
#3748 = AXIS2_PLACEMENT_3D ( 'NONE', #1041, #2690, #4862 ) ;
#3749 = CIRCLE ( 'NONE', #2812, 2.050000000000000711 ) ;
#3750 = CARTESIAN_POINT ( 'NONE',  ( 32.00000000000000000, -37.13385416666662309, 11.05336486002048701 ) ) ;
#3751 = DIRECTION ( 'NONE',  ( 0.000000000000000000, 0.000000000000000000, -1.000000000000000000 ) ) ;
#3752 = CARTESIAN_POINT ( 'NONE',  ( 32.00000000000000000, -49.66666666666672825, -22.43818669639361829 ) ) ;
#3753 = ORIENTED_EDGE ( 'NONE', *, *, #442, .F. ) ;
#3754 = CIRCLE ( 'NONE', #2414, 2.000000000000001776 ) ;
#3755 = B_SPLINE_CURVE_WITH_KNOTS ( 'NONE', 3,
 ( #3207, #847, #1223, #791, #4857, #2501, #367, #4455, #1637, #4507, #448, #1663, #822, #1688 ),
 .UNSPECIFIED., .F., .F.,
 ( 4, 2, 2, 2, 2, 2, 4 ),
 ( 3.469446951953614189E-18, 0.0003999699819510655631, 0.0007999399639021276568, 0.001599879927804245339, 0.001999849909755311173, 0.002399819891706377224, 0.003199759855608516699 ),
 .UNSPECIFIED. ) ;
#3756 = CARTESIAN_POINT ( 'NONE',  ( -8.000000000000000000, 48.00000000000000000, 17.49999999999950617 ) ) ;
#3757 = FACE_OUTER_BOUND ( 'NONE', #928, .T. ) ;
#3758 = CYLINDRICAL_SURFACE ( 'NONE', #5260, 4.999999999999997335 ) ;
#3759 = ORIENTED_EDGE ( 'NONE', *, *, #4751, .F. ) ;
#3760 = ORIENTED_EDGE ( 'NONE', *, *, #4671, .T. ) ;
#3761 = CARTESIAN_POINT ( 'NONE',  ( 30.00000000000000000, -27.75065104166671048, -13.81670607502534764 ) ) ;
#3762 = CARTESIAN_POINT ( 'NONE',  ( 31.84344895610120219, 68.73904321956305807, 2.518602829624847494 ) ) ;
#3763 = ORIENTED_EDGE ( 'NONE', *, *, #1919, .T. ) ;
#3764 = DIRECTION ( 'NONE',  ( 0.000000000000000000, 0.000000000000000000, 1.000000000000000000 ) ) ;
#3765 = EDGE_CURVE ( 'NONE', #4408, #5095, #765, .T. ) ;
#3766 = CARTESIAN_POINT ( 'NONE',  ( 30.00000000000000000, 15.45741750196017605, -49.14814814814813815 ) ) ;
#3767 = FACE_OUTER_BOUND ( 'NONE', #3797, .T. ) ;
#3768 = ORIENTED_EDGE ( 'NONE', *, *, #572, .T. ) ;
#3769 = DIRECTION ( 'NONE',  ( -1.000000000000000000, -0.000000000000000000, -0.000000000000000000 ) ) ;
#3770 = EDGE_CURVE ( 'NONE', #5308, #2004, #3496, .T. ) ;
#3771 = EDGE_CURVE ( 'NONE', #852, #1964, #770, .T. ) ;
#3772 = DIRECTION ( 'NONE',  ( -1.000000000000000000, -0.000000000000000000, -0.000000000000000000 ) ) ;
#3773 = VECTOR ( 'NONE', #2675, 1000.000000000000000 ) ;
#3774 = CIRCLE ( 'NONE', #4477, 17.50000000000000711 ) ;
#3775 = AXIS2_PLACEMENT_3D ( 'NONE', #926, #4228, #1411 ) ;
#3776 = CARTESIAN_POINT ( 'NONE',  ( 30.00000000000000000, 0.000000000000000000, -48.00000000000000000 ) ) ;
#3777 = ORIENTED_EDGE ( 'NONE', *, *, #1454, .T. ) ;
#3778 = CYLINDRICAL_SURFACE ( 'NONE', #3001, 2.050000000000000711 ) ;
#3779 = ORIENTED_EDGE ( 'NONE', *, *, #1393, .T. ) ;
#3780 = DIRECTION ( 'NONE',  ( 0.000000000000000000, 0.000000000000000000, -1.000000000000000000 ) ) ;
#3781 = ORIENTED_EDGE ( 'NONE', *, *, #1982, .T. ) ;
#3782 = DIRECTION ( 'NONE',  ( -1.000000000000000000, -0.000000000000000000, -0.000000000000000000 ) ) ;
#3783 = LINE ( 'NONE', #574, #2087 ) ;
#3784 = ORIENTED_EDGE ( 'NONE', *, *, #245, .T. ) ;
#3785 = CIRCLE ( 'NONE', #3276, 2.000000000000000000 ) ;
#3786 = VERTEX_POINT ( 'NONE', #2425 ) ;
#3787 = CARTESIAN_POINT ( 'NONE',  ( 30.00000000000000000, -15.45741750196017605, -49.14814814814813815 ) ) ;
#3788 = CARTESIAN_POINT ( 'NONE',  ( 30.28959444748576146, 69.94202898569643878, 2.848259356870838754 ) ) ;
#3789 = DIRECTION ( 'NONE',  ( 1.000000000000000000, 0.000000000000000000, 0.000000000000000000 ) ) ;
#3790 = AXIS2_PLACEMENT_3D ( 'NONE', #2933, #5142, #1430 ) ;
#3791 = AXIS2_PLACEMENT_3D ( 'NONE', #352, #2432, #4893 ) ;
#3792 = CARTESIAN_POINT ( 'NONE',  ( 30.99999999999998934, 68.72992683463799324, -1.549504835334857056 ) ) ;
#3793 = ADVANCED_FACE ( 'NONE', ( #2807 ), #1194, .T. ) ;
#3794 = CARTESIAN_POINT ( 'NONE',  ( 30.00000000000000000, 0.000000000000000000, 0.000000000000000000 ) ) ;
#3795 = ORIENTED_EDGE ( 'NONE', *, *, #342, .F. ) ;
#3796 = VERTEX_POINT ( 'NONE', #4911 ) ;
#3797 = EDGE_LOOP ( 'NONE', ( #443, #5024, #3143, #868 ) ) ;
#3798 = ORIENTED_EDGE ( 'NONE', *, *, #3310, .F. ) ;
#3799 = ORIENTED_EDGE ( 'NONE', *, *, #3287, .F. ) ;
#3800 = CARTESIAN_POINT ( 'NONE',  ( 29.99999999999999645, 69.29523809523811906, -1.871713294710593223 ) ) ;
#3801 = AXIS2_PLACEMENT_3D ( 'NONE', #2344, #4426, #2809 ) ;
#3802 = DIRECTION ( 'NONE',  ( 1.000000000000000000, 0.000000000000000000, 0.000000000000000000 ) ) ;
#3803 = ADVANCED_FACE ( 'NONE', ( #4 ), #4532, .F. ) ;
#3804 = EDGE_CURVE ( 'NONE', #2170, #3908, #1891, .T. ) ;
#3805 = ORIENTED_EDGE ( 'NONE', *, *, #620, .T. ) ;
#3806 = DIRECTION ( 'NONE',  ( 1.000000000000000000, 0.000000000000000000, 0.000000000000000000 ) ) ;
#3807 = CARTESIAN_POINT ( 'NONE',  ( 30.00000000000000000, 48.00000000000000000, -5.027733127934112032E-13 ) ) ;
#3808 = AXIS2_PLACEMENT_3D ( 'NONE', #4828, #3148, #3940 ) ;
#3809 = ORIENTED_EDGE ( 'NONE', *, *, #3151, .T. ) ;
#3810 = EDGE_CURVE ( 'NONE', #4886, #1163, #3755, .T. ) ;
#3811 = DIRECTION ( 'NONE',  ( 0.000000000000000000, 0.000000000000000000, 1.000000000000000000 ) ) ;
#3812 = FACE_OUTER_BOUND ( 'NONE', #4716, .T. ) ;
#3813 = FACE_OUTER_BOUND ( 'NONE', #3679, .T. ) ;
#3814 = DIRECTION ( 'NONE',  ( 1.000000000000000000, 0.000000000000000000, 0.000000000000000000 ) ) ;
#3815 = DIRECTION ( 'NONE',  ( 1.000000000000000000, 0.000000000000000000, 0.000000000000000000 ) ) ;
#3816 = CARTESIAN_POINT ( 'NONE',  ( 32.00000000000000000, 0.000000000000000000, -5.500000000000000000 ) ) ;
#3817 = ORIENTED_EDGE ( 'NONE', *, *, #1862, .F. ) ;
#3818 = CIRCLE ( 'NONE', #1532, 15.50000000000000888 ) ;
#3819 = AXIS2_PLACEMENT_3D ( 'NONE', #4449, #1576, #3651 ) ;
#3820 = CARTESIAN_POINT ( 'NONE',  ( 31.00000002341753813, 68.71315056492129258, -1.534006722550786517 ) ) ;
#3821 = CARTESIAN_POINT ( 'NONE',  ( 30.00000000000000000, 0.000000000000000000, 48.00000000000000000 ) ) ;
#3822 = CIRCLE ( 'NONE', #1525, 2.000000000000000000 ) ;
#3823 = VERTEX_POINT ( 'NONE', #4083 ) ;
#3824 = VERTEX_POINT ( 'NONE', #3711 ) ;
#3825 = CARTESIAN_POINT ( 'NONE',  ( -8.000000000000000000, 32.22656250000015632, 16.04520705486791954 ) ) ;
#3826 = AXIS2_PLACEMENT_3D ( 'NONE', #3664, #1643, #66 ) ;
#3827 = CARTESIAN_POINT ( 'NONE',  ( 30.00000000000000000, 49.66666666666688457, 22.43818669639327013 ) ) ;
#3828 = VERTEX_POINT ( 'NONE', #2474 ) ;
#3829 = ORIENTED_EDGE ( 'NONE', *, *, #1630, .F. ) ;
#3830 = DIRECTION ( 'NONE',  ( 0.000000000000000000, 1.982541115402065307E-15, -1.000000000000000000 ) ) ;
#3831 = ORIENTED_EDGE ( 'NONE', *, *, #2707, .T. ) ;
#3832 = DIRECTION ( 'NONE',  ( -1.000000000000000000, 0.000000000000000000, 0.000000000000000000 ) ) ;
#3833 = AXIS2_PLACEMENT_3D ( 'NONE', #4365, #2755, #2397 ) ;
#3834 = EDGE_CURVE ( 'NONE', #984, #4856, #941, .T. ) ;
#3835 = EDGE_LOOP ( 'NONE', ( #5164, #110, #1457, #543 ) ) ;
#3836 = EDGE_CURVE ( 'NONE', #3686, #3330, #1378, .T. ) ;
#3837 = CYLINDRICAL_SURFACE ( 'NONE', #2458, 31.00000000000000000 ) ;
#3838 = CIRCLE ( 'NONE', #7, 17.50000000000000711 ) ;
#3839 = DIRECTION ( 'NONE',  ( 1.000000000000000000, -0.000000000000000000, -0.000000000000000000 ) ) ;
#3840 = DIRECTION ( 'NONE',  ( 1.000000000000000000, -0.000000000000000000, -0.000000000000000000 ) ) ;
#3841 = ADVANCED_FACE ( 'NONE', ( #3628 ), #4965, .T. ) ;
#3842 = EDGE_CURVE ( 'NONE', #3158, #2030, #1981, .T. ) ;
#3843 = DIRECTION ( 'NONE',  ( -1.000000000000000000, -0.000000000000000000, -0.000000000000000000 ) ) ;
#3844 = DIRECTION ( 'NONE',  ( -1.000000000000000000, 0.000000000000000000, 0.000000000000000000 ) ) ;
#3845 = CARTESIAN_POINT ( 'NONE',  ( -8.000000000000000000, 0.000000000000000000, 0.000000000000000000 ) ) ;
#3846 = DIRECTION ( 'NONE',  ( 0.000000000000000000, 0.000000000000000000, -1.000000000000000000 ) ) ;
#3847 = CARTESIAN_POINT ( 'NONE',  ( 32.00000000000000000, 67.96428571428572241, -2.203603264414614404 ) ) ;
#3848 = DIRECTION ( 'NONE',  ( 0.000000000000000000, 0.000000000000000000, -1.000000000000000000 ) ) ;
#3849 = ORIENTED_EDGE ( 'NONE', *, *, #375, .T. ) ;
#3850 = ORIENTED_EDGE ( 'NONE', *, *, #1123, .F. ) ;
#3851 = DIRECTION ( 'NONE',  ( 1.000000000000000000, -0.000000000000000000, -0.000000000000000000 ) ) ;
#3852 = CIRCLE ( 'NONE', #1653, 3.149999999999999911 ) ;
#3853 = CARTESIAN_POINT ( 'NONE',  ( 12.00000000000000000, -1.959434878635769470E-15, -10.00000000000000000 ) ) ;
#3854 = FACE_OUTER_BOUND ( 'NONE', #1980, .T. ) ;
#3855 = ORIENTED_EDGE ( 'NONE', *, *, #5122, .T. ) ;
#3856 = CIRCLE ( 'NONE', #3613, 2.050000000000000711 ) ;
#3857 = DIRECTION ( 'NONE',  ( 1.000000000000000000, 0.000000000000000000, 0.000000000000000000 ) ) ;
#3858 = ADVANCED_FACE ( 'NONE', ( #2912 ), #4476, .F. ) ;
#3859 = DIRECTION ( 'NONE',  ( 0.000000000000000000, 0.000000000000000000, -1.000000000000000000 ) ) ;
#3860 = EDGE_LOOP ( 'NONE', ( #62, #913, #3003, #120 ) ) ;
#3861 = DIRECTION ( 'NONE',  ( 0.000000000000000000, 0.000000000000000000, -1.000000000000000000 ) ) ;
#3862 = AXIS2_PLACEMENT_3D ( 'NONE', #3140, #1161, #653 ) ;
#3863 = CIRCLE ( 'NONE', #35, 1.999999999999998446 ) ;
#3864 = DIRECTION ( 'NONE',  ( -1.000000000000000000, -0.000000000000000000, -0.000000000000000000 ) ) ;
#3865 = FACE_OUTER_BOUND ( 'NONE', #1121, .T. ) ;
#3866 = EDGE_CURVE ( 'NONE', #2348, #1338, #3584, .T. ) ;
#3867 = CARTESIAN_POINT ( 'NONE',  ( 30.57257755995478732, 69.87943752884088155, 2.835607372931707282 ) ) ;
#3868 = EDGE_CURVE ( 'NONE', #904, #4510, #3423, .T. ) ;
#3869 = FACE_OUTER_BOUND ( 'NONE', #2375, .T. ) ;
#3870 = AXIS2_PLACEMENT_3D ( 'NONE', #5237, #5213, #3888 ) ;
#3871 = DIRECTION ( 'NONE',  ( 0.000000000000000000, 0.000000000000000000, -1.000000000000000000 ) ) ;
#3872 = AXIS2_PLACEMENT_3D ( 'NONE', #2305, #3927, #1864 ) ;
#3873 = DIRECTION ( 'NONE',  ( 1.000000000000000000, 0.000000000000000000, 0.000000000000000000 ) ) ;
#3874 = EDGE_CURVE ( 'NONE', #3947, #4269, #2741, .T. ) ;
#3875 = ORIENTED_EDGE ( 'NONE', *, *, #4901, .F. ) ;
#3876 = ORIENTED_EDGE ( 'NONE', *, *, #3327, .T. ) ;
#3877 = CIRCLE ( 'NONE', #1765, 31.00000000000000000 ) ;
#3878 = DIRECTION ( 'NONE',  ( 0.000000000000000000, -5.329070518200751394E-15, 1.000000000000000000 ) ) ;
#3879 = FACE_OUTER_BOUND ( 'NONE', #1318, .T. ) ;
#3880 = FACE_OUTER_BOUND ( 'NONE', #5292, .T. ) ;
#3881 = CIRCLE ( 'NONE', #2539, 5.000000000000004441 ) ;
#3882 = FACE_OUTER_BOUND ( 'NONE', #4049, .T. ) ;
#3883 = VERTEX_POINT ( 'NONE', #651 ) ;
#3884 = FACE_OUTER_BOUND ( 'NONE', #4625, .T. ) ;
#3885 = CIRCLE ( 'NONE', #220, 3.150000000000000355 ) ;
#3886 = CARTESIAN_POINT ( 'NONE',  ( 0.000000000000000000, -27.75065104166671048, -13.81670607502534764 ) ) ;
#3887 = DIRECTION ( 'NONE',  ( 0.000000000000000000, 0.000000000000000000, -1.000000000000000000 ) ) ;
#3888 = DIRECTION ( 'NONE',  ( 0.000000000000000000, 0.000000000000000000, 1.000000000000000000 ) ) ;
#3889 = DIRECTION ( 'NONE',  ( 0.000000000000000000, -9.912705577010326536E-16, -1.000000000000000000 ) ) ;
#3890 = CARTESIAN_POINT ( 'NONE',  ( 30.47883302704677533, 69.21692736984739724, 1.840442491231898847 ) ) ;
#3891 = DIRECTION ( 'NONE',  ( 1.000000000000000000, 0.000000000000000000, 0.000000000000000000 ) ) ;
#3892 = VERTEX_POINT ( 'NONE', #596 ) ;
#3893 = ADVANCED_FACE ( 'NONE', ( #1487 ), #4717, .T. ) ;
#3894 = ADVANCED_FACE ( 'NONE', ( #3884 ), #1716, .F. ) ;
#3895 = CARTESIAN_POINT ( 'NONE',  ( 30.00000000000000000, 49.14814814814797472, -15.45741750196067521 ) ) ;
#3896 = CARTESIAN_POINT ( 'NONE',  ( 32.00000000000000000, -16.04520705486824994, -32.22656249999999289 ) ) ;
#3897 = EDGE_LOOP ( 'NONE', ( #4553, #2478, #4899, #2100 ) ) ;
#3898 = EDGE_LOOP ( 'NONE', ( #456, #1222 ) ) ;
#3899 = ORIENTED_EDGE ( 'NONE', *, *, #2710, .F. ) ;
#3900 = EDGE_CURVE ( 'NONE', #4756, #3062, #2122, .T. ) ;
#3901 = AXIS2_PLACEMENT_3D ( 'NONE', #4892, #37, #1260 ) ;
#3902 = DIRECTION ( 'NONE',  ( 1.000000000000000000, 0.000000000000000000, 0.000000000000000000 ) ) ;
#3903 = TOROIDAL_SURFACE ( 'NONE', #3566, 15.50000000000000888, 2.000000000000000000 ) ;
#3904 = DIRECTION ( 'NONE',  ( 0.000000000000000000, 1.090397613471135978E-14, -1.000000000000000000 ) ) ;
#3905 = DIRECTION ( 'NONE',  ( 0.000000000000000000, 0.6785714285714310456, -0.7345344214715383568 ) ) ;
#3906 = ORIENTED_EDGE ( 'NONE', *, *, #3320, .T. ) ;
#3907 = DIRECTION ( 'NONE',  ( 1.000000000000000000, 0.000000000000000000, 0.000000000000000000 ) ) ;
#3908 = VERTEX_POINT ( 'NONE', #571 ) ;
#3909 = CYLINDRICAL_SURFACE ( 'NONE', #5294, 3.149999999999999911 ) ;
#3910 = AXIS2_PLACEMENT_3D ( 'NONE', #4125, #4092, #1672 ) ;
#3911 = CYLINDRICAL_SURFACE ( 'NONE', #1656, 59.49999999999999289 ) ;
#3912 = DIRECTION ( 'NONE',  ( 1.000000000000000000, 0.000000000000000000, 0.000000000000000000 ) ) ;
#3913 = FACE_OUTER_BOUND ( 'NONE', #79, .T. ) ;
#3914 = LINE ( 'NONE', #3568, #5073 ) ;
#3915 = CARTESIAN_POINT ( 'NONE',  ( 32.00000000000000000, -49.66666666666657193, 22.43818669639396646 ) ) ;
#3916 = FACE_OUTER_BOUND ( 'NONE', #855, .T. ) ;
#3917 = AXIS2_PLACEMENT_3D ( 'NONE', #3447, #4728, #5135 ) ;
#3918 = CIRCLE ( 'NONE', #1458, 3.150000000000000355 ) ;
#3919 = DIRECTION ( 'NONE',  ( 1.000000000000000000, -0.000000000000000000, -0.000000000000000000 ) ) ;
#3920 = ORIENTED_EDGE ( 'NONE', *, *, #5053, .T. ) ;
#3921 = AXIS2_PLACEMENT_3D ( 'NONE', #4108, #2039, #4494 ) ;
#3922 = EDGE_CURVE ( 'NONE', #4275, #289, #480, .T. ) ;
#3923 = ORIENTED_EDGE ( 'NONE', *, *, #1650, .F. ) ;
#3924 = ORIENTED_EDGE ( 'NONE', *, *, #1771, .T. ) ;
#3925 = VERTEX_POINT ( 'NONE', #972 ) ;
#3926 = DIRECTION ( 'NONE',  ( 1.000000000000000000, 0.000000000000000000, 0.000000000000000000 ) ) ;
#3927 = DIRECTION ( 'NONE',  ( 1.000000000000000000, 0.000000000000000000, 0.000000000000000000 ) ) ;
#3928 = ORIENTED_EDGE ( 'NONE', *, *, #487, .F. ) ;
#3929 = EDGE_CURVE ( 'NONE', #761, #4812, #3379, .T. ) ;
#3930 = CARTESIAN_POINT ( 'NONE',  ( -8.000000000000000000, -48.00000000000000000, -2.927345865710861972E-15 ) ) ;
#3931 = EDGE_CURVE ( 'NONE', #4780, #4784, #5032, .T. ) ;
#3932 = ORIENTED_EDGE ( 'NONE', *, *, #3442, .T. ) ;
#3933 = CYLINDRICAL_SURFACE ( 'NONE', #5148, 14.20000000000000284 ) ;
#3934 = EDGE_LOOP ( 'NONE', ( #2183, #4319, #2669, #2783 ) ) ;
#3935 = CARTESIAN_POINT ( 'NONE',  ( 32.00000000000000000, 56.04587155963274370, -25.32015562987615098 ) ) ;
#3936 = CARTESIAN_POINT ( 'NONE',  ( 12.00000000000000000, -16.26345596729059650, 14.26345596729059650 ) ) ;
#3937 = DIRECTION ( 'NONE',  ( 0.000000000000000000, 0.000000000000000000, 1.000000000000000000 ) ) ;
#3938 = DIRECTION ( 'NONE',  ( 1.000000000000000000, 0.000000000000000000, 0.000000000000000000 ) ) ;
#3939 = DIRECTION ( 'NONE',  ( -1.000000000000000000, 0.000000000000000000, 0.000000000000000000 ) ) ;
#3940 = DIRECTION ( 'NONE',  ( 0.000000000000000000, 0.000000000000000000, 1.000000000000000000 ) ) ;
#3941 = AXIS2_PLACEMENT_3D ( 'NONE', #4258, #946, #2650 ) ;
#3942 = CYLINDRICAL_SURFACE ( 'NONE', #3833, 5.500000000000000000 ) ;
#3943 = EDGE_LOOP ( 'NONE', ( #2600, #540, #2653, #3668 ) ) ;
#3944 = CARTESIAN_POINT ( 'NONE',  ( 30.00000000000000000, 12.47960548711975370, -35.73177083333332860 ) ) ;
#3945 = CARTESIAN_POINT ( 'NONE',  ( -11.99999999999999822, 48.00000000000000000, -3.149999999999991918 ) ) ;
#3946 = AXIS2_PLACEMENT_3D ( 'NONE', #4387, #1514, #4414 ) ;
#3947 = VERTEX_POINT ( 'NONE', #1464 ) ;
#3948 = ORIENTED_EDGE ( 'NONE', *, *, #3535, .F. ) ;
#3949 = EDGE_CURVE ( 'NONE', #2331, #1563, #813, .T. ) ;
#3950 = CIRCLE ( 'NONE', #2689, 4.999999999999997335 ) ;
#3951 = LINE ( 'NONE', #1176, #2801 ) ;
#3952 = CARTESIAN_POINT ( 'NONE',  ( -8.000000000000000000, -16.04520705486824994, -32.22656249999999289 ) ) ;
#3953 = DIRECTION ( 'NONE',  ( 0.000000000000000000, 0.000000000000000000, -1.000000000000000000 ) ) ;
#3954 = ORIENTED_EDGE ( 'NONE', *, *, #4133, .F. ) ;
#3955 = AXIS2_PLACEMENT_3D ( 'NONE', #3700, #415, #1242 ) ;
#3956 = EDGE_LOOP ( 'NONE', ( #1726, #1281, #4115, #4031 ) ) ;
#3957 = DIRECTION ( 'NONE',  ( 0.000000000000000000, 0.000000000000000000, -1.000000000000000000 ) ) ;
#3958 = CIRCLE ( 'NONE', #1849, 6.999999999999999112 ) ;
#3959 = EDGE_LOOP ( 'NONE', ( #3777, #2163, #2805, #4733, #4200 ) ) ;
#3960 = EDGE_CURVE ( 'NONE', #1410, #2717, #985, .T. ) ;
#3961 = ADVANCED_FACE ( 'NONE', ( #4281 ), #3909, .F. ) ;
#3962 = DIRECTION ( 'NONE',  ( 0.000000000000000000, 0.000000000000000000, -1.000000000000000000 ) ) ;
#3963 = AXIS2_PLACEMENT_3D ( 'NONE', #1232, #4675, #3848 ) ;
#3964 = DIRECTION ( 'NONE',  ( 1.000000000000000000, 0.000000000000000000, 0.000000000000000000 ) ) ;
#3965 = DIRECTION ( 'NONE',  ( -0.000000000000000000, 0.7010416666666660079, 0.7131203135497005130 ) ) ;
#3966 = ORIENTED_EDGE ( 'NONE', *, *, #2165, .F. ) ;
#3967 = EDGE_CURVE ( 'NONE', #611, #4518, #1065, .T. ) ;
#3968 = CIRCLE ( 'NONE', #2288, 1.999999999999998446 ) ;
#3969 = DIRECTION ( 'NONE',  ( 0.000000000000000000, 0.000000000000000000, 1.000000000000000000 ) ) ;
#3970 = DIRECTION ( 'NONE',  ( 0.000000000000000000, 0.000000000000000000, -1.000000000000000000 ) ) ;
#3971 = CARTESIAN_POINT ( 'NONE',  ( 30.00000000000000000, 0.000000000000000000, -48.00000000000000000 ) ) ;
#3972 = DIRECTION ( 'NONE',  ( 0.000000000000000000, 0.000000000000000000, -1.000000000000000000 ) ) ;
#3973 = VERTEX_POINT ( 'NONE', #3436 ) ;
#3974 = AXIS2_PLACEMENT_3D ( 'NONE', #1519, #317, #708 ) ;
#3975 = CYLINDRICAL_SURFACE ( 'NONE', #1517, 4.999999999999997335 ) ;
#3976 = FACE_OUTER_BOUND ( 'NONE', #4649, .T. ) ;
#3977 = VERTEX_POINT ( 'NONE', #5103 ) ;
#3978 = VERTEX_POINT ( 'NONE', #619 ) ;
#3979 = ORIENTED_EDGE ( 'NONE', *, *, #2392, .T. ) ;
#3980 = AXIS2_PLACEMENT_3D ( 'NONE', #5194, #5252, #3132 ) ;
#3981 = PLANE ( 'NONE',  #5223 ) ;
#3982 = FACE_OUTER_BOUND ( 'NONE', #1651, .T. ) ;
#3983 = CIRCLE ( 'NONE', #151, 1.999999999999998224 ) ;
#3984 = CARTESIAN_POINT ( 'NONE',  ( 30.00000000000000000, 0.000000000000000000, 48.00000000000000000 ) ) ;
#3985 = VERTEX_POINT ( 'NONE', #4303 ) ;
#3986 = CARTESIAN_POINT ( 'NONE',  ( 30.00000000000000000, -12.92530568308831640, 25.96028645833332504 ) ) ;
#3987 = ORIENTED_EDGE ( 'NONE', *, *, #4876, .T. ) ;
#3988 = CIRCLE ( 'NONE', #747, 2.000000000000001776 ) ;
#3989 = FACE_OUTER_BOUND ( 'NONE', #5068, .T. ) ;
#3990 = DIRECTION ( 'NONE',  ( 0.000000000000000000, 0.000000000000000000, -1.000000000000000000 ) ) ;
#3991 = DIRECTION ( 'NONE',  ( 0.000000000000000000, 0.000000000000000000, -1.000000000000000000 ) ) ;
#3992 = EDGE_CURVE ( 'NONE', #799, #4282, #4149, .T. ) ;
#3993 = EDGE_CURVE ( 'NONE', #3166, #3609, #4246, .T. ) ;
#3994 = AXIS2_PLACEMENT_3D ( 'NONE', #2970, #4970, #486 ) ;
#3995 = FACE_OUTER_BOUND ( 'NONE', #535, .T. ) ;
#3996 = CYLINDRICAL_SURFACE ( 'NONE', #4853, 2.000000000000000000 ) ;
#3997 = DIRECTION ( 'NONE',  ( -1.000000000000000000, 0.000000000000000000, 0.000000000000000000 ) ) ;
#3998 = ADVANCED_FACE ( 'NONE', ( #481 ), #3837, .T. ) ;
#3999 = EDGE_CURVE ( 'NONE', #1172, #4658, #2647, .T. ) ;
#4000 = VERTEX_POINT ( 'NONE', #3139 ) ;
#4001 = DIRECTION ( 'NONE',  ( 1.000000000000000000, -0.000000000000000000, -0.000000000000000000 ) ) ;
#4002 = DIRECTION ( 'NONE',  ( 0.000000000000000000, 0.000000000000000000, 1.000000000000000000 ) ) ;
#4003 = CARTESIAN_POINT ( 'NONE',  ( 30.00000000000000000, 32.22656250000015632, 9.045207054867919538 ) ) ;
#4004 = ORIENTED_EDGE ( 'NONE', *, *, #4093, .T. ) ;
#4005 = ORIENTED_EDGE ( 'NONE', *, *, #212, .F. ) ;
#4006 = ORIENTED_EDGE ( 'NONE', *, *, #3632, .F. ) ;
#4007 = TOROIDAL_SURFACE ( 'NONE', #2071, 7.000000000000000000, 2.000000000000000000 ) ;
#4008 = CARTESIAN_POINT ( 'NONE',  ( 12.00000000000000000, -3.673940397442059967E-15, -22.00000000000000000 ) ) ;
#4009 = DIRECTION ( 'NONE',  ( 0.000000000000000000, 0.000000000000000000, -1.000000000000000000 ) ) ;
#4010 = CARTESIAN_POINT ( 'NONE',  ( 32.00000000000000000, 0.000000000000000000, 48.00000000000000000 ) ) ;
#4011 = EDGE_LOOP ( 'NONE', ( #2734, #2664, #5119, #1031 ) ) ;
#4012 = ORIENTED_EDGE ( 'NONE', *, *, #1910, .F. ) ;
#4013 = CYLINDRICAL_SURFACE ( 'NONE', #259, 4.999999999999997335 ) ;
#4014 = ORIENTED_EDGE ( 'NONE', *, *, #2833, .T. ) ;
#4015 = CARTESIAN_POINT ( 'NONE',  ( 12.00000000000000000, 9.797174393178831574E-16, 16.00000000000000000 ) ) ;
#4016 = CARTESIAN_POINT ( 'NONE',  ( 30.00000000000000000, 22.43818669639379237, -56.66666666666665009 ) ) ;
#4017 = DIRECTION ( 'NONE',  ( -6.938893903907228378E-15, 0.000000000000000000, 1.000000000000000000 ) ) ;
#4018 = EDGE_LOOP ( 'NONE', ( #3855, #821 ) ) ;
#4019 = EDGE_CURVE ( 'NONE', #4253, #4270, #3210, .T. ) ;
#4020 = DIRECTION ( 'NONE',  ( -1.000000000000000000, -0.000000000000000000, -0.000000000000000000 ) ) ;
#4021 = CARTESIAN_POINT ( 'NONE',  ( 30.00000000000000000, 24.49673593459505838, -54.22324159021404455 ) ) ;
#4022 = CARTESIAN_POINT ( 'NONE',  ( 30.00000000000000000, -25.32015562987557189, 56.04587155963301370 ) ) ;
#4023 = ORIENTED_EDGE ( 'NONE', *, *, #784, .T. ) ;
#4024 = DIRECTION ( 'NONE',  ( -1.000000000000000000, 0.000000000000000000, 0.000000000000000000 ) ) ;
#4025 = ORIENTED_EDGE ( 'NONE', *, *, #933, .T. ) ;
#4026 = DIRECTION ( 'NONE',  ( 1.000000000000000000, -0.000000000000000000, -0.000000000000000000 ) ) ;
#4027 = EDGE_CURVE ( 'NONE', #4813, #2222, #3968, .T. ) ;
#4028 = EDGE_CURVE ( 'NONE', #787, #2222, #1542, .T. ) ;
#4029 = CARTESIAN_POINT ( 'NONE',  ( 32.00000000000000000, -32.22656250000004974, -16.04520705486814336 ) ) ;
#4030 = CARTESIAN_POINT ( 'NONE',  ( -8.000000000000000000, 17.45192298608406389, 49.29629629629628340 ) ) ;
#4031 = ORIENTED_EDGE ( 'NONE', *, *, #2900, .F. ) ;
#4032 = ORIENTED_EDGE ( 'NONE', *, *, #2166, .F. ) ;
#4033 = EDGE_CURVE ( 'NONE', #289, #4275, #2207, .T. ) ;
#4034 = CARTESIAN_POINT ( 'NONE',  ( 30.12659442966981516, 69.97142855194793754, -2.126321349372738201 ) ) ;
#4035 = CIRCLE ( 'NONE', #196, 5.000000000000000888 ) ;
#4036 = CARTESIAN_POINT ( 'NONE',  ( 10.00000000000000000, 0.000000000000000000, 48.00000000000000000 ) ) ;
#4037 = VERTEX_POINT ( 'NONE', #3935 ) ;
#4038 = CARTESIAN_POINT ( 'NONE',  ( 31.00000000000043343, 68.72995914361862901, 1.549534682746378067 ) ) ;
#4039 = AXIS2_PLACEMENT_3D ( 'NONE', #2777, #3938, #2313 ) ;
#4040 = DIRECTION ( 'NONE',  ( 1.000000000000000000, -0.000000000000000000, -0.000000000000000000 ) ) ;
#4041 = AXIS2_PLACEMENT_3D ( 'NONE', #271, #1070, #3904 ) ;
#4042 = ORIENTED_EDGE ( 'NONE', *, *, #5144, .F. ) ;
#4043 = CARTESIAN_POINT ( 'NONE',  ( 10.00000000000000000, -48.00000000000000000, 1.675911042644704011E-13 ) ) ;
#4044 = CIRCLE ( 'NONE', #4929, 6.999999999999999112 ) ;
#4045 = DIRECTION ( 'NONE',  ( 1.000000000000000000, -0.000000000000000000, -0.000000000000000000 ) ) ;
#4046 = DIRECTION ( 'NONE',  ( 1.000000000000000000, -0.000000000000000000, -0.000000000000000000 ) ) ;
#4047 = DIRECTION ( 'NONE',  ( 0.000000000000000000, 0.000000000000000000, -1.000000000000000000 ) ) ;
#4048 = AXIS2_PLACEMENT_3D ( 'NONE', #4003, #1119, #5271 ) ;
#4049 = EDGE_LOOP ( 'NONE', ( #2485, #3434 ) ) ;
#4050 = AXIS2_PLACEMENT_3D ( 'NONE', #4871, #1183, #3562 ) ;
#4051 = CIRCLE ( 'NONE', #425, 5.000000000000000888 ) ;
#4052 = CARTESIAN_POINT ( 'NONE',  ( 32.00000000000000000, -48.00000000000000000, 1.675911042644704011E-13 ) ) ;
#4053 = AXIS2_PLACEMENT_3D ( 'NONE', #906, #2861, #85 ) ;
#4054 = ORIENTED_EDGE ( 'NONE', *, *, #3868, .F. ) ;
#4055 = DIRECTION ( 'NONE',  ( -1.000000000000000000, -0.000000000000000000, -0.000000000000000000 ) ) ;
#4056 = FACE_OUTER_BOUND ( 'NONE', #790, .T. ) ;
#4057 = CIRCLE ( 'NONE', #1776, 2.000000000000000000 ) ;
#4058 = VERTEX_POINT ( 'NONE', #2007 ) ;
#4059 = ORIENTED_EDGE ( 'NONE', *, *, #696, .F. ) ;
#4060 = EDGE_CURVE ( 'NONE', #2048, #4000, #1511, .T. ) ;
#4061 = TOROIDAL_SURFACE ( 'NONE', #4598, 61.49999999999999289, 2.000000000000000000 ) ;
#4062 = ADVANCED_FACE ( 'NONE', ( #3614 ), #1602, .F. ) ;
#4063 = DIRECTION ( 'NONE',  ( 0.000000000000000000, 0.000000000000000000, -1.000000000000000000 ) ) ;
#4064 = CARTESIAN_POINT ( 'NONE',  ( 32.00000000000000000, -48.00000000000000000, 14.20000000000017160 ) ) ;
#4065 = EDGE_LOOP ( 'NONE', ( #1305, #5268 ) ) ;
#4066 = ORIENTED_EDGE ( 'NONE', *, *, #3874, .T. ) ;
#4067 = EDGE_LOOP ( 'NONE', ( #4478, #2649, #2608, #2772, #2510, #1944, #5304, #5016, #4128 ) ) ;
#4068 = DIRECTION ( 'NONE',  ( 0.000000000000000000, 0.000000000000000000, -1.000000000000000000 ) ) ;
#4069 = EDGE_CURVE ( 'NONE', #4676, #3486, #725, .T. ) ;
#4070 = CARTESIAN_POINT ( 'NONE',  ( 6.999999999999999112, 0.000000000000000000, 18.50000000000000000 ) ) ;
#4071 = COLOUR_RGB ( '',0.7921568627450980005, 0.8196078431372548767, 0.9333333333333333481 ) ;
#4072 = DIRECTION ( 'NONE',  ( 1.000000000000000000, -0.000000000000000000, -0.000000000000000000 ) ) ;
#4073 = CARTESIAN_POINT ( 'NONE',  ( -8.000000000000000000, 70.00000000000001421, 0.000000000000000000 ) ) ;
#4074 = VECTOR ( 'NONE', #2789, 1000.000000000000000 ) ;
#4075 = AXIS2_PLACEMENT_3D ( 'NONE', #4474, #5186, #4803 ) ;
#4076 = ORIENTED_EDGE ( 'NONE', *, *, #2795, .F. ) ;
#4077 = B_SPLINE_CURVE_WITH_KNOTS ( 'NONE', 3,
 ( #2410, #2435, #1703, #3219, #1181, #3326, #4921, #2462, #4038, #4548 ),
 .UNSPECIFIED., .F., .F.,
 ( 4, 2, 2, 2, 4 ),
 ( 0.000000000000000000, 0.0003528064935059469875, 0.0007056129870118939751, 0.001058419480517840908, 0.001411225974023787950 ),
 .UNSPECIFIED. ) ;
#4078 = LINE ( 'NONE', #388, #4493 ) ;
#4079 = DIRECTION ( 'NONE',  ( -1.000000000000000000, -0.000000000000000000, -0.000000000000000000 ) ) ;
#4080 = CARTESIAN_POINT ( 'NONE',  ( 10.00000000000000000, 0.000000000000000000, 48.00000000000000000 ) ) ;
#4081 = ORIENTED_EDGE ( 'NONE', *, *, #1197, .T. ) ;
#4082 = CIRCLE ( 'NONE', #1797, 4.999999999999997335 ) ;
#4083 = CARTESIAN_POINT ( 'NONE',  ( 32.00000000000000000, 32.22656250000015632, 9.045207054867919538 ) ) ;
#4084 = APPLICATION_CONTEXT ( 'automotive_design' ) ;
#4085 = ORIENTED_EDGE ( 'NONE', *, *, #2264, .F. ) ;
#4086 = CARTESIAN_POINT ( 'NONE',  ( -8.000000000000000000, 22.43818669639379237, 49.66666666666665009 ) ) ;
#4087 = CARTESIAN_POINT ( 'NONE',  ( 32.00000000000000000, -48.00000000000000000, 1.675911042644704011E-13 ) ) ;
#4088 = CIRCLE ( 'NONE', #2318, 17.50000000000000711 ) ;
#4089 = ORIENTED_EDGE ( 'NONE', *, *, #2612, .F. ) ;
#4090 = AXIS2_PLACEMENT_3D ( 'NONE', #1380, #168, #1818 ) ;
#4091 = VECTOR ( 'NONE', #1152, 1000.000000000000000 ) ;
#4092 = DIRECTION ( 'NONE',  ( 1.000000000000000000, 0.000000000000000000, 0.000000000000000000 ) ) ;
#4093 = EDGE_CURVE ( 'NONE', #5267, #4545, #2749, .T. ) ;
#4094 = CARTESIAN_POINT ( 'NONE',  ( 32.00000000000000000, 17.67766952966370297, 17.67766952966370297 ) ) ;
#4095 = ORIENTED_EDGE ( 'NONE', *, *, #146, .T. ) ;
#4096 = ORIENTED_EDGE ( 'NONE', *, *, #1465, .T. ) ;
#4097 = TOROIDAL_SURFACE ( 'NONE', #516, 7.000000000000000000, 2.000000000000000000 ) ;
#4098 = ORIENTED_EDGE ( 'NONE', *, *, #2360, .F. ) ;
#4099 = EDGE_LOOP ( 'NONE', ( #811, #5093 ) ) ;
#4100 = DIRECTION ( 'NONE',  ( 0.000000000000000000, 0.000000000000000000, -1.000000000000000000 ) ) ;
#4101 = AXIS2_PLACEMENT_3D ( 'NONE', #4434, #3907, #5172 ) ;
#4102 = FACE_OUTER_BOUND ( 'NONE', #967, .T. ) ;
#4103 = AXIS2_PLACEMENT_3D ( 'NONE', #1399, #3026, #4678 ) ;
#4104 = CIRCLE ( 'NONE', #429, 2.000000000000000000 ) ;
#4105 = ADVANCED_FACE ( 'NONE', ( #700 ), #5123, .T. ) ;
#4106 = ADVANCED_FACE ( 'NONE', ( #2358 ), #2951, .T. ) ;
#4107 = CARTESIAN_POINT ( 'NONE',  ( 30.00000000000000000, 22.43818669639379237, -49.66666666666665009 ) ) ;
#4108 = CARTESIAN_POINT ( 'NONE',  ( 6.999999999999999112, -18.50000000000000000, 1.084202172485504434E-15 ) ) ;
#4109 = ORIENTED_EDGE ( 'NONE', *, *, #3639, .T. ) ;
#4110 = ORIENTED_EDGE ( 'NONE', *, *, #1958, .T. ) ;
#4111 = EDGE_CURVE ( 'NONE', #2411, #4282, #2787, .T. ) ;
#4112 = CARTESIAN_POINT ( 'NONE',  ( 12.00000000000000000, -14.00000000000000000, 1.714505518806289905E-15 ) ) ;
#4113 = DIRECTION ( 'NONE',  ( 0.000000000000000000, -0.07407407407407015643, 0.9972527420619454741 ) ) ;
#4114 = CARTESIAN_POINT ( 'NONE',  ( -8.000000000000000000, 68.94285714285716438, -2.807569942065886170 ) ) ;
#4115 = ORIENTED_EDGE ( 'NONE', *, *, #793, .F. ) ;
#4116 = DIRECTION ( 'NONE',  ( 1.000000000000000000, 0.000000000000000000, 0.000000000000000000 ) ) ;
#4117 = ORIENTED_EDGE ( 'NONE', *, *, #1357, .F. ) ;
#4118 = DIRECTION ( 'NONE',  ( -1.000000000000000000, -0.000000000000000000, -0.000000000000000000 ) ) ;
#4119 = DIRECTION ( 'NONE',  ( 1.000000000000000000, 0.000000000000000000, 0.000000000000000000 ) ) ;
#4120 = ORIENTED_EDGE ( 'NONE', *, *, #5002, .T. ) ;
#4121 = DIRECTION ( 'NONE',  ( 1.000000000000000000, -0.000000000000000000, -0.000000000000000000 ) ) ;
#4122 = ORIENTED_EDGE ( 'NONE', *, *, #2710, .T. ) ;
#4123 = CIRCLE ( 'NONE', #1832, 3.150000000000000355 ) ;
#4124 = VECTOR ( 'NONE', #3122, 1000.000000000000000 ) ;
#4125 = CARTESIAN_POINT ( 'NONE',  ( 30.00000000000000000, -32.22656249999993605, 16.04520705486836718 ) ) ;
#4126 = DIRECTION ( 'NONE',  ( 1.000000000000000000, 0.000000000000000000, 0.000000000000000000 ) ) ;
#4127 = AXIS2_PLACEMENT_3D ( 'NONE', #5107, #233, #526 ) ;
#4128 = ORIENTED_EDGE ( 'NONE', *, *, #3092, .F. ) ;
#4129 = ORIENTED_EDGE ( 'NONE', *, *, #3449, .F. ) ;
#4130 = AXIS2_PLACEMENT_3D ( 'NONE', #2285, #3513, #1570 ) ;
#4131 = ORIENTED_EDGE ( 'NONE', *, *, #1910, .T. ) ;
#4132 = DIRECTION ( 'NONE',  ( 0.000000000000000000, 0.000000000000000000, 1.000000000000000000 ) ) ;
#4133 = EDGE_CURVE ( 'NONE', #2331, #3211, #2820, .T. ) ;
#4134 = CIRCLE ( 'NONE', #1838, 5.000000000000000888 ) ;
#4135 = CARTESIAN_POINT ( 'NONE',  ( 32.00000000000000000, 68.20844730125422473, 2.318792596161648678 ) ) ;
#4136 = DIRECTION ( 'NONE',  ( -1.000000000000000000, -0.000000000000000000, -0.000000000000000000 ) ) ;
#4137 = ORIENTED_EDGE ( 'NONE', *, *, #901, .T. ) ;
#4138 = DIRECTION ( 'NONE',  ( 0.000000000000000000, 0.000000000000000000, -1.000000000000000000 ) ) ;
#4139 = AXIS2_PLACEMENT_3D ( 'NONE', #2212, #3121, #2679 ) ;
#4140 = ADVANCED_FACE ( 'NONE', ( #5232 ), #2723, .T. ) ;
#4141 = EDGE_CURVE ( 'NONE', #4812, #761, #3885, .T. ) ;
#4142 = CARTESIAN_POINT ( 'NONE',  ( 12.00000000000000000, -10.60660171779819905, 8.606601717798199047 ) ) ;
#4143 = DIRECTION ( 'NONE',  ( 1.000000000000000000, 0.000000000000000000, 0.000000000000000000 ) ) ;
#4144 = LINE ( 'NONE', #2910, #3441 ) ;
#4145 = VECTOR ( 'NONE', #3117, 1000.000000000000000 ) ;
#4146 = CIRCLE ( 'NONE', #1059, 1.000000000000000000 ) ;
#4147 = VERTEX_POINT ( 'NONE', #780 ) ;
#4148 = ADVANCED_FACE ( 'NONE', ( #3989 ), #4595, .T. ) ;
#4149 = LINE ( 'NONE', #3338, #4505 ) ;
#4150 = ORIENTED_EDGE ( 'NONE', *, *, #5209, .T. ) ;
#4151 = FACE_OUTER_BOUND ( 'NONE', #2697, .T. ) ;
#4152 = AXIS2_PLACEMENT_3D ( 'NONE', #3072, #2299, #4703 ) ;
#4153 = CARTESIAN_POINT ( 'NONE',  ( 31.41278794990538259, 69.42194228192042260, 1.963882530005132798 ) ) ;
#4154 = CYLINDRICAL_SURFACE ( 'NONE', #3994, 14.20000000000000462 ) ;
#4155 = DIRECTION ( 'NONE',  ( 0.000000000000000000, 0.000000000000000000, -1.000000000000000000 ) ) ;
#4156 = CARTESIAN_POINT ( 'NONE',  ( 32.00000000000000000, 10.00000000000000000, 0.000000000000000000 ) ) ;
#4157 = ORIENTED_EDGE ( 'NONE', *, *, #3605, .F. ) ;
#4158 = ORIENTED_EDGE ( 'NONE', *, *, #4909, .T. ) ;
#4159 = EDGE_LOOP ( 'NONE', ( #1974, #3663, #229, #1504 ) ) ;
#4160 = CARTESIAN_POINT ( 'NONE',  ( -8.000000000000000000, 48.00000000000000000, 8.673617379884035472E-15 ) ) ;
#4161 = AXIS2_PLACEMENT_3D ( 'NONE', #4491, #4952, #1705 ) ;
#4162 = DIRECTION ( 'NONE',  ( 0.000000000000000000, 0.000000000000000000, -1.000000000000000000 ) ) ;
#4163 = CYLINDRICAL_SURFACE ( 'NONE', #4181, 1.000000000000000000 ) ;
#4164 = CARTESIAN_POINT ( 'NONE',  ( 12.00000000000000000, 0.000000000000000000, 0.000000000000000000 ) ) ;
#4165 = ORIENTED_EDGE ( 'NONE', *, *, #4178, .T. ) ;
#4166 = CARTESIAN_POINT ( 'NONE',  ( 32.00000000000000000, -22.00000000000000000, 2.000000000000003553 ) ) ;
#4167 = ADVANCED_FACE ( 'NONE', ( #1569 ), #2035, .F. ) ;
#4168 = DIRECTION ( 'NONE',  ( 0.000000000000000000, 0.000000000000000000, -1.000000000000000000 ) ) ;
#4169 = FACE_BOUND ( 'NONE', #1616, .T. ) ;
#4170 = ORIENTED_EDGE ( 'NONE', *, *, #3387, .T. ) ;
#4171 = VECTOR ( 'NONE', #3315, 1000.000000000000000 ) ;
#4172 = AXIS2_PLACEMENT_3D ( 'NONE', #3459, #3382, #3751 ) ;
#4173 = LINE ( 'NONE', #1747, #5106 ) ;
#4174 = DIRECTION ( 'NONE',  ( 1.000000000000000000, 0.000000000000000000, 0.000000000000000000 ) ) ;
#4175 = AXIS2_PLACEMENT_3D ( 'NONE', #843, #419, #360 ) ;
#4176 = EDGE_CURVE ( 'NONE', #2433, #3947, #63, .T. ) ;
#4177 = CYLINDRICAL_SURFACE ( 'NONE', #4053, 17.50000000000000711 ) ;
#4178 = EDGE_CURVE ( 'NONE', #1335, #5064, #5295, .T. ) ;
#4179 = ORIENTED_EDGE ( 'NONE', *, *, #5182, .T. ) ;
#4180 = CARTESIAN_POINT ( 'NONE',  ( -8.000000000000000000, 48.00000000000000000, -3.149999999999991918 ) ) ;
#4181 = AXIS2_PLACEMENT_3D ( 'NONE', #494, #2149, #2953 ) ;
#4182 = DIRECTION ( 'NONE',  ( 0.000000000000000000, -0.9972527420619452521, 0.07407407407407361200 ) ) ;
#4183 = DIRECTION ( 'NONE',  ( -1.000000000000000000, -0.000000000000000000, -0.000000000000000000 ) ) ;
#4184 = ORIENTED_EDGE ( 'NONE', *, *, #5236, .F. ) ;
#4185 = VERTEX_POINT ( 'NONE', #3750 ) ;
#4186 = ORIENTED_EDGE ( 'NONE', *, *, #2157, .T. ) ;
#4187 = CARTESIAN_POINT ( 'NONE',  ( 32.00000000000000000, 0.000000000000000000, 0.000000000000000000 ) ) ;
#4188 = TOROIDAL_SURFACE ( 'NONE', #4883, 7.000000000000000000, 2.000000000000000000 ) ;
#4189 = CARTESIAN_POINT ( 'NONE',  ( 6.999999999999999112, -2.168404344971008868E-15, -18.50000000000000000 ) ) ;
#4190 = ORIENTED_EDGE ( 'NONE', *, *, #3960, .F. ) ;
#4191 = CARTESIAN_POINT ( 'NONE',  ( 32.00000000000000000, 22.43818669639379237, -54.66666666666665009 ) ) ;
#4192 = ORIENTED_EDGE ( 'NONE', *, *, #3087, .F. ) ;
#4193 = LINE ( 'NONE', #522, #2596 ) ;
#4194 = ORIENTED_EDGE ( 'NONE', *, *, #1659, .T. ) ;
#4195 = AXIS2_PLACEMENT_3D ( 'NONE', #3657, #3260, #1169 ) ;
#4196 = CIRCLE ( 'NONE', #1371, 17.50000000000000711 ) ;
#4197 = CARTESIAN_POINT ( 'NONE',  ( 30.00000000000000000, -25.32015562987556478, -56.04587155963300660 ) ) ;
#4198 = CIRCLE ( 'NONE', #4894, 2.000000000000000000 ) ;
#4199 = DIRECTION ( 'NONE',  ( 1.000000000000000000, -0.000000000000000000, -0.000000000000000000 ) ) ;
#4200 = ORIENTED_EDGE ( 'NONE', *, *, #2576, .F. ) ;
#4201 = EDGE_CURVE ( 'NONE', #1163, #2170, #5205, .T. ) ;
#4202 = CARTESIAN_POINT ( 'NONE',  ( 30.00000000000000000, 49.29629629629646814, 17.45192298608353454 ) ) ;
#4203 = CARTESIAN_POINT ( 'NONE',  ( 12.00000000000000000, 9.797174393178831574E-16, 16.00000000000000000 ) ) ;
#4204 = CARTESIAN_POINT ( 'NONE',  ( 32.00000000000000000, -12.47960548711975370, -35.73177083333332860 ) ) ;
#4205 = ORIENTED_EDGE ( 'NONE', *, *, #1622, .F. ) ;
#4206 = FACE_OUTER_BOUND ( 'NONE', #2761, .T. ) ;
#4207 = ADVANCED_FACE ( 'NONE', ( #2566 ), #4522, .F. ) ;
#4208 = AXIS2_PLACEMENT_3D ( 'NONE', #4776, #4724, #1955 ) ;
#4209 = ADVANCED_FACE ( 'NONE', ( #4102 ), #838, .F. ) ;
#4210 = CARTESIAN_POINT ( 'NONE',  ( -11.99999999999999822, -6.071532165918824830E-15, 48.00000000000000000 ) ) ;
#4211 = LINE ( 'NONE', #67, #2943 ) ;
#4212 = ORIENTED_EDGE ( 'NONE', *, *, #531, .F. ) ;
#4213 = EDGE_LOOP ( 'NONE', ( #739, #1695, #3746, #3462 ) ) ;
#4214 = ORIENTED_EDGE ( 'NONE', *, *, #1369, .T. ) ;
#4215 = ORIENTED_EDGE ( 'NONE', *, *, #5310, .F. ) ;
#4216 = FACE_OUTER_BOUND ( 'NONE', #593, .T. ) ;
#4217 = AXIS2_PLACEMENT_3D ( 'NONE', #569, #2257, #2670 ) ;
#4218 = EDGE_CURVE ( 'NONE', #2688, #1563, #2903, .T. ) ;
#4219 = DIRECTION ( 'NONE',  ( 0.000000000000000000, 0.000000000000000000, -1.000000000000000000 ) ) ;
#4220 = AXIS2_PLACEMENT_3D ( 'NONE', #598, #5082, #3811 ) ;
#4221 = EDGE_LOOP ( 'NONE', ( #3195, #2334 ) ) ;
#4222 = VECTOR ( 'NONE', #235, 1000.000000000000000 ) ;
#4223 = CARTESIAN_POINT ( 'NONE',  ( 32.00000000000000000, 32.22656249999982947, -11.04520705486859100 ) ) ;
#4224 = CARTESIAN_POINT ( 'NONE',  ( 6.999999999999999112, -2.168404344971008868E-15, -16.44999999999999929 ) ) ;
#4225 = CIRCLE ( 'NONE', #1661, 1.000000000000000000 ) ;
#4226 = ORIENTED_EDGE ( 'NONE', *, *, #1754, .T. ) ;
#4227 = AXIS2_PLACEMENT_3D ( 'NONE', #4197, #200, #1850 ) ;
#4228 = DIRECTION ( 'NONE',  ( 1.000000000000000000, 0.000000000000000000, 0.000000000000000000 ) ) ;
#4229 = DIRECTION ( 'NONE',  ( 0.000000000000000000, 0.000000000000000000, -1.000000000000000000 ) ) ;
#4230 = ORIENTED_EDGE ( 'NONE', *, *, #2264, .T. ) ;
#4231 = VERTEX_POINT ( 'NONE', #863 ) ;
#4232 = DIRECTION ( 'NONE',  ( -1.000000000000000000, 0.000000000000000000, 0.000000000000000000 ) ) ;
#4233 = CARTESIAN_POINT ( 'NONE',  ( 30.54011619384394294, 69.19309742054761614, 1.830241173703418323 ) ) ;
#4234 = DIRECTION ( 'NONE',  ( 0.000000000000000000, 0.000000000000000000, 1.000000000000000000 ) ) ;
#4235 = AXIS2_PLACEMENT_3D ( 'NONE', #1912, #897, #5019 ) ;
#4236 = CIRCLE ( 'NONE', #296, 14.20000000000000462 ) ;
#4237 = CARTESIAN_POINT ( 'NONE',  ( 30.89397127978696389, 68.93700133808793851, -1.694640101900609874 ) ) ;
#4238 = CARTESIAN_POINT ( 'NONE',  ( 30.00000000000000000, -48.00000000000000000, 1.675911042644704011E-13 ) ) ;
#4239 = AXIS2_PLACEMENT_3D ( 'NONE', #2277, #562, #2199 ) ;
#4240 = EDGE_CURVE ( 'NONE', #886, #3536, #4057, .T. ) ;
#4241 = EDGE_CURVE ( 'NONE', #3985, #1172, #3126, .T. ) ;
#4242 = VERTEX_POINT ( 'NONE', #1209 ) ;
#4243 = VERTEX_POINT ( 'NONE', #1677 ) ;
#4244 = CARTESIAN_POINT ( 'NONE',  ( 6.999999999999999112, -18.50000000000000000, 1.084202172485504434E-15 ) ) ;
#4245 = VECTOR ( 'NONE', #743, 1000.000000000000000 ) ;
#4246 = CIRCLE ( 'NONE', #2625, 2.000000000000000888 ) ;
#4247 = CARTESIAN_POINT ( 'NONE',  ( 32.00000000000000000, -56.04587155963309186, -25.32015562987536583 ) ) ;
#4248 = ADVANCED_FACE ( 'NONE', ( #411 ), #1160, .T. ) ;
#4249 = CARTESIAN_POINT ( 'NONE',  ( 30.00000000000000000, -32.22656250000004974, -16.04520705486814336 ) ) ;
#4250 = ORIENTED_EDGE ( 'NONE', *, *, #1025, .F. ) ;
#4251 = EDGE_CURVE ( 'NONE', #2170, #2947, #4742, .T. ) ;
#4252 = DIRECTION ( 'NONE',  ( 1.000000000000000000, 0.000000000000000000, 0.000000000000000000 ) ) ;
#4253 = VERTEX_POINT ( 'NONE', #4576 ) ;
#4254 = CIRCLE ( 'NONE', #3808, 31.00000000000000000 ) ;
#4255 = ORIENTED_EDGE ( 'NONE', *, *, #2743, .F. ) ;
#4256 = DIRECTION ( 'NONE',  ( 0.000000000000000000, 0.000000000000000000, -1.000000000000000000 ) ) ;
#4257 = CIRCLE ( 'NONE', #4947, 2.049999999999999822 ) ;
#4258 = CARTESIAN_POINT ( 'NONE',  ( 12.00000000000000000, -10.60660171779819905, 10.60660171779819905 ) ) ;
#4259 = CARTESIAN_POINT ( 'NONE',  ( 32.00000000000000000, -3.673940397442059967E-15, -20.00000000000000000 ) ) ;
#4260 = TOROIDAL_SURFACE ( 'NONE', #3980, 68.00000000000001421, 2.000000000000000000 ) ;
#4261 = CARTESIAN_POINT ( 'NONE',  ( 12.00000000000000000, 7.778174593052019858, -9.778174593052030517 ) ) ;
#4262 = CARTESIAN_POINT ( 'NONE',  ( 12.00000000000000000, 13.43502884254440133, -15.43502884254440133 ) ) ;
#4263 = CARTESIAN_POINT ( 'NONE',  ( 30.00000000000000000, 69.29523809523811906, 1.871713294710593889 ) ) ;
#4264 = CARTESIAN_POINT ( 'NONE',  ( 12.00000000000000000, 10.00000000000000000, -2.000000000000000000 ) ) ;
#4265 = CARTESIAN_POINT ( 'NONE',  ( 31.65734161821205106, 69.07685399934173631, -2.628182984491512553 ) ) ;
#4266 = DIRECTION ( 'NONE',  ( 0.000000000000000000, 1.586032892321651496E-15, -1.000000000000000000 ) ) ;
#4267 = EDGE_LOOP ( 'NONE', ( #4356, #2739, #959, #3206 ) ) ;
#4268 = CIRCLE ( 'NONE', #1358, 68.00000000000001421 ) ;
#4269 = VERTEX_POINT ( 'NONE', #1239 ) ;
#4270 = VERTEX_POINT ( 'NONE', #3725 ) ;
#4271 = ORIENTED_EDGE ( 'NONE', *, *, #5011, .T. ) ;
#4272 = VECTOR ( 'NONE', #4121, 1000.000000000000000 ) ;
#4273 = EDGE_CURVE ( 'NONE', #3157, #454, #2547, .T. ) ;
#4274 = CARTESIAN_POINT ( 'NONE',  ( 32.00000000000000000, 17.67766952966370297, 15.67766952966370297 ) ) ;
#4275 = VERTEX_POINT ( 'NONE', #493 ) ;
#4276 = LINE ( 'NONE', #2568, #241 ) ;
#4277 = DIRECTION ( 'NONE',  ( 0.000000000000000000, 0.000000000000000000, 1.000000000000000000 ) ) ;
#4278 = ORIENTED_EDGE ( 'NONE', *, *, #3929, .F. ) ;
#4279 = ADVANCED_FACE ( 'NONE', ( #2148 ), #916, .F. ) ;
#4280 = ADVANCED_FACE ( 'NONE', ( #3248 ), #4897, .F. ) ;
#4281 = FACE_OUTER_BOUND ( 'NONE', #3897, .T. ) ;
#4282 = VERTEX_POINT ( 'NONE', #1017 ) ;
#4283 = DIRECTION ( 'NONE',  ( 0.000000000000000000, 0.000000000000000000, -1.000000000000000000 ) ) ;
#4284 = AXIS2_PLACEMENT_3D ( 'NONE', #2835, #344, #30 ) ;
#4285 = EDGE_CURVE ( 'NONE', #1758, #1563, #2036, .T. ) ;
#4286 = AXIS2_PLACEMENT_3D ( 'NONE', #2967, #4589, #1366 ) ;
#4287 = ORIENTED_EDGE ( 'NONE', *, *, #2643, .F. ) ;
#4288 = DIRECTION ( 'NONE',  ( 0.000000000000000000, -0.07407407407407361200, 0.9972527420619452521 ) ) ;
#4289 = CIRCLE ( 'NONE', #3249, 31.00000000000000000 ) ;
#4290 = CARTESIAN_POINT ( 'NONE',  ( 30.00000000000000000, 69.97142857142860350, 2.126321353182256679 ) ) ;
#4291 = DIRECTION ( 'NONE',  ( 0.000000000000000000, -1.000000000000000000, 0.000000000000000000 ) ) ;
#4292 = VECTOR ( 'NONE', #2089, 1000.000000000000000 ) ;
#4293 = CARTESIAN_POINT ( 'NONE',  ( 31.84913737444312076, 68.91044409082915934, -1.691859229841130574 ) ) ;
#4294 = DIRECTION ( 'NONE',  ( 0.000000000000000000, 0.000000000000000000, -1.000000000000000000 ) ) ;
#4295 = EDGE_LOOP ( 'NONE', ( #5143, #3394, #3399, #251 ) ) ;
#4296 = ORIENTED_EDGE ( 'NONE', *, *, #375, .F. ) ;
#4297 = DIRECTION ( 'NONE',  ( 0.000000000000000000, 0.000000000000000000, 1.000000000000000000 ) ) ;
#4298 = DIRECTION ( 'NONE',  ( 0.000000000000000000, 1.982541115402065307E-15, -1.000000000000000000 ) ) ;
#4299 = DIRECTION ( 'NONE',  ( 0.000000000000000000, 0.000000000000000000, -1.000000000000000000 ) ) ;
#4300 = VERTEX_POINT ( 'NONE', #2665 ) ;
#4301 = CARTESIAN_POINT ( 'NONE',  ( -8.000000000000000000, -49.66666666666672825, -22.43818669639361829 ) ) ;
#4302 = ORIENTED_EDGE ( 'NONE', *, *, #4778, .F. ) ;
#4303 = CARTESIAN_POINT ( 'NONE',  ( 6.999999999999999112, 0.000000000000000000, 20.54999999999999716 ) ) ;
#4304 = DIRECTION ( 'NONE',  ( 1.000000000000000000, 0.000000000000000000, 0.000000000000000000 ) ) ;
#4305 = CARTESIAN_POINT ( 'NONE',  ( 30.00000000000000000, 0.000000000000000000, 0.000000000000000000 ) ) ;
#4306 = EDGE_CURVE ( 'NONE', #5069, #3978, #5289, .T. ) ;
#4307 = ADVANCED_FACE ( 'NONE', ( #1761 ), #5124, .F. ) ;
#4308 = AXIS2_PLACEMENT_3D ( 'NONE', #2310, #2701, #1078 ) ;
#4309 = DIRECTION ( 'NONE',  ( -1.000000000000000000, 0.000000000000000000, 0.000000000000000000 ) ) ;
#4310 = FACE_OUTER_BOUND ( 'NONE', #4508, .T. ) ;
#4311 = DIRECTION ( 'NONE',  ( 0.000000000000000000, 0.000000000000000000, 1.000000000000000000 ) ) ;
#4312 = CARTESIAN_POINT ( 'NONE',  ( 30.00000000000000000, 25.32015562987556478, 56.04587155963300660 ) ) ;
#4313 = ADVANCED_FACE ( 'NONE', ( #1352 ), #2616, .F. ) ;
#4314 = ORIENTED_EDGE ( 'NONE', *, *, #5114, .F. ) ;
#4315 = CARTESIAN_POINT ( 'NONE',  ( 12.00000000000000000, 9.797174393178831574E-16, 13.99999999999999822 ) ) ;
#4316 = CARTESIAN_POINT ( 'NONE',  ( 32.00000000000000000, 1.738998454789241944E-15, 33.79999999999999716 ) ) ;
#4317 = ORIENTED_EDGE ( 'NONE', *, *, #3076, .T. ) ;
#4318 = VERTEX_POINT ( 'NONE', #612 ) ;
#4319 = ORIENTED_EDGE ( 'NONE', *, *, #2919, .T. ) ;
#4320 = ORIENTED_EDGE ( 'NONE', *, *, #989, .F. ) ;
#4321 = ORIENTED_EDGE ( 'NONE', *, *, #4400, .T. ) ;
#4322 = AXIS2_PLACEMENT_3D ( 'NONE', #893, #73, #1649 ) ;
#4323 = AXIS2_PLACEMENT_3D ( 'NONE', #2351, #3215, #1177 ) ;
#4324 = DIRECTION ( 'NONE',  ( 0.000000000000000000, 0.000000000000000000, -1.000000000000000000 ) ) ;
#4325 = DIRECTION ( 'NONE',  ( -1.000000000000000000, -0.000000000000000000, -0.000000000000000000 ) ) ;
#4326 = PLANE ( 'NONE',  #5137 ) ;
#4327 = CIRCLE ( 'NONE', #980, 2.000000000000002220 ) ;
#4328 = EDGE_LOOP ( 'NONE', ( #3559, #5, #1668, #3239 ) ) ;
#4329 = ORIENTED_EDGE ( 'NONE', *, *, #2026, .F. ) ;
#4330 = CARTESIAN_POINT ( 'NONE',  ( 30.00000000000000000, 11.05336486002035556, -37.13385416666665861 ) ) ;
#4331 = VERTEX_POINT ( 'NONE', #4247 ) ;
#4332 = CARTESIAN_POINT ( 'NONE',  ( 12.00000000000000000, -22.00000000000000000, 2.694222958124179965E-15 ) ) ;
#4333 = FACE_OUTER_BOUND ( 'NONE', #2169, .T. ) ;
#4334 = CIRCLE ( 'NONE', #2126, 17.50000000000000000 ) ;
#4335 = LINE ( 'NONE', #3514, #4145 ) ;
#4336 = CIRCLE ( 'NONE', #4418, 6.999999999999999112 ) ;
#4337 = EDGE_CURVE ( 'NONE', #2433, #2810, #5072, .T. ) ;
#4338 = CIRCLE ( 'NONE', #228, 2.000000000000000000 ) ;
#4339 = FACE_OUTER_BOUND ( 'NONE', #4966, .T. ) ;
#4340 = DIRECTION ( 'NONE',  ( 1.000000000000000000, -0.000000000000000000, -0.000000000000000000 ) ) ;
#4341 = CARTESIAN_POINT ( 'NONE',  ( 12.00000000000000000, 10.00000000000000000, 0.000000000000000000 ) ) ;
#4342 = DIRECTION ( 'NONE',  ( 1.000000000000000000, 0.000000000000000000, 0.000000000000000000 ) ) ;
#4343 = EDGE_CURVE ( 'NONE', #3058, #1524, #4499, .T. ) ;
#4344 = ADVANCED_FACE ( 'NONE', ( #2978 ), #5195, .T. ) ;
#4345 = CYLINDRICAL_SURFACE ( 'NONE', #3378, 5.000000000000000888 ) ;
#4346 = ORIENTED_EDGE ( 'NONE', *, *, #5251, .F. ) ;
#4347 = ORIENTED_EDGE ( 'NONE', *, *, #4945, .T. ) ;
#4348 = DIRECTION ( 'NONE',  ( -6.080567184022924606E-16, -0.7131203135496932966, 0.7010416666666734464 ) ) ;
#4349 = VECTOR ( 'NONE', #996, 1000.000000000000000 ) ;
#4350 = DIRECTION ( 'NONE',  ( -1.000000000000000000, -0.000000000000000000, -0.000000000000000000 ) ) ;
#4351 = ORIENTED_EDGE ( 'NONE', *, *, #2513, .T. ) ;
#4352 = FACE_OUTER_BOUND ( 'NONE', #879, .T. ) ;
#4353 = ORIENTED_EDGE ( 'NONE', *, *, #3449, .T. ) ;
#4354 = DIRECTION ( 'NONE',  ( -1.000000000000000000, -0.000000000000000000, -0.000000000000000000 ) ) ;
#4355 = CIRCLE ( 'NONE', #161, 6.999999999999999112 ) ;
#4356 = ORIENTED_EDGE ( 'NONE', *, *, #2325, .T. ) ;
#4357 = CARTESIAN_POINT ( 'NONE',  ( 30.00000000000000000, -12.92530568308831640, -25.96028645833332860 ) ) ;
#4358 = LINE ( 'NONE', #280, #2683 ) ;
#4359 = LINE ( 'NONE', #4797, #4924 ) ;
#4360 = B_SPLINE_CURVE_WITH_KNOTS ( 'NONE', 3,
 ( #512, #3792, #2167, #2994, #555, #1810, #3020, #3424, #5090, #1394 ),
 .UNSPECIFIED., .F., .F.,
 ( 4, 2, 2, 2, 4 ),
 ( 2.168404344971008868E-19, 0.0003555020478573281796, 0.0007110040957146561424, 0.001066506143571983997, 0.001422008191429312068 ),
 .UNSPECIFIED. ) ;
#4361 = DIRECTION ( 'NONE',  ( -1.000000000000000000, -0.000000000000000000, -0.000000000000000000 ) ) ;
#4362 = DIRECTION ( 'NONE',  ( 1.000000000000000000, -0.000000000000000000, -0.000000000000000000 ) ) ;
#4363 = DIRECTION ( 'NONE',  ( 1.000000000000000000, -0.000000000000000000, -0.000000000000000000 ) ) ;
#4364 = AXIS2_PLACEMENT_3D ( 'NONE', #464, #3723, #4132 ) ;
#4365 = CARTESIAN_POINT ( 'NONE',  ( -18.00000000000001421, 0.000000000000000000, 0.000000000000000000 ) ) ;
#4366 = EDGE_CURVE ( 'NONE', #4540, #4780, #548, .T. ) ;
#4367 = ORIENTED_EDGE ( 'NONE', *, *, #171, .F. ) ;
#4368 = AXIS2_PLACEMENT_3D ( 'NONE', #4160, #4628, #964 ) ;
#4369 = DIRECTION ( 'NONE',  ( 0.000000000000000000, 0.000000000000000000, -1.000000000000000000 ) ) ;
#4370 = LINE ( 'NONE', #3551, #4245 ) ;
#4371 = EDGE_LOOP ( 'NONE', ( #4928, #276, #2588, #698, #3044, #2261, #4023, #1359, #3781, #1993 ) ) ;
#4372 = CIRCLE ( 'NONE', #4811, 17.50000000000000711 ) ;
#4373 = EDGE_LOOP ( 'NONE', ( #880, #745 ) ) ;
#4374 = ADVANCED_FACE ( 'NONE', ( #1863 ), #1238, .T. ) ;
#4375 = EDGE_CURVE ( 'NONE', #3883, #2171, #1932, .T. ) ;
#4376 = DIRECTION ( 'NONE',  ( 1.000000000000000000, -0.000000000000000000, -0.000000000000000000 ) ) ;
#4377 = CARTESIAN_POINT ( 'NONE',  ( 12.00000000000000000, 1.469576158976819806E-15, 24.00000000000000000 ) ) ;
#4378 = ORIENTED_EDGE ( 'NONE', *, *, #4544, .T. ) ;
#4379 = CARTESIAN_POINT ( 'NONE',  ( 12.00000000000000000, 7.778174593052019858, -5.778174593052029628 ) ) ;
#4380 = ORIENTED_EDGE ( 'NONE', *, *, #5243, .F. ) ;
#4381 = DIRECTION ( 'NONE',  ( 6.080567184022863470E-16, 0.7010416666666663410, -0.7131203135497001799 ) ) ;
#4382 = ADVANCED_FACE ( 'NONE', ( #2640 ), #1790, .F. ) ;
#4383 = VERTEX_POINT ( 'NONE', #4274 ) ;
#4384 = DIRECTION ( 'NONE',  ( 0.000000000000000000, 0.000000000000000000, -1.000000000000000000 ) ) ;
#4385 = ORIENTED_EDGE ( 'NONE', *, *, #4841, .F. ) ;
#4386 = FACE_OUTER_BOUND ( 'NONE', #1813, .T. ) ;
#4387 = CARTESIAN_POINT ( 'NONE',  ( 12.00000000000000000, -9.192388155425119223, -9.192388155425119223 ) ) ;
#4388 = CIRCLE ( 'NONE', #5265, 2.049999999999999822 ) ;
#4389 = CARTESIAN_POINT ( 'NONE',  ( 32.00000000000000000, 49.66666666666688457, 22.43818669639327013 ) ) ;
#4390 = DIRECTION ( 'NONE',  ( 1.000000000000000000, 0.000000000000000000, 0.000000000000000000 ) ) ;
#4391 = CIRCLE ( 'NONE', #675, 1.999999999999998446 ) ;
#4392 = DIRECTION ( 'NONE',  ( 0.000000000000000000, 0.000000000000000000, -1.000000000000000000 ) ) ;
#4393 = AXIS2_PLACEMENT_3D ( 'NONE', #4662, #3362, #5105 ) ;
#4394 = DIRECTION ( 'NONE',  ( 0.000000000000000000, 0.000000000000000000, 1.000000000000000000 ) ) ;
#4395 = CARTESIAN_POINT ( 'NONE',  ( 30.00000000000000000, -12.47960548711975370, -35.73177083333332860 ) ) ;
#4396 = ORIENTED_EDGE ( 'NONE', *, *, #2991, .F. ) ;
#4397 = ORIENTED_EDGE ( 'NONE', *, *, #2359, .F. ) ;
#4398 = AXIS2_PLACEMENT_3D ( 'NONE', #474, #2666, #614 ) ;
#4399 = DIRECTION ( 'NONE',  ( 0.000000000000000000, 0.000000000000000000, 1.000000000000000000 ) ) ;
#4400 = EDGE_CURVE ( 'NONE', #1711, #2997, #4714, .T. ) ;
#4401 = DIRECTION ( 'NONE',  ( 1.000000000000000000, -0.000000000000000000, -0.000000000000000000 ) ) ;
#4402 = ADVANCED_FACE ( 'NONE', ( #1843 ), #221, .F. ) ;
#4403 = VERTEX_POINT ( 'NONE', #4708 ) ;
#4404 = DIRECTION ( 'NONE',  ( 6.080567184022887135E-16, 0.7131203135496976264, -0.7010416666666691166 ) ) ;
#4405 = ORIENTED_EDGE ( 'NONE', *, *, #245, .F. ) ;
#4406 = CARTESIAN_POINT ( 'NONE',  ( 32.00000000000000000, -3.673940397442059967E-15, -20.00000000000000000 ) ) ;
#4407 = AXIS2_PLACEMENT_3D ( 'NONE', #2841, #4486, #803 ) ;
#4408 = VERTEX_POINT ( 'NONE', #3479 ) ;
#4409 = CARTESIAN_POINT ( 'NONE',  ( 32.00000000000000000, -24.49673593459505838, 54.22324159021404455 ) ) ;
#4410 = ADVANCED_FACE ( 'NONE', ( #5141 ), #1453, .T. ) ;
#4411 = CIRCLE ( 'NONE', #1413, 1.999999999999998224 ) ;
#4412 = ADVANCED_FACE ( 'NONE', ( #328 ), #5225, .F. ) ;
#4413 = CYLINDRICAL_SURFACE ( 'NONE', #2519, 5.000000000000000888 ) ;
#4414 = DIRECTION ( 'NONE',  ( 0.000000000000000000, 0.000000000000000000, -1.000000000000000000 ) ) ;
#4415 = AXIS2_PLACEMENT_3D ( 'NONE', #2413, #382, #5204 ) ;
#4416 = DIRECTION ( 'NONE',  ( 1.000000000000000000, 0.000000000000000000, 0.000000000000000000 ) ) ;
#4417 = CARTESIAN_POINT ( 'NONE',  ( -8.000000000000000000, 0.000000000000000000, -70.00000000000001421 ) ) ;
#4418 = AXIS2_PLACEMENT_3D ( 'NONE', #3915, #262, #4392 ) ;
#4419 = DIRECTION ( 'NONE',  ( 0.000000000000000000, 0.000000000000000000, -1.000000000000000000 ) ) ;
#4420 = DIRECTION ( 'NONE',  ( 0.000000000000000000, 0.000000000000000000, -1.000000000000000000 ) ) ;
#4421 = AXIS2_PLACEMENT_3D ( 'NONE', #1647, #2872, #1294 ) ;
#4422 = MECHANICAL_DESIGN_GEOMETRIC_PRESENTATION_REPRESENTATION (  '', ( #1258 ), #3049 ) ;
#4423 = ORIENTED_EDGE ( 'NONE', *, *, #3247, .F. ) ;
#4424 = AXIS2_PLACEMENT_3D ( 'NONE', #528, #1006, #2243 ) ;
#4425 = DIRECTION ( 'NONE',  ( -1.000000000000000000, -0.000000000000000000, -0.000000000000000000 ) ) ;
#4426 = DIRECTION ( 'NONE',  ( -1.000000000000000000, -0.000000000000000000, -0.000000000000000000 ) ) ;
#4427 = ORIENTED_EDGE ( 'NONE', *, *, #1952, .F. ) ;
#4428 = VERTEX_POINT ( 'NONE', #351 ) ;
#4429 = CARTESIAN_POINT ( 'NONE',  ( -8.000000000000000000, -6.071532165918824830E-15, 44.85000000000000142 ) ) ;
#4430 = FACE_OUTER_BOUND ( 'NONE', #584, .T. ) ;
#4431 = ORIENTED_EDGE ( 'NONE', *, *, #1369, .F. ) ;
#4432 = DIRECTION ( 'NONE',  ( 0.000000000000000000, 0.000000000000000000, -1.000000000000000000 ) ) ;
#4433 = ORIENTED_EDGE ( 'NONE', *, *, #3647, .F. ) ;
#4434 = CARTESIAN_POINT ( 'NONE',  ( 10.00000000000000000, 48.00000000000000000, -5.027733127934112032E-13 ) ) ;
#4435 = EDGE_CURVE ( 'NONE', #2717, #1410, #1510, .T. ) ;
#4436 = ORIENTED_EDGE ( 'NONE', *, *, #3119, .T. ) ;
#4437 = CIRCLE ( 'NONE', #1421, 17.50000000000000711 ) ;
#4438 = AXIS2_PLACEMENT_3D ( 'NONE', #263, #766, #3204 ) ;
#4439 = DIRECTION ( 'NONE',  ( 0.000000000000000000, 0.000000000000000000, 1.000000000000000000 ) ) ;
#4440 = DIRECTION ( 'NONE',  ( 1.000000000000000000, 0.000000000000000000, 0.000000000000000000 ) ) ;
#4441 = TOROIDAL_SURFACE ( 'NONE', #4877, 7.000000000000000000, 2.000000000000000000 ) ;
#4442 = DIRECTION ( 'NONE',  ( 1.000000000000000000, 0.000000000000000000, 0.000000000000000000 ) ) ;
#4443 = AXIS2_PLACEMENT_3D ( 'NONE', #331, #2306, #224 ) ;
#4444 = VERTEX_POINT ( 'NONE', #3555 ) ;
#4445 = EDGE_CURVE ( 'NONE', #4444, #1463, #565, .T. ) ;
#4446 = ADVANCED_FACE ( 'NONE', ( #3104 ), #4260, .T. ) ;
#4447 = AXIS2_PLACEMENT_3D ( 'NONE', #695, #4818, #4299 ) ;
#4448 = CARTESIAN_POINT ( 'NONE',  ( 32.00000000000000000, 12.92530568308831285, -25.96028645833332504 ) ) ;
#4449 = CARTESIAN_POINT ( 'NONE',  ( 0.000000000000000000, 0.000000000000000000, 0.000000000000000000 ) ) ;
#4450 = CARTESIAN_POINT ( 'NONE',  ( 32.00000000000000000, 48.00000000000000000, -14.20000000000050555 ) ) ;
#4451 = ORIENTED_EDGE ( 'NONE', *, *, #1290, .T. ) ;
#4452 = CARTESIAN_POINT ( 'NONE',  ( 32.00000000000000000, -32.22656250000004974, -16.04520705486814336 ) ) ;
#4453 = ORIENTED_EDGE ( 'NONE', *, *, #29, .F. ) ;
#4454 = EDGE_CURVE ( 'NONE', #68, #3892, #1691, .T. ) ;
#4455 = CARTESIAN_POINT ( 'NONE',  ( 31.52697051767142256, 69.24659090294413488, -2.677771963292569612 ) ) ;
#4456 = CARTESIAN_POINT ( 'NONE',  ( 30.00000000000000000, 22.43818669639379237, 54.66666666666665009 ) ) ;
#4457 = DIRECTION ( 'NONE',  ( 1.000000000000000000, 0.000000000000000000, 0.000000000000000000 ) ) ;
#4458 = VERTEX_POINT ( 'NONE', #3160 ) ;
#4459 = ORIENTED_EDGE ( 'NONE', *, *, #2319, .T. ) ;
#4460 = CIRCLE ( 'NONE', #5240, 4.999999999999997335 ) ;
#4461 = CIRCLE ( 'NONE', #4368, 3.150000000000000355 ) ;
#4462 = LINE ( 'NONE', #297, #4074 ) ;
#4463 = LINE ( 'NONE', #1593, #2109 ) ;
#4464 = EDGE_LOOP ( 'NONE', ( #4860, #5092, #4482, #1002 ) ) ;
#4465 = ORIENTED_EDGE ( 'NONE', *, *, #5144, .T. ) ;
#4466 = CARTESIAN_POINT ( 'NONE',  ( 32.00000000000000000, 0.000000000000000000, 48.00000000000000000 ) ) ;
#4467 = CARTESIAN_POINT ( 'NONE',  ( 0.000000000000000000, -13.81670607502544357, 27.75065104166666075 ) ) ;
#4468 = CYLINDRICAL_SURFACE ( 'NONE', #1746, 3.150000000000000355 ) ;
#4469 = DIRECTION ( 'NONE',  ( 1.000000000000000000, 0.000000000000000000, 0.000000000000000000 ) ) ;
#4470 = DIRECTION ( 'NONE',  ( 0.000000000000000000, 0.000000000000000000, 1.000000000000000000 ) ) ;
#4471 = ADVANCED_FACE ( 'NONE', ( #247 ), #1431, .T. ) ;
#4472 = CARTESIAN_POINT ( 'NONE',  ( 12.00000000000000000, -3.673940397442059967E-15, -20.00000000000000000 ) ) ;
#4473 = EDGE_CURVE ( 'NONE', #4242, #3978, #3951, .T. ) ;
#4474 = CARTESIAN_POINT ( 'NONE',  ( 30.00000000000000000, -48.00000000000000000, 1.675911042644704011E-13 ) ) ;
#4475 = VECTOR ( 'NONE', #654, 1000.000000000000000 ) ;
#4476 = CYLINDRICAL_SURFACE ( 'NONE', #4551, 1.999999999999998224 ) ;
#4477 = AXIS2_PLACEMENT_3D ( 'NONE', #3807, #1435, #3383 ) ;
#4478 = ORIENTED_EDGE ( 'NONE', *, *, #50, .F. ) ;
#4479 = DIRECTION ( 'NONE',  ( 1.000000000000000000, 0.000000000000000000, 0.000000000000000000 ) ) ;
#4480 = CARTESIAN_POINT ( 'NONE',  ( 32.00000000000000000, 48.00000000000000000, -5.027733127934112032E-13 ) ) ;
#4481 = EDGE_CURVE ( 'NONE', #4756, #3624, #4462, .T. ) ;
#4482 = ORIENTED_EDGE ( 'NONE', *, *, #366, .T. ) ;
#4483 = ORIENTED_EDGE ( 'NONE', *, *, #600, .T. ) ;
#4484 = CIRCLE ( 'NONE', #2097, 17.50000000000000711 ) ;
#4485 = CARTESIAN_POINT ( 'NONE',  ( -8.000000000000000000, 2.510525938252074679E-16, 16.44999999999999929 ) ) ;
#4486 = DIRECTION ( 'NONE',  ( 1.000000000000000000, 0.000000000000000000, 0.000000000000000000 ) ) ;
#4487 = EDGE_LOOP ( 'NONE', ( #440, #917, #1861, #4096 ) ) ;
#4488 = ORIENTED_EDGE ( 'NONE', *, *, #1800, .T. ) ;
#4489 = FACE_OUTER_BOUND ( 'NONE', #3358, .T. ) ;
#4490 = ORIENTED_EDGE ( 'NONE', *, *, #1892, .T. ) ;
#4491 = CARTESIAN_POINT ( 'NONE',  ( 30.00000000000000000, 22.43818669639379237, -49.66666666666665009 ) ) ;
#4492 = CARTESIAN_POINT ( 'NONE',  ( -8.000000000000000000, 0.000000000000000000, 20.54999999999999716 ) ) ;
#4493 = VECTOR ( 'NONE', #4020, 1000.000000000000000 ) ;
#4494 = DIRECTION ( 'NONE',  ( 0.000000000000000000, 0.000000000000000000, 1.000000000000000000 ) ) ;
#4495 = EDGE_LOOP ( 'NONE', ( #294, #40, #4488, #2018 ) ) ;
#4496 = AXIS2_PLACEMENT_3D ( 'NONE', #38, #4126, #461 ) ;
#4497 = DIRECTION ( 'NONE',  ( 0.000000000000000000, -1.000000000000000000, 0.000000000000000000 ) ) ;
#4498 = APPLICATION_PROTOCOL_DEFINITION ( 'draft international standard', 'automotive_design', 1998, #4084 ) ;
#4499 = CIRCLE ( 'NONE', #2205, 2.000000000000001776 ) ;
#4500 = CARTESIAN_POINT ( 'NONE',  ( 12.00000000000000000, 1.469576158976819806E-15, 24.00000000000000000 ) ) ;
#4501 = CIRCLE ( 'NONE', #2863, 5.000000000000000888 ) ;
#4502 = CARTESIAN_POINT ( 'NONE',  ( 32.00000000000000000, -10.60660171779819905, 8.606601717798199047 ) ) ;
#4503 = TOROIDAL_SURFACE ( 'NONE', #1678, 61.49999999999999289, 2.000000000000000000 ) ;
#4504 = VERTEX_POINT ( 'NONE', #1146 ) ;
#4505 = VECTOR ( 'NONE', #2698, 1000.000000000000000 ) ;
#4506 = EDGE_CURVE ( 'NONE', #4707, #1786, #3050, .T. ) ;
#4507 = CARTESIAN_POINT ( 'NONE',  ( 31.75164867889824905, 68.92579142769751854, -2.580900699320599845 ) ) ;
#4508 = EDGE_LOOP ( 'NONE', ( #1068, #491, #2834, #1613 ) ) ;
#4509 = CARTESIAN_POINT ( 'NONE',  ( 31.48825474076824804, 69.35012342567787869, 1.933510113886762305 ) ) ;
#4510 = VERTEX_POINT ( 'NONE', #4429 ) ;
#4511 = TOROIDAL_SURFACE ( 'NONE', #2295, 15.50000000000000888, 2.000000000000000000 ) ;
#4512 = ADVANCED_FACE ( 'NONE', ( #4763 ), #4837, .F. ) ;
#4513 = EDGE_CURVE ( 'NONE', #2530, #1757, #2143, .T. ) ;
#4514 = CARTESIAN_POINT ( 'NONE',  ( -8.000000000000000000, 49.66666666666641561, -22.43818669639431107 ) ) ;
#4515 = AXIS2_PLACEMENT_3D ( 'NONE', #872, #844, #4880 ) ;
#4516 = CARTESIAN_POINT ( 'NONE',  ( 12.00000000000000000, -3.429011037612589670E-15, -18.00000000000000355 ) ) ;
#4517 = ORIENTED_EDGE ( 'NONE', *, *, #5182, .F. ) ;
#4518 = VERTEX_POINT ( 'NONE', #2715 ) ;
#4519 = ORIENTED_EDGE ( 'NONE', *, *, #1723, .F. ) ;
#4520 = FACE_OUTER_BOUND ( 'NONE', #773, .T. ) ;
#4521 = UNCERTAINTY_MEASURE_WITH_UNIT (LENGTH_MEASURE( 1.000000000000000082E-05 ), #1583, 'distance_accuracy_value', 'NONE');
#4522 = CYLINDRICAL_SURFACE ( 'NONE', #3548, 2.049999999999999822 ) ;
#4523 = FACE_BOUND ( 'NONE', #4371, .T. ) ;
#4524 = CARTESIAN_POINT ( 'NONE',  ( 32.00000000000000000, -22.00000000000000000, -1.999999999999998224 ) ) ;
#4525 = CARTESIAN_POINT ( 'NONE',  ( 32.00000000000000000, 48.00000000000000000, -5.027733127934112032E-13 ) ) ;
#4526 = DIRECTION ( 'NONE',  ( -1.000000000000000000, -0.000000000000000000, -0.000000000000000000 ) ) ;
#4527 = CIRCLE ( 'NONE', #921, 17.50000000000000000 ) ;
#4528 = DIRECTION ( 'NONE',  ( 1.000000000000000000, -0.000000000000000000, -0.000000000000000000 ) ) ;
#4529 = FACE_OUTER_BOUND ( 'NONE', #4018, .T. ) ;
#4530 = ORIENTED_EDGE ( 'NONE', *, *, #988, .T. ) ;
#4531 = CIRCLE ( 'NONE', #80, 2.000000000000000444 ) ;
#4532 = CYLINDRICAL_SURFACE ( 'NONE', #4980, 5.000000000000000888 ) ;
#4533 = ORIENTED_EDGE ( 'NONE', *, *, #1953, .T. ) ;
#4534 = DIRECTION ( 'NONE',  ( -1.000000000000000000, -0.000000000000000000, -0.000000000000000000 ) ) ;
#4535 = CARTESIAN_POINT ( 'NONE',  ( 30.92172446855362011, 68.89781729955997491, 1.669505821404033696 ) ) ;
#4536 = DIRECTION ( 'NONE',  ( 1.000000000000000000, 0.000000000000000000, 0.000000000000000000 ) ) ;
#4537 = ADVANCED_FACE ( 'NONE', ( #1997 ), #2813, .F. ) ;
#4538 = CIRCLE ( 'NONE', #1968, 3.149999999999999911 ) ;
#4539 = VERTEX_POINT ( 'NONE', #1592 ) ;
#4540 = VERTEX_POINT ( 'NONE', #3189 ) ;
#4541 = CARTESIAN_POINT ( 'NONE',  ( 10.00000000000000000, -6.071532165918824830E-15, 44.85000000000000142 ) ) ;
#4542 = DIRECTION ( 'NONE',  ( 0.000000000000000000, 3.449621540799592364E-14, -1.000000000000000000 ) ) ;
#4543 = EDGE_CURVE ( 'NONE', #4665, #2898, #2406, .T. ) ;
#4544 = EDGE_CURVE ( 'NONE', #3374, #5094, #920, .T. ) ;
#4545 = VERTEX_POINT ( 'NONE', #721 ) ;
#4546 = CIRCLE ( 'NONE', #2246, 1.999999999999999556 ) ;
#4547 = ORIENTED_EDGE ( 'NONE', *, *, #2643, .T. ) ;
#4548 = CARTESIAN_POINT ( 'NONE',  ( 30.99999999999999289, 68.64285714285715301, 1.469068842943079378 ) ) ;
#4549 = TOROIDAL_SURFACE ( 'NONE', #1285, 7.000000000000000000, 2.000000000000000000 ) ;
#4550 = CARTESIAN_POINT ( 'NONE',  ( 32.00000000000000000, 67.96428571428572241, 2.203603264414617513 ) ) ;
#4551 = AXIS2_PLACEMENT_3D ( 'NONE', #3685, #4001, #2400 ) ;
#4552 = CARTESIAN_POINT ( 'NONE',  ( -11.99999999999999822, 0.000000000000000000, -51.14999999999999858 ) ) ;
#4553 = ORIENTED_EDGE ( 'NONE', *, *, #1060, .T. ) ;
#4554 = ADVANCED_FACE ( 'NONE', ( #2380 ), #3981, .T. ) ;
#4555 = CARTESIAN_POINT ( 'NONE',  ( 12.00000000000000000, 13.43502884254440133, -13.43502884254440133 ) ) ;
#4556 = ORIENTED_EDGE ( 'NONE', *, *, #478, .F. ) ;
#4557 = VERTEX_POINT ( 'NONE', #4541 ) ;
#4558 = LINE ( 'NONE', #444, #2107 ) ;
#4559 = APPLICATION_PROTOCOL_DEFINITION ( 'draft international standard', 'automotive_design', 1998, #2732 ) ;
#4560 = FACE_OUTER_BOUND ( 'NONE', #1551, .T. ) ;
#4561 = DIRECTION ( 'NONE',  ( -1.000000000000000000, -0.000000000000000000, -0.000000000000000000 ) ) ;
#4562 = VERTEX_POINT ( 'NONE', #2054 ) ;
#4563 = DIRECTION ( 'NONE',  ( 0.000000000000000000, 0.000000000000000000, -1.000000000000000000 ) ) ;
#4564 = ORIENTED_EDGE ( 'NONE', *, *, #3118, .F. ) ;
#4565 = CARTESIAN_POINT ( 'NONE',  ( 32.00000000000000000, 22.43818669639379237, -49.66666666666665009 ) ) ;
#4566 = FACE_OUTER_BOUND ( 'NONE', #2793, .T. ) ;
#4567 = CARTESIAN_POINT ( 'NONE',  ( 30.00000000000000000, -22.43818669639379237, -49.66666666666665009 ) ) ;
#4568 = DIRECTION ( 'NONE',  ( 1.000000000000000000, 0.000000000000000000, 0.000000000000000000 ) ) ;
#4569 = CARTESIAN_POINT ( 'NONE',  ( -8.000000000000000000, -13.81670607502543824, -27.75065104166666430 ) ) ;
#4570 = ORIENTED_EDGE ( 'NONE', *, *, #4814, .F. ) ;
#4571 = VECTOR ( 'NONE', #3199, 1000.000000000000000 ) ;
#4572 = DIRECTION ( 'NONE',  ( 0.000000000000000000, 0.000000000000000000, -1.000000000000000000 ) ) ;
#4573 = AXIS2_PLACEMENT_3D ( 'NONE', #3730, #899, #501 ) ;
#4574 = EDGE_CURVE ( 'NONE', #1641, #4875, #2140, .T. ) ;
#4575 = ADVANCED_FACE ( 'NONE', ( #2481 ), #2535, .T. ) ;
#4576 = CARTESIAN_POINT ( 'NONE',  ( 32.00000000000000000, 7.778174593052019858, -9.778174593052030517 ) ) ;
#4577 = DIRECTION ( 'NONE',  ( 0.000000000000000000, 0.000000000000000000, 1.000000000000000000 ) ) ;
#4578 = DIRECTION ( 'NONE',  ( 1.000000000000000000, -0.000000000000000000, -0.000000000000000000 ) ) ;
#4579 = ORIENTED_EDGE ( 'NONE', *, *, #2983, .T. ) ;
#4580 = EDGE_CURVE ( 'NONE', #2004, #611, #1871, .T. ) ;
#4581 = EDGE_CURVE ( 'NONE', #1168, #4705, #748, .T. ) ;
#4582 = AXIS2_PLACEMENT_3D ( 'NONE', #2125, #1245, #4470 ) ;
#4583 = CARTESIAN_POINT ( 'NONE',  ( 12.00000000000000000, 1.224646799147354045E-15, 18.00000000000000355 ) ) ;
#4584 = CARTESIAN_POINT ( 'NONE',  ( 30.00000000000000000, -49.66666666666657193, 15.43818669639396646 ) ) ;
#4585 = LINE ( 'NONE', #845, #5008 ) ;
#4586 = AXIS2_PLACEMENT_3D ( 'NONE', #722, #1205, #2745 ) ;
#4587 = ORIENTED_EDGE ( 'NONE', *, *, #4981, .T. ) ;
#4588 = ORIENTED_EDGE ( 'NONE', *, *, #1862, .T. ) ;
#4589 = DIRECTION ( 'NONE',  ( 1.000000000000000000, 0.000000000000000000, 0.000000000000000000 ) ) ;
#4590 = VECTOR ( 'NONE', #5091, 1000.000000000000000 ) ;
#4591 = DIRECTION ( 'NONE',  ( 1.000000000000000000, -0.000000000000000000, -0.000000000000000000 ) ) ;
#4592 = DIRECTION ( 'NONE',  ( -1.000000000000000000, -0.000000000000000000, -0.000000000000000000 ) ) ;
#4593 = AXIS2_PLACEMENT_3D ( 'NONE', #3221, #5259, #1947 ) ;
#4594 = CARTESIAN_POINT ( 'NONE',  ( 30.07188238283204029, 69.29523808680289676, -1.871713291534452983 ) ) ;
#4595 = TOROIDAL_SURFACE ( 'NONE', #554, 15.50000000000000888, 2.000000000000000000 ) ;
#4596 = DIRECTION ( 'NONE',  ( 0.000000000000000000, 0.000000000000000000, -1.000000000000000000 ) ) ;
#4597 = VERTEX_POINT ( 'NONE', #2893 ) ;
#4598 = AXIS2_PLACEMENT_3D ( 'NONE', #159, #3419, #1341 ) ;
#4599 = EDGE_LOOP ( 'NONE', ( #3048, #2575, #1931, #2567 ) ) ;
#4600 = CYLINDRICAL_SURFACE ( 'NONE', #2160, 59.49999999999999289 ) ;
#4601 = DIRECTION ( 'NONE',  ( 0.000000000000000000, -0.4457001959685533143, 0.8951822916666712926 ) ) ;
#4602 = CIRCLE ( 'NONE', #1432, 5.000000000000000888 ) ;
#4603 = DIRECTION ( 'NONE',  ( 0.000000000000000000, 0.000000000000000000, -1.000000000000000000 ) ) ;
#4604 = CARTESIAN_POINT ( 'NONE',  ( -8.000000000000000000, -12.47960548711975193, -35.73177083333332860 ) ) ;
#4605 = ADVANCED_FACE ( 'NONE', ( #90 ), #4441, .T. ) ;
#4606 = AXIS2_PLACEMENT_3D ( 'NONE', #2555, #4174, #507 ) ;
#4607 = ORIENTED_EDGE ( 'NONE', *, *, #2484, .F. ) ;
#4608 = DIRECTION ( 'NONE',  ( 0.000000000000000000, 0.000000000000000000, -1.000000000000000000 ) ) ;
#4609 = ORIENTED_EDGE ( 'NONE', *, *, #2324, .F. ) ;
#4610 = DIRECTION ( 'NONE',  ( 0.000000000000000000, 0.000000000000000000, 1.000000000000000000 ) ) ;
#4611 = LINE ( 'NONE', #1029, #3773 ) ;
#4612 = EDGE_CURVE ( 'NONE', #1120, #2254, #3237, .T. ) ;
#4613 = ADVANCED_FACE ( 'NONE', ( #2110 ), #3405, .T. ) ;
#4614 = ORIENTED_EDGE ( 'NONE', *, *, #5138, .T. ) ;
#4615 = ORIENTED_EDGE ( 'NONE', *, *, #4580, .F. ) ;
#4616 = AXIS2_PLACEMENT_3D ( 'NONE', #673, #273, #2279 ) ;
#4617 = DIRECTION ( 'NONE',  ( 0.000000000000000000, 0.000000000000000000, -1.000000000000000000 ) ) ;
#4618 = LINE ( 'NONE', #4262, #3171 ) ;
#4619 = CARTESIAN_POINT ( 'NONE',  ( 32.00000000000000000, 17.45192298608404968, 49.29629629629628340 ) ) ;
#4620 = EDGE_CURVE ( 'NONE', #3978, #4331, #2235, .T. ) ;
#4621 = AXIS2_PLACEMENT_3D ( 'NONE', #3636, #430, #3292 ) ;
#4622 = CARTESIAN_POINT ( 'NONE',  ( 30.78927641993896458, 69.04468510891831556, -1.757477035996711345 ) ) ;
#4623 = CARTESIAN_POINT ( 'NONE',  ( 32.00000000000000000, 48.00000000000000000, -5.027733127934112032E-13 ) ) ;
#4624 = ORIENTED_EDGE ( 'NONE', *, *, #660, .T. ) ;
#4625 = EDGE_LOOP ( 'NONE', ( #190, #978, #1973, #2786 ) ) ;
#4626 = ORIENTED_EDGE ( 'NONE', *, *, #2743, .T. ) ;
#4627 = VERTEX_POINT ( 'NONE', #1617 ) ;
#4628 = DIRECTION ( 'NONE',  ( -1.000000000000000000, 0.000000000000000000, 0.000000000000000000 ) ) ;
#4629 = DIRECTION ( 'NONE',  ( 0.000000000000000000, -0.4117098476402568097, -0.9113149847094782485 ) ) ;
#4630 = CIRCLE ( 'NONE', #2986, 1.999999999999999334 ) ;
#4631 = DIRECTION ( 'NONE',  ( 0.000000000000000000, 0.000000000000000000, -1.000000000000000000 ) ) ;
#4632 = DIRECTION ( 'NONE',  ( 1.000000000000000000, 0.000000000000000000, 0.000000000000000000 ) ) ;
#4633 = ORIENTED_EDGE ( 'NONE', *, *, #2736, .T. ) ;
#4634 = AXIS2_PLACEMENT_3D ( 'NONE', #2147, #492, #3747 ) ;
#4635 = VECTOR ( 'NONE', #1368, 1000.000000000000000 ) ;
#4636 = DIRECTION ( 'NONE',  ( 0.000000000000000000, 0.000000000000000000, 1.000000000000000000 ) ) ;
#4637 = CARTESIAN_POINT ( 'NONE',  ( 12.00000000000000000, -9.192388155425119223, -9.192388155425119223 ) ) ;
#4638 = EDGE_CURVE ( 'NONE', #319, #432, #3343, .T. ) ;
#4639 = EDGE_CURVE ( 'NONE', #4856, #4458, #4082, .T. ) ;
#4640 = DIRECTION ( 'NONE',  ( 0.000000000000000000, 0.000000000000000000, 1.000000000000000000 ) ) ;
#4641 = DIRECTION ( 'NONE',  ( 0.000000000000000000, 0.000000000000000000, -1.000000000000000000 ) ) ;
#4642 = FACE_OUTER_BOUND ( 'NONE', #4213, .T. ) ;
#4643 = DIRECTION ( 'NONE',  ( 1.000000000000000000, -0.000000000000000000, -0.000000000000000000 ) ) ;
#4644 = ADVANCED_FACE ( 'NONE', ( #3720 ), #2944, .F. ) ;
#4645 = CARTESIAN_POINT ( 'NONE',  ( 32.00000000000000000, 68.17817125515078658, -2.304509113856360258 ) ) ;
#4646 = DIRECTION ( 'NONE',  ( 0.000000000000000000, 0.000000000000000000, -1.000000000000000000 ) ) ;
#4647 = ORIENTED_EDGE ( 'NONE', *, *, #212, .T. ) ;
#4648 = ORIENTED_EDGE ( 'NONE', *, *, #3922, .F. ) ;
#4649 = EDGE_LOOP ( 'NONE', ( #2345, #2711, #4436, #4278 ) ) ;
#4650 = CARTESIAN_POINT ( 'NONE',  ( -8.000000000000000000, 69.94202898550726388, -2.848259361516115806 ) ) ;
#4651 = CARTESIAN_POINT ( 'NONE',  ( 12.00000000000000000, -16.26345596729059650, 16.26345596729059650 ) ) ;
#4652 = CIRCLE ( 'NONE', #361, 3.149999999999999911 ) ;
#4653 = CIRCLE ( 'NONE', #699, 5.500000000000000000 ) ;
#4654 = EDGE_LOOP ( 'NONE', ( #3337, #5047 ) ) ;
#4655 = ORIENTED_EDGE ( 'NONE', *, *, #4869, .F. ) ;
#4656 = DIRECTION ( 'NONE',  ( 0.000000000000000000, 0.000000000000000000, 1.000000000000000000 ) ) ;
#4657 = LINE ( 'NONE', #1820, #1738 ) ;
#4658 = VERTEX_POINT ( 'NONE', #4485 ) ;
#4659 = ORIENTED_EDGE ( 'NONE', *, *, #3571, .T. ) ;
#4660 = CIRCLE ( 'NONE', #4227, 2.000000000000000888 ) ;
#4661 = DIRECTION ( 'NONE',  ( -1.000000000000000000, 0.000000000000000000, 0.000000000000000000 ) ) ;
#4662 = CARTESIAN_POINT ( 'NONE',  ( -8.000000000000000000, 0.000000000000000000, 0.000000000000000000 ) ) ;
#4663 = LINE ( 'NONE', #1467, #112 ) ;
#4664 = AXIS2_PLACEMENT_3D ( 'NONE', #2418, #4878, #842 ) ;
#4665 = VERTEX_POINT ( 'NONE', #1699 ) ;
#4666 = DIRECTION ( 'NONE',  ( 0.000000000000000000, 0.000000000000000000, -1.000000000000000000 ) ) ;
#4667 = DIRECTION ( 'NONE',  ( 0.000000000000000000, 0.000000000000000000, 1.000000000000000000 ) ) ;
#4668 = ORIENTED_EDGE ( 'NONE', *, *, #2319, .F. ) ;
#4669 = DIRECTION ( 'NONE',  ( 0.000000000000000000, 2.664535259100376091E-15, 1.000000000000000000 ) ) ;
#4670 = CIRCLE ( 'NONE', #2532, 2.000000000000001776 ) ;
#4671 = EDGE_CURVE ( 'NONE', #5095, #4518, #3144, .T. ) ;
#4672 = ORIENTED_EDGE ( 'NONE', *, *, #3506, .F. ) ;
#4673 = CIRCLE ( 'NONE', #2860, 2.000000000000000000 ) ;
#4674 = FACE_OUTER_BOUND ( 'NONE', #688, .T. ) ;
#4675 = DIRECTION ( 'NONE',  ( 1.000000000000000000, 0.000000000000000000, 0.000000000000000000 ) ) ;
#4676 = VERTEX_POINT ( 'NONE', #2918 ) ;
#4677 = ORIENTED_EDGE ( 'NONE', *, *, #933, .F. ) ;
#4678 = DIRECTION ( 'NONE',  ( 0.000000000000000000, 0.000000000000000000, 1.000000000000000000 ) ) ;
#4679 = ADVANCED_FACE ( 'NONE', ( #2866 ), #2954, .T. ) ;
#4680 = AXIS2_PLACEMENT_3D ( 'NONE', #635, #3043, #582 ) ;
#4681 = ADVANCED_FACE ( 'NONE', ( #3396 ), #2271, .F. ) ;
#4682 = AXIS2_PLACEMENT_3D ( 'NONE', #1822, #3857, #4563 ) ;
#4683 = DIRECTION ( 'NONE',  ( 0.000000000000000000, 0.7010416666666655638, -0.7131203135497010681 ) ) ;
#4684 = AXIS2_PLACEMENT_3D ( 'NONE', #2581, #3815, #4667 ) ;
#4685 = ORIENTED_EDGE ( 'NONE', *, *, #4544, .F. ) ;
#4686 = DIRECTION ( 'NONE',  ( 1.000000000000000000, 0.000000000000000000, 0.000000000000000000 ) ) ;
#4687 = ORIENTED_EDGE ( 'NONE', *, *, #279, .F. ) ;
#4688 = CARTESIAN_POINT ( 'NONE',  ( -8.000000000000000000, -17.45192298608404968, 49.29629629629628340 ) ) ;
#4689 = EDGE_CURVE ( 'NONE', #3908, #2132, #1344, .T. ) ;
#4690 = TOROIDAL_SURFACE ( 'NONE', #2381, 15.50000000000000888, 2.000000000000000000 ) ;
#4691 = ORIENTED_EDGE ( 'NONE', *, *, #5318, .T. ) ;
#4692 = DIRECTION ( 'NONE',  ( 0.000000000000000000, 0.000000000000000000, -1.000000000000000000 ) ) ;
#4693 = CARTESIAN_POINT ( 'NONE',  ( 30.00000000000000000, 49.66666666666641561, -17.43818669639431107 ) ) ;
#4694 = CARTESIAN_POINT ( 'NONE',  ( 30.00000000000000000, -17.45192298608404968, 49.29629629629628340 ) ) ;
#4695 = AXIS2_PLACEMENT_3D ( 'NONE', #1561, #1533, #690 ) ;
#4696 = CARTESIAN_POINT ( 'NONE',  ( 30.00000000000000000, 48.00000000000000000, -17.50000000000051159 ) ) ;
#4697 = CARTESIAN_POINT ( 'NONE',  ( 32.00000000000000000, -22.43818669639379237, -56.66666666666665009 ) ) ;
#4698 = CARTESIAN_POINT ( 'NONE',  ( 30.00000000000000000, -48.00000000000000000, 1.675911042644704011E-13 ) ) ;
#4699 = DIRECTION ( 'NONE',  ( 0.000000000000000000, 0.000000000000000000, -1.000000000000000000 ) ) ;
#4700 = TOROIDAL_SURFACE ( 'NONE', #74, 15.50000000000000888, 2.000000000000000000 ) ;
#4701 = CARTESIAN_POINT ( 'NONE',  ( 31.78794254565029576, 68.85789953890420634, -2.558746939191965275 ) ) ;
#4702 = EDGE_CURVE ( 'NONE', #3536, #1734, #3305, .T. ) ;
#4703 = DIRECTION ( 'NONE',  ( 0.000000000000000000, 0.000000000000000000, -1.000000000000000000 ) ) ;
#4704 = ORIENTED_EDGE ( 'NONE', *, *, #1357, .T. ) ;
#4705 = VERTEX_POINT ( 'NONE', #215 ) ;
#4706 = ORIENTED_EDGE ( 'NONE', *, *, #998, .F. ) ;
#4707 = VERTEX_POINT ( 'NONE', #1372 ) ;
#4708 = CARTESIAN_POINT ( 'NONE',  ( -8.000000000000000000, 32.22656249999982947, -11.04520705486859278 ) ) ;
#4709 = EDGE_CURVE ( 'NONE', #5224, #2913, #1866, .T. ) ;
#4710 = CARTESIAN_POINT ( 'NONE',  ( 32.00000000000000000, -9.192388155425119223, -7.192388155425118335 ) ) ;
#4711 = EDGE_CURVE ( 'NONE', #2662, #2975, #1782, .T. ) ;
#4712 = ORIENTED_EDGE ( 'NONE', *, *, #52, .F. ) ;
#4713 = CYLINDRICAL_SURFACE ( 'NONE', #2236, 2.000000000000001776 ) ;
#4714 = CIRCLE ( 'NONE', #4882, 31.00000000000000000 ) ;
#4715 = DIRECTION ( 'NONE',  ( 0.000000000000000000, 0.000000000000000000, 1.000000000000000000 ) ) ;
#4716 = EDGE_LOOP ( 'NONE', ( #3400, #225, #1986, #4453 ) ) ;
#4717 = CYLINDRICAL_SURFACE ( 'NONE', #304, 31.00000000000000000 ) ;
#4718 = EDGE_CURVE ( 'NONE', #590, #3684, #4360, .T. ) ;
#4719 = CARTESIAN_POINT ( 'NONE',  ( -8.000000000000000000, 0.000000000000000000, 0.000000000000000000 ) ) ;
#4720 = DIRECTION ( 'NONE',  ( 1.000000000000000000, 0.000000000000000000, 0.000000000000000000 ) ) ;
#4721 = CIRCLE ( 'NONE', #3332, 59.49999999999999289 ) ;
#4722 = CIRCLE ( 'NONE', #5155, 2.000000000000001776 ) ;
#4723 = ORIENTED_EDGE ( 'NONE', *, *, #728, .T. ) ;
#4724 = DIRECTION ( 'NONE',  ( 1.000000000000000000, -0.000000000000000000, -0.000000000000000000 ) ) ;
#4725 = CARTESIAN_POINT ( 'NONE',  ( 6.999999999999999112, 0.000000000000000000, 18.50000000000000000 ) ) ;
#4726 = ORIENTED_EDGE ( 'NONE', *, *, #720, .F. ) ;
#4727 = MANIFOLD_SOLID_BREP ( 'Solid1', #1400 ) ;
#4728 = DIRECTION ( 'NONE',  ( -1.000000000000000000, -0.000000000000000000, -0.000000000000000000 ) ) ;
#4729 = AXIS2_PLACEMENT_3D ( 'NONE', #134, #3814, #4641 ) ;
#4730 = CARTESIAN_POINT ( 'NONE',  ( 12.00000000000000000, 13.43502884254440133, -13.43502884254440133 ) ) ;
#4731 = VERTEX_POINT ( 'NONE', #3944 ) ;
#4732 = EDGE_LOOP ( 'NONE', ( #3525, #506, #4032, #5163 ) ) ;
#4733 = ORIENTED_EDGE ( 'NONE', *, *, #4176, .F. ) ;
#4734 = ORIENTED_EDGE ( 'NONE', *, *, #901, .F. ) ;
#4735 = DIRECTION ( 'NONE',  ( 1.000000000000000000, 0.000000000000000000, 0.000000000000000000 ) ) ;
#4736 = DIRECTION ( 'NONE',  ( 1.000000000000000000, 0.000000000000000000, 0.000000000000000000 ) ) ;
#4737 = VECTOR ( 'NONE', #1494, 1000.000000000000000 ) ;
#4738 = ORIENTED_EDGE ( 'NONE', *, *, #1796, .T. ) ;
#4739 = DIRECTION ( 'NONE',  ( -1.000000000000000000, -0.000000000000000000, -0.000000000000000000 ) ) ;
#4740 = ORIENTED_EDGE ( 'NONE', *, *, #1289, .T. ) ;
#4741 = DIRECTION ( 'NONE',  ( 1.000000000000000000, -0.000000000000000000, -0.000000000000000000 ) ) ;
#4742 = B_SPLINE_CURVE_WITH_KNOTS ( 'NONE', 3,
 ( #4550, #4135, #2060, #3299, #3272, #1269, #2952, #4983, #2514, #466, #2118, #4923 ),
 .UNSPECIFIED., .F., .F.,
 ( 4, 2, 2, 2, 2, 4 ),
 ( 0.000000000000000000, 0.0007990461442081754368, 0.001598092288416350874, 0.001997615360520417233, 0.002397138432624483593, 0.003196184576832625853 ),
 .UNSPECIFIED. ) ;
#4743 = ADVANCED_FACE ( 'NONE', ( #4674 ), #712, .F. ) ;
#4744 = VERTEX_POINT ( 'NONE', #264 ) ;
#4745 = DIRECTION ( 'NONE',  ( 0.000000000000000000, 0.000000000000000000, -1.000000000000000000 ) ) ;
#4746 = FACE_BOUND ( 'NONE', #2911, .T. ) ;
#4747 = AXIS2_PLACEMENT_3D ( 'NONE', #4305, #927, #1979 ) ;
#4748 = FACE_OUTER_BOUND ( 'NONE', #3934, .T. ) ;
#4749 = CIRCLE ( 'NONE', #1749, 1.999999999999998224 ) ;
#4750 = EDGE_CURVE ( 'NONE', #1444, #778, #2799, .T. ) ;
#4751 = EDGE_CURVE ( 'NONE', #3646, #3786, #567, .T. ) ;
#4752 = DIRECTION ( 'NONE',  ( -1.000000000000000000, 0.000000000000000000, 0.000000000000000000 ) ) ;
#4753 = CYLINDRICAL_SURFACE ( 'NONE', #3413, 14.20000000000000462 ) ;
#4754 = DIRECTION ( 'NONE',  ( -1.000000000000000000, 0.000000000000000000, 0.000000000000000000 ) ) ;
#4755 = DIRECTION ( 'NONE',  ( 0.000000000000000000, 0.000000000000000000, -1.000000000000000000 ) ) ;
#4756 = VERTEX_POINT ( 'NONE', #4831 ) ;
#4757 = DIRECTION ( 'NONE',  ( 0.000000000000000000, 0.000000000000000000, -1.000000000000000000 ) ) ;
#4758 = AXIS2_PLACEMENT_3D ( 'NONE', #102, #4736, #2691 ) ;
#4759 = ORIENTED_EDGE ( 'NONE', *, *, #3310, .T. ) ;
#4760 = EDGE_LOOP ( 'NONE', ( #182, #693, #3558, #1131 ) ) ;
#4761 = EDGE_LOOP ( 'NONE', ( #5149, #4296 ) ) ;
#4762 = CIRCLE ( 'NONE', #2371, 2.000000000000001776 ) ;
#4763 = FACE_OUTER_BOUND ( 'NONE', #3835, .T. ) ;
#4764 = DIRECTION ( 'NONE',  ( 0.000000000000000000, 0.000000000000000000, -1.000000000000000000 ) ) ;
#4765 = ORIENTED_EDGE ( 'NONE', *, *, #153, .T. ) ;
#4766 = DIRECTION ( 'NONE',  ( -1.000000000000000000, -0.000000000000000000, -0.000000000000000000 ) ) ;
#4767 = AXIS2_PLACEMENT_3D ( 'NONE', #3602, #3128, #291 ) ;
#4768 = ORIENTED_EDGE ( 'NONE', *, *, #2033, .T. ) ;
#4769 = CARTESIAN_POINT ( 'NONE',  ( 31.00000000000000355, 67.96428571428572241, -2.203603264414617069 ) ) ;
#4770 = ORIENTED_EDGE ( 'NONE', *, *, #305, .T. ) ;
#4771 = DIRECTION ( 'NONE',  ( 1.000000000000000000, 0.000000000000000000, 0.000000000000000000 ) ) ;
#4772 = EDGE_CURVE ( 'NONE', #1620, #3603, #4602, .T. ) ;
#4773 = CYLINDRICAL_SURFACE ( 'NONE', #282, 5.500000000000000000 ) ;
#4774 = CARTESIAN_POINT ( 'NONE',  ( -8.000000000000000000, 69.94202898550727809, 2.848259361516116250 ) ) ;
#4775 = DIRECTION ( 'NONE',  ( 0.000000000000000000, 0.000000000000000000, -1.000000000000000000 ) ) ;
#4776 = CARTESIAN_POINT ( 'NONE',  ( 12.00000000000000000, 18.00000000000000000, 0.000000000000000000 ) ) ;
#4777 = CARTESIAN_POINT ( 'NONE',  ( 32.00000000000000000, 0.000000000000000000, -48.00000000000000000 ) ) ;
#4778 = EDGE_CURVE ( 'NONE', #5069, #2250, #1036, .T. ) ;
#4779 = FACE_OUTER_BOUND ( 'NONE', #1116, .T. ) ;
#4780 = VERTEX_POINT ( 'NONE', #2709 ) ;
#4781 =( NAMED_UNIT ( * ) PLANE_ANGLE_UNIT ( ) SI_UNIT ( $, .RADIAN. ) );
#4782 = CARTESIAN_POINT ( 'NONE',  ( 32.00000000000000000, -17.45192298608404968, -49.29629629629628340 ) ) ;
#4783 = EDGE_CURVE ( 'NONE', #3216, #3603, #2389, .T. ) ;
#4784 = VERTEX_POINT ( 'NONE', #1882 ) ;
#4785 = ORIENTED_EDGE ( 'NONE', *, *, #1220, .T. ) ;
#4786 = ORIENTED_EDGE ( 'NONE', *, *, #2766, .F. ) ;
#4787 = AXIS2_PLACEMENT_3D ( 'NONE', #2603, #983, #4234 ) ;
#4788 = DIRECTION ( 'NONE',  ( -1.000000000000000000, -0.000000000000000000, -0.000000000000000000 ) ) ;
#4789 = DIRECTION ( 'NONE',  ( 1.000000000000000000, -0.000000000000000000, -0.000000000000000000 ) ) ;
#4790 = ORIENTED_EDGE ( 'NONE', *, *, #2420, .T. ) ;
#4791 = FACE_OUTER_BOUND ( 'NONE', #4159, .T. ) ;
#4792 = CARTESIAN_POINT ( 'NONE',  ( 30.00000000000000000, 49.66666666666641561, -22.43818669639431107 ) ) ;
#4793 = ORIENTED_EDGE ( 'NONE', *, *, #3152, .T. ) ;
#4794 = DIRECTION ( 'NONE',  ( 0.000000000000000000, 0.000000000000000000, -1.000000000000000000 ) ) ;
#4795 = CARTESIAN_POINT ( 'NONE',  ( 32.00000000000000000, 49.66666666666641561, -22.43818669639431107 ) ) ;
#4796 = AXIS2_PLACEMENT_3D ( 'NONE', #1904, #2831, #4394 ) ;
#4797 = CARTESIAN_POINT ( 'NONE',  ( 0.000000000000000000, 13.81670607502544179, -27.75065104166666430 ) ) ;
#4798 = AXIS2_PLACEMENT_3D ( 'NONE', #4010, #3217, #4699 ) ;
#4799 = DIRECTION ( 'NONE',  ( 1.000000000000000000, -0.000000000000000000, -0.000000000000000000 ) ) ;
#4800 = DIRECTION ( 'NONE',  ( 0.000000000000000000, 0.000000000000000000, -1.000000000000000000 ) ) ;
#4801 = DIRECTION ( 'NONE',  ( 0.000000000000000000, 0.000000000000000000, 1.000000000000000000 ) ) ;
#4802 = AXIS2_PLACEMENT_3D ( 'NONE', #1945, #2770, #3083 ) ;
#4803 = DIRECTION ( 'NONE',  ( 0.000000000000000000, 0.000000000000000000, -1.000000000000000000 ) ) ;
#4804 = ORIENTED_EDGE ( 'NONE', *, *, #727, .T. ) ;
#4805 = EDGE_CURVE ( 'NONE', #1786, #4731, #2472, .T. ) ;
#4806 = EDGE_CURVE ( 'NONE', #2030, #453, #2757, .T. ) ;
#4807 = CIRCLE ( 'NONE', #1633, 5.000000000000004441 ) ;
#4808 = AXIS2_PLACEMENT_3D ( 'NONE', #2993, #5160, #3016 ) ;
#4809 = DIRECTION ( 'NONE',  ( 0.000000000000000000, 0.7131203135497005130, -0.7010416666666660079 ) ) ;
#4810 = FACE_OUTER_BOUND ( 'NONE', #2638, .T. ) ;
#4811 = AXIS2_PLACEMENT_3D ( 'NONE', #2517, #495, #1709 ) ;
#4812 = VERTEX_POINT ( 'NONE', #5270 ) ;
#4813 = VERTEX_POINT ( 'NONE', #321 ) ;
#4814 = EDGE_CURVE ( 'NONE', #4243, #2387, #3983, .T. ) ;
#4815 = ADVANCED_FACE ( 'NONE', ( #3153 ), #3975, .F. ) ;
#4816 = DIRECTION ( 'NONE',  ( -1.000000000000000000, 0.000000000000000000, 0.000000000000000000 ) ) ;
#4817 = CYLINDRICAL_SURFACE ( 'NONE', #2366, 1.999999999999998224 ) ;
#4818 = DIRECTION ( 'NONE',  ( 1.000000000000000000, 0.000000000000000000, 0.000000000000000000 ) ) ;
#4819 = VERTEX_POINT ( 'NONE', #345 ) ;
#4820 = ORIENTED_EDGE ( 'NONE', *, *, #1330, .T. ) ;
#4821 = LINE ( 'NONE', #3588, #5152 ) ;
#4822 = VERTEX_POINT ( 'NONE', #1990 ) ;
#4823 = DIRECTION ( 'NONE',  ( 1.000000000000000000, 0.000000000000000000, 0.000000000000000000 ) ) ;
#4824 = PLANE ( 'NONE',  #1216 ) ;
#4825 = AXIS2_PLACEMENT_3D ( 'NONE', #1441, #3411, #5058 ) ;
#4826 = DIRECTION ( 'NONE',  ( 0.000000000000000000, 0.000000000000000000, -1.000000000000000000 ) ) ;
#4827 = CARTESIAN_POINT ( 'NONE',  ( -8.000000000000000000, -24.49673593459504772, 54.22324159021404455 ) ) ;
#4828 = CARTESIAN_POINT ( 'NONE',  ( -8.000000000000000000, 0.000000000000000000, 0.000000000000000000 ) ) ;
#4829 = DIRECTION ( 'NONE',  ( 0.000000000000000000, 0.000000000000000000, 1.000000000000000000 ) ) ;
#4830 = ORIENTED_EDGE ( 'NONE', *, *, #406, .F. ) ;
#4831 = CARTESIAN_POINT ( 'NONE',  ( -8.000000000000000000, 8.572527594031474570E-15, 70.00000000000001421 ) ) ;
#4832 = FACE_OUTER_BOUND ( 'NONE', #3179, .T. ) ;
#4833 = EDGE_CURVE ( 'NONE', #3925, #1967, #2684, .T. ) ;
#4834 = CIRCLE ( 'NONE', #3870, 2.049999999999999822 ) ;
#4835 = EDGE_LOOP ( 'NONE', ( #4120, #3759, #4396, #3875 ) ) ;
#4836 = CIRCLE ( 'NONE', #3021, 2.000000000000000000 ) ;
#4837 = CYLINDRICAL_SURFACE ( 'NONE', #5315, 59.49999999999999289 ) ;
#4838 = DIRECTION ( 'NONE',  ( 0.000000000000000000, 0.000000000000000000, -1.000000000000000000 ) ) ;
#4839 = EDGE_CURVE ( 'NONE', #4886, #1093, #325, .T. ) ;
#4840 = FACE_OUTER_BOUND ( 'NONE', #1141, .T. ) ;
#4841 = EDGE_CURVE ( 'NONE', #4627, #5139, #5059, .T. ) ;
#4842 = EDGE_LOOP ( 'NONE', ( #4556, #1424, #5229, #3798 ) ) ;
#4843 = CARTESIAN_POINT ( 'NONE',  ( 32.00000000000000000, -24.49673593459505838, -54.22324159021404455 ) ) ;
#4844 = ORIENTED_EDGE ( 'NONE', *, *, #2422, .F. ) ;
#4845 = CARTESIAN_POINT ( 'NONE',  ( 12.00000000000000000, 0.000000000000000000, 0.000000000000000000 ) ) ;
#4846 = CIRCLE ( 'NONE', #4767, 3.149999999999999911 ) ;
#4847 = FACE_BOUND ( 'NONE', #2364, .T. ) ;
#4848 = ADVANCED_FACE ( 'NONE', ( #2837 ), #4700, .T. ) ;
#4849 = FACE_OUTER_BOUND ( 'NONE', #2936, .T. ) ;
#4850 = VECTOR ( 'NONE', #1920, 1000.000000000000000 ) ;
#4851 = CYLINDRICAL_SURFACE ( 'NONE', #4582, 59.49999999999999289 ) ;
#4852 = DIRECTION ( 'NONE',  ( 1.000000000000000000, 0.000000000000000000, 0.000000000000000000 ) ) ;
#4853 = AXIS2_PLACEMENT_3D ( 'NONE', #5266, #341, #1577 ) ;
#4854 = CARTESIAN_POINT ( 'NONE',  ( 32.00000000000000000, 24.49673593459505838, 54.22324159021404455 ) ) ;
#4855 = PLANE ( 'NONE',  #4796 ) ;
#4856 = VERTEX_POINT ( 'NONE', #4456 ) ;
#4857 = CARTESIAN_POINT ( 'NONE',  ( 30.65911411048750068, 69.83584241330991915, -2.825543722366139932 ) ) ;
#4858 = DIRECTION ( 'NONE',  ( 0.000000000000000000, 0.000000000000000000, -1.000000000000000000 ) ) ;
#4859 = CARTESIAN_POINT ( 'NONE',  ( 32.00000000000000000, 0.000000000000000000, -48.00000000000000000 ) ) ;
#4860 = ORIENTED_EDGE ( 'NONE', *, *, #2576, .T. ) ;
#4861 = VERTEX_POINT ( 'NONE', #1693 ) ;
#4862 = DIRECTION ( 'NONE',  ( 0.000000000000000000, 0.000000000000000000, -1.000000000000000000 ) ) ;
#4863 = LINE ( 'NONE', #1998, #3027 ) ;
#4864 = CARTESIAN_POINT ( 'NONE',  ( 6.999999999999999112, -18.50000000000000000, 1.084202172485504434E-15 ) ) ;
#4865 = ORIENTED_EDGE ( 'NONE', *, *, #1831, .T. ) ;
#4866 = CARTESIAN_POINT ( 'NONE',  ( 32.00000000000000000, 37.13385416666677941, 11.05336486001997010 ) ) ;
#4867 = ORIENTED_EDGE ( 'NONE', *, *, #1996, .F. ) ;
#4868 = CIRCLE ( 'NONE', #4172, 28.99999999999999645 ) ;
#4869 = EDGE_CURVE ( 'NONE', #1365, #1178, #451, .T. ) ;
#4870 = ADVANCED_FACE ( 'NONE', ( #2104 ), #1282, .F. ) ;
#4871 = CARTESIAN_POINT ( 'NONE',  ( 32.00000000000000000, 0.000000000000000000, 0.000000000000000000 ) ) ;
#4872 = AXIS2_PLACEMENT_3D ( 'NONE', #3622, #4526, #871 ) ;
#4873 = DIRECTION ( 'NONE',  ( -1.000000000000000000, -0.000000000000000000, -0.000000000000000000 ) ) ;
#4874 = DIRECTION ( 'NONE',  ( 0.000000000000000000, 0.000000000000000000, -1.000000000000000000 ) ) ;
#4875 = VERTEX_POINT ( 'NONE', #795 ) ;
#4876 = EDGE_CURVE ( 'NONE', #2384, #5069, #4437, .T. ) ;
#4877 = AXIS2_PLACEMENT_3D ( 'NONE', #488, #3743, #1724 ) ;
#4878 = DIRECTION ( 'NONE',  ( 1.000000000000000000, 0.000000000000000000, 0.000000000000000000 ) ) ;
#4879 = DIRECTION ( 'NONE',  ( 0.000000000000000000, 0.000000000000000000, 1.000000000000000000 ) ) ;
#4880 = DIRECTION ( 'NONE',  ( 0.000000000000000000, 0.000000000000000000, -1.000000000000000000 ) ) ;
#4881 = CARTESIAN_POINT ( 'NONE',  ( 32.00000000000000000, -12.92530568308831640, 25.96028645833332504 ) ) ;
#4882 = AXIS2_PLACEMENT_3D ( 'NONE', #588, #3851, #3878 ) ;
#4883 = AXIS2_PLACEMENT_3D ( 'NONE', #4792, #3533, #1975 ) ;
#4884 = ORIENTED_EDGE ( 'NONE', *, *, #1918, .F. ) ;
#4885 = DIRECTION ( 'NONE',  ( 1.000000000000000000, 0.000000000000000000, 0.000000000000000000 ) ) ;
#4886 = VERTEX_POINT ( 'NONE', #2447 ) ;
#4887 = CARTESIAN_POINT ( 'NONE',  ( 6.999999999999999112, -18.50000000000000000, -2.050000000000000711 ) ) ;
#4888 = DIRECTION ( 'NONE',  ( 0.000000000000000000, -4.460717509654647040E-15, -1.000000000000000000 ) ) ;
#4889 = EDGE_LOOP ( 'NONE', ( #3110, #1684, #5035, #428 ) ) ;
#4890 = ORIENTED_EDGE ( 'NONE', *, *, #865, .F. ) ;
#4891 = VECTOR ( 'NONE', #3769, 1000.000000000000000 ) ;
#4892 = CARTESIAN_POINT ( 'NONE',  ( 2.000000000000000000, 0.000000000000000000, 0.000000000000000000 ) ) ;
#4893 = DIRECTION ( 'NONE',  ( 0.000000000000000000, 0.000000000000000000, 1.000000000000000000 ) ) ;
#4894 = AXIS2_PLACEMENT_3D ( 'NONE', #1340, #3445, #2266 ) ;
#4895 = ORIENTED_EDGE ( 'NONE', *, *, #3639, .F. ) ;
#4896 = DIRECTION ( 'NONE',  ( 0.000000000000000000, 0.000000000000000000, -1.000000000000000000 ) ) ;
#4897 = CYLINDRICAL_SURFACE ( 'NONE', #3635, 3.149999999999999911 ) ;
#4898 = FACE_OUTER_BOUND ( 'NONE', #2378, .T. ) ;
#4899 = ORIENTED_EDGE ( 'NONE', *, *, #2392, .F. ) ;
#4900 = DIRECTION ( 'NONE',  ( 0.000000000000000000, 0.000000000000000000, 1.000000000000000000 ) ) ;
#4901 = EDGE_CURVE ( 'NONE', #4705, #1076, #4334, .T. ) ;
#4902 = ORIENTED_EDGE ( 'NONE', *, *, #1560, .F. ) ;
#4903 = CARTESIAN_POINT ( 'NONE',  ( -11.99999999999999822, 48.00000000000000000, 8.673617379884035472E-15 ) ) ;
#4904 = DIRECTION ( 'NONE',  ( -1.000000000000000000, 0.000000000000000000, 0.000000000000000000 ) ) ;
#4905 = ORIENTED_EDGE ( 'NONE', *, *, #2359, .T. ) ;
#4906 = DIRECTION ( 'NONE',  ( 1.000000000000000000, -0.000000000000000000, -0.000000000000000000 ) ) ;
#4907 = AXIS2_PLACEMENT_3D ( 'NONE', #3356, #1326, #2955 ) ;
#4908 = EDGE_CURVE ( 'NONE', #4458, #1444, #2287, .T. ) ;
#4909 = EDGE_CURVE ( 'NONE', #4994, #1620, #4501, .T. ) ;
#4910 = VERTEX_POINT ( 'NONE', #2049 ) ;
#4911 = CARTESIAN_POINT ( 'NONE',  ( 12.00000000000000000, -10.60660171779819905, 12.60660171779819905 ) ) ;
#4912 = CIRCLE ( 'NONE', #2267, 17.50000000000000711 ) ;
#4913 = CIRCLE ( 'NONE', #4393, 70.00000000000001421 ) ;
#4914 = ORIENTED_EDGE ( 'NONE', *, *, #4435, .T. ) ;
#4915 = CARTESIAN_POINT ( 'NONE',  ( -8.000000000000000000, -32.22656250000004974, -16.04520705486814336 ) ) ;
#4916 = DIRECTION ( 'NONE',  ( -1.000000000000000000, -0.000000000000000000, -0.000000000000000000 ) ) ;
#4917 = CARTESIAN_POINT ( 'NONE',  ( 30.14376476604254407, 69.94202898568174476, -2.848259357231623934 ) ) ;
#4918 = CYLINDRICAL_SURFACE ( 'NONE', #3963, 70.00000000000001421 ) ;
#4919 = ORIENTED_EDGE ( 'NONE', *, *, #3019, .F. ) ;
#4920 = EDGE_LOOP ( 'NONE', ( #3109, #5256, #1840, #3105 ) ) ;
#4921 = CARTESIAN_POINT ( 'NONE',  ( 30.85275947577092026, 68.99516951703664347, 1.732293821681681667 ) ) ;
#4922 = CIRCLE ( 'NONE', #1574, 14.20000000000000462 ) ;
#4923 = CARTESIAN_POINT ( 'NONE',  ( 30.00000000000000000, 69.94202898550727809, 2.848259361516116250 ) ) ;
#4924 = VECTOR ( 'NONE', #2491, 1000.000000000000000 ) ;
#4925 = CYLINDRICAL_SURFACE ( 'NONE', #2762, 2.000000000000000000 ) ;
#4926 = CIRCLE ( 'NONE', #203, 6.999999999999999112 ) ;
#4927 = DIRECTION ( 'NONE',  ( 0.000000000000000000, 0.000000000000000000, -1.000000000000000000 ) ) ;
#4928 = ORIENTED_EDGE ( 'NONE', *, *, #1053, .T. ) ;
#4929 = AXIS2_PLACEMENT_3D ( 'NONE', #1314, #3693, #3322 ) ;
#4930 = ADVANCED_FACE ( 'NONE', ( #3630 ), #58, .T. ) ;
#4931 = DIRECTION ( 'NONE',  ( 0.000000000000000000, 0.000000000000000000, -1.000000000000000000 ) ) ;
#4932 = CARTESIAN_POINT ( 'NONE',  ( 32.00000000000000000, 22.43818669639379237, -56.66666666666665009 ) ) ;
#4933 = CARTESIAN_POINT ( 'NONE',  ( 12.00000000000000000, -16.26345596729059650, 14.26345596729059650 ) ) ;
#4934 = DIRECTION ( 'NONE',  ( -1.000000000000000000, 0.000000000000000000, 0.000000000000000000 ) ) ;
#4935 = AXIS2_PLACEMENT_3D ( 'NONE', #5246, #1556, #1615 ) ;
#4936 = VERTEX_POINT ( 'NONE', #4887 ) ;
#4937 = AXIS2_PLACEMENT_3D ( 'NONE', #4992, #2234, #82 ) ;
#4938 = CARTESIAN_POINT ( 'NONE',  ( 32.00000000000000000, 0.000000000000000000, 0.000000000000000000 ) ) ;
#4939 = EDGE_CURVE ( 'NONE', #5301, #2662, #295, .T. ) ;
#4940 = ADVANCED_FACE ( 'NONE', ( #4151 ), #3659, .F. ) ;
#4941 = ORIENTED_EDGE ( 'NONE', *, *, #1328, .F. ) ;
#4942 = DIRECTION ( 'NONE',  ( 1.000000000000000000, 0.000000000000000000, 0.000000000000000000 ) ) ;
#4943 = CARTESIAN_POINT ( 'NONE',  ( 30.89500015250562370, 68.93567056440377883, 1.693806051268150981 ) ) ;
#4944 = EDGE_LOOP ( 'NONE', ( #2025, #3641, #5203, #3129 ) ) ;
#4945 = EDGE_CURVE ( 'NONE', #1757, #4058, #1928, .T. ) ;
#4946 = CARTESIAN_POINT ( 'NONE',  ( 6.999999999999999112, 18.50000000000000000, 0.000000000000000000 ) ) ;
#4947 = AXIS2_PLACEMENT_3D ( 'NONE', #2470, #445, #2523 ) ;
#4948 = DIRECTION ( 'NONE',  ( 1.000000000000000000, -0.000000000000000000, -0.000000000000000000 ) ) ;
#4949 = ORIENTED_EDGE ( 'NONE', *, *, #4454, .F. ) ;
#4950 = ORIENTED_EDGE ( 'NONE', *, *, #3598, .F. ) ;
#4951 = FACE_OUTER_BOUND ( 'NONE', #2564, .T. ) ;
#4952 = DIRECTION ( 'NONE',  ( 1.000000000000000000, 0.000000000000000000, 0.000000000000000000 ) ) ;
#4953 = FACE_BOUND ( 'NONE', #907, .T. ) ;
#4954 = ORIENTED_EDGE ( 'NONE', *, *, #4574, .F. ) ;
#4955 = DIRECTION ( 'NONE',  ( -1.000000000000000000, 0.000000000000000000, 0.000000000000000000 ) ) ;
#4956 = VECTOR ( 'NONE', #1957, 1000.000000000000000 ) ;
#4957 = EDGE_LOOP ( 'NONE', ( #2443, #814, #1402, #1590, #5284, #861, #3428, #1095, #4647, #4740 ) ) ;
#4958 = DIRECTION ( 'NONE',  ( 0.000000000000000000, 0.000000000000000000, -1.000000000000000000 ) ) ;
#4959 = AXIS2_PLACEMENT_3D ( 'NONE', #3482, #2354, #1914 ) ;
#4960 = CARTESIAN_POINT ( 'NONE',  ( 12.00000000000000000, -16.26345596729059650, 16.26345596729059650 ) ) ;
#4961 = DIRECTION ( 'NONE',  ( -1.000000000000000000, -0.000000000000000000, -0.000000000000000000 ) ) ;
#4962 = EDGE_CURVE ( 'NONE', #640, #3502, #5033, .T. ) ;
#4963 = ORIENTED_EDGE ( 'NONE', *, *, #2454, .F. ) ;
#4964 = CIRCLE ( 'NONE', #1009, 1.999999999999998224 ) ;
#4965 = CYLINDRICAL_SURFACE ( 'NONE', #172, 17.50000000000000711 ) ;
#4966 = EDGE_LOOP ( 'NONE', ( #1325, #1483, #2557, #4367 ) ) ;
#4967 = DIRECTION ( 'NONE',  ( -1.000000000000000000, -0.000000000000000000, -0.000000000000000000 ) ) ;
#4968 = DIRECTION ( 'NONE',  ( 0.000000000000000000, 0.8951822916666649643, -0.4457001959685657488 ) ) ;
#4969 = AXIS2_PLACEMENT_3D ( 'NONE', #333, #4741, #1508 ) ;
#4970 = DIRECTION ( 'NONE',  ( -1.000000000000000000, -0.000000000000000000, -0.000000000000000000 ) ) ;
#4971 = CIRCLE ( 'NONE', #2487, 4.999999999999997335 ) ;
#4972 = AXIS2_PLACEMENT_3D ( 'NONE', #658, #3789, #137 ) ;
#4973 = ORIENTED_EDGE ( 'NONE', *, *, #270, .T. ) ;
#4974 = EDGE_CURVE ( 'NONE', #794, #2076, #4051, .T. ) ;
#4975 = ADVANCED_FACE ( 'NONE', ( #2808 ), #4097, .T. ) ;
#4976 = DIRECTION ( 'NONE',  ( 0.000000000000000000, 0.000000000000000000, 1.000000000000000000 ) ) ;
#4977 = DIRECTION ( 'NONE',  ( 1.000000000000000000, 0.000000000000000000, 0.000000000000000000 ) ) ;
#4978 = ORIENTED_EDGE ( 'NONE', *, *, #2422, .T. ) ;
#4979 = LINE ( 'NONE', #862, #2066 ) ;
#4980 = AXIS2_PLACEMENT_3D ( 'NONE', #5269, #4116, #1582 ) ;
#4981 = EDGE_CURVE ( 'NONE', #974, #2888, #1541, .T. ) ;
#4982 = EDGE_CURVE ( 'NONE', #3596, #1604, #4546, .T. ) ;
#4983 = CARTESIAN_POINT ( 'NONE',  ( 31.02452390800312898, 69.66704126604585667, 2.787028702167837935 ) ) ;
#4984 = FACE_BOUND ( 'NONE', #1243, .T. ) ;
#4985 = CYLINDRICAL_SURFACE ( 'NONE', #43, 2.000000000000002220 ) ;
#4986 = AXIS2_PLACEMENT_3D ( 'NONE', #5085, #1388, #2988 ) ;
#4987 = ORIENTED_EDGE ( 'NONE', *, *, #4709, .T. ) ;
#4988 = CARTESIAN_POINT ( 'NONE',  ( -8.000000000000000000, -2.168404344971008868E-15, -18.50000000000000000 ) ) ;
#4989 = FACE_BOUND ( 'NONE', #4065, .T. ) ;
#4990 = PLANE ( 'NONE',  #2010 ) ;
#4991 = ORIENTED_EDGE ( 'NONE', *, *, #3708, .F. ) ;
#4992 = CARTESIAN_POINT ( 'NONE',  ( 32.00000000000000000, 48.00000000000000000, -5.027733127934112032E-13 ) ) ;
#4993 = AXIS2_PLACEMENT_3D ( 'NONE', #2368, #2314, #4800 ) ;
#4994 = VERTEX_POINT ( 'NONE', #3340 ) ;
#4995 = DIRECTION ( 'NONE',  ( 0.000000000000000000, -0.9972527420619452521, -0.07407407407407361200 ) ) ;
#4996 = DIRECTION ( 'NONE',  ( 0.000000000000000000, 0.000000000000000000, -1.000000000000000000 ) ) ;
#4997 = EDGE_LOOP ( 'NONE', ( #4085, #4314 ) ) ;
#4998 = LINE ( 'NONE', #2188, #4272 ) ;
#4999 = EDGE_LOOP ( 'NONE', ( #4110, #1886, #3694, #1109, #559, #378, #4588, #3581, #2460, #1728 ) ) ;
#5000 = TOROIDAL_SURFACE ( 'NONE', #1214, 7.000000000000000000, 2.000000000000000000 ) ;
#5001 = CARTESIAN_POINT ( 'NONE',  ( 32.00000000000000000, 48.00000000000000000, 17.49999999999950617 ) ) ;
#5002 = EDGE_CURVE ( 'NONE', #4705, #3786, #1193, .T. ) ;
#5003 = CARTESIAN_POINT ( 'NONE',  ( 32.00000000000000000, 1.738998454789241549E-15, 33.79999999999999716 ) ) ;
#5004 = EDGE_LOOP ( 'NONE', ( #2868, #2424 ) ) ;
#5005 = VECTOR ( 'NONE', #621, 1000.000000000000000 ) ;
#5006 = ORIENTED_EDGE ( 'NONE', *, *, #1520, .T. ) ;
#5007 = CIRCLE ( 'NONE', #3361, 6.999999999999999112 ) ;
#5008 = VECTOR ( 'NONE', #1634, 1000.000000000000000 ) ;
#5009 = AXIS2_PLACEMENT_3D ( 'NONE', #2873, #19, #357 ) ;
#5010 = DIRECTION ( 'NONE',  ( 0.000000000000000000, -0.8951822916666712926, -0.4457001959685532588 ) ) ;
#5011 = EDGE_CURVE ( 'NONE', #3253, #984, #4721, .T. ) ;
#5012 = EDGE_CURVE ( 'NONE', #1641, #1908, #4460, .T. ) ;
#5013 = DIRECTION ( 'NONE',  ( 1.000000000000000000, -0.000000000000000000, -0.000000000000000000 ) ) ;
#5014 = CYLINDRICAL_SURFACE ( 'NONE', #3091, 2.000000000000000000 ) ;
#5015 = CIRCLE ( 'NONE', #3103, 5.500000000000000000 ) ;
#5016 = ORIENTED_EDGE ( 'NONE', *, *, #153, .F. ) ;
#5017 = CIRCLE ( 'NONE', #4664, 15.50000000000000711 ) ;
#5018 = EDGE_CURVE ( 'NONE', #3624, #3908, #2907, .T. ) ;
#5019 = DIRECTION ( 'NONE',  ( 0.000000000000000000, 0.000000000000000000, -1.000000000000000000 ) ) ;
#5020 = ORIENTED_EDGE ( 'NONE', *, *, #768, .F. ) ;
#5021 = DIRECTION ( 'NONE',  ( -1.000000000000000000, 0.000000000000000000, 0.000000000000000000 ) ) ;
#5022 = CARTESIAN_POINT ( 'NONE',  ( -8.000000000000000000, -12.47960548711975548, 35.73177083333332860 ) ) ;
#5023 = AXIS2_PLACEMENT_3D ( 'NONE', #2894, #4183, #4542 ) ;
#5024 = ORIENTED_EDGE ( 'NONE', *, *, #1824, .F. ) ;
#5025 = AXIS2_PLACEMENT_3D ( 'NONE', #3402, #147, #993 ) ;
#5026 = ORIENTED_EDGE ( 'NONE', *, *, #119, .T. ) ;
#5027 = DIRECTION ( 'NONE',  ( 0.000000000000000000, -0.7131203135497069523, -0.7010416666666594576 ) ) ;
#5028 = CIRCLE ( 'NONE', #1240, 6.999999999999999112 ) ;
#5029 = CARTESIAN_POINT ( 'NONE',  ( -8.000000000000000000, 49.29629629629609866, -17.45192298608456483 ) ) ;
#5030 = ORIENTED_EDGE ( 'NONE', *, *, #3810, .F. ) ;
#5031 = CYLINDRICAL_SURFACE ( 'NONE', #2819, 31.00000000000000000 ) ;
#5032 = CIRCLE ( 'NONE', #2376, 61.49999999999999289 ) ;
#5033 = CIRCLE ( 'NONE', #1067, 2.000000000000001776 ) ;
#5034 = CARTESIAN_POINT ( 'NONE',  ( 30.56157665272774082, 69.86736774793520510, -2.832353878696820537 ) ) ;
#5035 = ORIENTED_EDGE ( 'NONE', *, *, #784, .F. ) ;
#5036 = DIRECTION ( 'NONE',  ( 0.000000000000000000, 0.000000000000000000, -1.000000000000000000 ) ) ;
#5037 = ORIENTED_EDGE ( 'NONE', *, *, #3485, .T. ) ;
#5038 = AXIS2_PLACEMENT_3D ( 'NONE', #4725, #2681, #4311 ) ;
#5039 = EDGE_LOOP ( 'NONE', ( #4378, #5219 ) ) ;
#5040 = ORIENTED_EDGE ( 'NONE', *, *, #125, .F. ) ;
#5041 = ORIENTED_EDGE ( 'NONE', *, *, #4400, .F. ) ;
#5042 = DIRECTION ( 'NONE',  ( 0.000000000000000000, 0.000000000000000000, 1.000000000000000000 ) ) ;
#5043 = AXIS2_PLACEMENT_3D ( 'NONE', #192, #4683, #1401 ) ;
#5044 = VECTOR ( 'NONE', #4143, 1000.000000000000000 ) ;
#5045 = CARTESIAN_POINT ( 'NONE',  ( 30.00000000000000000, -56.04587155963291423, 25.32015562987575663 ) ) ;
#5046 = ORIENTED_EDGE ( 'NONE', *, *, #3152, .F. ) ;
#5047 = ORIENTED_EDGE ( 'NONE', *, *, #564, .T. ) ;
#5048 = CARTESIAN_POINT ( 'NONE',  ( -8.000000000000000000, 22.43818669639379237, 49.66666666666665009 ) ) ;
#5049 = VERTEX_POINT ( 'NONE', #5062 ) ;
#5050 = LINE ( 'NONE', #3057, #2179 ) ;
#5051 = CIRCLE ( 'NONE', #2714, 2.000000000000001776 ) ;
#5052 = ORIENTED_EDGE ( 'NONE', *, *, #3771, .T. ) ;
#5053 = EDGE_CURVE ( 'NONE', #2048, #2722, #4198, .T. ) ;
#5054 = ADVANCED_FACE ( 'NONE', ( #2213 ), #3678, .T. ) ;
#5055 = CARTESIAN_POINT ( 'NONE',  ( 12.00000000000000000, -14.84924240491750069, -14.84924240491750069 ) ) ;
#5056 = EDGE_LOOP ( 'NONE', ( #4786, #143, #4867, #3102, #101, #3799, #5041, #716, #3243, #939, #4609, #4895 ) ) ;
#5057 = FACE_OUTER_BOUND ( 'NONE', #3324, .T. ) ;
#5058 = DIRECTION ( 'NONE',  ( 0.000000000000000000, 0.000000000000000000, -1.000000000000000000 ) ) ;
#5059 = CIRCLE ( 'NONE', #3312, 14.20000000000000462 ) ;
#5060 = ADVANCED_FACE ( 'NONE', ( #3865 ), #1024, .T. ) ;
#5061 = LINE ( 'NONE', #1852, #2771 ) ;
#5062 = CARTESIAN_POINT ( 'NONE',  ( -8.000000000000000000, 49.66666666666688457, 17.43818669639326657 ) ) ;
#5063 = LINE ( 'NONE', #1367, #3298 ) ;
#5064 = VERTEX_POINT ( 'NONE', #3392 ) ;
#5065 = CARTESIAN_POINT ( 'NONE',  ( 12.00000000000000000, -14.84924240491750069, -12.84924240491750069 ) ) ;
#5066 = CARTESIAN_POINT ( 'NONE',  ( 31.62238194630347721, 69.20696852798162979, -1.865009432350382079 ) ) ;
#5067 = CYLINDRICAL_SURFACE ( 'NONE', #4680, 17.50000000000000711 ) ;
#5068 = EDGE_LOOP ( 'NONE', ( #1014, #2590, #5120, #2215 ) ) ;
#5069 = VERTEX_POINT ( 'NONE', #2186 ) ;
#5070 = ORIENTED_EDGE ( 'NONE', *, *, #600, .F. ) ;
#5071 = LINE ( 'NONE', #2639, #4891 ) ;
#5072 = LINE ( 'NONE', #942, #2946 ) ;
#5073 = VECTOR ( 'NONE', #4340, 1000.000000000000000 ) ;
#5074 = ORIENTED_EDGE ( 'NONE', *, *, #4141, .F. ) ;
#5075 = CARTESIAN_POINT ( 'NONE',  ( 32.00000000000000000, 49.66666666666641561, -22.43818669639431107 ) ) ;
#5076 = CARTESIAN_POINT ( 'NONE',  ( 12.00000000000000000, 7.778174593052019858, -7.778174593052029628 ) ) ;
#5077 = ORIENTED_EDGE ( 'NONE', *, *, #1824, .T. ) ;
#5078 = EDGE_LOOP ( 'NONE', ( #2858, #3809, #4351, #3404 ) ) ;
#5079 = AXIS2_PLACEMENT_3D ( 'NONE', #915, #2611, #888 ) ;
#5080 = AXIS2_PLACEMENT_3D ( 'NONE', #3068, #2708, #4755 ) ;
#5081 = ADVANCED_FACE ( 'NONE', ( #158 ), #3416, .F. ) ;
#5082 = DIRECTION ( 'NONE',  ( -1.000000000000000000, 0.000000000000000000, 0.000000000000000000 ) ) ;
#5083 = CARTESIAN_POINT ( 'NONE',  ( 32.00000000000000000, 32.22656250000015632, 16.04520705486791954 ) ) ;
#5084 = ORIENTED_EDGE ( 'NONE', *, *, #5012, .T. ) ;
#5085 = CARTESIAN_POINT ( 'NONE',  ( 6.999999999999999112, -2.168404344971008868E-15, -18.50000000000000000 ) ) ;
#5086 = EDGE_CURVE ( 'NONE', #4000, #945, #5248, .T. ) ;
#5087 = FACE_OUTER_BOUND ( 'NONE', #1768, .T. ) ;
#5088 = EDGE_CURVE ( 'NONE', #422, #3925, #2417, .T. ) ;
#5089 = CYLINDRICAL_SURFACE ( 'NONE', #5080, 2.000000000000000000 ) ;
#5090 = CARTESIAN_POINT ( 'NONE',  ( 30.11795191652489834, 69.29523809523811906, -1.871713294710588560 ) ) ;
#5091 = DIRECTION ( 'NONE',  ( -1.000000000000000000, -0.000000000000000000, -0.000000000000000000 ) ) ;
#5092 = ORIENTED_EDGE ( 'NONE', *, *, #4337, .T. ) ;
#5093 = ORIENTED_EDGE ( 'NONE', *, *, #3407, .T. ) ;
#5094 = VERTEX_POINT ( 'NONE', #905 ) ;
#5095 = VERTEX_POINT ( 'NONE', #3761 ) ;
#5096 = PLANE ( 'NONE',  #4103 ) ;
#5097 = DIRECTION ( 'NONE',  ( 0.000000000000000000, 0.000000000000000000, -1.000000000000000000 ) ) ;
#5098 = AXIS2_PLACEMENT_3D ( 'NONE', #2753, #1082, #3065 ) ;
#5099 = DIRECTION ( 'NONE',  ( -1.000000000000000000, -0.000000000000000000, -0.000000000000000000 ) ) ;
#5100 = VERTEX_POINT ( 'NONE', #4697 ) ;
#5101 = PLANE ( 'NONE',  #4907 ) ;
#5102 = VECTOR ( 'NONE', #810, 1000.000000000000000 ) ;
#5103 = CARTESIAN_POINT ( 'NONE',  ( 32.00000000000000000, 11.05336486002035379, -37.13385416666665861 ) ) ;
#5104 = ORIENTED_EDGE ( 'NONE', *, *, #29, .T. ) ;
#5105 = DIRECTION ( 'NONE',  ( 0.000000000000000000, 0.000000000000000000, 1.000000000000000000 ) ) ;
#5106 = VECTOR ( 'NONE', #3038, 1000.000000000000000 ) ;
#5107 = CARTESIAN_POINT ( 'NONE',  ( 12.00000000000000000, 0.000000000000000000, 0.000000000000000000 ) ) ;
#5108 = AXIS2_PLACEMENT_3D ( 'NONE', #3505, #4325, #3780 ) ;
#5109 = CARTESIAN_POINT ( 'NONE',  ( -8.000000000000000000, -22.43818669639379237, 49.66666666666665009 ) ) ;
#5110 = CARTESIAN_POINT ( 'NONE',  ( 30.95238731867341642, 69.74154023871297170, 2.072543390209513614 ) ) ;
#5111 = LINE ( 'NONE', #3470, #1015 ) ;
#5112 = CIRCLE ( 'NONE', #3456, 14.20000000000000462 ) ;
#5113 = EDGE_CURVE ( 'NONE', #1327, #2646, #4618, .T. ) ;
#5114 = EDGE_CURVE ( 'NONE', #5282, #3718, #734, .T. ) ;
#5115 = AXIS2_PLACEMENT_3D ( 'NONE', #1200, #4479, #6 ) ;
#5116 = TOROIDAL_SURFACE ( 'NONE', #1933, 15.50000000000000888, 2.000000000000000000 ) ;
#5117 = CARTESIAN_POINT ( 'NONE',  ( 30.28078832610812299, 69.27052021133754067, -1.862248769967704831 ) ) ;
#5118 = CARTESIAN_POINT ( 'NONE',  ( 30.00000000000000000, 48.00000000000000000, -5.027733127934112032E-13 ) ) ;
#5119 = ORIENTED_EDGE ( 'NONE', *, *, #3579, .T. ) ;
#5120 = ORIENTED_EDGE ( 'NONE', *, *, #4750, .F. ) ;
#5121 = ORIENTED_EDGE ( 'NONE', *, *, #3804, .F. ) ;
#5122 = EDGE_CURVE ( 'NONE', #3925, #422, #5051, .T. ) ;
#5123 = TOROIDAL_SURFACE ( 'NONE', #4593, 7.000000000000000000, 2.000000000000000000 ) ;
#5124 = CYLINDRICAL_SURFACE ( 'NONE', #5025, 5.000000000000000888 ) ;
#5125 = CIRCLE ( 'NONE', #1940, 2.000000000000000888 ) ;
#5126 = DIRECTION ( 'NONE',  ( 1.000000000000000000, 0.000000000000000000, 0.000000000000000000 ) ) ;
#5127 = DIRECTION ( 'NONE',  ( 0.000000000000000000, 0.000000000000000000, -1.000000000000000000 ) ) ;
#5128 = VERTEX_POINT ( 'NONE', #979 ) ;
#5129 = DIRECTION ( 'NONE',  ( 1.000000000000000000, 0.000000000000000000, 0.000000000000000000 ) ) ;
#5130 = FACE_OUTER_BOUND ( 'NONE', #922, .T. ) ;
#5131 = CARTESIAN_POINT ( 'NONE',  ( 12.00000000000000000, 7.778174593052019858, -5.778174593052029628 ) ) ;
#5132 = CARTESIAN_POINT ( 'NONE',  ( 30.00000000000000000, -49.14814814814818789, -15.45741750196000375 ) ) ;
#5133 = DIRECTION ( 'NONE',  ( 0.000000000000000000, 0.000000000000000000, -1.000000000000000000 ) ) ;
#5134 = CARTESIAN_POINT ( 'NONE',  ( 30.00000000000000711, 69.94202898550727809, 2.848259361516119803 ) ) ;
#5135 = DIRECTION ( 'NONE',  ( 0.000000000000000000, 0.000000000000000000, -1.000000000000000000 ) ) ;
#5136 = CARTESIAN_POINT ( 'NONE',  ( 30.00000000000000000, -15.45741750196017605, 49.14814814814813815 ) ) ;
#5137 = AXIS2_PLACEMENT_3D ( 'NONE', #646, #3507, #3055 ) ;
#5138 = EDGE_CURVE ( 'NONE', #4058, #4185, #1425, .T. ) ;
#5139 = VERTEX_POINT ( 'NONE', #2601 ) ;
#5140 = TOROIDAL_SURFACE ( 'NONE', #503, 28.99999999999999645, 2.000000000000000000 ) ;
#5141 = FACE_OUTER_BOUND ( 'NONE', #2712, .T. ) ;
#5142 = DIRECTION ( 'NONE',  ( 1.000000000000000000, 0.000000000000000000, 0.000000000000000000 ) ) ;
#5143 = ORIENTED_EDGE ( 'NONE', *, *, #4285, .T. ) ;
#5144 = EDGE_CURVE ( 'NONE', #1778, #1178, #5210, .T. ) ;
#5145 = DIRECTION ( 'NONE',  ( -1.000000000000000000, -0.000000000000000000, -0.000000000000000000 ) ) ;
#5146 = ADVANCED_FACE ( 'NONE', ( #4310 ), #1137, .F. ) ;
#5147 = CARTESIAN_POINT ( 'NONE',  ( 32.00000000000000000, 18.00000000000000000, 0.000000000000000000 ) ) ;
#5148 = AXIS2_PLACEMENT_3D ( 'NONE', #3137, #2747, #1046 ) ;
#5149 = ORIENTED_EDGE ( 'NONE', *, *, #1428, .F. ) ;
#5150 = EDGE_LOOP ( 'NONE', ( #1674, #1879 ) ) ;
#5151 = DIRECTION ( 'NONE',  ( -1.000000000000000000, -0.000000000000000000, -0.000000000000000000 ) ) ;
#5152 = VECTOR ( 'NONE', #4354, 1000.000000000000000 ) ;
#5153 = FACE_BOUND ( 'NONE', #2896, .T. ) ;
#5154 = CYLINDRICAL_SURFACE ( 'NONE', #1995, 2.000000000000001776 ) ;
#5155 = AXIS2_PLACEMENT_3D ( 'NONE', #1646, #3296, #2924 ) ;
#5156 = CIRCLE ( 'NONE', #2825, 2.000000000000002220 ) ;
#5157 = CARTESIAN_POINT ( 'NONE',  ( 0.000000000000000000, 13.81670607502544357, 27.75065104166666075 ) ) ;
#5158 = CARTESIAN_POINT ( 'NONE',  ( 30.00000000000000000, 48.00000000000000000, -5.027733127934112032E-13 ) ) ;
#5159 = CARTESIAN_POINT ( 'NONE',  ( 12.00000000000000000, 17.67766952966370297, 15.67766952966370297 ) ) ;
#5160 = DIRECTION ( 'NONE',  ( -1.000000000000000000, 0.000000000000000000, 0.000000000000000000 ) ) ;
#5161 = FILL_AREA_STYLE ('',( #1063 ) ) ;
#5162 = LINE ( 'NONE', #1811, #2782 ) ;
#5163 = ORIENTED_EDGE ( 'NONE', *, *, #956, .F. ) ;
#5164 = ORIENTED_EDGE ( 'NONE', *, *, #3281, .T. ) ;
#5165 = ADVANCED_FACE ( 'NONE', ( #3516 ), #482, .T. ) ;
#5166 = DIRECTION ( 'NONE',  ( 0.000000000000000000, -0.7010416666666730023, -0.7131203135496936296 ) ) ;
#5167 = FACE_OUTER_BOUND ( 'NONE', #3244, .T. ) ;
#5168 = AXIS2_PLACEMENT_3D ( 'NONE', #2651, #1851, #976 ) ;
#5169 = DIRECTION ( 'NONE',  ( 0.000000000000000000, 0.000000000000000000, 1.000000000000000000 ) ) ;
#5170 = ORIENTED_EDGE ( 'NONE', *, *, #4689, .F. ) ;
#5171 = ORIENTED_EDGE ( 'NONE', *, *, #3922, .T. ) ;
#5172 = DIRECTION ( 'NONE',  ( 0.000000000000000000, 0.000000000000000000, -1.000000000000000000 ) ) ;
#5173 = VERTEX_POINT ( 'NONE', #627 ) ;
#5174 = CIRCLE ( 'NONE', #277, 1.999999999999998224 ) ;
#5175 = EDGE_CURVE ( 'NONE', #422, #2546, #2680, .T. ) ;
#5176 = EDGE_CURVE ( 'NONE', #4458, #1035, #1743, .T. ) ;
#5177 = CIRCLE ( 'NONE', #3352, 4.999999999999997335 ) ;
#5178 = DIRECTION ( 'NONE',  ( 1.000000000000000000, -0.000000000000000000, -0.000000000000000000 ) ) ;
#5179 = CARTESIAN_POINT ( 'NONE',  ( 30.00000000000000000, 56.04587155963327660, 25.32015562987497503 ) ) ;
#5180 = DIRECTION ( 'NONE',  ( 0.000000000000000000, 0.000000000000000000, 1.000000000000000000 ) ) ;
#5181 = AXIS2_PLACEMENT_3D ( 'NONE', #1270, #3726, #2904 ) ;
#5182 = EDGE_CURVE ( 'NONE', #5094, #5173, #1926, .T. ) ;
#5183 = CARTESIAN_POINT ( 'NONE',  ( -8.000000000000000000, -49.66666666666657193, 22.43818669639396646 ) ) ;
#5184 = DIRECTION ( 'NONE',  ( -1.000000000000000000, -0.000000000000000000, -0.000000000000000000 ) ) ;
#5185 = FACE_OUTER_BOUND ( 'NONE', #2492, .T. ) ;
#5186 = DIRECTION ( 'NONE',  ( -1.000000000000000000, -0.000000000000000000, -0.000000000000000000 ) ) ;
#5187 = CIRCLE ( 'NONE', #3017, 2.000000000000000000 ) ;
#5188 = DIRECTION ( 'NONE',  ( -0.000000000000000000, 0.9972527420619460292, 0.07407407407406325917 ) ) ;
#5189 = CIRCLE ( 'NONE', #4398, 2.049999999999999822 ) ;
#5190 = CARTESIAN_POINT ( 'NONE',  ( 32.00000000000000000, 49.14814814814830157, 15.45741750195965913 ) ) ;
#5191 = VERTEX_POINT ( 'NONE', #1853 ) ;
#5192 = ORIENTED_EDGE ( 'NONE', *, *, #487, .T. ) ;
#5193 = AXIS2_PLACEMENT_3D ( 'NONE', #4623, #4977, #3721 ) ;
#5194 = CARTESIAN_POINT ( 'NONE',  ( 30.00000000000000000, 0.000000000000000000, 0.000000000000000000 ) ) ;
#5195 = TOROIDAL_SURFACE ( 'NONE', #2862, 7.000000000000000000, 2.000000000000000000 ) ;
#5196 = CARTESIAN_POINT ( 'NONE',  ( 30.99999999999999645, 68.64285714285715301, -1.469068842943078712 ) ) ;
#5197 = CARTESIAN_POINT ( 'NONE',  ( 32.00000000000000000, 22.43818669639379237, 49.66666666666665009 ) ) ;
#5198 = CIRCLE ( 'NONE', #3801, 17.50000000000000711 ) ;
#5199 = ORIENTED_EDGE ( 'NONE', *, *, #1794, .F. ) ;
#5200 = CARTESIAN_POINT ( 'NONE',  ( 32.00000000000000000, 18.00000000000000000, 2.000000000000000000 ) ) ;
#5201 = ADVANCED_FACE ( 'NONE', ( #5214 ), #2515, .T. ) ;
#5202 = AXIS2_PLACEMENT_3D ( 'NONE', #356, #335, #677 ) ;
#5203 = ORIENTED_EDGE ( 'NONE', *, *, #2927, .T. ) ;
#5204 = DIRECTION ( 'NONE',  ( 0.000000000000000000, 0.000000000000000000, 1.000000000000000000 ) ) ;
#5205 = CIRCLE ( 'NONE', #2124, 3.000000000000002220 ) ;
#5206 = LINE ( 'NONE', #1049, #5005 ) ;
#5207 = CARTESIAN_POINT ( 'NONE',  ( 30.00000000000000000, 0.000000000000000000, 0.000000000000000000 ) ) ;
#5208 = EDGE_CURVE ( 'NONE', #798, #4665, #4749, .T. ) ;
#5209 = EDGE_CURVE ( 'NONE', #1758, #2530, #283, .T. ) ;
#5210 = CIRCLE ( 'NONE', #1248, 2.050000000000001599 ) ;
#5211 = ORIENTED_EDGE ( 'NONE', *, *, #3598, .T. ) ;
#5212 = AXIS2_PLACEMENT_3D ( 'NONE', #4500, #2439, #2879 ) ;
#5213 = DIRECTION ( 'NONE',  ( -1.000000000000000000, 0.000000000000000000, 0.000000000000000000 ) ) ;
#5214 = FACE_OUTER_BOUND ( 'NONE', #3860, .T. ) ;
#5215 = CARTESIAN_POINT ( 'NONE',  ( 6.999999999999999112, -18.50000000000000000, 2.050000000000002487 ) ) ;
#5216 = CARTESIAN_POINT ( 'NONE',  ( 30.00000000000000000, -22.43818669639379237, -56.66666666666665009 ) ) ;
#5217 = ADVANCED_FACE ( 'NONE', ( #3147 ), #4753, .F. ) ;
#5218 = EDGE_CURVE ( 'NONE', #904, #132, #3914, .T. ) ;
#5219 = ORIENTED_EDGE ( 'NONE', *, *, #2479, .T. ) ;
#5220 = CARTESIAN_POINT ( 'NONE',  ( 30.00000000000000000, 16.04520705486824994, -32.22656249999999289 ) ) ;
#5221 = CARTESIAN_POINT ( 'NONE',  ( -8.000000000000000000, 49.29629629629646814, 17.45192298608353099 ) ) ;
#5222 = ORIENTED_EDGE ( 'NONE', *, *, #3019, .T. ) ;
#5223 = AXIS2_PLACEMENT_3D ( 'NONE', #4946, #883, #3241 ) ;
#5224 = VERTEX_POINT ( 'NONE', #2778 ) ;
#5225 = CYLINDRICAL_SURFACE ( 'NONE', #1609, 4.999999999999997335 ) ;
#5226 = AXIS2_PLACEMENT_3D ( 'NONE', #5048, #943, #4656 ) ;
#5227 = DIRECTION ( 'NONE',  ( 1.000000000000000000, 0.000000000000000000, 0.000000000000000000 ) ) ;
#5228 = DIRECTION ( 'NONE',  ( -1.000000000000000000, 0.000000000000000000, 0.000000000000000000 ) ) ;
#5229 = ORIENTED_EDGE ( 'NONE', *, *, #3836, .T. ) ;
#5230 = DIRECTION ( 'NONE',  ( -1.000000000000000000, 0.000000000000000000, 0.000000000000000000 ) ) ;
#5231 = EDGE_LOOP ( 'NONE', ( #2047, #3285 ) ) ;
#5232 = FACE_OUTER_BOUND ( 'NONE', #5039, .T. ) ;
#5233 = DIRECTION ( 'NONE',  ( 1.000000000000000000, 0.000000000000000000, 0.000000000000000000 ) ) ;
#5234 = DIRECTION ( 'NONE',  ( -1.000000000000000000, -3.717264591378832564E-15, -6.014810796987512436E-15 ) ) ;
#5235 = AXIS2_PLACEMENT_3D ( 'NONE', #3986, #2332, #1484 ) ;
#5236 = EDGE_CURVE ( 'NONE', #3330, #3686, #848, .T. ) ;
#5237 = CARTESIAN_POINT ( 'NONE',  ( -8.000000000000000000, -2.168404344971008868E-15, -18.50000000000000000 ) ) ;
#5238 = CYLINDRICAL_SURFACE ( 'NONE', #4208, 2.000000000000000000 ) ;
#5239 = DIRECTION ( 'NONE',  ( -6.938893903907228378E-15, 0.000000000000000000, -1.000000000000000000 ) ) ;
#5240 = AXIS2_PLACEMENT_3D ( 'NONE', #183, #4232, #1828 ) ;
#5241 = DIRECTION ( 'NONE',  ( 0.000000000000000000, 0.000000000000000000, 1.000000000000000000 ) ) ;
#5242 = ORIENTED_EDGE ( 'NONE', *, *, #2642, .T. ) ;
#5243 = EDGE_CURVE ( 'NONE', #2409, #2200, #261, .T. ) ;
#5244 = ADVANCED_FACE ( 'NONE', ( #316 ), #5238, .F. ) ;
#5245 = SURFACE_STYLE_USAGE ( .BOTH. , #2320 ) ;
#5246 = CARTESIAN_POINT ( 'NONE',  ( 12.00000000000000000, 0.000000000000000000, 0.000000000000000000 ) ) ;
#5247 = ORIENTED_EDGE ( 'NONE', *, *, #5053, .F. ) ;
#5248 = CIRCLE ( 'NONE', #177, 2.000000000000000000 ) ;
#5249 = VERTEX_POINT ( 'NONE', #2395 ) ;
#5250 = ORIENTED_EDGE ( 'NONE', *, *, #3992, .F. ) ;
#5251 = EDGE_CURVE ( 'NONE', #106, #3718, #1548, .T. ) ;
#5252 = DIRECTION ( 'NONE',  ( 1.000000000000000000, 0.000000000000000000, 0.000000000000000000 ) ) ;
#5253 = CYLINDRICAL_SURFACE ( 'NONE', #48, 1.999999999999998224 ) ;
#5254 = DIRECTION ( 'NONE',  ( 0.000000000000000000, 0.000000000000000000, 1.000000000000000000 ) ) ;
#5255 = EDGE_LOOP ( 'NONE', ( #705, #4793, #3987, #1474, #3524 ) ) ;
#5256 = ORIENTED_EDGE ( 'NONE', *, *, #4241, .F. ) ;
#5257 = DIRECTION ( 'NONE',  ( 1.000000000000000000, 0.000000000000000000, 0.000000000000000000 ) ) ;
#5258 = EDGE_LOOP ( 'NONE', ( #1308, #4672 ) ) ;
#5259 = DIRECTION ( 'NONE',  ( 1.000000000000000000, 0.000000000000000000, 0.000000000000000000 ) ) ;
#5260 = AXIS2_PLACEMENT_3D ( 'NONE', #104, #2441, #4047 ) ;
#5261 = CARTESIAN_POINT ( 'NONE',  ( -8.000000000000000000, 48.00000000000000000, -5.027733127934112032E-13 ) ) ;
#5262 = CARTESIAN_POINT ( 'NONE',  ( 30.00000000000000000, -11.05336486002035379, -37.13385416666665861 ) ) ;
#5263 = DIRECTION ( 'NONE',  ( 0.000000000000000000, 0.000000000000000000, -1.000000000000000000 ) ) ;
#5264 = DIRECTION ( 'NONE',  ( 0.000000000000000000, 0.000000000000000000, -1.000000000000000000 ) ) ;
#5265 = AXIS2_PLACEMENT_3D ( 'NONE', #202, #599, #3490 ) ;
#5266 = CARTESIAN_POINT ( 'NONE',  ( 12.00000000000000000, -10.60660171779819905, 10.60660171779819905 ) ) ;
#5267 = VERTEX_POINT ( 'NONE', #4827 ) ;
#5268 = ORIENTED_EDGE ( 'NONE', *, *, #2192, .F. ) ;
#5269 = CARTESIAN_POINT ( 'NONE',  ( 32.00000000000000000, 32.22656250000015632, 16.04520705486791954 ) ) ;
#5270 = CARTESIAN_POINT ( 'NONE',  ( 10.00000000000000000, -48.00000000000000000, -3.150000000000003464 ) ) ;
#5271 = DIRECTION ( 'NONE',  ( 0.000000000000000000, 0.000000000000000000, -1.000000000000000000 ) ) ;
#5272 = ORIENTED_EDGE ( 'NONE', *, *, #694, .T. ) ;
#5273 = CIRCLE ( 'NONE', #1228, 1.999999999999999334 ) ;
#5274 = VERTEX_POINT ( 'NONE', #4417 ) ;
#5275 = ORIENTED_EDGE ( 'NONE', *, *, #865, .T. ) ;
#5276 = ORIENTED_EDGE ( 'NONE', *, *, #1892, .F. ) ;
#5277 = EDGE_CURVE ( 'NONE', #3074, #2058, #4123, .T. ) ;
#5278 = EDGE_CURVE ( 'NONE', #462, #181, #3856, .T. ) ;
#5279 = CIRCLE ( 'NONE', #1140, 61.49999999999999289 ) ;
#5280 = DIRECTION ( 'NONE',  ( -1.000000000000000000, 0.000000000000000000, 0.000000000000000000 ) ) ;
#5281 = DIRECTION ( 'NONE',  ( 0.000000000000000000, 0.000000000000000000, -1.000000000000000000 ) ) ;
#5282 = VERTEX_POINT ( 'NONE', #1246 ) ;
#5283 = FACE_OUTER_BOUND ( 'NONE', #4760, .T. ) ;
#5284 = ORIENTED_EDGE ( 'NONE', *, *, #2352, .T. ) ;
#5285 = VERTEX_POINT ( 'NONE', #4021 ) ;
#5286 = DIRECTION ( 'NONE',  ( 1.000000000000000000, 0.000000000000000000, 0.000000000000000000 ) ) ;
#5287 = ADVANCED_FACE ( 'NONE', ( #339 ), #1190, .F. ) ;
#5288 = ORIENTED_EDGE ( 'NONE', *, *, #1623, .F. ) ;
#5289 = CIRCLE ( 'NONE', #1061, 5.000000000000000888 ) ;
#5290 = AXIS2_PLACEMENT_3D ( 'NONE', #4859, #1906, #3183 ) ;
#5291 = FACE_OUTER_BOUND ( 'NONE', #3510, .T. ) ;
#5292 = EDGE_LOOP ( 'NONE', ( #3739, #2875 ) ) ;
#5293 = FACE_OUTER_BOUND ( 'NONE', #3150, .T. ) ;
#5294 = AXIS2_PLACEMENT_3D ( 'NONE', #3088, #256, #4745 ) ;
#5295 = CIRCLE ( 'NONE', #4421, 14.20000000000000462 ) ;
#5296 = FACE_OUTER_BOUND ( 'NONE', #3637, .T. ) ;
#5297 = AXIS2_PLACEMENT_3D ( 'NONE', #3177, #3594, #4419 ) ;
#5298 = CARTESIAN_POINT ( 'NONE',  ( 32.00000000000000000, 0.000000000000000000, 0.000000000000000000 ) ) ;
#5299 = ORIENTED_EDGE ( 'NONE', *, *, #2960, .T. ) ;
#5300 = CARTESIAN_POINT ( 'NONE',  ( 29.99999999999999645, 69.29523809523811906, 1.871713294710593223 ) ) ;
#5301 = VERTEX_POINT ( 'NONE', #4932 ) ;
#5302 = CIRCLE ( 'NONE', #561, 28.99999999999999645 ) ;
#5303 = DIRECTION ( 'NONE',  ( 0.000000000000000000, 0.4457001959685595316, -0.8951822916666681840 ) ) ;
#5304 = ORIENTED_EDGE ( 'NONE', *, *, #636, .F. ) ;
#5305 = DIRECTION ( 'NONE',  ( 0.000000000000000000, 1.776356839400251254E-15, -1.000000000000000000 ) ) ;
#5306 = CARTESIAN_POINT ( 'NONE',  ( 32.00000000000000000, 15.45741750196016007, 49.14814814814813815 ) ) ;
#5307 = ORIENTED_EDGE ( 'NONE', *, *, #4939, .F. ) ;
#5308 = VERTEX_POINT ( 'NONE', #2419 ) ;
#5309 = CARTESIAN_POINT ( 'NONE',  ( 30.00000000000000000, -32.22656250000004974, -16.04520705486814336 ) ) ;
#5310 = EDGE_CURVE ( 'NONE', #5285, #4994, #885, .T. ) ;
#5311 = DIRECTION ( 'NONE',  ( 0.000000000000000000, 0.000000000000000000, -1.000000000000000000 ) ) ;
#5312 = EDGE_LOOP ( 'NONE', ( #849, #2346 ) ) ;
#5313 = ORIENTED_EDGE ( 'NONE', *, *, #1060, .F. ) ;
#5314 = DIRECTION ( 'NONE',  ( -1.000000000000000000, -0.000000000000000000, -0.000000000000000000 ) ) ;
#5315 = AXIS2_PLACEMENT_3D ( 'NONE', #1889, #4788, #3528 ) ;
#5316 = CIRCLE ( 'NONE', #2806, 4.999999999999999112 ) ;
#5317 = DIRECTION ( 'NONE',  ( -1.000000000000000000, -0.000000000000000000, -0.000000000000000000 ) ) ;
#5318 = EDGE_CURVE ( 'NONE', #1786, #301, #1874, .T. ) ;
#5319 = EDGE_CURVE ( 'NONE', #4784, #5224, #662, .T. ) ;
#5320 = PLANE ( 'NONE',  #5181 ) ;
#5321 = CARTESIAN_POINT ( 'NONE',  ( 32.00000000000000000, -49.29629629629622656, 17.45192298608422377 ) ) ;
#5322 = ORIENTED_EDGE ( 'NONE', *, *, #895, .F. ) ;
#5323 = CARTESIAN_POINT ( 'NONE',  ( 30.00000000000000000, 48.00000000000000000, -15.50000000000051159 ) ) ;
ENDSEC;
END-ISO-10303-21;
