ISO-10303-21;
HEADER;
FILE_DESCRIPTION (( 'STEP AP214' ),
    '1' );
FILE_NAME ('Pokrov novega držala.STEP',
    '2025-10-23T13:12:16',
    ( '' ),
    ( '' ),
    'SwSTEP 2.0',
    'SolidWorks 2024',
    '' );
FILE_SCHEMA (( 'AUTOMOTIVE_DESIGN' ));
ENDSEC;

DATA;
#1 = CARTESIAN_POINT ( 'NONE',  ( 24.84677830891445538, 5.423389154457196604, 2.033353013192565228 ) ) ;
#2 = CARTESIAN_POINT ( 'NONE',  ( -9.999999999999998224, 14.99999999999999645, 17.00000000000000000 ) ) ;
#3 = FACE_OUTER_BOUND ( 'NONE', #1373, .T. ) ;
#4 = DIRECTION ( 'NONE',  ( -0.000000000000000000, 1.000000000000000000, -0.000000000000000000 ) ) ;
#5 = ADVANCED_FACE ( 'NONE', ( #714 ), #138, .T. ) ;
#6 = CARTESIAN_POINT ( 'NONE',  ( -23.30174739544800389, 6.603494790896003330, 1.496547968306049636 ) ) ;
#7 = CARTESIAN_POINT ( 'NONE',  ( 23.51085692661353477, 4.755428463306885511, 19.62135917106852290 ) ) ;
#8 = CARTESIAN_POINT ( 'NONE',  ( 12.99999999999999822, 14.99999999999999645, 17.00000000000000000 ) ) ;
#9 = ORIENTED_EDGE ( 'NONE', *, *, #204, .F. ) ;
#10 = DIRECTION ( 'NONE',  ( 5.782411586589358625E-16, 1.000000000000000000, -0.000000000000000000 ) ) ;
#11 = EDGE_CURVE ( 'NONE', #496, #716, #1046, .T. ) ;
#12 = CARTESIAN_POINT ( 'NONE',  ( -23.49999999999999645, 5.499999999999998224, 20.00000000000000000 ) ) ;
#13 = AXIS2_PLACEMENT_3D ( 'NONE', #1237, #457, #560 ) ;
#14 = CARTESIAN_POINT ( 'NONE',  ( 23.30174739544800389, 6.603494790896025535, 18.50345203169391439 ) ) ;
#15 = LINE ( 'NONE', #1171, #1092 ) ;
#16 = VERTEX_POINT ( 'NONE', #428 ) ;
#17 = CARTESIAN_POINT ( 'NONE',  ( 21.99999999999999289, 3.999999999999994671, -4.336808689942017736E-16 ) ) ;
#18 = ORIENTED_EDGE ( 'NONE', *, *, #1232, .T. ) ;
#19 = AXIS2_PLACEMENT_3D ( 'NONE', #1475, #202, #781 ) ;
#20 = CARTESIAN_POINT ( 'NONE',  ( 0.000000000000000000, 0.000000000000000000, 0.000000000000000000 ) ) ;
#21 = VECTOR ( 'NONE', #1124, 1000.000000000000000 ) ;
#22 = ADVANCED_FACE ( 'NONE', ( #558 ), #1449, .T. ) ;
#23 = AXIS2_PLACEMENT_3D ( 'NONE', #892, #897, #683 ) ;
#24 = CARTESIAN_POINT ( 'NONE',  ( -11.75735931288071434, 5.757359312880709901, -3.228216686206738306E-16 ) ) ;
#25 =( BOUNDED_CURVE ( )  B_SPLINE_CURVE ( 3, ( #1430, #1094, #417, #83 ),
 .UNSPECIFIED., .F., .T. ) 
 B_SPLINE_CURVE_WITH_KNOTS ( ( 4, 4 ),
 ( 0.000000000000000000, 1.570796326794896558 ),
 .UNSPECIFIED. ) 
 CURVE ( )  GEOMETRIC_REPRESENTATION_ITEM ( )  RATIONAL_B_SPLINE_CURVE ( ( 1.000000000000000000, 0.8047378541243649375, 0.8047378541243649375, 1.000000000000000000 ) ) 
 REPRESENTATION_ITEM ( '' )  );
#26 = LINE ( 'NONE', #710, #1254 ) ;
#27 = ORIENTED_EDGE ( 'NONE', *, *, #647, .T. ) ;
#28 = DIRECTION ( 'NONE',  ( 0.000000000000000000, 1.000000000000000000, 0.000000000000000000 ) ) ;
#29 = CARTESIAN_POINT ( 'NONE',  ( -24.99999999999999645, 0.000000000000000000, 20.00000000000000000 ) ) ;
#30 = CARTESIAN_POINT ( 'NONE',  ( -9.999999999999998224, 14.99999999999999645, 3.000000000000000000 ) ) ;
#31 = DIRECTION ( 'NONE',  ( 1.000000000000000000, 0.000000000000000000, 0.000000000000000000 ) ) ;
#32 = EDGE_LOOP ( 'NONE', ( #463, #510, #474, #732 ) ) ;
#33 = FACE_OUTER_BOUND ( 'NONE', #150, .T. ) ;
#34 = CARTESIAN_POINT ( 'NONE',  ( -18.00000000000000000, -13.00000000000000355, 9.999999999999996447 ) ) ;
#35 = ORIENTED_EDGE ( 'NONE', *, *, #717, .T. ) ;
#36 = CARTESIAN_POINT ( 'NONE',  ( 21.99999999999999289, 3.999999999999993339, -4.336808689942017736E-16 ) ) ;
#37 = FACE_OUTER_BOUND ( 'NONE', #708, .T. ) ;
#38 = CARTESIAN_POINT ( 'NONE',  ( 22.00000000000000000, 0.000000000000000000, 2.999999999999999112 ) ) ;
#39 = ORIENTED_EDGE ( 'NONE', *, *, #250, .F. ) ;
#40 = VECTOR ( 'NONE', #970, 1000.000000000000000 ) ;
#41 = CARTESIAN_POINT ( 'NONE',  ( -23.49999999999999645, 6.999999999999997335, 17.00000000000000000 ) ) ;
#42 = VERTEX_POINT ( 'NONE', #420 ) ;
#43 = ADVANCED_FACE ( 'NONE', ( #297 ), #1005, .T. ) ;
#44 = CARTESIAN_POINT ( 'NONE',  ( -24.96109128129345933, 6.961091281293326105, 17.58497204685477300 ) ) ;
#45 = DIRECTION ( 'NONE',  ( -0.000000000000000000, -0.000000000000000000, 1.000000000000000000 ) ) ;
#46 = LINE ( 'NONE', #133, #704 ) ;
#47 = VERTEX_POINT ( 'NONE', #662 ) ;
#48 = AXIS2_PLACEMENT_3D ( 'NONE', #369, #476, #566 ) ;
#49 = CARTESIAN_POINT ( 'NONE',  ( 5.999999999999998224, -1.734723475976807094E-15, 20.00000000000000000 ) ) ;
#50 = ORIENTED_EDGE ( 'NONE', *, *, #1226, .F. ) ;
#51 = CARTESIAN_POINT ( 'NONE',  ( -23.48691459843334783, 5.486914598433440204, 19.66703591295687659 ) ) ;
#52 = SPHERICAL_SURFACE ( 'NONE', #789, 3.000000000000000000 ) ;
#53 = CARTESIAN_POINT ( 'NONE',  ( -5.999999999999998224, 11.00000000000000000, 20.00000000000000000 ) ) ;
#54 = ADVANCED_FACE ( 'NONE', ( #433 ), #883, .T. ) ;
#55 = ORIENTED_EDGE ( 'NONE', *, *, #198, .F. ) ;
#56 = CARTESIAN_POINT ( 'NONE',  ( 18.00000000000000000, 0.000000000000000000, 9.999999999999991118 ) ) ;
#57 = EDGE_LOOP ( 'NONE', ( #183, #65, #1322, #246 ) ) ;
#58 = CARTESIAN_POINT ( 'NONE',  ( 9.999999999999998224, 14.99999999999999645, 20.00000000000000000 ) ) ;
#59 = CARTESIAN_POINT ( 'NONE',  ( 12.99999999999999822, 6.999999999999997335, 17.00000000000000000 ) ) ;
#60 = CARTESIAN_POINT ( 'NONE',  ( -23.49999999999250733, 6.999999999999997335, 2.803648242122190659 ) ) ;
#61 = ORIENTED_EDGE ( 'NONE', *, *, #117, .F. ) ;
#62 = VERTEX_POINT ( 'NONE', #1220 ) ;
#63 = ADVANCED_FACE ( 'NONE', ( #895 ), #1355, .T. ) ;
#64 = CARTESIAN_POINT ( 'NONE',  ( 22.00000000000000000, -2.739037067331800130E-16, 20.00000000000000000 ) ) ;
#65 = ORIENTED_EDGE ( 'NONE', *, *, #568, .T. ) ;
#66 = CARTESIAN_POINT ( 'NONE',  ( -25.00000000000000000, 5.499999999992886579, 17.19635175787784931 ) ) ;
#67 = CARTESIAN_POINT ( 'NONE',  ( -12.99999999999999822, 14.99999999999999645, 20.00000000000000000 ) ) ;
#68 = CARTESIAN_POINT ( 'NONE',  ( -22.00000000000000000, 3.999999999999997335, 0.000000000000000000 ) ) ;
#69 = ORIENTED_EDGE ( 'NONE', *, *, #132, .F. ) ;
#70 = ORIENTED_EDGE ( 'NONE', *, *, #698, .T. ) ;
#71 = CARTESIAN_POINT ( 'NONE',  ( 12.99999999999999822, 17.99999999999999645, 2.999999999999999112 ) ) ;
#72 = EDGE_CURVE ( 'NONE', #419, #1117, #79, .T. ) ;
#73 =( LENGTH_UNIT ( ) NAMED_UNIT ( * ) SI_UNIT ( .MILLI., .METRE. ) );
#74 = FACE_OUTER_BOUND ( 'NONE', #1217, .T. ) ;
#75 = CARTESIAN_POINT ( 'NONE',  ( 23.49999999999999645, 6.999999999999997335, 2.999999999999999112 ) ) ;
#76 = CARTESIAN_POINT ( 'NONE',  ( -12.99999999999999822, 14.99999999999999645, 2.999999999999999112 ) ) ;
#77 = VERTEX_POINT ( 'NONE', #534 ) ;
#78 = ORIENTED_EDGE ( 'NONE', *, *, #1226, .T. ) ;
#79 = LINE ( 'NONE', #439, #1022 ) ;
#80 = LINE ( 'NONE', #1324, #1139 ) ;
#81 = EDGE_CURVE ( 'NONE', #62, #419, #305, .T. ) ;
#82 = DIRECTION ( 'NONE',  ( 0.000000000000000000, -1.000000000000000000, 0.000000000000000000 ) ) ;
#83 = CARTESIAN_POINT ( 'NONE',  ( -22.00000000000000000, 3.999999999999997335, 0.000000000000000000 ) ) ;
#84 = ORIENTED_EDGE ( 'NONE', *, *, #387, .T. ) ;
#85 = VERTEX_POINT ( 'NONE', #889 ) ;
#86 =( BOUNDED_CURVE ( )  B_SPLINE_CURVE ( 3, ( #593, #127, #1396, #1044 ),
 .UNSPECIFIED., .F., .T. ) 
 B_SPLINE_CURVE_WITH_KNOTS ( ( 4, 4 ),
 ( 3.141592653589793116, 4.712388980384689674 ),
 .UNSPECIFIED. ) 
 CURVE ( )  GEOMETRIC_REPRESENTATION_ITEM ( )  RATIONAL_B_SPLINE_CURVE ( ( 1.000000000000000000, 0.8047378541243649375, 0.8047378541243649375, 1.000000000000000000 ) ) 
 REPRESENTATION_ITEM ( '' )  );
#87 = CARTESIAN_POINT ( 'NONE',  ( -9.999999999999998224, 14.99999999999999645, 20.00000000000000000 ) ) ;
#88 = FACE_OUTER_BOUND ( 'NONE', #271, .T. ) ;
#89 = EDGE_CURVE ( 'NONE', #1427, #931, #1212, .T. ) ;
#90 = CIRCLE ( 'NONE', #395, 3.000000000000000000 ) ;
#91 = PRODUCT_DEFINITION_SHAPE ( 'NONE', 'NONE',  #1318 ) ;
#92 = CARTESIAN_POINT ( 'NONE',  ( -24.84677830891448380, 5.423389154457262329, 2.033353013192636727 ) ) ;
#93 = VECTOR ( 'NONE', #984, 1000.000000000000000 ) ;
#94 = VERTEX_POINT ( 'NONE', #542 ) ;
#95 = CARTESIAN_POINT ( 'NONE',  ( 24.06315453436110730, 6.063154534361060222, 19.25116060471049195 ) ) ;
#96 = VECTOR ( 'NONE', #223, 1000.000000000000000 ) ;
#97 = LINE ( 'NONE', #676, #1290 ) ;
#98 = AXIS2_PLACEMENT_3D ( 'NONE', #519, #859, #1177 ) ;
#99 = CARTESIAN_POINT ( 'NONE',  ( 25.00000000000000000, 5.499999999999997335, 2.999999999999999112 ) ) ;
#100 = AXIS2_PLACEMENT_3D ( 'NONE', #415, #754, #1444 ) ;
#101 = ORIENTED_EDGE ( 'NONE', *, *, #760, .F. ) ;
#102 = DIRECTION ( 'NONE',  ( 0.000000000000000000, 0.000000000000000000, -1.000000000000000000 ) ) ;
#103 = CARTESIAN_POINT ( 'NONE',  ( -24.99999999999999645, 5.499999999999998224, 20.00000000000000000 ) ) ;
#104 = CARTESIAN_POINT ( 'NONE',  ( 24.69649888615326461, 5.348249443076658949, 1.670546392616903741 ) ) ;
#105 = EDGE_LOOP ( 'NONE', ( #188, #9, #601, #1239 ) ) ;
#106 = DIRECTION ( 'NONE',  ( -1.000000000000000000, 0.000000000000000000, 0.000000000000000000 ) ) ;
#107 = DIRECTION ( 'NONE',  ( 0.000000000000000000, 0.000000000000000000, -1.000000000000000000 ) ) ;
#108 = EDGE_CURVE ( 'NONE', #1402, #1127, #1256, .T. ) ;
#109 = CARTESIAN_POINT ( 'NONE',  ( 25.00000000000000000, 5.499999999992886579, 2.803648242122187995 ) ) ;
#110 = VECTOR ( 'NONE', #1272, 1000.000000000000000 ) ;
#111 = ORIENTED_EDGE ( 'NONE', *, *, #717, .F. ) ;
#112 = CARTESIAN_POINT ( 'NONE',  ( 22.75542846330665370, 5.510856926613933560, 19.62135917106835592 ) ) ;
#113 = SPHERICAL_SURFACE ( 'NONE', #1116, 3.000000000000000000 ) ;
#114 = AXIS2_PLACEMENT_3D ( 'NONE', #1403, #10, #363 ) ;
#115 = EDGE_CURVE ( 'NONE', #1244, #85, #675, .T. ) ;
#116 = CARTESIAN_POINT ( 'NONE',  ( -9.999999999999998224, 3.999999999999997335, 0.000000000000000000 ) ) ;
#117 = EDGE_CURVE ( 'NONE', #931, #42, #775, .T. ) ;
#118 = DIRECTION ( 'NONE',  ( -0.000000000000000000, 1.000000000000000000, 0.000000000000000000 ) ) ;
#119 = ORIENTED_EDGE ( 'NONE', *, *, #1017, .T. ) ;
#120 = CARTESIAN_POINT ( 'NONE',  ( -24.34381960842448223, 6.343819608424535517, 1.044065131447524664 ) ) ;
#121 = ORIENTED_EDGE ( 'NONE', *, *, #588, .T. ) ;
#122 = VECTOR ( 'NONE', #733, 1000.000000000000114 ) ;
#123 = CARTESIAN_POINT ( 'NONE',  ( -9.999999999999998224, 14.99999999999999645, 2.999999999999999112 ) ) ;
#124 = CARTESIAN_POINT ( 'NONE',  ( 24.81747225462632755, 6.817472254626534500, 18.12145106167633202 ) ) ;
#125 = CARTESIAN_POINT ( 'NONE',  ( 5.999999999999998224, 10.99999999999999822, 0.000000000000000000 ) ) ;
#126 = EDGE_CURVE ( 'NONE', #335, #660, #1040, .T. ) ;
#127 = CARTESIAN_POINT ( 'NONE',  ( -12.99999999999999822, 6.999999999999997335, 18.75735931288071612 ) ) ;
#128 = DIRECTION ( 'NONE',  ( 1.000000000000000000, 0.000000000000000000, 0.000000000000000000 ) ) ;
#129 = CARTESIAN_POINT ( 'NONE',  ( 24.47783427776862197, 6.477834277768891091, 18.77980659272329333 ) ) ;
#130 = DIRECTION ( 'NONE',  ( -0.000000000000000000, 1.000000000000000000, -0.000000000000000000 ) ) ;
#131 = CARTESIAN_POINT ( 'NONE',  ( -9.999999999999998224, 17.99999999999999645, 20.00000000000000000 ) ) ;
#132 = EDGE_CURVE ( 'NONE', #1360, #938, #562, .T. ) ;
#133 = CARTESIAN_POINT ( 'NONE',  ( -12.99999999999999822, 14.99999999999999645, 20.00000000000000000 ) ) ;
#134 = AXIS2_PLACEMENT_3D ( 'NONE', #58, #876, #279 ) ;
#135 = LINE ( 'NONE', #943, #449 ) ;
#136 = DIRECTION ( 'NONE',  ( -0.000000000000000000, -1.000000000000000000, -0.000000000000000000 ) ) ;
#137 = CARTESIAN_POINT ( 'NONE',  ( -18.00000000000000000, 0.000000000000000000, 7.399999999999996803 ) ) ;
#138 = SPHERICAL_SURFACE ( 'NONE', #350, 3.000000000000000000 ) ;
#139 = DIRECTION ( 'NONE',  ( 1.000000000000000000, 9.130123557772669567E-17, -0.000000000000000000 ) ) ;
#140 = EDGE_CURVE ( 'NONE', #1325, #581, #455, .T. ) ;
#141 = AXIS2_PLACEMENT_3D ( 'NONE', #787, #686, #339 ) ;
#142 = CARTESIAN_POINT ( 'NONE',  ( -22.00000000000000000, 3.999999999999997335, 20.00000000000000000 ) ) ;
#143 = CARTESIAN_POINT ( 'NONE',  ( -22.00000000000000000, 3.999999999999997335, 20.00000000000000000 ) ) ;
#144 = ORIENTED_EDGE ( 'NONE', *, *, #269, .F. ) ;
#145 = CARTESIAN_POINT ( 'NONE',  ( 9.999999999999998224, 17.99999999999999645, 20.00000000000000000 ) ) ;
#146 = CARTESIAN_POINT ( 'NONE',  ( -18.00000000000000000, -13.00000000000000355, 12.59999999999999609 ) ) ;
#147 = ORIENTED_EDGE ( 'NONE', *, *, #1356, .F. ) ;
#148 = EDGE_CURVE ( 'NONE', #453, #392, #1062, .T. ) ;
#149 = DIRECTION ( 'NONE',  ( 0.000000000000000000, -1.000000000000000000, 0.000000000000000000 ) ) ;
#150 = EDGE_LOOP ( 'NONE', ( #768, #326, #69, #605 ) ) ;
#151 = CARTESIAN_POINT ( 'NONE',  ( 22.39276987338449132, 4.196384936691401890, -1.342143695683570534E-15 ) ) ;
#152 = DIRECTION ( 'NONE',  ( 0.000000000000000000, 0.000000000000000000, 1.000000000000000000 ) ) ;
#153 = CARTESIAN_POINT ( 'NONE',  ( 23.49999999999999289, 6.999999999999997335, 18.75735931288071612 ) ) ;
#154 = ORIENTED_EDGE ( 'NONE', *, *, #126, .F. ) ;
#155 = AXIS2_PLACEMENT_3D ( 'NONE', #1054, #1151, #1159 ) ;
#156 = ADVANCED_FACE ( 'NONE', ( #266 ), #382, .F. ) ;
#157 =( GEOMETRIC_REPRESENTATION_CONTEXT ( 3 ) GLOBAL_UNCERTAINTY_ASSIGNED_CONTEXT ( ( #977 ) ) GLOBAL_UNIT_ASSIGNED_CONTEXT ( ( #1432, #217, #782 ) ) REPRESENTATION_CONTEXT ( 'NONE', 'WORKASPACE' ) );
#158 = CARTESIAN_POINT ( 'NONE',  ( -22.00000000000000000, 0.000000000000000000, 20.00000000000000000 ) ) ;
#159 = ORIENTED_EDGE ( 'NONE', *, *, #746, .T. ) ;
#160 = ADVANCED_FACE ( 'NONE', ( #340 ), #1485, .T. ) ;
#161 = CARTESIAN_POINT ( 'NONE',  ( -22.75542846330665725, 5.510856926614033036, 19.62135917106831329 ) ) ;
#162 = DIRECTION ( 'NONE',  ( 0.000000000000000000, -1.000000000000000000, 0.000000000000000000 ) ) ;
#163 = DIRECTION ( 'NONE',  ( 0.000000000000000000, 1.000000000000000000, 0.000000000000000000 ) ) ;
#164 = EDGE_LOOP ( 'NONE', ( #911, #920, #703, #967 ) ) ;
#165 = VECTOR ( 'NONE', #1382, 1000.000000000000000 ) ;
#166 = CARTESIAN_POINT ( 'NONE',  ( 24.99999999999999645, 6.999999999999997335, 20.00000000000000000 ) ) ;
#167 = VERTEX_POINT ( 'NONE', #610 ) ;
#168 = CARTESIAN_POINT ( 'NONE',  ( -23.51085692661354187, 4.755428463306885511, 19.62135917106851934 ) ) ;
#169 = FACE_BOUND ( 'NONE', #484, .T. ) ;
#170 = ADVANCED_FACE ( 'NONE', ( #1422 ), #113, .T. ) ;
#171 = CARTESIAN_POINT ( 'NONE',  ( -25.00000000000000000, 7.000000000000000888, 2.999999999999999112 ) ) ;
#172 = ORIENTED_EDGE ( 'NONE', *, *, #132, .T. ) ;
#173 = VERTEX_POINT ( 'NONE', #273 ) ;
#174 = CARTESIAN_POINT ( 'NONE',  ( -23.13008021426036365, 6.260160428520725517, 18.98248025859855659 ) ) ;
#175 = DIRECTION ( 'NONE',  ( 1.000000000000000000, 0.000000000000000000, 0.000000000000000000 ) ) ;
#176 =( BOUNDED_CURVE ( )  B_SPLINE_CURVE ( 3, ( #75, #193, #185, #1180 ),
 .UNSPECIFIED., .F., .T. ) 
 B_SPLINE_CURVE_WITH_KNOTS ( ( 4, 4 ),
 ( 3.141592653589793116, 4.712388980384689674 ),
 .UNSPECIFIED. ) 
 CURVE ( )  GEOMETRIC_REPRESENTATION_ITEM ( )  RATIONAL_B_SPLINE_CURVE ( ( 1.000000000000000000, 0.8047378541243649375, 0.8047378541243649375, 1.000000000000000000 ) ) 
 REPRESENTATION_ITEM ( '' )  );
#177 = ADVANCED_FACE ( 'NONE', ( #37 ), #490, .T. ) ;
#178 = DIRECTION ( 'NONE',  ( 0.000000000000000000, -1.000000000000000000, 0.000000000000000000 ) ) ;
#179 = EDGE_LOOP ( 'NONE', ( #1431, #1330, #353, #1080 ) ) ;
#180 = ORIENTED_EDGE ( 'NONE', *, *, #1049, .F. ) ;
#181 = CARTESIAN_POINT ( 'NONE',  ( 0.000000000000000000, 11.00000000000000178, 20.00000000000000000 ) ) ;
#182 = DIRECTION ( 'NONE',  ( -0.000000000000000000, -0.000000000000000000, -1.000000000000000000 ) ) ;
#183 = ORIENTED_EDGE ( 'NONE', *, *, #1123, .F. ) ;
#184 = CARTESIAN_POINT ( 'NONE',  ( -5.999999999999998224, 11.00000000000000000, 0.000000000000000000 ) ) ;
#185 = CARTESIAN_POINT ( 'NONE',  ( 22.87867965644034740, 5.757359312880710789, 3.228216686206738306E-16 ) ) ;
#186 = CIRCLE ( 'NONE', #1088, 2.999999999999999112 ) ;
#187 = LINE ( 'NONE', #1321, #494 ) ;
#188 = ORIENTED_EDGE ( 'NONE', *, *, #327, .F. ) ;
#189 = VERTEX_POINT ( 'NONE', #137 ) ;
#190 = DIRECTION ( 'NONE',  ( 0.000000000000000000, 0.000000000000000000, 1.000000000000000000 ) ) ;
#191 = EDGE_CURVE ( 'NONE', #47, #1241, #1174, .T. ) ;
#192 = CARTESIAN_POINT ( 'NONE',  ( -21.99999999999999289, 3.999999999999993339, 20.00000000000000355 ) ) ;
#193 = CARTESIAN_POINT ( 'NONE',  ( 23.49999999999999289, 6.999999999999997335, 1.242640687119285214 ) ) ;
#194 = VECTOR ( 'NONE', #4, 1000.000000000000000 ) ;
#195 = VERTEX_POINT ( 'NONE', #848 ) ;
#196 = CARTESIAN_POINT ( 'NONE',  ( 5.999999999999998224, 10.99999999999999822, 20.00000000000000000 ) ) ;
#197 = DIRECTION ( 'NONE',  ( -9.130123557772670799E-17, 1.000000000000000000, 0.000000000000000000 ) ) ;
#198 = EDGE_CURVE ( 'NONE', #85, #808, #713, .T. ) ;
#199 = CARTESIAN_POINT ( 'NONE',  ( 24.98066173362827769, 5.490330866814102428, 2.607305759688690827 ) ) ;
#200 = EDGE_LOOP ( 'NONE', ( #1313, #1064, #479, #801 ) ) ;
#201 = DIRECTION ( 'NONE',  ( 0.000000000000000000, 0.000000000000000000, 1.000000000000000000 ) ) ;
#202 = DIRECTION ( 'NONE',  ( 0.000000000000000000, 1.000000000000000000, 0.000000000000000000 ) ) ;
#203 = DIRECTION ( 'NONE',  ( 0.000000000000000000, 0.000000000000000000, 1.000000000000000000 ) ) ;
#204 = EDGE_CURVE ( 'NONE', #1218, #189, #569, .T. ) ;
#205 = DIRECTION ( 'NONE',  ( 0.000000000000000000, -0.000000000000000000, -1.000000000000000000 ) ) ;
#206 = EDGE_CURVE ( 'NONE', #1218, #794, #373, .T. ) ;
#207 = CARTESIAN_POINT ( 'NONE',  ( -24.69649888615323974, 5.348249443076594112, 1.670546392616832021 ) ) ;
#208 = VECTOR ( 'NONE', #1439, 1000.000000000000000 ) ;
#209 = ORIENTED_EDGE ( 'NONE', *, *, #681, .T. ) ;
#210 = DIRECTION ( 'NONE',  ( 0.000000000000000000, 1.000000000000000000, 0.000000000000000000 ) ) ;
#211 = FACE_OUTER_BOUND ( 'NONE', #1296, .T. ) ;
#212 = CARTESIAN_POINT ( 'NONE',  ( 25.00000000000000000, 7.000000000000000888, 2.999999999999999112 ) ) ;
#213 = EDGE_CURVE ( 'NONE', #16, #393, #592, .T. ) ;
#214 = EDGE_LOOP ( 'NONE', ( #443, #144, #1055, #1087 ) ) ;
#215 = CARTESIAN_POINT ( 'NONE',  ( 23.48691459843376350, 5.486914598433158652, 19.66703591295725317 ) ) ;
#216 = DIRECTION ( 'NONE',  ( -1.000000000000000000, 0.000000000000000000, 0.000000000000000000 ) ) ;
#217 =( NAMED_UNIT ( * ) PLANE_ANGLE_UNIT ( ) SI_UNIT ( $, .RADIAN. ) );
#218 = ORIENTED_EDGE ( 'NONE', *, *, #477, .F. ) ;
#219 = CARTESIAN_POINT ( 'NONE',  ( -23.51085692661335358, 4.755428463306885511, 0.3786408289314009967 ) ) ;
#220 = ORIENTED_EDGE ( 'NONE', *, *, #221, .F. ) ;
#221 = EDGE_CURVE ( 'NONE', #1086, #419, #1093, .T. ) ;
#222 = LINE ( 'NONE', #679, #165 ) ;
#223 = DIRECTION ( 'NONE',  ( 1.000000000000000000, -0.000000000000000000, 0.000000000000000000 ) ) ;
#224 = EDGE_CURVE ( 'NONE', #94, #899, #1283, .T. ) ;
#225 = DIRECTION ( 'NONE',  ( 0.000000000000000000, 0.000000000000000000, 1.000000000000000000 ) ) ;
#226 = VERTEX_POINT ( 'NONE', #1157 ) ;
#227 = CARTESIAN_POINT ( 'NONE',  ( 24.81747225462637374, 6.817472254626454564, 1.878548938323365114 ) ) ;
#228 = CIRCLE ( 'NONE', #948, 1.500000000000001332 ) ;
#229 = AXIS2_PLACEMENT_3D ( 'NONE', #1331, #524, #201 ) ;
#230 = CARTESIAN_POINT ( 'NONE',  ( 23.84364017363747479, 4.921820086818629925, 19.39900051348181265 ) ) ;
#231 = FACE_OUTER_BOUND ( 'NONE', #32, .T. ) ;
#232 = EDGE_CURVE ( 'NONE', #1427, #337, #594, .T. ) ;
#233 = DIRECTION ( 'NONE',  ( 0.000000000000000000, 1.000000000000000000, 0.000000000000000000 ) ) ;
#234 = EDGE_LOOP ( 'NONE', ( #295, #111, #1104, #1438 ) ) ;
#235 = DIRECTION ( 'NONE',  ( 0.000000000000000000, 0.000000000000000000, 1.000000000000000000 ) ) ;
#236 = CIRCLE ( 'NONE', #1066, 2.600000000000000089 ) ;
#237 = EDGE_LOOP ( 'NONE', ( #855, #873, #694, #773 ) ) ;
#238 = AXIS2_PLACEMENT_3D ( 'NONE', #1211, #790, #203 ) ;
#239 = DIRECTION ( 'NONE',  ( 1.000000000000000000, -0.000000000000000000, 0.000000000000000000 ) ) ;
#240 = CARTESIAN_POINT ( 'NONE',  ( 25.00000000000000000, 5.499999999992886579, 17.19635175787768233 ) ) ;
#241 = EDGE_CURVE ( 'NONE', #226, #581, #176, .T. ) ;
#242 = ORIENTED_EDGE ( 'NONE', *, *, #664, .F. ) ;
#243 = CARTESIAN_POINT ( 'NONE',  ( 22.29450543490774805, 4.294505434906422003, 9.256843245428024317E-05 ) ) ;
#244 = DIRECTION ( 'NONE',  ( -0.000000000000000000, -0.000000000000000000, -1.000000000000000000 ) ) ;
#245 = CARTESIAN_POINT ( 'NONE',  ( -24.99999999999999645, 0.000000000000000000, 20.00000000000000000 ) ) ;
#246 = ORIENTED_EDGE ( 'NONE', *, *, #1294, .F. ) ;
#247 = CARTESIAN_POINT ( 'NONE',  ( 9.999999999999998224, 3.999999999999997335, 0.000000000000000000 ) ) ;
#248 = DIRECTION ( 'NONE',  ( -1.000000000000000000, 0.000000000000000000, 0.000000000000000000 ) ) ;
#249 = ORIENTED_EDGE ( 'NONE', *, *, #1098, .T. ) ;
#250 = EDGE_CURVE ( 'NONE', #1127, #1042, #963, .T. ) ;
#251 = DIRECTION ( 'NONE',  ( 0.000000000000000000, 0.000000000000000000, 1.000000000000000000 ) ) ;
#252 = CIRCLE ( 'NONE', #999, 2.600000000000000089 ) ;
#253 = CARTESIAN_POINT ( 'NONE',  ( -23.75735931288071257, 4.878679656440354506, 20.00000000000000000 ) ) ;
#254 = DIRECTION ( 'NONE',  ( 0.000000000000000000, 0.000000000000000000, -1.000000000000000000 ) ) ;
#255 = FACE_OUTER_BOUND ( 'NONE', #950, .T. ) ;
#256 = CARTESIAN_POINT ( 'NONE',  ( 0.000000000000000000, 11.00000000000000178, 0.000000000000000000 ) ) ;
#257 = ORIENTED_EDGE ( 'NONE', *, *, #108, .F. ) ;
#258 = AXIS2_PLACEMENT_3D ( 'NONE', #87, #1105, #1342 ) ;
#259 = EDGE_CURVE ( 'NONE', #591, #794, #236, .T. ) ;
#260 = LINE ( 'NONE', #1406, #110 ) ;
#261 = ORIENTED_EDGE ( 'NONE', *, *, #427, .F. ) ;
#262 = AXIS2_PLACEMENT_3D ( 'NONE', #1012, #334, #205 ) ;
#263 = CARTESIAN_POINT ( 'NONE',  ( -5.999999999999998224, 0.000000000000000000, 0.000000000000000000 ) ) ;
#264 = ORIENTED_EDGE ( 'NONE', *, *, #362, .F. ) ;
#265 = CARTESIAN_POINT ( 'NONE',  ( 23.18599766706826415, 5.185997667069437433, 0.2025034394379175706 ) ) ;
#266 = FACE_OUTER_BOUND ( 'NONE', #1457, .T. ) ;
#267 = DIRECTION ( 'NONE',  ( 0.000000000000000000, 0.000000000000000000, 1.000000000000000000 ) ) ;
#268 = VERTEX_POINT ( 'NONE', #626 ) ;
#269 = EDGE_CURVE ( 'NONE', #808, #173, #633, .T. ) ;
#270 = DIRECTION ( 'NONE',  ( 0.000000000000000000, -1.000000000000000000, 0.000000000000000000 ) ) ;
#271 = EDGE_LOOP ( 'NONE', ( #1150, #749, #818, #697 ) ) ;
#272 = CARTESIAN_POINT ( 'NONE',  ( -24.69649888615330369, 5.348249443076658949, 18.32945360738300877 ) ) ;
#273 = CARTESIAN_POINT ( 'NONE',  ( 12.99999999999999822, 6.999999999999997335, 17.00000000000000000 ) ) ;
#274 = CARTESIAN_POINT ( 'NONE',  ( 11.75735931288071434, 5.757359312880710789, 3.228216686206738306E-16 ) ) ;
#275 = EDGE_LOOP ( 'NONE', ( #84, #437, #767 ) ) ;
#276 = ADVANCED_FACE ( 'NONE', ( #169, #641 ), #765, .F. ) ;
#277 = DIRECTION ( 'NONE',  ( -0.000000000000000000, 1.000000000000000000, -0.000000000000000000 ) ) ;
#278 = VERTEX_POINT ( 'NONE', #862 ) ;
#279 = DIRECTION ( 'NONE',  ( -1.000000000000000000, 0.000000000000000000, 0.000000000000000000 ) ) ;
#280 = ORIENTED_EDGE ( 'NONE', *, *, #1170, .T. ) ;
#281 = EDGE_LOOP ( 'NONE', ( #564, #991, #1434 ) ) ;
#282 = PRESENTATION_STYLE_ASSIGNMENT (( #1426 ) ) ;
#283 = ORIENTED_EDGE ( 'NONE', *, *, #588, .F. ) ;
#284 = ADVANCED_FACE ( 'NONE', ( #1082, #399 ), #286, .F. ) ;
#285 = CARTESIAN_POINT ( 'NONE',  ( -23.49999999999250733, 6.999999999999997335, 17.19635175787784931 ) ) ;
#286 = PLANE ( 'NONE',  #1390 ) ;
#287 = CARTESIAN_POINT ( 'NONE',  ( -24.98066173362827769, 5.490330866814114863, 2.607305759688696156 ) ) ;
#288 = ADVANCED_BREP_SHAPE_REPRESENTATION ( 'Pokrov novega dr\X2\017e\X0\ala', ( #759, #13 ), #157 ) ;
#289 = FILL_AREA_STYLE ('',( #396 ) ) ;
#290 = EDGE_LOOP ( 'NONE', ( #860, #502, #595, #1399 ) ) ;
#291 = CARTESIAN_POINT ( 'NONE',  ( -24.71620629192751295, 6.716206291927647953, 18.36262084706869047 ) ) ;
#292 = CARTESIAN_POINT ( 'NONE',  ( 18.00000000000000000, 6.999999999999997335, 7.399999999999991473 ) ) ;
#293 = CARTESIAN_POINT ( 'NONE',  ( -12.99999999999999822, 6.999999999999997335, 17.00000000000000000 ) ) ;
#294 = ORIENTED_EDGE ( 'NONE', *, *, #1301, .T. ) ;
#295 = ORIENTED_EDGE ( 'NONE', *, *, #617, .T. ) ;
#296 = CARTESIAN_POINT ( 'NONE',  ( -24.99999999999999645, 0.000000000000000000, 20.00000000000000000 ) ) ;
#297 = FACE_OUTER_BOUND ( 'NONE', #548, .T. ) ;
#298 = LINE ( 'NONE', #742, #1118 ) ;
#299 = CARTESIAN_POINT ( 'NONE',  ( -24.38532288291936467, 5.192661441459628158, 18.82996936642351926 ) ) ;
#300 = AXIS2_PLACEMENT_3D ( 'NONE', #1326, #507, #414 ) ;
#301 = CYLINDRICAL_SURFACE ( 'NONE', #1277, 1.500000000000001332 ) ;
#302 = ORIENTED_EDGE ( 'NONE', *, *, #213, .T. ) ;
#303 = ORIENTED_EDGE ( 'NONE', *, *, #1158, .T. ) ;
#304 = EDGE_CURVE ( 'NONE', #488, #335, #1101, .T. ) ;
#305 = LINE ( 'NONE', #1363, #375 ) ;
#306 = VECTOR ( 'NONE', #481, 1000.000000000000000 ) ;
#307 = AXIS2_PLACEMENT_3D ( 'NONE', #1401, #356, #1058 ) ;
#308 = CARTESIAN_POINT ( 'NONE',  ( 24.71620629192750940, 6.716206291927741212, 1.637379152931370374 ) ) ;
#309 = ORIENTED_EDGE ( 'NONE', *, *, #477, .T. ) ;
#310 = CARTESIAN_POINT ( 'NONE',  ( 24.99999999999999645, 0.000000000000000000, 20.00000000000000000 ) ) ;
#311 = CYLINDRICAL_SURFACE ( 'NONE', #1261, 3.000000000000000000 ) ;
#312 = ORIENTED_EDGE ( 'NONE', *, *, #955, .F. ) ;
#313 = CARTESIAN_POINT ( 'NONE',  ( 22.92182008681873384, 5.843640173637368207, 19.39900051348191568 ) ) ;
#314 = ADVANCED_FACE ( 'NONE', ( #1206 ), #52, .T. ) ;
#315 = LINE ( 'NONE', #103, #1472 ) ;
#316 = CIRCLE ( 'NONE', #1085, 2.600000000000000089 ) ;
#317 = CARTESIAN_POINT ( 'NONE',  ( -22.59615796496367324, 4.596157964962430675, 0.03931079191993020611 ) ) ;
#318 = EDGE_LOOP ( 'NONE', ( #511, #513, #180, #426 ) ) ;
#319 = DIRECTION ( 'NONE',  ( 0.000000000000000000, 0.000000000000000000, 1.000000000000000000 ) ) ;
#320 = CARTESIAN_POINT ( 'NONE',  ( -9.999999999999998224, 14.99999999999999645, 3.000000000000000000 ) ) ;
#321 =( BOUNDED_SURFACE ( )  B_SPLINE_SURFACE ( 3, 2, ( 
 ( #521, #1421, #497 ),
 ( #66, #1081, #285 ),
 ( #852, #44, #861 ),
 ( #1198, #1319, #381 ),
 ( #1297, #291, #529 ),
 ( #272, #753, #1333 ),
 ( #728, #1188, #1090 ),
 ( #299, #869, #988 ),
 ( #1179, #744, #174 ),
 ( #764, #51, #735 ),
 ( #168, #1443, #161 ),
 ( #1452, #632, #975 ),
 ( #625, #1067, #618 ),
 ( #408, #192, #1213 ) ),
 .UNSPECIFIED., .F., .F., .T. ) 
 B_SPLINE_SURFACE_WITH_KNOTS ( ( 4, 2, 2, 2, 2, 2, 4 ),
 ( 3, 3 ),
 ( 3.141592653589793116, 3.337942194439155408, 3.534291735288517255, 3.730641276137879103, 3.926990816987241395, 4.319689898685965090, 4.712388980384689674 ),
 ( 0.000000000000000000, 1.000000000000000000 ),
 .UNSPECIFIED. ) 
 GEOMETRIC_REPRESENTATION_ITEM ( )  RATIONAL_B_SPLINE_SURFACE ( (
 ( 1.000000000000000000, 0.7071067811865466846, 1.000000000000000000),
 ( 1.000000000000000000, 0.7070717253461566987, 1.000000000000000000),
 ( 1.000000000000000000, 0.7117460065650828005, 1.000000000000000000),
 ( 1.000000000000000000, 0.7291288899782346622, 1.000000000000000000),
 ( 1.000000000000000000, 0.7418334233298915503, 1.000000000000000000),
 ( 1.000000000000000000, 0.7723968163673116116, 1.000000000000000000),
 ( 1.000000000000000000, 0.7902180133723851752, 1.000000000000000000),
 ( 1.000000000000000000, 0.8275942648709556648, 1.000000000000000000),
 ( 1.000000000000000000, 0.8471316638281034539, 1.000000000000000000),
 ( 1.000000000000000000, 0.9038128836971088820, 1.000000000000000000),
 ( 1.000000000000000000, 0.9386556535315780936, 1.000000000000000000),
 ( 1.000000000000000000, 0.9867291862307341344, 1.000000000000000000),
 ( 1.000000000000000000, 1.000158583040925420, 1.000000000000000000),
 ( 1.000000000000000000, 1.000000000000000000, 1.000000000000000000) ) ) 
 REPRESENTATION_ITEM ( '' )  SURFACE ( )  );
#322 = DIRECTION ( 'NONE',  ( 0.000000000000000000, 0.000000000000000000, 1.000000000000000000 ) ) ;
#323 = PRODUCT_CONTEXT ( 'NONE', #1276, 'mechanical' ) ;
#324 = AXIS2_PLACEMENT_3D ( 'NONE', #762, #210, #1010 ) ;
#325 = DIRECTION ( 'NONE',  ( 1.000000000000000000, 0.000000000000000000, -0.000000000000000000 ) ) ;
#326 = ORIENTED_EDGE ( 'NONE', *, *, #1170, .F. ) ;
#327 = EDGE_CURVE ( 'NONE', #189, #591, #1453, .T. ) ;
#328 = VECTOR ( 'NONE', #1295, 1000.000000000000000 ) ;
#329 = VECTOR ( 'NONE', #1029, 1000.000000000000000 ) ;
#330 = CARTESIAN_POINT ( 'NONE',  ( 23.19266144145982267, 6.385322882919264309, 1.170030633576337742 ) ) ;
#331 = CARTESIAN_POINT ( 'NONE',  ( 24.99999999999999645, 6.999999999999997335, 17.00000000000000000 ) ) ;
#332 = CARTESIAN_POINT ( 'NONE',  ( 0.000000000000000000, 14.99999999999999645, 2.999999999999999112 ) ) ;
#333 = CYLINDRICAL_SURFACE ( 'NONE', #865, 2.600000000000000089 ) ;
#334 = DIRECTION ( 'NONE',  ( 0.000000000000000000, -1.000000000000000000, 0.000000000000000000 ) ) ;
#335 = VERTEX_POINT ( 'NONE', #1343 ) ;
#336 = CARTESIAN_POINT ( 'NONE',  ( -21.99999999999999645, 3.999999999999992450, -4.336808689942017736E-16 ) ) ;
#337 = VERTEX_POINT ( 'NONE', #292 ) ;
#338 = EDGE_CURVE ( 'NONE', #1208, #678, #1308, .T. ) ;
#339 = DIRECTION ( 'NONE',  ( -0.000000000000000000, 0.000000000000000000, -1.000000000000000000 ) ) ;
#340 = FACE_OUTER_BOUND ( 'NONE', #482, .T. ) ;
#341 = CARTESIAN_POINT ( 'NONE',  ( 23.49033086681416194, 6.980661733628237720, 17.39269424031148858 ) ) ;
#342 = CARTESIAN_POINT ( 'NONE',  ( 22.00000000000000000, 3.999999999999997335, 0.000000000000000000 ) ) ;
#343 = EDGE_LOOP ( 'NONE', ( #724, #727, #571, #684 ) ) ;
#344 = DIRECTION ( 'NONE',  ( 0.000000000000000000, 0.000000000000000000, 1.000000000000000000 ) ) ;
#345 = VECTOR ( 'NONE', #1052, 1000.000000000000000 ) ;
#346 = ORIENTED_EDGE ( 'NONE', *, *, #987, .F. ) ;
#347 = CARTESIAN_POINT ( 'NONE',  ( 23.91758898611774953, 5.917588986118064831, 19.37236389986230378 ) ) ;
#348 = EDGE_CURVE ( 'NONE', #278, #899, #522, .T. ) ;
#349 = DIRECTION ( 'NONE',  ( 0.000000000000000000, 1.000000000000000000, 0.000000000000000000 ) ) ;
#350 = AXIS2_PLACEMENT_3D ( 'NONE', #30, #1405, #365 ) ;
#351 = FACE_OUTER_BOUND ( 'NONE', #1201, .T. ) ;
#352 = CARTESIAN_POINT ( 'NONE',  ( -18.00000000000000000, 0.000000000000000000, 12.59999999999999609 ) ) ;
#353 = ORIENTED_EDGE ( 'NONE', *, *, #1169, .T. ) ;
#354 = AXIS2_PLACEMENT_3D ( 'NONE', #812, #1255, #128 ) ;
#355 = CARTESIAN_POINT ( 'NONE',  ( 0.000000000000000000, 12.39999999999998614, 20.00000000000000000 ) ) ;
#356 = DIRECTION ( 'NONE',  ( -0.000000000000000000, 0.000000000000000000, 1.000000000000000000 ) ) ;
#357 = ORIENTED_EDGE ( 'NONE', *, *, #348, .T. ) ;
#358 = CARTESIAN_POINT ( 'NONE',  ( 9.999999999999998224, 3.999999999999997335, 20.00000000000000000 ) ) ;
#359 = DIRECTION ( 'NONE',  ( -1.000000000000000000, 0.000000000000000000, 0.000000000000000000 ) ) ;
#360 = ORIENTED_EDGE ( 'NONE', *, *, #1106, .F. ) ;
#361 = CARTESIAN_POINT ( 'NONE',  ( -9.999999999999998224, 0.000000000000000000, 0.000000000000000000 ) ) ;
#362 = EDGE_CURVE ( 'NONE', #380, #167, #423, .T. ) ;
#363 = DIRECTION ( 'NONE',  ( -1.000000000000000000, 5.782411586589358625E-16, 0.000000000000000000 ) ) ;
#364 = CARTESIAN_POINT ( 'NONE',  ( -1.399999999999999911, 11.00000000000000178, 20.00000000000000000 ) ) ;
#365 = DIRECTION ( 'NONE',  ( -5.782411586589356653E-16, 0.000000000000000000, 1.000000000000000000 ) ) ;
#366 = CARTESIAN_POINT ( 'NONE',  ( 18.00000000000000000, 6.999999999999997335, 9.999999999999991118 ) ) ;
#367 = ORIENTED_EDGE ( 'NONE', *, *, #338, .T. ) ;
#368 = VECTOR ( 'NONE', #389, 1000.000000000000000 ) ;
#369 = CARTESIAN_POINT ( 'NONE',  ( -1.399999999999999911, 11.00000000000000178, 20.00000000000000000 ) ) ;
#370 = CARTESIAN_POINT ( 'NONE',  ( 0.000000000000000000, 3.999999999999997335, 17.00000000000000000 ) ) ;
#371 = ORIENTED_EDGE ( 'NONE', *, *, #304, .F. ) ;
#372 = CARTESIAN_POINT ( 'NONE',  ( -22.00000000000000000, 3.999999999999997335, 0.000000000000000000 ) ) ;
#373 = LINE ( 'NONE', #146, #401 ) ;
#374 = ADVANCED_FACE ( 'NONE', ( #1189 ), #1320, .F. ) ;
#375 = VECTOR ( 'NONE', #1480, 1000.000000000000000 ) ;
#376 = DIRECTION ( 'NONE',  ( -1.000000000000000000, -9.130123557772674497E-17, 0.000000000000000000 ) ) ;
#377 = EDGE_CURVE ( 'NONE', #167, #880, #1120, .T. ) ;
#378 = ORIENTED_EDGE ( 'NONE', *, *, #617, .F. ) ;
#379 =( NAMED_UNIT ( * ) PLANE_ANGLE_UNIT ( ) SI_UNIT ( $, .RADIAN. ) );
#380 = VERTEX_POINT ( 'NONE', #409 ) ;
#381 = CARTESIAN_POINT ( 'NONE',  ( -23.45202497439554179, 6.904049948791098679, 17.77784769178548530 ) ) ;
#382 = PLANE ( 'NONE',  #952 ) ;
#383 = CARTESIAN_POINT ( 'NONE',  ( 23.49999999999999645, 6.999999999999997335, 17.00000000000000000 ) ) ;
#384 = VERTEX_POINT ( 'NONE', #870 ) ;
#385 = PRODUCT ( 'Pokrov novega dr\X2\017e\X0\ala', 'Pokrov novega dr\X2\017e\X0\ala', '', ( #323 ) ) ;
#386 = ORIENTED_EDGE ( 'NONE', *, *, #547, .F. ) ;
#387 = EDGE_CURVE ( 'NONE', #85, #1086, #1070, .T. ) ;
#388 = EDGE_LOOP ( 'NONE', ( #1205, #39, #257, #283 ) ) ;
#389 = DIRECTION ( 'NONE',  ( -0.000000000000000000, 1.000000000000000000, -0.000000000000000000 ) ) ;
#390 = DIRECTION ( 'NONE',  ( -0.000000000000000000, -1.000000000000000000, -0.000000000000000000 ) ) ;
#391 = LINE ( 'NONE', #1461, #1001 ) ;
#392 = VERTEX_POINT ( 'NONE', #1019 ) ;
#393 = VERTEX_POINT ( 'NONE', #907 ) ;
#394 = ADVANCED_FACE ( 'NONE', ( #435 ), #442, .T. ) ;
#395 = AXIS2_PLACEMENT_3D ( 'NONE', #1038, #930, #1252 ) ;
#396 = FILL_AREA_STYLE_COLOUR ( '', #473 ) ;
#397 = ORIENTED_EDGE ( 'NONE', *, *, #1451, .F. ) ;
#398 = DIRECTION ( 'NONE',  ( 9.130123557772670799E-17, -1.000000000000000000, -0.000000000000000000 ) ) ;
#399 = FACE_OUTER_BOUND ( 'NONE', #1154, .T. ) ;
#400 = CARTESIAN_POINT ( 'NONE',  ( -23.49033086681416194, 6.980661733628273247, 2.607305759688688163 ) ) ;
#401 = VECTOR ( 'NONE', #680, 1000.000000000000000 ) ;
#402 = CARTESIAN_POINT ( 'NONE',  ( -24.99999999999999645, 5.499999999999998224, 2.999999999999999112 ) ) ;
#403 = VECTOR ( 'NONE', #1031, 1000.000000000000000 ) ;
#404 =( GEOMETRIC_REPRESENTATION_CONTEXT ( 3 ) GLOBAL_UNCERTAINTY_ASSIGNED_CONTEXT ( ( #1310 ) ) GLOBAL_UNIT_ASSIGNED_CONTEXT ( ( #73, #379, #669 ) ) REPRESENTATION_CONTEXT ( 'NONE', 'WORKASPACE' ) );
#405 = CIRCLE ( 'NONE', #452, 2.999999999999999112 ) ;
#406 = DIRECTION ( 'NONE',  ( -0.000000000000000000, -0.000000000000000000, -1.000000000000000000 ) ) ;
#407 = ORIENTED_EDGE ( 'NONE', *, *, #148, .T. ) ;
#408 = CARTESIAN_POINT ( 'NONE',  ( -21.99999999999999289, 3.999999999999994671, 20.00000000000000355 ) ) ;
#409 = CARTESIAN_POINT ( 'NONE',  ( -23.49999999999999645, 6.999999999999997335, 2.999999999999999112 ) ) ;
#410 = LINE ( 'NONE', #1311, #1306 ) ;
#411 = ORIENTED_EDGE ( 'NONE', *, *, #1049, .T. ) ;
#412 = ORIENTED_EDGE ( 'NONE', *, *, #568, .F. ) ;
#413 = DIRECTION ( 'NONE',  ( -9.130123557772670799E-17, 1.000000000000000000, 0.000000000000000000 ) ) ;
#414 = DIRECTION ( 'NONE',  ( 0.000000000000000000, 0.000000000000000000, -1.000000000000000000 ) ) ;
#415 = CARTESIAN_POINT ( 'NONE',  ( 0.000000000000000000, 11.00000000000000178, 20.00000000000000000 ) ) ;
#416 = ADVANCED_FACE ( 'NONE', ( #1369 ), #902, .F. ) ;
#417 = CARTESIAN_POINT ( 'NONE',  ( -23.75735931288071257, 4.878679656440354506, -3.260736461206437972E-16 ) ) ;
#418 = ORIENTED_EDGE ( 'NONE', *, *, #1486, .T. ) ;
#419 = VERTEX_POINT ( 'NONE', #791 ) ;
#420 = CARTESIAN_POINT ( 'NONE',  ( 18.00000000000000000, 6.999999999999997335, 12.59999999999999076 ) ) ;
#421 = VECTOR ( 'NONE', #1194, 1000.000000000000000 ) ;
#422 = CARTESIAN_POINT ( 'NONE',  ( 9.999999999999998224, 0.000000000000000000, 17.00000000000000000 ) ) ;
#423 = LINE ( 'NONE', #1436, #1164 ) ;
#424 = ADVANCED_FACE ( 'NONE', ( #1113 ), #1358, .F. ) ;
#425 = DIRECTION ( 'NONE',  ( -0.000000000000000000, -1.000000000000000000, -0.000000000000000000 ) ) ;
#426 = ORIENTED_EDGE ( 'NONE', *, *, #725, .F. ) ;
#427 = EDGE_CURVE ( 'NONE', #631, #1095, #1097, .T. ) ;
#428 = CARTESIAN_POINT ( 'NONE',  ( -9.999999999999998224, 17.99999999999999645, 17.00000000000000000 ) ) ;
#429 = CIRCLE ( 'NONE', #1258, 2.999999999999999112 ) ;
#430 = FACE_OUTER_BOUND ( 'NONE', #388, .T. ) ;
#431 = CARTESIAN_POINT ( 'NONE',  ( 24.60349479089584435, 5.301747395448003886, 1.496547968305813381 ) ) ;
#432 = ORIENTED_EDGE ( 'NONE', *, *, #804, .F. ) ;
#433 = FACE_OUTER_BOUND ( 'NONE', #290, .T. ) ;
#434 = EDGE_CURVE ( 'NONE', #678, #268, #663, .T. ) ;
#435 = FACE_OUTER_BOUND ( 'NONE', #318, .T. ) ;
#436 = CARTESIAN_POINT ( 'NONE',  ( -24.47783427776862553, 6.477834277768760529, 1.220193407276384923 ) ) ;
#437 = ORIENTED_EDGE ( 'NONE', *, *, #221, .T. ) ;
#438 = CARTESIAN_POINT ( 'NONE',  ( 21.99999999999999645, 3.999999999999992450, 20.00000000000000355 ) ) ;
#439 = CARTESIAN_POINT ( 'NONE',  ( 0.000000000000000000, 17.99999999999999645, 2.999999999999999112 ) ) ;
#440 = EDGE_CURVE ( 'NONE', #393, #678, #405, .T. ) ;
#441 = DIRECTION ( 'NONE',  ( -0.000000000000000000, 1.000000000000000000, -0.000000000000000000 ) ) ;
#442 = CYLINDRICAL_SURFACE ( 'NONE', #23, 2.999999999999999112 ) ;
#443 = ORIENTED_EDGE ( 'NONE', *, *, #756, .T. ) ;
#444 = CARTESIAN_POINT ( 'NONE',  ( -23.42338915445731118, 6.846778308914477584, 2.033353013192622960 ) ) ;
#445 = CARTESIAN_POINT ( 'NONE',  ( 22.39276987338460145, 4.196384936691456069, 20.00000000000000355 ) ) ;
#446 = DIRECTION ( 'NONE',  ( 0.000000000000000000, 0.000000000000000000, -1.000000000000000000 ) ) ;
#447 = AXIS2_PLACEMENT_3D ( 'NONE', #947, #1292, #107 ) ;
#448 = ORIENTED_EDGE ( 'NONE', *, *, #1381, .T. ) ;
#449 = VECTOR ( 'NONE', #1162, 1000.000000000000000 ) ;
#450 = EDGE_CURVE ( 'NONE', #1246, #195, #97, .T. ) ;
#451 = CARTESIAN_POINT ( 'NONE',  ( -22.75542846330665370, 5.510856926613769247, 0.3786408289315744136 ) ) ;
#452 = AXIS2_PLACEMENT_3D ( 'NONE', #1481, #1243, #570 ) ;
#453 = VERTEX_POINT ( 'NONE', #1126 ) ;
#454 = CARTESIAN_POINT ( 'NONE',  ( 22.19638493669289048, 4.392769873384096968, 20.00000000000000355 ) ) ;
#455 = LINE ( 'NONE', #603, #96 ) ;
#456 = CARTESIAN_POINT ( 'NONE',  ( 23.50000000000000000, 6.999999999999997335, 17.00000000000000000 ) ) ;
#457 = DIRECTION ( 'NONE',  ( 0.000000000000000000, 0.000000000000000000, 1.000000000000000000 ) ) ;
#458 = DIRECTION ( 'NONE',  ( -0.000000000000000000, 0.000000000000000000, -1.000000000000000000 ) ) ;
#459 = ADVANCED_FACE ( 'NONE', ( #430 ), #311, .T. ) ;
#460 = LINE ( 'NONE', #795, #526 ) ;
#461 = CARTESIAN_POINT ( 'NONE',  ( 24.84677830891439143, 5.423389154457262329, 17.96664698680758576 ) ) ;
#462 = DIRECTION ( 'NONE',  ( 0.000000000000000000, -0.000000000000000000, 1.000000000000000000 ) ) ;
#463 = ORIENTED_EDGE ( 'NONE', *, *, #1034, .F. ) ;
#464 = AXIS2_PLACEMENT_3D ( 'NONE', #12, #467, #709 ) ;
#465 = CARTESIAN_POINT ( 'NONE',  ( -12.99999999999999822, 6.999999999999997335, 2.999999999999999112 ) ) ;
#466 = ORIENTED_EDGE ( 'NONE', *, *, #1294, .T. ) ;
#467 = DIRECTION ( 'NONE',  ( 0.000000000000000000, 0.000000000000000000, -1.000000000000000000 ) ) ;
#468 = EDGE_CURVE ( 'NONE', #880, #1448, #315, .T. ) ;
#469 = CARTESIAN_POINT ( 'NONE',  ( 24.34381960842449288, 6.343819608424536405, 18.95593486855245047 ) ) ;
#470 = DIRECTION ( 'NONE',  ( -0.000000000000000000, -1.000000000000000000, -0.000000000000000000 ) ) ;
#471 = ORIENTED_EDGE ( 'NONE', *, *, #909, .T. ) ;
#472 = CARTESIAN_POINT ( 'NONE',  ( -22.00000000000000000, 0.000000000000000000, 17.00000000000000000 ) ) ;
#473 = COLOUR_RGB ( '',0.7921568627450980005, 0.8196078431372548767, 0.9333333333333333481 ) ;
#474 = ORIENTED_EDGE ( 'NONE', *, *, #965, .T. ) ;
#475 = CYLINDRICAL_SURFACE ( 'NONE', #1391, 2.999999999999999112 ) ;
#476 = DIRECTION ( 'NONE',  ( -0.7071067811865436870, 0.7071067811865514585, 0.000000000000000000 ) ) ;
#477 = EDGE_CURVE ( 'NONE', #1349, #880, #1025, .T. ) ;
#478 = DIRECTION ( 'NONE',  ( 0.000000000000000000, 0.000000000000000000, -1.000000000000000000 ) ) ;
#479 = ORIENTED_EDGE ( 'NONE', *, *, #213, .F. ) ;
#480 = DIRECTION ( 'NONE',  ( 0.000000000000000000, 1.000000000000000000, -0.000000000000000000 ) ) ;
#481 = DIRECTION ( 'NONE',  ( -0.000000000000000000, 1.000000000000000000, -0.000000000000000000 ) ) ;
#482 = EDGE_LOOP ( 'NONE', ( #887, #1000, #220, #1388 ) ) ;
#483 = DIRECTION ( 'NONE',  ( 0.000000000000000000, 0.000000000000000000, -1.000000000000000000 ) ) ;
#484 = EDGE_LOOP ( 'NONE', ( #27, #1032 ) ) ;
#485 = PLANE ( 'NONE',  #48 ) ;
#486 = ADVANCED_FACE ( 'NONE', ( #211 ), #671, .T. ) ;
#487 = FACE_OUTER_BOUND ( 'NONE', #1129, .T. ) ;
#488 = VERTEX_POINT ( 'NONE', #1410 ) ;
#489 = CARTESIAN_POINT ( 'NONE',  ( 24.99999999999999645, 0.000000000000000000, 2.999999999999999112 ) ) ;
#490 = CYLINDRICAL_SURFACE ( 'NONE', #1187, 3.000000000000000000 ) ;
#491 = PLANE ( 'NONE',  #740 ) ;
#492 = ORIENTED_EDGE ( 'NONE', *, *, #377, .F. ) ;
#493 = ORIENTED_EDGE ( 'NONE', *, *, #925, .T. ) ;
#494 = VECTOR ( 'NONE', #730, 1000.000000000000000 ) ;
#495 = FACE_OUTER_BOUND ( 'NONE', #105, .T. ) ;
#496 = VERTEX_POINT ( 'NONE', #1287 ) ;
#497 = CARTESIAN_POINT ( 'NONE',  ( -23.50000000000000000, 6.999999999999997335, 17.00000000000000000 ) ) ;
#498 = CARTESIAN_POINT ( 'NONE',  ( 1.399999999999999911, 11.00000000000000178, 20.00000000000000000 ) ) ;
#499 = ADVANCED_FACE ( 'NONE', ( #831 ), #824, .T. ) ;
#500 = FACE_OUTER_BOUND ( 'NONE', #237, .T. ) ;
#501 = ORIENTED_EDGE ( 'NONE', *, *, #868, .F. ) ;
#502 = ORIENTED_EDGE ( 'NONE', *, *, #1076, .T. ) ;
#503 = PRESENTATION_LAYER_ASSIGNMENT (  '', '', ( #648 ) ) ;
#504 = AXIS2_PLACEMENT_3D ( 'NONE', #245, #817, #462 ) ;
#505 = SURFACE_SIDE_STYLE ('',( #751 ) ) ;
#506 = ORIENTED_EDGE ( 'NONE', *, *, #148, .F. ) ;
#507 = DIRECTION ( 'NONE',  ( 0.000000000000000000, 1.000000000000000000, -0.000000000000000000 ) ) ;
#508 = EDGE_CURVE ( 'NONE', #581, #488, #1136, .T. ) ;
#509 = FACE_OUTER_BOUND ( 'NONE', #585, .T. ) ;
#510 = ORIENTED_EDGE ( 'NONE', *, *, #547, .T. ) ;
#511 = ORIENTED_EDGE ( 'NONE', *, *, #664, .T. ) ;
#512 = DIRECTION ( 'NONE',  ( -1.000000000000000000, 0.000000000000000000, 0.000000000000000000 ) ) ;
#513 = ORIENTED_EDGE ( 'NONE', *, *, #338, .F. ) ;
#514 = CARTESIAN_POINT ( 'NONE',  ( -9.999999999999998224, 14.99999999999999645, 0.000000000000000000 ) ) ;
#515 = CARTESIAN_POINT ( 'NONE',  ( 24.99999999999999645, 0.000000000000000000, 20.00000000000000000 ) ) ;
#516 = CARTESIAN_POINT ( 'NONE',  ( -24.99999999966424724, 6.999999999664412442, 2.705100675494370055 ) ) ;
#517 = ORIENTED_EDGE ( 'NONE', *, *, #868, .T. ) ;
#518 = VECTOR ( 'NONE', #139, 1000.000000000000000 ) ;
#519 = CARTESIAN_POINT ( 'NONE',  ( -9.999999999999998224, 14.99999999999999645, 17.00000000000000000 ) ) ;
#520 = ORIENTED_EDGE ( 'NONE', *, *, #901, .F. ) ;
#521 = CARTESIAN_POINT ( 'NONE',  ( -25.00000000000000000, 5.499999999999997335, 17.00000000000000000 ) ) ;
#522 = LINE ( 'NONE', #976, #738 ) ;
#523 = CARTESIAN_POINT ( 'NONE',  ( 9.999999999999998224, 3.999999999999997335, 0.000000000000000000 ) ) ;
#524 = DIRECTION ( 'NONE',  ( 0.000000000000000000, 1.000000000000000000, 0.000000000000000000 ) ) ;
#525 = VECTOR ( 'NONE', #973, 1000.000000000000000 ) ;
#526 = VECTOR ( 'NONE', #1242, 1000.000000000000000 ) ;
#527 = ADVANCED_FACE ( 'NONE', ( #351 ), #937, .T. ) ;
#528 = LINE ( 'NONE', #1419, #769 ) ;
#529 = CARTESIAN_POINT ( 'NONE',  ( -23.42338915445715486, 6.846778308914436728, 17.96664698680747208 ) ) ;
#530 = DIRECTION ( 'NONE',  ( -9.130123557772670799E-17, 1.000000000000000000, 0.000000000000000000 ) ) ;
#531 = LINE ( 'NONE', #653, #1483 ) ;
#532 = ORIENTED_EDGE ( 'NONE', *, *, #468, .F. ) ;
#533 = LINE ( 'NONE', #774, #93 ) ;
#534 = CARTESIAN_POINT ( 'NONE',  ( 23.49999999999999645, 6.999999999999997335, 17.00000000000000000 ) ) ;
#535 =( BOUNDED_SURFACE ( )  B_SPLINE_SURFACE ( 3, 2, ( 
 ( #456, #813, #934 ),
 ( #835, #1376, #240 ),
 ( #341, #1266, #805 ),
 ( #702, #124, #1259 ),
 ( #575, #1030, #461 ),
 ( #1147, #129, #583 ),
 ( #14, #469, #1152 ),
 ( #614, #95, #549 ),
 ( #1367, #347, #1479 ),
 ( #313, #215, #230 ),
 ( #112, #661, #7 ),
 ( #1021, #780, #1009 ),
 ( #454, #1137, #445 ),
 ( #438, #1247, #1374 ) ),
 .UNSPECIFIED., .F., .F., .T. ) 
 B_SPLINE_SURFACE_WITH_KNOTS ( ( 4, 2, 2, 2, 2, 2, 4 ),
 ( 3, 3 ),
 ( 6.283185307179586232, 6.479534848028948524, 6.675884388878310816, 6.872233929727672219, 7.068583470577034511, 7.461282552275758206, 7.853981633974482790 ),
 ( 0.000000000000000000, 1.000000000000000000 ),
 .UNSPECIFIED. ) 
 GEOMETRIC_REPRESENTATION_ITEM ( )  RATIONAL_B_SPLINE_SURFACE ( (
 ( 1.000000000000000000, 0.7071067811865466846, 1.000000000000000000),
 ( 1.000000000000000000, 0.7070717253461527019, 1.000000000000000000),
 ( 1.000000000000000000, 0.7117460065650883516, 1.000000000000000000),
 ( 1.000000000000000000, 0.7291288899782298882, 1.000000000000000000),
 ( 1.000000000000000000, 0.7418334233299431757, 1.000000000000000000),
 ( 1.000000000000000000, 0.7723968163672598752, 1.000000000000000000),
 ( 1.000000000000000000, 0.7902180133723915034, 1.000000000000000000),
 ( 1.000000000000000000, 0.8275942648709494476, 1.000000000000000000),
 ( 1.000000000000000000, 0.8471316638280824707, 1.000000000000000000),
 ( 1.000000000000000000, 0.9038128836971479618, 1.000000000000000000),
 ( 1.000000000000000000, 0.9386556535315930816, 1.000000000000000000),
 ( 1.000000000000000000, 0.9867291862307194794, 1.000000000000000000),
 ( 1.000000000000000000, 1.000158583040936078, 1.000000000000000000),
 ( 1.000000000000000000, 1.000000000000000000, 1.000000000000000000) ) ) 
 REPRESENTATION_ITEM ( '' )  SURFACE ( )  );
#536 = ADVANCED_FACE ( 'NONE', ( #590 ), #584, .T. ) ;
#537 = DIRECTION ( 'NONE',  ( 0.000000000000000000, 0.000000000000000000, -1.000000000000000000 ) ) ;
#538 = DIRECTION ( 'NONE',  ( -0.000000000000000000, 1.000000000000000000, -0.000000000000000000 ) ) ;
#539 = ADVANCED_FACE ( 'NONE', ( #1267, #487 ), #807, .F. ) ;
#540 = CARTESIAN_POINT ( 'NONE',  ( 0.000000000000000000, 12.39999999999998614, 20.00000000000000000 ) ) ;
#541 = ORIENTED_EDGE ( 'NONE', *, *, #1356, .T. ) ;
#542 = CARTESIAN_POINT ( 'NONE',  ( 1.399999999999999911, 11.00000000000000178, 20.00000000000000000 ) ) ;
#543 =( BOUNDED_CURVE ( )  B_SPLINE_CURVE ( 3, ( #630, #726, #623, #1433 ),
 .UNSPECIFIED., .F., .T. ) 
 B_SPLINE_CURVE_WITH_KNOTS ( ( 4, 4 ),
 ( 4.712388980384689674, 6.283185307179586232 ),
 .UNSPECIFIED. ) 
 CURVE ( )  GEOMETRIC_REPRESENTATION_ITEM ( )  RATIONAL_B_SPLINE_CURVE ( ( 1.000000000000000000, 0.8047378541243649375, 0.8047378541243649375, 1.000000000000000000 ) ) 
 REPRESENTATION_ITEM ( '' )  );
#544 = CIRCLE ( 'NONE', #1383, 2.999999999999999112 ) ;
#545 = DIRECTION ( 'NONE',  ( -0.000000000000000000, -1.000000000000000000, -0.000000000000000000 ) ) ;
#546 = CARTESIAN_POINT ( 'NONE',  ( -24.60349479089601132, 5.301747395448002997, 1.496547968306058740 ) ) ;
#547 = EDGE_CURVE ( 'NONE', #636, #393, #26, .T. ) ;
#548 = EDGE_LOOP ( 'NONE', ( #1304, #1065, #218, #908 ) ) ;
#549 = CARTESIAN_POINT ( 'NONE',  ( 24.38532288291924388, 5.192661441459627270, 18.82996936642370045 ) ) ;
#550 = DIRECTION ( 'NONE',  ( 1.000000000000000000, 9.130123557772669567E-17, -0.000000000000000000 ) ) ;
#551 = DIRECTION ( 'NONE',  ( 0.000000000000000000, 0.000000000000000000, 1.000000000000000000 ) ) ;
#552 = VECTOR ( 'NONE', #1175, 1000.000000000000000 ) ;
#553 = VECTOR ( 'NONE', #995, 1000.000000000000000 ) ;
#554 = DIRECTION ( 'NONE',  ( 0.000000000000000000, 0.000000000000000000, 1.000000000000000000 ) ) ;
#555 = CARTESIAN_POINT ( 'NONE',  ( 9.999999999999998224, 14.99999999999999645, 20.00000000000000000 ) ) ;
#556 = EDGE_LOOP ( 'NONE', ( #357, #1262, #752, #280 ) ) ;
#557 = EDGE_CURVE ( 'NONE', #1086, #1325, #15, .T. ) ;
#558 = FACE_OUTER_BOUND ( 'NONE', #1026, .T. ) ;
#559 = FACE_OUTER_BOUND ( 'NONE', #1096, .T. ) ;
#560 = DIRECTION ( 'NONE',  ( 1.000000000000000000, 0.000000000000000000, 0.000000000000000000 ) ) ;
#561 = CARTESIAN_POINT ( 'NONE',  ( 24.47783427776890974, 6.477834277768680593, 1.220193407276518371 ) ) ;
#562 = LINE ( 'NONE', #364, #737 ) ;
#563 = CARTESIAN_POINT ( 'NONE',  ( 24.99999999966424369, 6.999999999664413330, 2.705100675494330531 ) ) ;
#564 = ORIENTED_EDGE ( 'NONE', *, *, #508, .F. ) ;
#565 = CARTESIAN_POINT ( 'NONE',  ( 12.99999999999999822, 14.99999999999999645, 20.00000000000000000 ) ) ;
#566 = DIRECTION ( 'NONE',  ( -0.7071067811865513475, -0.7071067811865435759, 0.000000000000000000 ) ) ;
#567 = AXIS2_PLACEMENT_3D ( 'NONE', #1119, #197, #656 ) ;
#568 = EDGE_CURVE ( 'NONE', #167, #1397, #1078, .T. ) ;
#569 = CIRCLE ( 'NONE', #1215, 2.600000000000000089 ) ;
#570 = DIRECTION ( 'NONE',  ( 0.000000000000000000, 0.000000000000000000, 1.000000000000000000 ) ) ;
#571 = ORIENTED_EDGE ( 'NONE', *, *, #72, .T. ) ;
#572 = CIRCLE ( 'NONE', #1286, 2.600000000000000089 ) ;
#573 = CARTESIAN_POINT ( 'NONE',  ( -22.29450543490779424, 4.294505434906474406, 9.256843245429654686E-05 ) ) ;
#574 = LINE ( 'NONE', #1015, #982 ) ;
#575 = CARTESIAN_POINT ( 'NONE',  ( 23.42338915445731118, 6.846778308914390543, 17.96664698680758576 ) ) ;
#576 = SHAPE_DEFINITION_REPRESENTATION ( #91, #288 ) ;
#577 = DIRECTION ( 'NONE',  ( 0.000000000000000000, -1.000000000000000000, 0.000000000000000000 ) ) ;
#578 = ORIENTED_EDGE ( 'NONE', *, *, #1454, .T. ) ;
#579 =( BOUNDED_CURVE ( )  B_SPLINE_CURVE ( 3, ( #116, #24, #1140, #1392 ),
 .UNSPECIFIED., .F., .T. ) 
 B_SPLINE_CURVE_WITH_KNOTS ( ( 4, 4 ),
 ( 4.712388980384689674, 6.283185307179586232 ),
 .UNSPECIFIED. ) 
 CURVE ( )  GEOMETRIC_REPRESENTATION_ITEM ( )  RATIONAL_B_SPLINE_CURVE ( ( 1.000000000000000000, 0.8047378541243649375, 0.8047378541243649375, 1.000000000000000000 ) ) 
 REPRESENTATION_ITEM ( '' )  );
#580 = LINE ( 'NONE', #826, #345 ) ;
#581 = VERTEX_POINT ( 'NONE', #342 ) ;
#582 = DIRECTION ( 'NONE',  ( 0.000000000000000000, 1.000000000000000000, -0.000000000000000000 ) ) ;
#583 = CARTESIAN_POINT ( 'NONE',  ( 24.69649888615333211, 5.348249443076594112, 18.32945360738294127 ) ) ;
#584 = PLANE ( 'NONE',  #307 ) ;
#585 = EDGE_LOOP ( 'NONE', ( #1144, #1463, #501, #371 ) ) ;
#586 = CARTESIAN_POINT ( 'NONE',  ( 12.99999999999999822, 6.999999999999997335, 2.999999999999999112 ) ) ;
#587 = VECTOR ( 'NONE', #874, 1000.000000000000000 ) ;
#588 = EDGE_CURVE ( 'NONE', #195, #1402, #1278, .T. ) ;
#589 = DIRECTION ( 'NONE',  ( 0.000000000000000000, 0.000000000000000000, -1.000000000000000000 ) ) ;
#590 = FACE_OUTER_BOUND ( 'NONE', #1037, .T. ) ;
#591 = VERTEX_POINT ( 'NONE', #1153 ) ;
#592 = CIRCLE ( 'NONE', #1345, 3.000000000000000000 ) ;
#593 = CARTESIAN_POINT ( 'NONE',  ( -12.99999999999999822, 6.999999999999997335, 17.00000000000000000 ) ) ;
#594 = LINE ( 'NONE', #1045, #306 ) ;
#595 = ORIENTED_EDGE ( 'NONE', *, *, #1340, .F. ) ;
#596 = CIRCLE ( 'NONE', #238, 2.600000000000000089 ) ;
#597 = CARTESIAN_POINT ( 'NONE',  ( 22.00000000000000000, -2.739037067331800130E-16, 0.000000000000000000 ) ) ;
#598 = EDGE_CURVE ( 'NONE', #980, #1253, #135, .T. ) ;
#599 = DIRECTION ( 'NONE',  ( 1.000000000000000000, 0.000000000000000000, -0.000000000000000000 ) ) ;
#600 = DIRECTION ( 'NONE',  ( 1.000000000000000000, 0.000000000000000000, 0.000000000000000000 ) ) ;
#601 = ORIENTED_EDGE ( 'NONE', *, *, #206, .T. ) ;
#602 = CARTESIAN_POINT ( 'NONE',  ( -24.99999999999999645, 0.000000000000000000, 17.00000000000000000 ) ) ;
#603 = CARTESIAN_POINT ( 'NONE',  ( 0.000000000000000000, 3.999999999999997335, 0.000000000000000000 ) ) ;
#604 = DIRECTION ( 'NONE',  ( 1.000000000000000000, 0.000000000000000000, 0.000000000000000000 ) ) ;
#605 = ORIENTED_EDGE ( 'NONE', *, *, #945, .T. ) ;
#606 = ORIENTED_EDGE ( 'NONE', *, *, #191, .T. ) ;
#607 = ADVANCED_FACE ( 'NONE', ( #495 ), #1050, .F. ) ;
#608 = ORIENTED_EDGE ( 'NONE', *, *, #108, .T. ) ;
#609 = CARTESIAN_POINT ( 'NONE',  ( -1.399999999999999911, 11.00000000000000178, 0.000000000000000000 ) ) ;
#610 = CARTESIAN_POINT ( 'NONE',  ( -23.49999999999999645, 6.999999999999997335, 17.00000000000000000 ) ) ;
#611 = CYLINDRICAL_SURFACE ( 'NONE', #464, 1.500000000000001332 ) ;
#612 = AXIS2_PLACEMENT_3D ( 'NONE', #1156, #1173, #837 ) ;
#613 = ORIENTED_EDGE ( 'NONE', *, *, #434, .T. ) ;
#614 = CARTESIAN_POINT ( 'NONE',  ( 23.19266144145963082, 6.385322882919241216, 18.82996936642370045 ) ) ;
#615 = LINE ( 'NONE', #986, #1366 ) ;
#616 = VERTEX_POINT ( 'NONE', #263 ) ;
#617 = EDGE_CURVE ( 'NONE', #1386, #384, #1142, .T. ) ;
#618 = CARTESIAN_POINT ( 'NONE',  ( -22.19638493669292245, 4.392769873384158252, 20.00000000000000355 ) ) ;
#619 = CARTESIAN_POINT ( 'NONE',  ( -18.00000000000000000, 6.999999999999997335, 9.999999999999996447 ) ) ;
#620 = CARTESIAN_POINT ( 'NONE',  ( 22.00000000000000000, 0.000000000000000000, 0.000000000000000000 ) ) ;
#621 = AXIS2_PLACEMENT_3D ( 'NONE', #515, #530, #1214 ) ;
#622 = ORIENTED_EDGE ( 'NONE', *, *, #985, .T. ) ;
#623 = CARTESIAN_POINT ( 'NONE',  ( 12.99999999999999822, 6.999999999999997335, 18.75735931288071612 ) ) ;
#624 = ORIENTED_EDGE ( 'NONE', *, *, #1056, .T. ) ;
#625 = CARTESIAN_POINT ( 'NONE',  ( -22.39276987338460145, 4.196384936691456069, 20.00000000000000355 ) ) ;
#626 = CARTESIAN_POINT ( 'NONE',  ( -9.999999999999998224, 3.999999999999997335, 20.00000000000000000 ) ) ;
#627 = PRODUCT_RELATED_PRODUCT_CATEGORY ( 'part', '', ( #385 ) ) ;
#628 = DIRECTION ( 'NONE',  ( -0.000000000000000000, -1.000000000000000000, -0.000000000000000000 ) ) ;
#629 = ORIENTED_EDGE ( 'NONE', *, *, #450, .T. ) ;
#630 = CARTESIAN_POINT ( 'NONE',  ( 9.999999999999998224, 3.999999999999997335, 20.00000000000000000 ) ) ;
#631 = VERTEX_POINT ( 'NONE', #1079 ) ;
#632 = CARTESIAN_POINT ( 'NONE',  ( -22.59615796496368745, 4.596157964962322318, 19.96068920808090397 ) ) ;
#633 = LINE ( 'NONE', #59, #1257 ) ;
#634 = DIRECTION ( 'NONE',  ( -1.000000000000000000, 0.000000000000000000, 0.000000000000000000 ) ) ;
#635 = ORIENTED_EDGE ( 'NONE', *, *, #259, .T. ) ;
#636 = VERTEX_POINT ( 'NONE', #845 ) ;
#637 = EDGE_CURVE ( 'NONE', #1163, #47, #875, .T. ) ;
#638 = AXIS2_PLACEMENT_3D ( 'NONE', #38, #1415, #376 ) ;
#639 = AXIS2_PLACEMENT_3D ( 'NONE', #1435, #398, #847 ) ;
#640 = DIRECTION ( 'NONE',  ( 0.000000000000000000, 0.000000000000000000, 1.000000000000000000 ) ) ;
#641 = FACE_OUTER_BOUND ( 'NONE', #1193, .T. ) ;
#642 = CARTESIAN_POINT ( 'NONE',  ( 24.99999999999999645, 0.000000000000000000, 17.00000000000000000 ) ) ;
#643 = EDGE_LOOP ( 'NONE', ( #872, #1316, #360 ) ) ;
#644 = ORIENTED_EDGE ( 'NONE', *, *, #1176, .F. ) ;
#645 = VECTOR ( 'NONE', #1375, 1000.000000000000000 ) ;
#646 = DIRECTION ( 'NONE',  ( -1.000000000000000000, 0.000000000000000000, 0.000000000000000000 ) ) ;
#647 = EDGE_CURVE ( 'NONE', #931, #1427, #572, .T. ) ;
#648 = STYLED_ITEM ( 'NONE', ( #282 ), #759 ) ;
#649 = AXIS2_PLACEMENT_3D ( 'NONE', #718, #599, #914 ) ;
#650 = AXIS2_PLACEMENT_3D ( 'NONE', #745, #1199, #175 ) ;
#651 = FACE_OUTER_BOUND ( 'NONE', #1411, .T. ) ;
#652 = CARTESIAN_POINT ( 'NONE',  ( 12.99999999999999822, 6.999999999999997335, 20.00000000000000000 ) ) ;
#653 = CARTESIAN_POINT ( 'NONE',  ( 5.999999999999998224, 10.99999999999999822, 20.00000000000000000 ) ) ;
#654 = ORIENTED_EDGE ( 'NONE', *, *, #440, .F. ) ;
#655 = LINE ( 'NONE', #296, #421 ) ;
#656 = DIRECTION ( 'NONE',  ( -1.000000000000000000, -9.130123557772670799E-17, 0.000000000000000000 ) ) ;
#657 = EDGE_CURVE ( 'NONE', #1456, #1386, #528, .T. ) ;
#658 = CARTESIAN_POINT ( 'NONE',  ( -22.00000000000000000, 0.000000000000000000, 2.999999999999999112 ) ) ;
#659 = CARTESIAN_POINT ( 'NONE',  ( 23.30174739544781204, 6.603494790896004218, 1.496547968306052301 ) ) ;
#660 = VERTEX_POINT ( 'NONE', #1441 ) ;
#661 = CARTESIAN_POINT ( 'NONE',  ( 23.18599766706825704, 5.185997667069560002, 19.79749656056139884 ) ) ;
#662 = CARTESIAN_POINT ( 'NONE',  ( -5.999999999999998224, 11.00000000000000000, 0.000000000000000000 ) ) ;
#663 = LINE ( 'NONE', #1469, #840 ) ;
#664 = EDGE_CURVE ( 'NONE', #16, #678, #1161, .T. ) ;
#665 = CARTESIAN_POINT ( 'NONE',  ( -24.90404994879110490, 5.452024974395571100, 2.222152308214536909 ) ) ;
#666 = ORIENTED_EDGE ( 'NONE', *, *, #987, .T. ) ;
#667 = PLANE ( 'NONE',  #141 ) ;
#668 = VECTOR ( 'NONE', #550, 1000.000000000000000 ) ;
#669 =( NAMED_UNIT ( * ) SI_UNIT ( $, .STERADIAN. ) SOLID_ANGLE_UNIT ( ) );
#670 = AXIS2_PLACEMENT_3D ( 'NONE', #1476, #1222, #322 ) ;
#671 = CYLINDRICAL_SURFACE ( 'NONE', #820, 2.999999999999999112 ) ;
#672 = CARTESIAN_POINT ( 'NONE',  ( 23.49999999999250733, 6.999999999999997335, 2.803648242122194212 ) ) ;
#673 = ORIENTED_EDGE ( 'NONE', *, *, #259, .F. ) ;
#674 = CARTESIAN_POINT ( 'NONE',  ( -24.99999999999999645, 5.499999999999998224, 17.00000000000000000 ) ) ;
#675 = LINE ( 'NONE', #71, #816 ) ;
#676 = CARTESIAN_POINT ( 'NONE',  ( 0.000000000000000000, 3.999999999999997335, 0.000000000000000000 ) ) ;
#677 = CARTESIAN_POINT ( 'NONE',  ( 23.48691459843335139, 5.486914598433345169, 0.3329640870425327748 ) ) ;
#678 = VERTEX_POINT ( 'NONE', #850 ) ;
#679 = CARTESIAN_POINT ( 'NONE',  ( 23.49999999999999645, 6.999999999999997335, 20.00000000000000000 ) ) ;
#680 = DIRECTION ( 'NONE',  ( -0.000000000000000000, 1.000000000000000000, -0.000000000000000000 ) ) ;
#681 = EDGE_CURVE ( 'NONE', #1397, #453, #1332, .T. ) ;
#682 = VECTOR ( 'NONE', #628, 1000.000000000000000 ) ;
#683 = DIRECTION ( 'NONE',  ( 0.000000000000000000, 0.000000000000000000, -1.000000000000000000 ) ) ;
#684 = ORIENTED_EDGE ( 'NONE', *, *, #1269, .T. ) ;
#685 = CARTESIAN_POINT ( 'NONE',  ( 23.13008021426036365, 6.260160428520770814, 1.017519741401487599 ) ) ;
#686 = DIRECTION ( 'NONE',  ( 1.000000000000000000, 0.000000000000000000, -0.000000000000000000 ) ) ;
#687 = EDGE_CURVE ( 'NONE', #392, #1163, #763, .T. ) ;
#688 = PLANE ( 'NONE',  #649 ) ;
#689 = EDGE_CURVE ( 'NONE', #1448, #631, #615, .T. ) ;
#690 = CARTESIAN_POINT ( 'NONE',  ( 25.00000000000000000, 5.499999999999998224, 1.242640687119284104 ) ) ;
#691 = ORIENTED_EDGE ( 'NONE', *, *, #1069, .F. ) ;
#692 = AXIS2_PLACEMENT_3D ( 'NONE', #1384, #349, #822 ) ;
#693 = LINE ( 'NONE', #145, #921 ) ;
#694 = ORIENTED_EDGE ( 'NONE', *, *, #140, .F. ) ;
#695 = CARTESIAN_POINT ( 'NONE',  ( 0.000000000000000000, 3.999999999999997335, 17.00000000000000000 ) ) ;
#696 = CARTESIAN_POINT ( 'NONE',  ( 22.00000000000000000, 0.000000000000000000, 17.00000000000000000 ) ) ;
#697 = ORIENTED_EDGE ( 'NONE', *, *, #269, .T. ) ;
#698 = EDGE_CURVE ( 'NONE', #938, #94, #960, .T. ) ;
#699 = CARTESIAN_POINT ( 'NONE',  ( 22.19638493669284429, 4.392769873384001933, -1.115027989009170452E-15 ) ) ;
#700 = ORIENTED_EDGE ( 'NONE', *, *, #1232, .F. ) ;
#701 = CARTESIAN_POINT ( 'NONE',  ( 9.999999999999998224, 14.99999999999999645, 17.00000000000000000 ) ) ;
#702 = CARTESIAN_POINT ( 'NONE',  ( 23.45202497439552758, 6.904049948791139535, 17.77784769178528634 ) ) ;
#703 = ORIENTED_EDGE ( 'NONE', *, *, #1123, .T. ) ;
#704 = VECTOR ( 'NONE', #1035, 1000.000000000000000 ) ;
#705 = CARTESIAN_POINT ( 'NONE',  ( 22.75542846330665725, 5.510856926613769247, 0.3786408289315744136 ) ) ;
#706 = DIRECTION ( 'NONE',  ( 0.7071067811865513475, 0.7071067811865435759, 0.000000000000000000 ) ) ;
#707 = ADVANCED_FACE ( 'NONE', ( #1099 ), #1184, .F. ) ;
#708 = EDGE_LOOP ( 'NONE', ( #1370, #303, #1300, #261 ) ) ;
#709 = DIRECTION ( 'NONE',  ( -1.000000000000000000, 0.000000000000000000, 0.000000000000000000 ) ) ;
#710 = CARTESIAN_POINT ( 'NONE',  ( -12.99999999999999822, 17.99999999999999645, 17.00000000000000000 ) ) ;
#711 = ORIENTED_EDGE ( 'NONE', *, *, #1115, .F. ) ;
#712 = CARTESIAN_POINT ( 'NONE',  ( 23.51085692661336068, 4.755428463306885511, 0.3786408289314028841 ) ) ;
#713 = LINE ( 'NONE', #565, #1365 ) ;
#714 = FACE_OUTER_BOUND ( 'NONE', #758, .T. ) ;
#715 = DIRECTION ( 'NONE',  ( 0.000000000000000000, 0.000000000000000000, -1.000000000000000000 ) ) ;
#716 = VERTEX_POINT ( 'NONE', #64 ) ;
#717 = EDGE_CURVE ( 'NONE', #496, #384, #1303, .T. ) ;
#718 = CARTESIAN_POINT ( 'NONE',  ( -12.99999999999999822, 17.99999999999999645, 20.00000000000000000 ) ) ;
#719 = CARTESIAN_POINT ( 'NONE',  ( 24.99999999999999645, 5.499999999999998224, 2.999999999999999112 ) ) ;
#720 = ORIENTED_EDGE ( 'NONE', *, *, #232, .F. ) ;
#721 = CARTESIAN_POINT ( 'NONE',  ( 0.000000000000000000, 11.00000000000000178, 20.00000000000000000 ) ) ;
#722 = DIRECTION ( 'NONE',  ( 0.000000000000000000, 1.000000000000000000, 0.000000000000000000 ) ) ;
#723 = LINE ( 'NONE', #1047, #1109 ) ;
#724 = ORIENTED_EDGE ( 'NONE', *, *, #725, .T. ) ;
#725 = EDGE_CURVE ( 'NONE', #16, #62, #80, .T. ) ;
#726 = CARTESIAN_POINT ( 'NONE',  ( 11.75735931288071434, 5.757359312880710789, 20.00000000000000000 ) ) ;
#727 = ORIENTED_EDGE ( 'NONE', *, *, #81, .T. ) ;
#728 = CARTESIAN_POINT ( 'NONE',  ( -24.60349479089590830, 5.301747395448003886, 18.50345203169409558 ) ) ;
#729 = DIRECTION ( 'NONE',  ( 0.7071067811865513475, -0.7071067811865435759, 0.000000000000000000 ) ) ;
#730 = DIRECTION ( 'NONE',  ( -1.000000000000000000, 0.000000000000000000, 0.000000000000000000 ) ) ;
#731 = VECTOR ( 'NONE', #1149, 1000.000000000000000 ) ;
#732 = ORIENTED_EDGE ( 'NONE', *, *, #250, .T. ) ;
#733 = DIRECTION ( 'NONE',  ( 0.7071067811865513475, -0.7071067811865435759, 0.000000000000000000 ) ) ;
#734 = ORIENTED_EDGE ( 'NONE', *, *, #901, .T. ) ;
#735 = CARTESIAN_POINT ( 'NONE',  ( -22.92182008681873029, 5.843640173637465018, 19.39900051348181620 ) ) ;
#736 = CARTESIAN_POINT ( 'NONE',  ( -18.00000000000000000, -13.00000000000000355, 7.399999999999996803 ) ) ;
#737 = VECTOR ( 'NONE', #706, 1000.000000000000114 ) ;
#738 = VECTOR ( 'NONE', #729, 1000.000000000000114 ) ;
#739 = ORIENTED_EDGE ( 'NONE', *, *, #1060, .F. ) ;
#740 = AXIS2_PLACEMENT_3D ( 'NONE', #20, #933, #31 ) ;
#741 = CARTESIAN_POINT ( 'NONE',  ( -12.99999999999999822, 6.999999999999997335, 20.00000000000000000 ) ) ;
#742 = CARTESIAN_POINT ( 'NONE',  ( -24.99999999999999645, 3.999999999999997335, 20.00000000000000000 ) ) ;
#743 = ORIENTED_EDGE ( 'NONE', *, *, #1282, .T. ) ;
#744 = CARTESIAN_POINT ( 'NONE',  ( -23.91758898611795559, 5.917588986117893413, 19.37236389986253116 ) ) ;
#745 = CARTESIAN_POINT ( 'NONE',  ( -23.49999999999999645, 5.499999999999998224, 17.00000000000000000 ) ) ;
#746 = EDGE_CURVE ( 'NONE', #268, #1397, #298, .T. ) ;
#747 = CARTESIAN_POINT ( 'NONE',  ( -24.96109128129350907, 6.961091281293329658, 2.415027953145138628 ) ) ;
#748 = ORIENTED_EDGE ( 'NONE', *, *, #637, .F. ) ;
#749 = ORIENTED_EDGE ( 'NONE', *, *, #115, .T. ) ;
#750 = CYLINDRICAL_SURFACE ( 'NONE', #229, 3.000000000000000000 ) ;
#751 = SURFACE_STYLE_FILL_AREA ( #289 ) ;
#752 = ORIENTED_EDGE ( 'NONE', *, *, #698, .F. ) ;
#753 = CARTESIAN_POINT ( 'NONE',  ( -24.47783427776890974, 6.477834277768770299, 18.77980659272342479 ) ) ;
#754 = DIRECTION ( 'NONE',  ( 5.782411586589358625E-16, 1.000000000000000000, -0.000000000000000000 ) ) ;
#755 = PRODUCT_DEFINITION_CONTEXT ( 'detailed design', #777, 'design' ) ;
#756 = EDGE_CURVE ( 'NONE', #1229, #173, #543, .T. ) ;
#757 = CARTESIAN_POINT ( 'NONE',  ( 12.99999999999999822, 6.999999999999993783, 1.242640687119285214 ) ) ;
#758 = EDGE_LOOP ( 'NONE', ( #608, #1074, #1003 ) ) ;
#759 = MANIFOLD_SOLID_BREP ( 'Fillet2', #1467 ) ;
#760 = EDGE_CURVE ( 'NONE', #189, #1218, #596, .T. ) ;
#761 = FACE_OUTER_BOUND ( 'NONE', #164, .T. ) ;
#762 = CARTESIAN_POINT ( 'NONE',  ( 9.999999999999998224, 14.99999999999999645, 17.00000000000000000 ) ) ;
#763 = LINE ( 'NONE', #1204, #1418 ) ;
#764 = CARTESIAN_POINT ( 'NONE',  ( -23.84364017363746768, 4.921820086818730289, 19.39900051348181620 ) ) ;
#765 = PLANE ( 'NONE',  #621 ) ;
#766 = CARTESIAN_POINT ( 'NONE',  ( 12.99999999999999822, 6.999999999999997335, 2.999999999999999112 ) ) ;
#767 = ORIENTED_EDGE ( 'NONE', *, *, #1282, .F. ) ;
#768 = ORIENTED_EDGE ( 'NONE', *, *, #1069, .T. ) ;
#769 = VECTOR ( 'NONE', #406, 1000.000000000000000 ) ;
#770 = ADVANCED_FACE ( 'NONE', ( #559 ), #333, .F. ) ;
#771 = AXIS2_PLACEMENT_3D ( 'NONE', #696, #149, #254 ) ;
#772 = CARTESIAN_POINT ( 'NONE',  ( -22.92182008681873384, 5.843640173637341562, 0.6009994865180575685 ) ) ;
#773 = ORIENTED_EDGE ( 'NONE', *, *, #1098, .F. ) ;
#774 = CARTESIAN_POINT ( 'NONE',  ( 22.00000000000000000, 6.999999999999997335, 20.00000000000000000 ) ) ;
#775 = LINE ( 'NONE', #1110, #1285 ) ;
#776 = EDGE_CURVE ( 'NONE', #1402, #1117, #1190, .T. ) ;
#777 = APPLICATION_CONTEXT ( 'automotive_design' ) ;
#778 = CARTESIAN_POINT ( 'NONE',  ( -9.999999999999998224, 17.99999999999999645, 2.999999999999999112 ) ) ;
#779 = CARTESIAN_POINT ( 'NONE',  ( -23.18599766706825349, 5.185997667069560890, 0.2025034394377263069 ) ) ;
#780 = CARTESIAN_POINT ( 'NONE',  ( 22.59615796496367679, 4.596157964962428011, 19.96068920808090041 ) ) ;
#781 = DIRECTION ( 'NONE',  ( 0.000000000000000000, 0.000000000000000000, 1.000000000000000000 ) ) ;
#782 =( NAMED_UNIT ( * ) SI_UNIT ( $, .STERADIAN. ) SOLID_ANGLE_UNIT ( ) );
#783 = ADVANCED_FACE ( 'NONE', ( #88 ), #1357, .F. ) ;
#784 = DIRECTION ( 'NONE',  ( 0.000000000000000000, 0.000000000000000000, -1.000000000000000000 ) ) ;
#785 = CARTESIAN_POINT ( 'NONE',  ( -24.71620629192779006, 6.716206291927648842, 1.637379152931486059 ) ) ;
#786 = ORIENTED_EDGE ( 'NONE', *, *, #126, .T. ) ;
#787 = CARTESIAN_POINT ( 'NONE',  ( 5.999999999999998224, 10.99999999999999822, 20.00000000000000000 ) ) ;
#788 = DIRECTION ( 'NONE',  ( 0.000000000000000000, 1.000000000000000000, 0.000000000000000000 ) ) ;
#789 = AXIS2_PLACEMENT_3D ( 'NONE', #885, #1334, #877 ) ;
#790 = DIRECTION ( 'NONE',  ( 0.000000000000000000, 1.000000000000000000, 0.000000000000000000 ) ) ;
#791 = CARTESIAN_POINT ( 'NONE',  ( 9.999999999999998224, 17.99999999999999645, 2.999999999999999112 ) ) ;
#792 = CARTESIAN_POINT ( 'NONE',  ( -24.38532288291925809, 5.192661441459627270, 1.170030633576327750 ) ) ;
#793 = ADVANCED_FACE ( 'NONE', ( #231 ), #688, .F. ) ;
#794 = VERTEX_POINT ( 'NONE', #926 ) ;
#795 = CARTESIAN_POINT ( 'NONE',  ( -5.999999999999998224, 0.000000000000000000, 20.00000000000000000 ) ) ;
#796 = CARTESIAN_POINT ( 'NONE',  ( 23.75735931288071257, 4.878679656440354506, 20.00000000000000000 ) ) ;
#797 = DIRECTION ( 'NONE',  ( -1.000000000000000000, 0.000000000000000000, 0.000000000000000000 ) ) ;
#798 = DIRECTION ( 'NONE',  ( 0.000000000000000000, -1.000000000000000000, 0.000000000000000000 ) ) ;
#799 = ORIENTED_EDGE ( 'NONE', *, *, #1132, .T. ) ;
#800 = CARTESIAN_POINT ( 'NONE',  ( 23.91758898611795203, 5.917588986117947591, 0.6276361001377933624 ) ) ;
#801 = ORIENTED_EDGE ( 'NONE', *, *, #1269, .F. ) ;
#802 = EDGE_CURVE ( 'NONE', #195, #1042, #579, .T. ) ;
#803 = DIRECTION ( 'NONE',  ( -1.000000000000000000, 0.000000000000000000, 0.000000000000000000 ) ) ;
#804 = EDGE_CURVE ( 'NONE', #1397, #880, #932, .T. ) ;
#805 = CARTESIAN_POINT ( 'NONE',  ( 24.98066173362824216, 5.490330866814114863, 17.39269424031147437 ) ) ;
#806 = VECTOR ( 'NONE', #1336, 1000.000000000000000 ) ;
#807 = PLANE ( 'NONE',  #504 ) ;
#808 = VERTEX_POINT ( 'NONE', #8 ) ;
#809 = AXIS2_PLACEMENT_3D ( 'NONE', #741, #882, #1465 ) ;
#810 = CARTESIAN_POINT ( 'NONE',  ( 9.999999999999998224, 14.99999999999999645, 17.00000000000000000 ) ) ;
#811 = ORIENTED_EDGE ( 'NONE', *, *, #11, .T. ) ;
#812 = CARTESIAN_POINT ( 'NONE',  ( 9.999999999999998224, 14.99999999999999645, 17.00000000000000000 ) ) ;
#813 = CARTESIAN_POINT ( 'NONE',  ( 25.00000000000000000, 7.000000000000000888, 17.00000000000000000 ) ) ;
#814 = ADVANCED_FACE ( 'NONE', ( #1048 ), #830, .T. ) ;
#815 = APPLICATION_PROTOCOL_DEFINITION ( 'draft international standard', 'automotive_design', 1998, #1276 ) ;
#816 = VECTOR ( 'NONE', #1350, 1000.000000000000000 ) ;
#817 = DIRECTION ( 'NONE',  ( 0.000000000000000000, 1.000000000000000000, 0.000000000000000000 ) ) ;
#818 = ORIENTED_EDGE ( 'NONE', *, *, #198, .T. ) ;
#819 = LINE ( 'NONE', #131, #731 ) ;
#820 = AXIS2_PLACEMENT_3D ( 'NONE', #1041, #233, #1148 ) ;
#821 = LINE ( 'NONE', #1265, #1302 ) ;
#822 = DIRECTION ( 'NONE',  ( 0.000000000000000000, 0.000000000000000000, 1.000000000000000000 ) ) ;
#823 = ADVANCED_FACE ( 'NONE', ( #33 ), #485, .F. ) ;
#824 = CYLINDRICAL_SURFACE ( 'NONE', #891, 2.999999999999999112 ) ;
#825 = ORIENTED_EDGE ( 'NONE', *, *, #224, .T. ) ;
#826 = CARTESIAN_POINT ( 'NONE',  ( 0.000000000000000000, 11.00000000000000178, 0.000000000000000000 ) ) ;
#827 = CARTESIAN_POINT ( 'NONE',  ( 9.999999999999998224, 14.99999999999999645, 3.000000000000000000 ) ) ;
#828 = ORIENTED_EDGE ( 'NONE', *, *, #756, .F. ) ;
#829 = CARTESIAN_POINT ( 'NONE',  ( 24.99999999999999645, 0.000000000000000000, 0.000000000000000000 ) ) ;
#830 = CYLINDRICAL_SURFACE ( 'NONE', #692, 3.000000000000000000 ) ;
#831 = FACE_OUTER_BOUND ( 'NONE', #57, .T. ) ;
#832 = ORIENTED_EDGE ( 'NONE', *, *, #687, .T. ) ;
#833 = DIRECTION ( 'NONE',  ( -1.000000000000000000, 0.000000000000000000, 0.000000000000000000 ) ) ;
#834 = CARTESIAN_POINT ( 'NONE',  ( 18.00000000000000000, 0.000000000000000000, 12.59999999999999076 ) ) ;
#835 = CARTESIAN_POINT ( 'NONE',  ( 23.49999999999250733, 6.999999999999997335, 17.19635175787768233 ) ) ;
#836 = ORIENTED_EDGE ( 'NONE', *, *, #508, .T. ) ;
#837 = DIRECTION ( 'NONE',  ( 0.000000000000000000, 0.000000000000000000, 1.000000000000000000 ) ) ;
#838 = DIRECTION ( 'NONE',  ( 1.000000000000000000, 0.000000000000000000, 0.000000000000000000 ) ) ;
#839 = CIRCLE ( 'NONE', #1346, 1.500000000000001332 ) ;
#840 = VECTOR ( 'NONE', #798, 1000.000000000000000 ) ;
#841 = ADVANCED_FACE ( 'NONE', ( #3 ), #535, .T. ) ;
#842 = CARTESIAN_POINT ( 'NONE',  ( -18.00000000000000000, 6.999999999999997335, 9.999999999999996447 ) ) ;
#843 = ORIENTED_EDGE ( 'NONE', *, *, #557, .T. ) ;
#844 = ORIENTED_EDGE ( 'NONE', *, *, #647, .F. ) ;
#845 = CARTESIAN_POINT ( 'NONE',  ( -12.99999999999999822, 6.999999999999997335, 17.00000000000000000 ) ) ;
#846 = ORIENTED_EDGE ( 'NONE', *, *, #1423, .F. ) ;
#847 = DIRECTION ( 'NONE',  ( -1.000000000000000000, -9.130123557772674497E-17, 0.000000000000000000 ) ) ;
#848 = CARTESIAN_POINT ( 'NONE',  ( -9.999999999999998224, 3.999999999999997335, 0.000000000000000000 ) ) ;
#849 = CARTESIAN_POINT ( 'NONE',  ( 12.99999999999999822, 3.999999999999997335, 2.999999999999999112 ) ) ;
#850 = CARTESIAN_POINT ( 'NONE',  ( -9.999999999999998224, 14.99999999999999645, 20.00000000000000000 ) ) ;
#851 = EDGE_LOOP ( 'NONE', ( #1008, #981, #520, #828 ) ) ;
#852 = CARTESIAN_POINT ( 'NONE',  ( -24.98066173362828479, 5.490330866814102428, 17.39269424031126476 ) ) ;
#853 = DIRECTION ( 'NONE',  ( -0.000000000000000000, -0.000000000000000000, 1.000000000000000000 ) ) ;
#854 = LINE ( 'NONE', #642, #1337 ) ;
#855 = ORIENTED_EDGE ( 'NONE', *, *, #1132, .F. ) ;
#856 = EDGE_LOOP ( 'NONE', ( #101, #1051, #635, #1059 ) ) ;
#857 = VECTOR ( 'NONE', #1314, 1000.000000000000000 ) ;
#858 = ADVANCED_FACE ( 'NONE', ( #900 ), #1362, .F. ) ;
#859 = DIRECTION ( 'NONE',  ( 1.000000000000000000, -0.000000000000000000, -0.000000000000000000 ) ) ;
#860 = ORIENTED_EDGE ( 'NONE', *, *, #450, .F. ) ;
#861 = CARTESIAN_POINT ( 'NONE',  ( -23.49033086681414773, 6.980661733628280352, 17.39269424031127187 ) ) ;
#862 = CARTESIAN_POINT ( 'NONE',  ( 0.000000000000000000, 12.39999999999998614, 0.000000000000000000 ) ) ;
#863 = DIRECTION ( 'NONE',  ( 0.000000000000000000, 0.000000000000000000, -1.000000000000000000 ) ) ;
#864 = EDGE_LOOP ( 'NONE', ( #739, #673 ) ) ;
#865 = AXIS2_PLACEMENT_3D ( 'NONE', #1112, #441, #551 ) ;
#866 = CARTESIAN_POINT ( 'NONE',  ( 18.00000000000000000, 0.000000000000000000, 7.399999999999991473 ) ) ;
#867 = ORIENTED_EDGE ( 'NONE', *, *, #1381, .F. ) ;
#868 = EDGE_CURVE ( 'NONE', #335, #77, #839, .T. ) ;
#869 = CARTESIAN_POINT ( 'NONE',  ( -24.06315453436168283, 6.063154534360918113, 19.25116060471049195 ) ) ;
#870 = CARTESIAN_POINT ( 'NONE',  ( 5.999999999999998224, -1.734723475976807094E-15, 0.000000000000000000 ) ) ;
#871 = CARTESIAN_POINT ( 'NONE',  ( -23.50000000000000000, 5.499999999999998224, 2.999999999999999112 ) ) ;
#872 = ORIENTED_EDGE ( 'NONE', *, *, #1076, .F. ) ;
#873 = ORIENTED_EDGE ( 'NONE', *, *, #241, .T. ) ;
#874 = DIRECTION ( 'NONE',  ( -0.000000000000000000, -0.000000000000000000, -1.000000000000000000 ) ) ;
#875 = LINE ( 'NONE', #1315, #328 ) ;
#876 = DIRECTION ( 'NONE',  ( 0.000000000000000000, 0.000000000000000000, -1.000000000000000000 ) ) ;
#877 = DIRECTION ( 'NONE',  ( 0.000000000000000000, 0.000000000000000000, 1.000000000000000000 ) ) ;
#878 = DIRECTION ( 'NONE',  ( 0.7071067811865513475, 0.7071067811865435759, 0.000000000000000000 ) ) ;
#879 = ADVANCED_FACE ( 'NONE', ( #1474 ), #667, .F. ) ;
#880 = VERTEX_POINT ( 'NONE', #674 ) ;
#881 = ORIENTED_EDGE ( 'NONE', *, *, #232, .T. ) ;
#882 = DIRECTION ( 'NONE',  ( 0.000000000000000000, -1.000000000000000000, 0.000000000000000000 ) ) ;
#883 = CYLINDRICAL_SURFACE ( 'NONE', #1183, 3.000000000000000000 ) ;
#884 = CIRCLE ( 'NONE', #300, 2.600000000000000089 ) ;
#885 = CARTESIAN_POINT ( 'NONE',  ( -9.999999999999998224, 14.99999999999999645, 17.00000000000000000 ) ) ;
#886 = CARTESIAN_POINT ( 'NONE',  ( 24.96109128129346288, 6.961091281293369626, 2.415027953145198136 ) ) ;
#887 = ORIENTED_EDGE ( 'NONE', *, *, #776, .T. ) ;
#888 = EDGE_CURVE ( 'NONE', #1127, #1117, #429, .T. ) ;
#889 = CARTESIAN_POINT ( 'NONE',  ( 12.99999999999999822, 14.99999999999999645, 2.999999999999999112 ) ) ;
#890 = VECTOR ( 'NONE', #538, 1000.000000000000000 ) ;
#891 = AXIS2_PLACEMENT_3D ( 'NONE', #370, #600, #478 ) ;
#892 = CARTESIAN_POINT ( 'NONE',  ( 0.000000000000000000, 14.99999999999999645, 17.00000000000000000 ) ) ;
#893 = CARTESIAN_POINT ( 'NONE',  ( 24.34381960842389248, 6.343819608424637657, 1.044065131447420969 ) ) ;
#894 = ORIENTED_EDGE ( 'NONE', *, *, #1017, .F. ) ;
#895 = FACE_OUTER_BOUND ( 'NONE', #200, .T. ) ;
#896 = EDGE_CURVE ( 'NONE', #660, #1229, #574, .T. ) ;
#897 = DIRECTION ( 'NONE',  ( 1.000000000000000000, 0.000000000000000000, 0.000000000000000000 ) ) ;
#898 = CARTESIAN_POINT ( 'NONE',  ( -23.34824944307655059, 6.696498886153241514, 1.670546392616845122 ) ) ;
#899 = VERTEX_POINT ( 'NONE', #1484 ) ;
#900 = FACE_OUTER_BOUND ( 'NONE', #556, .T. ) ;
#901 = EDGE_CURVE ( 'NONE', #173, #77, #905, .T. ) ;
#902 = PLANE ( 'NONE',  #262 ) ;
#903 = ORIENTED_EDGE ( 'NONE', *, *, #81, .F. ) ;
#904 = CARTESIAN_POINT ( 'NONE',  ( 23.42338915445715486, 6.846778308914488242, 2.033353013192649161 ) ) ;
#905 = LINE ( 'NONE', #331, #329 ) ;
#906 = DIRECTION ( 'NONE',  ( 0.000000000000000000, 0.000000000000000000, 1.000000000000000000 ) ) ;
#907 = CARTESIAN_POINT ( 'NONE',  ( -12.99999999999999822, 14.99999999999999645, 17.00000000000000000 ) ) ;
#908 = ORIENTED_EDGE ( 'NONE', *, *, #1248, .F. ) ;
#909 = EDGE_CURVE ( 'NONE', #392, #616, #460, .T. ) ;
#910 = CARTESIAN_POINT ( 'NONE',  ( -23.13008021426036720, 6.260160428520796572, 1.017519741401514688 ) ) ;
#911 = ORIENTED_EDGE ( 'NONE', *, *, #1340, .T. ) ;
#912 = DIRECTION ( 'NONE',  ( 0.7071067811865436870, 0.7071067811865514585, -0.000000000000000000 ) ) ;
#913 = DIRECTION ( 'NONE',  ( 0.000000000000000000, 0.000000000000000000, 1.000000000000000000 ) ) ;
#914 = DIRECTION ( 'NONE',  ( -0.000000000000000000, 0.000000000000000000, -1.000000000000000000 ) ) ;
#915 = ORIENTED_EDGE ( 'NONE', *, *, #1115, .T. ) ;
#916 = CARTESIAN_POINT ( 'NONE',  ( 22.78524366757719122, 4.392621833788382446, 0.07808197600087921075 ) ) ;
#917 = ORIENTED_EDGE ( 'NONE', *, *, #377, .T. ) ;
#918 = EDGE_CURVE ( 'NONE', #77, #226, #222, .T. ) ;
#919 = CARTESIAN_POINT ( 'NONE',  ( 0.000000000000000000, 12.39999999999998614, 20.00000000000000000 ) ) ;
#920 = ORIENTED_EDGE ( 'NONE', *, *, #362, .T. ) ;
#921 = VECTOR ( 'NONE', #480, 1000.000000000000000 ) ;
#922 = CYLINDRICAL_SURFACE ( 'NONE', #1155, 2.600000000000000089 ) ;
#923 = ORIENTED_EDGE ( 'NONE', *, *, #387, .F. ) ;
#924 = FACE_OUTER_BOUND ( 'NONE', #851, .T. ) ;
#925 = EDGE_CURVE ( 'NONE', #62, #808, #1006, .T. ) ;
#926 = CARTESIAN_POINT ( 'NONE',  ( -18.00000000000000000, 6.999999999999997335, 12.59999999999999609 ) ) ;
#927 = VECTOR ( 'NONE', #182, 1000.000000000000000 ) ;
#928 = CARTESIAN_POINT ( 'NONE',  ( -23.49999999999999289, 6.999999999999997335, 18.75735931288071612 ) ) ;
#929 = EDGE_LOOP ( 'NONE', ( #309, #971, #1478, #944 ) ) ;
#930 = DIRECTION ( 'NONE',  ( -0.000000000000000000, -0.000000000000000000, 1.000000000000000000 ) ) ;
#931 = VERTEX_POINT ( 'NONE', #834 ) ;
#932 =( BOUNDED_CURVE ( )  B_SPLINE_CURVE ( 3, ( #142, #253, #1274, #1408 ),
 .UNSPECIFIED., .F., .T. ) 
 B_SPLINE_CURVE_WITH_KNOTS ( ( 4, 4 ),
 ( 1.570796326794896558, 3.141592653589793116 ),
 .UNSPECIFIED. ) 
 CURVE ( )  GEOMETRIC_REPRESENTATION_ITEM ( )  RATIONAL_B_SPLINE_CURVE ( ( 1.000000000000000000, 0.8047378541243649375, 0.8047378541243649375, 1.000000000000000000 ) ) 
 REPRESENTATION_ITEM ( '' )  );
#933 = DIRECTION ( 'NONE',  ( -0.000000000000000000, 0.000000000000000000, 1.000000000000000000 ) ) ;
#934 = CARTESIAN_POINT ( 'NONE',  ( 25.00000000000000000, 5.499999999999997335, 17.00000000000000000 ) ) ;
#935 = ADVANCED_FACE ( 'NONE', ( #924 ), #475, .T. ) ;
#936 = ADVANCED_FACE ( 'NONE', ( #1063 ), #491, .F. ) ;
#937 = CYLINDRICAL_SURFACE ( 'NONE', #771, 2.999999999999999112 ) ;
#938 = VERTEX_POINT ( 'NONE', #355 ) ;
#939 = FACE_OUTER_BOUND ( 'NONE', #1339, .T. ) ;
#940 = CARTESIAN_POINT ( 'NONE',  ( 22.00000000000000000, 3.999999999999997335, 20.00000000000000000 ) ) ;
#941 = ORIENTED_EDGE ( 'NONE', *, *, #89, .F. ) ;
#942 = CYLINDRICAL_SURFACE ( 'NONE', #1275, 3.000000000000000000 ) ;
#943 = CARTESIAN_POINT ( 'NONE',  ( 24.99999999999999645, 0.000000000000000000, 20.00000000000000000 ) ) ;
#944 = ORIENTED_EDGE ( 'NONE', *, *, #1462, .F. ) ;
#945 = EDGE_CURVE ( 'NONE', #1360, #1241, #957, .T. ) ;
#946 = FACE_OUTER_BOUND ( 'NONE', #856, .T. ) ;
#947 = CARTESIAN_POINT ( 'NONE',  ( 9.999999999999998224, 14.99999999999999645, 3.000000000000000000 ) ) ;
#948 = AXIS2_PLACEMENT_3D ( 'NONE', #871, #979, #1200 ) ;
#949 = LINE ( 'NONE', #829, #518 ) ;
#950 = EDGE_LOOP ( 'NONE', ( #941, #881, #119, #61 ) ) ;
#951 = DIRECTION ( 'NONE',  ( -1.000000000000000000, 0.000000000000000000, 0.000000000000000000 ) ) ;
#952 = AXIS2_PLACEMENT_3D ( 'NONE', #1404, #1131, #913 ) ;
#953 = CARTESIAN_POINT ( 'NONE',  ( -1.399999999999999911, 11.00000000000000178, 20.00000000000000000 ) ) ;
#954 = DIRECTION ( 'NONE',  ( 0.000000000000000000, 1.000000000000000000, 0.000000000000000000 ) ) ;
#955 = EDGE_CURVE ( 'NONE', #384, #974, #949, .T. ) ;
#956 = AXIS2_PLACEMENT_3D ( 'NONE', #166, #512, #1450 ) ;
#957 = LINE ( 'NONE', #1398, #552 ) ;
#958 = ORIENTED_EDGE ( 'NONE', *, *, #760, .T. ) ;
#959 = ORIENTED_EDGE ( 'NONE', *, *, #1248, .T. ) ;
#960 = LINE ( 'NONE', #1195, #122 ) ;
#961 = ORIENTED_EDGE ( 'NONE', *, *, #657, .F. ) ;
#962 = CARTESIAN_POINT ( 'NONE',  ( 5.999999999999998224, 10.99999999999999822, 0.000000000000000000 ) ) ;
#963 = LINE ( 'NONE', #1459, #1138 ) ;
#964 = CARTESIAN_POINT ( 'NONE',  ( -22.87867965644034740, 5.757359312880710789, -3.228216686206738306E-16 ) ) ;
#965 = EDGE_CURVE ( 'NONE', #393, #1127, #46, .T. ) ;
#966 = CARTESIAN_POINT ( 'NONE',  ( -22.00000000000000000, 0.000000000000000000, 0.000000000000000000 ) ) ;
#967 = ORIENTED_EDGE ( 'NONE', *, *, #1034, .T. ) ;
#968 = FACE_OUTER_BOUND ( 'NONE', #214, .T. ) ;
#969 = DIRECTION ( 'NONE',  ( 0.000000000000000000, -0.000000000000000000, -1.000000000000000000 ) ) ;
#970 = DIRECTION ( 'NONE',  ( -0.000000000000000000, -0.000000000000000000, -1.000000000000000000 ) ) ;
#971 = ORIENTED_EDGE ( 'NONE', *, *, #468, .T. ) ;
#972 = EDGE_CURVE ( 'NONE', #488, #226, #1057, .T. ) ;
#973 = DIRECTION ( 'NONE',  ( 0.000000000000000000, -1.000000000000000000, 0.000000000000000000 ) ) ;
#974 = VERTEX_POINT ( 'NONE', #597 ) ;
#975 = CARTESIAN_POINT ( 'NONE',  ( -22.39262183378861693, 4.785243667576509097, 19.92191802399939959 ) ) ;
#976 = CARTESIAN_POINT ( 'NONE',  ( 0.000000000000000000, 12.39999999999998614, 0.000000000000000000 ) ) ;
#977 = UNCERTAINTY_MEASURE_WITH_UNIT (LENGTH_MEASURE( 1.000000000000000082E-05 ), #1432, 'distance_accuracy_value', 'NONE');
#978 = VECTOR ( 'NONE', #577, 1000.000000000000000 ) ;
#979 = DIRECTION ( 'NONE',  ( 0.000000000000000000, -0.000000000000000000, 1.000000000000000000 ) ) ;
#980 = VERTEX_POINT ( 'NONE', #1145 ) ;
#981 = ORIENTED_EDGE ( 'NONE', *, *, #1011, .T. ) ;
#982 = VECTOR ( 'NONE', #803, 1000.000000000000000 ) ;
#983 = AXIS2_PLACEMENT_3D ( 'NONE', #1487, #118, #554 ) ;
#984 = DIRECTION ( 'NONE',  ( 0.000000000000000000, 1.000000000000000000, -0.000000000000000000 ) ) ;
#985 = EDGE_CURVE ( 'NONE', #1402, #1086, #723, .T. ) ;
#986 = CARTESIAN_POINT ( 'NONE',  ( -24.99999999999999645, 6.999999999999997335, 2.999999999999999112 ) ) ;
#987 = EDGE_CURVE ( 'NONE', #1095, #616, #260, .T. ) ;
#988 = CARTESIAN_POINT ( 'NONE',  ( -23.19266144145982267, 6.385322882919242105, 18.82996936642370045 ) ) ;
#989 = DIRECTION ( 'NONE',  ( 0.000000000000000000, 0.000000000000000000, 1.000000000000000000 ) ) ;
#990 = CARTESIAN_POINT ( 'NONE',  ( 9.999999999999998224, 14.99999999999999645, 0.000000000000000000 ) ) ;
#991 = ORIENTED_EDGE ( 'NONE', *, *, #241, .F. ) ;
#992 = ORIENTED_EDGE ( 'NONE', *, *, #687, .F. ) ;
#993 = LINE ( 'NONE', #966, #857 ) ;
#994 = LINE ( 'NONE', #1100, #587 ) ;
#995 = DIRECTION ( 'NONE',  ( -1.000000000000000000, 0.000000000000000000, 0.000000000000000000 ) ) ;
#996 = ADVANCED_FACE ( 'NONE', ( #500 ), #942, .T. ) ;
#997 = CARTESIAN_POINT ( 'NONE',  ( -23.49999999999999645, 6.999999999999997335, 2.999999999999999112 ) ) ;
#998 = EDGE_LOOP ( 'NONE', ( #1122, #958 ) ) ;
#999 = AXIS2_PLACEMENT_3D ( 'NONE', #366, #582, #715 ) ;
#1000 = ORIENTED_EDGE ( 'NONE', *, *, #72, .F. ) ;
#1001 = VECTOR ( 'NONE', #163, 1000.000000000000000 ) ;
#1002 = CARTESIAN_POINT ( 'NONE',  ( -24.06315453436110374, 6.063154534361057557, 0.7488393952895344707 ) ) ;
#1003 = ORIENTED_EDGE ( 'NONE', *, *, #776, .F. ) ;
#1004 = DIRECTION ( 'NONE',  ( 1.000000000000000000, 0.000000000000000000, 0.000000000000000000 ) ) ;
#1005 = CYLINDRICAL_SURFACE ( 'NONE', #19, 2.999999999999999112 ) ;
#1006 = CIRCLE ( 'NONE', #354, 2.999999999999999112 ) ;
#1007 = CARTESIAN_POINT ( 'NONE',  ( -21.99999999999999289, 3.999999999999993339, -4.336808689942017736E-16 ) ) ;
#1008 = ORIENTED_EDGE ( 'NONE', *, *, #896, .F. ) ;
#1009 = CARTESIAN_POINT ( 'NONE',  ( 22.78524366757699937, 4.392621833788382446, 19.92191802399919709 ) ) ;
#1010 = DIRECTION ( 'NONE',  ( 1.000000000000000000, 0.000000000000000000, 0.000000000000000000 ) ) ;
#1011 = EDGE_CURVE ( 'NONE', #660, #77, #1146, .T. ) ;
#1012 = CARTESIAN_POINT ( 'NONE',  ( 0.000000000000000000, 17.99999999999999645, 20.00000000000000000 ) ) ;
#1013 = CARTESIAN_POINT ( 'NONE',  ( 24.06315453436167218, 6.063154534360965187, 0.7488393952896374994 ) ) ;
#1014 = ORIENTED_EDGE ( 'NONE', *, *, #434, .F. ) ;
#1015 = CARTESIAN_POINT ( 'NONE',  ( 12.99999999999999822, 3.999999999999997335, 20.00000000000000000 ) ) ;
#1016 = DIRECTION ( 'NONE',  ( 1.000000000000000000, 0.000000000000000000, 0.000000000000000000 ) ) ;
#1017 = EDGE_CURVE ( 'NONE', #337, #42, #252, .T. ) ;
#1018 = CIRCLE ( 'NONE', #639, 2.999999999999999112 ) ;
#1019 = CARTESIAN_POINT ( 'NONE',  ( -5.999999999999998224, 0.000000000000000000, 20.00000000000000000 ) ) ;
#1020 = CARTESIAN_POINT ( 'NONE',  ( 23.45202497439554179, 6.904049948791106672, 2.222152308214551564 ) ) ;
#1021 = CARTESIAN_POINT ( 'NONE',  ( 22.39262183378861337, 4.785243667576608573, 19.92191802399935696 ) ) ;
#1022 = VECTOR ( 'NONE', #216, 1000.000000000000000 ) ;
#1023 = CARTESIAN_POINT ( 'NONE',  ( -22.00000000000000000, 6.999999999999997335, 2.999999999999999112 ) ) ;
#1024 = VECTOR ( 'NONE', #1016, 1000.000000000000000 ) ;
#1025 = LINE ( 'NONE', #1231, #194 ) ;
#1026 = EDGE_LOOP ( 'NONE', ( #411, #294, #1420 ) ) ;
#1027 = ADVANCED_FACE ( 'NONE', ( #1039 ), #611, .T. ) ;
#1028 = CARTESIAN_POINT ( 'NONE',  ( 24.90404994879110490, 5.452024974395583534, 2.222152308214543126 ) ) ;
#1029 = DIRECTION ( 'NONE',  ( 1.000000000000000000, -0.000000000000000000, -0.000000000000000000 ) ) ;
#1030 = CARTESIAN_POINT ( 'NONE',  ( 24.71620629192778651, 6.716206291927504957, 18.36262084706886100 ) ) ;
#1031 = DIRECTION ( 'NONE',  ( -0.000000000000000000, 1.000000000000000000, -0.000000000000000000 ) ) ;
#1032 = ORIENTED_EDGE ( 'NONE', *, *, #89, .T. ) ;
#1033 = PLANE ( 'NONE',  #114 ) ;
#1034 = EDGE_CURVE ( 'NONE', #636, #1042, #821, .T. ) ;
#1035 = DIRECTION ( 'NONE',  ( 0.000000000000000000, 0.000000000000000000, -1.000000000000000000 ) ) ;
#1036 = CARTESIAN_POINT ( 'NONE',  ( 22.00000000000000000, 3.999999999999997335, 0.000000000000000000 ) ) ;
#1037 = EDGE_LOOP ( 'NONE', ( #811, #1209, #1312, #1380, #367, #613, #159, #209, #407, #832, #78, #172, #70, #418, #1196 ) ) ;
#1038 = CARTESIAN_POINT ( 'NONE',  ( 9.999999999999998224, 14.99999999999999645, 2.999999999999999112 ) ) ;
#1039 = FACE_OUTER_BOUND ( 'NONE', #1268, .T. ) ;
#1040 =( BOUNDED_CURVE ( )  B_SPLINE_CURVE ( 3, ( #1298, #1053, #796, #940 ),
 .UNSPECIFIED., .F., .T. ) 
 B_SPLINE_CURVE_WITH_KNOTS ( ( 4, 4 ),
 ( 0.000000000000000000, 1.570796326794896558 ),
 .UNSPECIFIED. ) 
 CURVE ( )  GEOMETRIC_REPRESENTATION_ITEM ( )  RATIONAL_B_SPLINE_CURVE ( ( 1.000000000000000000, 0.8047378541243649375, 0.8047378541243649375, 1.000000000000000000 ) ) 
 REPRESENTATION_ITEM ( '' )  );
#1041 = CARTESIAN_POINT ( 'NONE',  ( -9.999999999999998224, 0.000000000000000000, 17.00000000000000000 ) ) ;
#1042 = VERTEX_POINT ( 'NONE', #1167 ) ;
#1043 = AXIS2_PLACEMENT_3D ( 'NONE', #1107, #325, #458 ) ;
#1044 = CARTESIAN_POINT ( 'NONE',  ( -9.999999999999998224, 3.999999999999997335, 20.00000000000000000 ) ) ;
#1045 = CARTESIAN_POINT ( 'NONE',  ( 18.00000000000000000, -13.00000000000000355, 7.399999999999991473 ) ) ;
#1046 = LINE ( 'NONE', #310, #668 ) ;
#1047 = CARTESIAN_POINT ( 'NONE',  ( 0.000000000000000000, 14.99999999999999645, 0.000000000000000000 ) ) ;
#1048 = FACE_OUTER_BOUND ( 'NONE', #1338, .T. ) ;
#1049 = EDGE_CURVE ( 'NONE', #62, #1208, #1083, .T. ) ;
#1050 = CYLINDRICAL_SURFACE ( 'NONE', #1317, 2.600000000000000089 ) ;
#1051 = ORIENTED_EDGE ( 'NONE', *, *, #327, .T. ) ;
#1052 = DIRECTION ( 'NONE',  ( 1.000000000000000000, -5.782411586589358625E-16, 0.000000000000000000 ) ) ;
#1053 = CARTESIAN_POINT ( 'NONE',  ( 25.00000000000000000, 5.499999999999998224, 18.75735931288071612 ) ) ;
#1054 = CARTESIAN_POINT ( 'NONE',  ( 23.49999999999999645, 5.499999999999997335, 2.999999999999999112 ) ) ;
#1055 = ORIENTED_EDGE ( 'NONE', *, *, #1301, .F. ) ;
#1056 = EDGE_CURVE ( 'NONE', #974, #1253, #1409, .T. ) ;
#1057 = CIRCLE ( 'NONE', #155, 1.500000000000001332 ) ;
#1058 = DIRECTION ( 'NONE',  ( 1.000000000000000000, 0.000000000000000000, 0.000000000000000000 ) ) ;
#1059 = ORIENTED_EDGE ( 'NONE', *, *, #206, .F. ) ;
#1060 = EDGE_CURVE ( 'NONE', #794, #591, #316, .T. ) ;
#1061 = DIRECTION ( 'NONE',  ( 1.000000000000000000, 2.891205793294679312E-16, -0.000000000000000000 ) ) ;
#1062 = LINE ( 'NONE', #29, #1024 ) ;
#1063 = FACE_OUTER_BOUND ( 'NONE', #1172, .T. ) ;
#1064 = ORIENTED_EDGE ( 'NONE', *, *, #965, .F. ) ;
#1065 = ORIENTED_EDGE ( 'NONE', *, *, #804, .T. ) ;
#1066 = AXIS2_PLACEMENT_3D ( 'NONE', #619, #1429, #989 ) ;
#1067 = CARTESIAN_POINT ( 'NONE',  ( -22.29450543490784398, 4.294505434906519703, 19.99990743156451600 ) ) ;
#1068 = DIRECTION ( 'NONE',  ( -0.000000000000000000, -0.000000000000000000, 1.000000000000000000 ) ) ;
#1069 = EDGE_CURVE ( 'NONE', #1241, #278, #410, .T. ) ;
#1070 = CIRCLE ( 'NONE', #983, 3.000000000000000000 ) ;
#1071 = CARTESIAN_POINT ( 'NONE',  ( 23.49999999999999645, 5.499999999999998224, 20.00000000000000000 ) ) ;
#1072 = FACE_OUTER_BOUND ( 'NONE', #1464, .T. ) ;
#1073 = DIRECTION ( 'NONE',  ( -1.000000000000000000, -9.130123557772670799E-17, 0.000000000000000000 ) ) ;
#1074 = ORIENTED_EDGE ( 'NONE', *, *, #888, .T. ) ;
#1075 = CYLINDRICAL_SURFACE ( 'NONE', #134, 3.000000000000000000 ) ;
#1076 = EDGE_CURVE ( 'NONE', #1246, #380, #1197, .T. ) ;
#1077 = CARTESIAN_POINT ( 'NONE',  ( -25.00000000000000000, 5.499999999999997335, 2.999999999999999112 ) ) ;
#1078 =( BOUNDED_CURVE ( )  B_SPLINE_CURVE ( 3, ( #41, #928, #1394, #143 ),
 .UNSPECIFIED., .F., .T. ) 
 B_SPLINE_CURVE_WITH_KNOTS ( ( 4, 4 ),
 ( 3.141592653589793116, 4.712388980384689674 ),
 .UNSPECIFIED. ) 
 CURVE ( )  GEOMETRIC_REPRESENTATION_ITEM ( )  RATIONAL_B_SPLINE_CURVE ( ( 1.000000000000000000, 0.8047378541243649375, 0.8047378541243649375, 1.000000000000000000 ) ) 
 REPRESENTATION_ITEM ( '' )  );
#1079 = CARTESIAN_POINT ( 'NONE',  ( -24.99999999999999645, 0.000000000000000000, 2.999999999999999112 ) ) ;
#1080 = ORIENTED_EDGE ( 'NONE', *, *, #598, .T. ) ;
#1081 = CARTESIAN_POINT ( 'NONE',  ( -24.99999999966424369, 6.999999999664413330, 17.29489932450568901 ) ) ;
#1082 = FACE_BOUND ( 'NONE', #1425, .T. ) ;
#1083 = CIRCLE ( 'NONE', #1460, 2.999999999999999112 ) ;
#1084 = CARTESIAN_POINT ( 'NONE',  ( -23.45202497439552758, 6.904049948791105784, 2.222152308214545346 ) ) ;
#1085 = AXIS2_PLACEMENT_3D ( 'NONE', #842, #1293, #267 ) ;
#1086 = VERTEX_POINT ( 'NONE', #990 ) ;
#1087 = ORIENTED_EDGE ( 'NONE', *, *, #1328, .F. ) ;
#1088 = AXIS2_PLACEMENT_3D ( 'NONE', #810, #28, #235 ) ;
#1089 = DIRECTION ( 'NONE',  ( 1.000000000000000000, -0.000000000000000000, -0.000000000000000000 ) ) ;
#1090 = CARTESIAN_POINT ( 'NONE',  ( -23.30174739544781204, 6.603494790896027311, 18.50345203169391439 ) ) ;
#1091 = DIRECTION ( 'NONE',  ( 0.000000000000000000, -1.000000000000000000, 0.000000000000000000 ) ) ;
#1092 = VECTOR ( 'NONE', #470, 1000.000000000000000 ) ;
#1093 = CIRCLE ( 'NONE', #447, 3.000000000000000000 ) ;
#1094 = CARTESIAN_POINT ( 'NONE',  ( -25.00000000000000000, 5.499999999999998224, 1.242640687119284548 ) ) ;
#1095 = VERTEX_POINT ( 'NONE', #1102 ) ;
#1096 = EDGE_LOOP ( 'NONE', ( #720, #844, #1264, #448 ) ) ;
#1097 = CIRCLE ( 'NONE', #1219, 3.000000000000000000 ) ;
#1098 = EDGE_CURVE ( 'NONE', #1244, #1325, #1361, .T. ) ;
#1099 = FACE_OUTER_BOUND ( 'NONE', #179, .T. ) ;
#1100 = CARTESIAN_POINT ( 'NONE',  ( 12.99999999999999822, 6.999999999999997335, 20.00000000000000000 ) ) ;
#1101 = LINE ( 'NONE', #1327, #1348 ) ;
#1102 = CARTESIAN_POINT ( 'NONE',  ( -22.00000000000000000, 0.000000000000000000, 0.000000000000000000 ) ) ;
#1103 = ORIENTED_EDGE ( 'NONE', *, *, #909, .F. ) ;
#1104 = ORIENTED_EDGE ( 'NONE', *, *, #1141, .F. ) ;
#1105 = DIRECTION ( 'NONE',  ( 0.000000000000000000, 0.000000000000000000, -1.000000000000000000 ) ) ;
#1106 = EDGE_CURVE ( 'NONE', #380, #1448, #228, .T. ) ;
#1107 = CARTESIAN_POINT ( 'NONE',  ( -24.99999999999999645, 6.999999999999997335, 20.00000000000000000 ) ) ;
#1108 = CARTESIAN_POINT ( 'NONE',  ( -24.81747225462632400, 6.817472254626493644, 1.878548938323418183 ) ) ;
#1109 = VECTOR ( 'NONE', #239, 1000.000000000000000 ) ;
#1110 = CARTESIAN_POINT ( 'NONE',  ( 18.00000000000000000, -13.00000000000000355, 12.59999999999999076 ) ) ;
#1111 = VECTOR ( 'NONE', #833, 1000.000000000000000 ) ;
#1112 = CARTESIAN_POINT ( 'NONE',  ( 18.00000000000000000, -13.00000000000000355, 9.999999999999991118 ) ) ;
#1113 = FACE_OUTER_BOUND ( 'NONE', #929, .T. ) ;
#1114 = CARTESIAN_POINT ( 'NONE',  ( -24.26016042852075216, 5.130080214260416938, 1.017519741401469835 ) ) ;
#1115 = EDGE_CURVE ( 'NONE', #581, #974, #1446, .T. ) ;
#1116 = AXIS2_PLACEMENT_3D ( 'NONE', #827, #722, #248 ) ;
#1117 = VERTEX_POINT ( 'NONE', #1329 ) ;
#1118 = VECTOR ( 'NONE', #951, 1000.000000000000000 ) ;
#1119 = CARTESIAN_POINT ( 'NONE',  ( 18.00000000000000000, 0.000000000000000000, 9.999999999999991118 ) ) ;
#1120 = CIRCLE ( 'NONE', #650, 1.500000000000001332 ) ;
#1121 = CARTESIAN_POINT ( 'NONE',  ( -22.19638493669284074, 4.392769873383994828, -1.115027989009158619E-15 ) ) ;
#1122 = ORIENTED_EDGE ( 'NONE', *, *, #204, .T. ) ;
#1123 = EDGE_CURVE ( 'NONE', #167, #636, #1207, .T. ) ;
#1124 = DIRECTION ( 'NONE',  ( 1.000000000000000000, -5.782411586589358625E-16, 0.000000000000000000 ) ) ;
#1125 = ADVANCED_FACE ( 'NONE', ( #509 ), #301, .T. ) ;
#1126 = CARTESIAN_POINT ( 'NONE',  ( -22.00000000000000000, 0.000000000000000000, 20.00000000000000000 ) ) ;
#1127 = VERTEX_POINT ( 'NONE', #76 ) ;
#1128 = CARTESIAN_POINT ( 'NONE',  ( -23.91758898611796269, 5.917588986117955585, 0.6276361001378250037 ) ) ;
#1129 = EDGE_LOOP ( 'NONE', ( #1271, #1417, #666, #1103, #506, #959 ) ) ;
#1130 = DIRECTION ( 'NONE',  ( -0.7071067811865513475, 0.7071067811865435759, 0.000000000000000000 ) ) ;
#1131 = DIRECTION ( 'NONE',  ( -1.000000000000000000, 0.000000000000000000, 0.000000000000000000 ) ) ;
#1132 = EDGE_CURVE ( 'NONE', #226, #1244, #187, .T. ) ;
#1133 = DIRECTION ( 'NONE',  ( 0.000000000000000000, 0.000000000000000000, -1.000000000000000000 ) ) ;
#1134 = CARTESIAN_POINT ( 'NONE',  ( -23.19266144145963082, 6.385322882919263421, 1.170030633576335743 ) ) ;
#1135 = ORIENTED_EDGE ( 'NONE', *, *, #140, .T. ) ;
#1136 =( BOUNDED_CURVE ( )  B_SPLINE_CURVE ( 3, ( #1036, #1385, #690, #719 ),
 .UNSPECIFIED., .F., .F. ) 
 B_SPLINE_CURVE_WITH_KNOTS ( ( 4, 4 ),
 ( 1.570796326794896558, 3.141592653589793116 ),
 .UNSPECIFIED. ) 
 CURVE ( )  GEOMETRIC_REPRESENTATION_ITEM ( )  RATIONAL_B_SPLINE_CURVE ( ( 1.000000000000000000, 0.8047378541243649375, 0.8047378541243649375, 1.000000000000000000 ) ) 
 REPRESENTATION_ITEM ( '' )  );
#1137 = CARTESIAN_POINT ( 'NONE',  ( 22.29450543490779779, 4.294505434906479735, 19.99990743156450890 ) ) ;
#1138 = VECTOR ( 'NONE', #162, 1000.000000000000000 ) ;
#1139 = VECTOR ( 'NONE', #1089, 1000.000000000000000 ) ;
#1140 = CARTESIAN_POINT ( 'NONE',  ( -12.99999999999999822, 6.999999999999993783, 1.242640687119284770 ) ) ;
#1141 = EDGE_CURVE ( 'NONE', #1456, #496, #531, .T. ) ;
#1142 = LINE ( 'NONE', #125, #978 ) ;
#1143 = CYLINDRICAL_SURFACE ( 'NONE', #612, 2.600000000000000089 ) ;
#1144 = ORIENTED_EDGE ( 'NONE', *, *, #972, .T. ) ;
#1145 = CARTESIAN_POINT ( 'NONE',  ( 24.99999999999999645, 0.000000000000000000, 17.00000000000000000 ) ) ;
#1146 =( BOUNDED_CURVE ( )  B_SPLINE_CURVE ( 3, ( #1424, #1389, #153, #383 ),
 .UNSPECIFIED., .F., .F. ) 
 B_SPLINE_CURVE_WITH_KNOTS ( ( 4, 4 ),
 ( 4.712388980384689674, 6.283185307179586232 ),
 .UNSPECIFIED. ) 
 CURVE ( )  GEOMETRIC_REPRESENTATION_ITEM ( )  RATIONAL_B_SPLINE_CURVE ( ( 1.000000000000000000, 0.8047378541243649375, 0.8047378541243649375, 1.000000000000000000 ) ) 
 REPRESENTATION_ITEM ( '' )  );
#1147 = CARTESIAN_POINT ( 'NONE',  ( 23.34824944307655059, 6.696498886153328556, 18.32945360738294127 ) ) ;
#1148 = DIRECTION ( 'NONE',  ( 0.000000000000000000, 0.000000000000000000, 1.000000000000000000 ) ) ;
#1149 = DIRECTION ( 'NONE',  ( -0.000000000000000000, -0.000000000000000000, 1.000000000000000000 ) ) ;
#1150 = ORIENTED_EDGE ( 'NONE', *, *, #1423, .T. ) ;
#1151 = DIRECTION ( 'NONE',  ( 0.000000000000000000, 0.000000000000000000, 1.000000000000000000 ) ) ;
#1152 = CARTESIAN_POINT ( 'NONE',  ( 24.60349479089602909, 5.301747395448002997, 18.50345203169391439 ) ) ;
#1153 = CARTESIAN_POINT ( 'NONE',  ( -18.00000000000000000, 6.999999999999997335, 7.399999999999996803 ) ) ;
#1154 = EDGE_LOOP ( 'NONE', ( #734, #1273, #799, #846 ) ) ;
#1155 = AXIS2_PLACEMENT_3D ( 'NONE', #1412, #1291, #640 ) ;
#1156 = CARTESIAN_POINT ( 'NONE',  ( 18.00000000000000000, -13.00000000000000355, 9.999999999999991118 ) ) ;
#1157 = CARTESIAN_POINT ( 'NONE',  ( 23.49999999999999645, 6.999999999999997335, 2.999999999999999112 ) ) ;
#1158 = EDGE_CURVE ( 'NONE', #1448, #1246, #25, .T. ) ;
#1159 = DIRECTION ( 'NONE',  ( 1.000000000000000000, 0.000000000000000000, 0.000000000000000000 ) ) ;
#1160 = AXIS2_PLACEMENT_3D ( 'NONE', #332, #1413, #152 ) ;
#1161 = CIRCLE ( 'NONE', #98, 2.999999999999999112 ) ;
#1162 = DIRECTION ( 'NONE',  ( -0.000000000000000000, -0.000000000000000000, -1.000000000000000000 ) ) ;
#1163 = VERTEX_POINT ( 'NONE', #53 ) ;
#1164 = VECTOR ( 'NONE', #1068, 1000.000000000000000 ) ;
#1165 = CARTESIAN_POINT ( 'NONE',  ( 21.99999999999999645, 3.999999999999992450, -4.336808689942017736E-16 ) ) ;
#1166 = CARTESIAN_POINT ( 'NONE',  ( -18.00000000000000000, 0.000000000000000000, 9.999999999999996447 ) ) ;
#1167 = CARTESIAN_POINT ( 'NONE',  ( -12.99999999999999822, 6.999999999999997335, 2.999999999999999112 ) ) ;
#1168 = ORIENTED_EDGE ( 'NONE', *, *, #1393, .F. ) ;
#1169 = EDGE_CURVE ( 'NONE', #335, #980, #854, .T. ) ;
#1170 = EDGE_CURVE ( 'NONE', #938, #278, #1455, .T. ) ;
#1171 = CARTESIAN_POINT ( 'NONE',  ( 9.999999999999998224, 0.000000000000000000, 0.000000000000000000 ) ) ;
#1172 = EDGE_LOOP ( 'NONE', ( #1135, #915, #312, #378, #700, #1447, #691, #1279, #1168, #346, #578, #629, #121, #622, #843 ) ) ;
#1173 = DIRECTION ( 'NONE',  ( -0.000000000000000000, 1.000000000000000000, -0.000000000000000000 ) ) ;
#1174 = LINE ( 'NONE', #256, #21 ) ;
#1175 = DIRECTION ( 'NONE',  ( -0.000000000000000000, -0.000000000000000000, -1.000000000000000000 ) ) ;
#1176 = EDGE_CURVE ( 'NONE', #1253, #488, #391, .T. ) ;
#1177 = DIRECTION ( 'NONE',  ( 0.000000000000000000, 0.000000000000000000, 1.000000000000000000 ) ) ;
#1178 = ORIENTED_EDGE ( 'NONE', *, *, #1169, .F. ) ;
#1179 = CARTESIAN_POINT ( 'NONE',  ( -24.26016042852072729, 5.130080214260361871, 18.98248025859855659 ) ) ;
#1180 = CARTESIAN_POINT ( 'NONE',  ( 22.00000000000000000, 3.999999999999997335, 0.000000000000000000 ) ) ;
#1181 = ORIENTED_EDGE ( 'NONE', *, *, #11, .F. ) ;
#1182 = ORIENTED_EDGE ( 'NONE', *, *, #1106, .T. ) ;
#1183 = AXIS2_PLACEMENT_3D ( 'NONE', #1466, #646, #190 ) ;
#1184 = PLANE ( 'NONE',  #956 ) ;
#1185 = EDGE_LOOP ( 'NONE', ( #302, #1416, #242 ) ) ;
#1186 = ADVANCED_FACE ( 'NONE', ( #1299 ), #1233, .T. ) ;
#1187 = AXIS2_PLACEMENT_3D ( 'NONE', #1023, #1281, #446 ) ;
#1188 = CARTESIAN_POINT ( 'NONE',  ( -24.34381960842389248, 6.343819608424688283, 18.95593486855244691 ) ) ;
#1189 = FACE_OUTER_BOUND ( 'NONE', #1224, .T. ) ;
#1190 = CIRCLE ( 'NONE', #670, 3.000000000000000000 ) ;
#1191 = CARTESIAN_POINT ( 'NONE',  ( -23.50000000000000000, 6.999999999999997335, 2.999999999999999112 ) ) ;
#1192 = ORIENTED_EDGE ( 'NONE', *, *, #945, .F. ) ;
#1193 = EDGE_LOOP ( 'NONE', ( #1488, #624, #1407, #541, #1181, #35 ) ) ;
#1194 = DIRECTION ( 'NONE',  ( -0.000000000000000000, -0.000000000000000000, -1.000000000000000000 ) ) ;
#1195 = CARTESIAN_POINT ( 'NONE',  ( 0.000000000000000000, 12.39999999999998614, 20.00000000000000000 ) ) ;
#1196 = ORIENTED_EDGE ( 'NONE', *, *, #1141, .T. ) ;
#1197 =( BOUNDED_CURVE ( )  B_SPLINE_CURVE ( 3, ( #68, #964, #1216, #997 ),
 .UNSPECIFIED., .F., .T. ) 
 B_SPLINE_CURVE_WITH_KNOTS ( ( 4, 4 ),
 ( 4.712388980384689674, 6.283185307179586232 ),
 .UNSPECIFIED. ) 
 CURVE ( )  GEOMETRIC_REPRESENTATION_ITEM ( )  RATIONAL_B_SPLINE_CURVE ( ( 1.000000000000000000, 0.8047378541243649375, 0.8047378541243649375, 1.000000000000000000 ) ) 
 REPRESENTATION_ITEM ( '' )  );
#1198 = CARTESIAN_POINT ( 'NONE',  ( -24.90404994879109779, 5.452024974395583534, 17.77784769178549595 ) ) ;
#1199 = DIRECTION ( 'NONE',  ( 0.000000000000000000, -0.000000000000000000, 1.000000000000000000 ) ) ;
#1200 = DIRECTION ( 'NONE',  ( 1.000000000000000000, 0.000000000000000000, 0.000000000000000000 ) ) ;
#1201 = EDGE_LOOP ( 'NONE', ( #1178, #786, #397, #147 ) ) ;
#1202 = ORIENTED_EDGE ( 'NONE', *, *, #1486, .F. ) ;
#1203 = FACE_BOUND ( 'NONE', #864, .T. ) ;
#1204 = CARTESIAN_POINT ( 'NONE',  ( -5.999999999999998224, 11.00000000000000000, 20.00000000000000000 ) ) ;
#1205 = ORIENTED_EDGE ( 'NONE', *, *, #802, .T. ) ;
#1206 = FACE_OUTER_BOUND ( 'NONE', #1185, .T. ) ;
#1207 = LINE ( 'NONE', #293, #806 ) ;
#1208 = VERTEX_POINT ( 'NONE', #555 ) ;
#1209 = ORIENTED_EDGE ( 'NONE', *, *, #1451, .T. ) ;
#1210 = ADVANCED_FACE ( 'NONE', ( #1359 ), #1305, .T. ) ;
#1211 = CARTESIAN_POINT ( 'NONE',  ( -18.00000000000000000, 0.000000000000000000, 9.999999999999996447 ) ) ;
#1212 = CIRCLE ( 'NONE', #567, 2.600000000000000089 ) ;
#1213 = CARTESIAN_POINT ( 'NONE',  ( -21.99999999999999645, 3.999999999999992450, 20.00000000000000355 ) ) ;
#1214 = DIRECTION ( 'NONE',  ( -1.000000000000000000, -9.130123557772670799E-17, 0.000000000000000000 ) ) ;
#1215 = AXIS2_PLACEMENT_3D ( 'NONE', #1166, #954, #906 ) ;
#1216 = CARTESIAN_POINT ( 'NONE',  ( -23.49999999999999289, 6.999999999999997335, 1.242640687119284770 ) ) ;
#1217 = EDGE_LOOP ( 'NONE', ( #493, #55, #743, #903 ) ) ;
#1218 = VERTEX_POINT ( 'NONE', #352 ) ;
#1219 = AXIS2_PLACEMENT_3D ( 'NONE', #658, #545, #1238 ) ;
#1220 = CARTESIAN_POINT ( 'NONE',  ( 9.999999999999998224, 17.99999999999999645, 17.00000000000000000 ) ) ;
#1221 = ADVANCED_FACE ( 'NONE', ( #255 ), #1143, .F. ) ;
#1222 = DIRECTION ( 'NONE',  ( 1.000000000000000000, -0.000000000000000000, -0.000000000000000000 ) ) ;
#1223 = CARTESIAN_POINT ( 'NONE',  ( 23.34824944307670691, 6.696498886153229968, 1.670546392616819364 ) ) ;
#1224 = EDGE_LOOP ( 'NONE', ( #1202, #825, #18, #961 ) ) ;
#1225 = DIRECTION ( 'NONE',  ( -0.000000000000000000, 1.000000000000000000, -0.000000000000000000 ) ) ;
#1226 = EDGE_CURVE ( 'NONE', #1163, #1360, #1270, .T. ) ;
#1227 = DIRECTION ( 'NONE',  ( 0.000000000000000000, -1.000000000000000000, 0.000000000000000000 ) ) ;
#1228 = CARTESIAN_POINT ( 'NONE',  ( -22.39262183378861337, 4.785243667576771109, 0.07808197600070679312 ) ) ;
#1229 = VERTEX_POINT ( 'NONE', #358 ) ;
#1230 = CARTESIAN_POINT ( 'NONE',  ( 23.49999999999999645, 5.499999999999998224, 17.00000000000000000 ) ) ;
#1231 = CARTESIAN_POINT ( 'NONE',  ( -24.99999999999999645, 6.999999999999997335, 17.00000000000000000 ) ) ;
#1232 = EDGE_CURVE ( 'NONE', #899, #1386, #580, .T. ) ;
#1233 =( BOUNDED_SURFACE ( )  B_SPLINE_SURFACE ( 3, 2, ( 
 ( #1191, #171, #1077 ),
 ( #60, #516, #1437 ),
 ( #400, #747, #287 ),
 ( #1084, #1108, #665 ),
 ( #444, #785, #92 ),
 ( #898, #436, #207 ),
 ( #6, #120, #546 ),
 ( #1134, #1002, #792 ),
 ( #910, #1128, #1114 ),
 ( #772, #1234, #1482 ),
 ( #451, #779, #219 ),
 ( #1228, #317, #1470 ),
 ( #1121, #573, #1245 ),
 ( #336, #1007, #1364 ) ),
 .UNSPECIFIED., .F., .F., .T. ) 
 B_SPLINE_SURFACE_WITH_KNOTS ( ( 4, 2, 2, 2, 2, 2, 4 ),
 ( 3, 3 ),
 ( 6.283185307179586232, 6.479534848028948524, 6.675884388878310816, 6.872233929727672219, 7.068583470577034511, 7.461282552275758206, 7.853981633974482790 ),
 ( 0.000000000000000000, 1.000000000000000000 ),
 .UNSPECIFIED. ) 
 GEOMETRIC_REPRESENTATION_ITEM ( )  RATIONAL_B_SPLINE_SURFACE ( (
 ( 1.000000000000000000, 0.7071067811865466846, 1.000000000000000000),
 ( 1.000000000000000000, 0.7070717253461527019, 1.000000000000000000),
 ( 1.000000000000000000, 0.7117460065650881296, 1.000000000000000000),
 ( 1.000000000000000000, 0.7291288899782296662, 1.000000000000000000),
 ( 1.000000000000000000, 0.7418334233299259672, 1.000000000000000000),
 ( 1.000000000000000000, 0.7723968163672776388, 1.000000000000000000),
 ( 1.000000000000000000, 0.7902180133723978317, 1.000000000000000000),
 ( 1.000000000000000000, 0.8275942648709433414, 1.000000000000000000),
 ( 1.000000000000000000, 0.8471316638280893541, 1.000000000000000000),
 ( 1.000000000000000000, 0.9038128836971347502, 1.000000000000000000),
 ( 1.000000000000000000, 0.9386556535315930816, 1.000000000000000000),
 ( 1.000000000000000000, 0.9867291862307194794, 1.000000000000000000),
 ( 1.000000000000000000, 1.000158583040936078, 1.000000000000000000),
 ( 1.000000000000000000, 1.000000000000000000, 1.000000000000000000) ) ) 
 REPRESENTATION_ITEM ( '' )  SURFACE ( )  );
#1234 = CARTESIAN_POINT ( 'NONE',  ( -23.48691459843335849, 5.486914598433353163, 0.3329640870424879773 ) ) ;
#1235 = DIRECTION ( 'NONE',  ( 0.000000000000000000, 0.000000000000000000, 1.000000000000000000 ) ) ;
#1236 = CARTESIAN_POINT ( 'NONE',  ( 12.99999999999999822, 17.99999999999999645, 20.00000000000000000 ) ) ;
#1237 = CARTESIAN_POINT ( 'NONE',  ( 0.000000000000000000, 0.000000000000000000, 0.000000000000000000 ) ) ;
#1238 = DIRECTION ( 'NONE',  ( 0.000000000000000000, 0.000000000000000000, 1.000000000000000000 ) ) ;
#1239 = ORIENTED_EDGE ( 'NONE', *, *, #1060, .T. ) ;
#1240 = CARTESIAN_POINT ( 'NONE',  ( 23.84364017363742505, 4.921820086818730289, 0.6009994865181431667 ) ) ;
#1241 = VERTEX_POINT ( 'NONE', #609 ) ;
#1242 = DIRECTION ( 'NONE',  ( -0.000000000000000000, -0.000000000000000000, -1.000000000000000000 ) ) ;
#1243 = DIRECTION ( 'NONE',  ( 0.000000000000000000, 1.000000000000000000, -0.000000000000000000 ) ) ;
#1244 = VERTEX_POINT ( 'NONE', #586 ) ;
#1245 = CARTESIAN_POINT ( 'NONE',  ( -22.39276987338449132, 4.196384936691401890, -1.342143695683570534E-15 ) ) ;
#1246 = VERTEX_POINT ( 'NONE', #372 ) ;
#1247 = CARTESIAN_POINT ( 'NONE',  ( 21.99999999999999289, 3.999999999999993339, 20.00000000000000355 ) ) ;
#1248 = EDGE_CURVE ( 'NONE', #453, #1349, #544, .T. ) ;
#1249 = VECTOR ( 'NONE', #1061, 1000.000000000000000 ) ;
#1250 = AXIS2_PLACEMENT_3D ( 'NONE', #422, #82, #537 ) ;
#1251 = DIRECTION ( 'NONE',  ( -0.000000000000000000, 1.000000000000000000, -0.000000000000000000 ) ) ;
#1252 = DIRECTION ( 'NONE',  ( -1.000000000000000000, 0.000000000000000000, 0.000000000000000000 ) ) ;
#1253 = VERTEX_POINT ( 'NONE', #489 ) ;
#1254 = VECTOR ( 'NONE', #130, 1000.000000000000000 ) ;
#1255 = DIRECTION ( 'NONE',  ( -0.000000000000000000, -0.000000000000000000, -1.000000000000000000 ) ) ;
#1256 = CIRCLE ( 'NONE', #1468, 3.000000000000000000 ) ;
#1257 = VECTOR ( 'NONE', #390, 1000.000000000000000 ) ;
#1258 = AXIS2_PLACEMENT_3D ( 'NONE', #123, #102, #106 ) ;
#1259 = CARTESIAN_POINT ( 'NONE',  ( 24.90404994879114042, 5.452024974395571100, 17.77784769178529700 ) ) ;
#1260 = APPLICATION_PROTOCOL_DEFINITION ( 'draft international standard', 'automotive_design', 1998, #777 ) ;
#1261 = AXIS2_PLACEMENT_3D ( 'NONE', #778, #1227, #1133 ) ;
#1262 = ORIENTED_EDGE ( 'NONE', *, *, #224, .F. ) ;
#1263 = CARTESIAN_POINT ( 'NONE',  ( 22.92182008681873029, 5.843640173637372648, 0.6009994865180904311 ) ) ;
#1264 = ORIENTED_EDGE ( 'NONE', *, *, #117, .T. ) ;
#1265 = CARTESIAN_POINT ( 'NONE',  ( -12.99999999999999822, 6.999999999999997335, 20.00000000000000000 ) ) ;
#1266 = CARTESIAN_POINT ( 'NONE',  ( 24.96109128129351618, 6.961091281293285249, 17.58497204685512827 ) ) ;
#1267 = FACE_BOUND ( 'NONE', #998, .T. ) ;
#1268 = EDGE_LOOP ( 'NONE', ( #1182, #532, #492, #264 ) ) ;
#1269 = EDGE_CURVE ( 'NONE', #1117, #16, #819, .T. ) ;
#1270 = LINE ( 'NONE', #721, #1249 ) ;
#1271 = ORIENTED_EDGE ( 'NONE', *, *, #1462, .T. ) ;
#1272 = DIRECTION ( 'NONE',  ( 1.000000000000000000, 0.000000000000000000, 0.000000000000000000 ) ) ;
#1273 = ORIENTED_EDGE ( 'NONE', *, *, #918, .T. ) ;
#1274 = CARTESIAN_POINT ( 'NONE',  ( -25.00000000000000000, 5.499999999999998224, 18.75735931288071612 ) ) ;
#1275 = AXIS2_PLACEMENT_3D ( 'NONE', #849, #359, #251 ) ;
#1276 = APPLICATION_CONTEXT ( 'automotive_design' ) ;
#1277 = AXIS2_PLACEMENT_3D ( 'NONE', #1071, #863, #634 ) ;
#1278 = LINE ( 'NONE', #361, #403 ) ;
#1279 = ORIENTED_EDGE ( 'NONE', *, *, #191, .F. ) ;
#1280 = LINE ( 'NONE', #465, #1111 ) ;
#1281 = DIRECTION ( 'NONE',  ( 0.000000000000000000, -1.000000000000000000, 0.000000000000000000 ) ) ;
#1282 = EDGE_CURVE ( 'NONE', #85, #419, #90, .T. ) ;
#1283 = LINE ( 'NONE', #498, #645 ) ;
#1284 = DIRECTION ( 'NONE',  ( 1.000000000000000000, 0.000000000000000000, 0.000000000000000000 ) ) ;
#1285 = VECTOR ( 'NONE', #1225, 1000.000000000000000 ) ;
#1286 = AXIS2_PLACEMENT_3D ( 'NONE', #56, #413, #1073 ) ;
#1287 = CARTESIAN_POINT ( 'NONE',  ( 5.999999999999998224, -1.734723475976807094E-15, 20.00000000000000000 ) ) ;
#1288 = ORIENTED_EDGE ( 'NONE', *, *, #1393, .T. ) ;
#1289 = AXIS2_PLACEMENT_3D ( 'NONE', #1236, #797, #225 ) ;
#1290 = VECTOR ( 'NONE', #1352, 1000.000000000000000 ) ;
#1291 = DIRECTION ( 'NONE',  ( -0.000000000000000000, 1.000000000000000000, -0.000000000000000000 ) ) ;
#1292 = DIRECTION ( 'NONE',  ( 1.000000000000000000, 0.000000000000000000, 0.000000000000000000 ) ) ;
#1293 = DIRECTION ( 'NONE',  ( 0.000000000000000000, 1.000000000000000000, 0.000000000000000000 ) ) ;
#1294 = EDGE_CURVE ( 'NONE', #636, #268, #86, .T. ) ;
#1295 = DIRECTION ( 'NONE',  ( -0.000000000000000000, -0.000000000000000000, -1.000000000000000000 ) ) ;
#1296 = EDGE_LOOP ( 'NONE', ( #466, #1014, #654, #386 ) ) ;
#1297 = CARTESIAN_POINT ( 'NONE',  ( -24.84677830891441985, 5.423389154457196604, 17.96664698680752181 ) ) ;
#1298 = CARTESIAN_POINT ( 'NONE',  ( 24.99999999999999645, 5.499999999999998224, 17.00000000000000000 ) ) ;
#1299 = FACE_OUTER_BOUND ( 'NONE', #643, .T. ) ;
#1300 = ORIENTED_EDGE ( 'NONE', *, *, #1454, .F. ) ;
#1301 = EDGE_CURVE ( 'NONE', #1208, #808, #186, .T. ) ;
#1302 = VECTOR ( 'NONE', #244, 1000.000000000000000 ) ;
#1303 = LINE ( 'NONE', #49, #927 ) ;
#1304 = ORIENTED_EDGE ( 'NONE', *, *, #681, .F. ) ;
#1305 =( BOUNDED_SURFACE ( )  B_SPLINE_SURFACE ( 3, 2, ( 
 ( #99, #212, #1371 ),
 ( #109, #563, #672 ),
 ( #199, #886, #1347 ),
 ( #1028, #227, #1020 ),
 ( #1, #308, #904 ),
 ( #104, #561, #1223 ),
 ( #431, #893, #659 ),
 ( #1353, #1013, #330 ),
 ( #1477, #800, #685 ),
 ( #1240, #677, #1263 ),
 ( #712, #265, #705 ),
 ( #916, #1379, #1387 ),
 ( #151, #243, #699 ),
 ( #17, #36, #1165 ) ),
 .UNSPECIFIED., .F., .F., .F. ) 
 B_SPLINE_SURFACE_WITH_KNOTS ( ( 4, 2, 2, 2, 2, 2, 4 ),
 ( 3, 3 ),
 ( 3.141592653589793116, 3.337942194439155408, 3.534291735288517255, 3.730641276137879103, 3.926990816987241395, 4.319689898685965090, 4.712388980384689674 ),
 ( 0.000000000000000000, 1.000000000000000000 ),
 .UNSPECIFIED. ) 
 GEOMETRIC_REPRESENTATION_ITEM ( )  RATIONAL_B_SPLINE_SURFACE ( (
 ( 1.000000000000000000, 0.7071067811865466846, 1.000000000000000000),
 ( 1.000000000000000000, 0.7070717253461566987, 1.000000000000000000),
 ( 1.000000000000000000, 0.7117460065650829115, 1.000000000000000000),
 ( 1.000000000000000000, 0.7291288899782347732, 1.000000000000000000),
 ( 1.000000000000000000, 0.7418334233298858882, 1.000000000000000000),
 ( 1.000000000000000000, 0.7723968163673177179, 1.000000000000000000),
 ( 1.000000000000000000, 0.7902180133723974986, 1.000000000000000000),
 ( 1.000000000000000000, 0.8275942648709431193, 1.000000000000000000),
 ( 1.000000000000000000, 0.8471316638280903533, 1.000000000000000000),
 ( 1.000000000000000000, 0.9038128836971357494, 1.000000000000000000),
 ( 1.000000000000000000, 0.9386556535316078476, 1.000000000000000000),
 ( 1.000000000000000000, 0.9867291862307044914, 1.000000000000000000),
 ( 1.000000000000000000, 1.000158583040947846, 1.000000000000000000),
 ( 1.000000000000000000, 1.000000000000000000, 1.000000000000000000) ) ) 
 REPRESENTATION_ITEM ( '' )  SURFACE ( )  );
#1306 = VECTOR ( 'NONE', #878, 1000.000000000000114 ) ;
#1307 = CARTESIAN_POINT ( 'NONE',  ( -22.00000000000000000, 3.999999999999997335, 20.00000000000000000 ) ) ;
#1308 = LINE ( 'NONE', #67, #553 ) ;
#1309 = PRODUCT_DEFINITION_FORMATION_WITH_SPECIFIED_SOURCE ( 'ANY', '', #385, .NOT_KNOWN. ) ;
#1310 = UNCERTAINTY_MEASURE_WITH_UNIT (LENGTH_MEASURE( 1.000000000000000082E-05 ), #73, 'distance_accuracy_value', 'NONE');
#1311 = CARTESIAN_POINT ( 'NONE',  ( -1.399999999999999911, 11.00000000000000178, 0.000000000000000000 ) ) ;
#1312 = ORIENTED_EDGE ( 'NONE', *, *, #896, .T. ) ;
#1313 = ORIENTED_EDGE ( 'NONE', *, *, #888, .F. ) ;
#1314 = DIRECTION ( 'NONE',  ( -0.000000000000000000, 1.000000000000000000, -0.000000000000000000 ) ) ;
#1315 = CARTESIAN_POINT ( 'NONE',  ( -5.999999999999998224, 11.00000000000000000, 20.00000000000000000 ) ) ;
#1316 = ORIENTED_EDGE ( 'NONE', *, *, #1158, .F. ) ;
#1317 = AXIS2_PLACEMENT_3D ( 'NONE', #34, #1251, #1377 ) ;
#1318 = PRODUCT_DEFINITION ( 'UNKNOWN', '', #1309, #755 ) ;
#1319 = CARTESIAN_POINT ( 'NONE',  ( -24.81747225462637729, 6.817472254626498085, 18.12145106167665176 ) ) ;
#1320 = PLANE ( 'NONE',  #100 ) ;
#1321 = CARTESIAN_POINT ( 'NONE',  ( 12.99999999999999822, 6.999999999999997335, 2.999999999999999112 ) ) ;
#1322 = ORIENTED_EDGE ( 'NONE', *, *, #746, .F. ) ;
#1323 = PLANE ( 'NONE',  #809 ) ;
#1324 = CARTESIAN_POINT ( 'NONE',  ( 12.99999999999999822, 17.99999999999999645, 17.00000000000000000 ) ) ;
#1325 = VERTEX_POINT ( 'NONE', #247 ) ;
#1326 = CARTESIAN_POINT ( 'NONE',  ( 18.00000000000000000, 6.999999999999997335, 9.999999999999991118 ) ) ;
#1327 = CARTESIAN_POINT ( 'NONE',  ( 24.99999999999999645, 5.499999999999998224, 20.00000000000000000 ) ) ;
#1328 = EDGE_CURVE ( 'NONE', #1229, #1208, #693, .T. ) ;
#1329 = CARTESIAN_POINT ( 'NONE',  ( -9.999999999999998224, 17.99999999999999645, 2.999999999999999112 ) ) ;
#1330 = ORIENTED_EDGE ( 'NONE', *, *, #304, .T. ) ;
#1331 = CARTESIAN_POINT ( 'NONE',  ( 9.999999999999998224, 17.99999999999999645, 2.999999999999999112 ) ) ;
#1332 = LINE ( 'NONE', #158, #525 ) ;
#1333 = CARTESIAN_POINT ( 'NONE',  ( -23.34824944307670691, 6.696498886153281482, 18.32945360738305496 ) ) ;
#1334 = DIRECTION ( 'NONE',  ( 0.000000000000000000, 1.000000000000000000, -0.000000000000000000 ) ) ;
#1335 = ADVANCED_FACE ( 'NONE', ( #939 ), #1033, .F. ) ;
#1336 = DIRECTION ( 'NONE',  ( 1.000000000000000000, -0.000000000000000000, -0.000000000000000000 ) ) ;
#1337 = VECTOR ( 'NONE', #425, 1000.000000000000000 ) ;
#1338 = EDGE_LOOP ( 'NONE', ( #711, #836, #644, #1354 ) ) ;
#1339 = EDGE_LOOP ( 'NONE', ( #606, #1192, #50, #1378 ) ) ;
#1340 = EDGE_CURVE ( 'NONE', #1042, #380, #1280, .T. ) ;
#1341 = LINE ( 'NONE', #181, #208 ) ;
#1342 = DIRECTION ( 'NONE',  ( -1.000000000000000000, 0.000000000000000000, 0.000000000000000000 ) ) ;
#1343 = CARTESIAN_POINT ( 'NONE',  ( 24.99999999999999645, 5.499999999999998224, 17.00000000000000000 ) ) ;
#1344 = MECHANICAL_DESIGN_GEOMETRIC_PRESENTATION_REPRESENTATION (  '', ( #648 ), #404 ) ;
#1345 = AXIS2_PLACEMENT_3D ( 'NONE', #2, #1368, #838 ) ;
#1346 = AXIS2_PLACEMENT_3D ( 'NONE', #1230, #319, #1004 ) ;
#1347 = CARTESIAN_POINT ( 'NONE',  ( 23.49033086681414773, 6.980661733628271470, 2.607305759688682389 ) ) ;
#1348 = VECTOR ( 'NONE', #853, 1000.000000000000000 ) ;
#1349 = VERTEX_POINT ( 'NONE', #602 ) ;
#1350 = DIRECTION ( 'NONE',  ( 0.000000000000000000, 1.000000000000000000, 0.000000000000000000 ) ) ;
#1351 = ADVANCED_FACE ( 'NONE', ( #946 ), #922, .F. ) ;
#1352 = DIRECTION ( 'NONE',  ( 1.000000000000000000, -0.000000000000000000, 0.000000000000000000 ) ) ;
#1353 = CARTESIAN_POINT ( 'NONE',  ( 24.38532288291942507, 5.192661441459628158, 1.170030633576576662 ) ) ;
#1354 = ORIENTED_EDGE ( 'NONE', *, *, #1056, .F. ) ;
#1355 = CYLINDRICAL_SURFACE ( 'NONE', #258, 2.999999999999999112 ) ;
#1356 = EDGE_CURVE ( 'NONE', #980, #716, #1018, .T. ) ;
#1357 = PLANE ( 'NONE',  #1289 ) ;
#1358 = PLANE ( 'NONE',  #1043 ) ;
#1359 = FACE_OUTER_BOUND ( 'NONE', #281, .T. ) ;
#1360 = VERTEX_POINT ( 'NONE', #953 ) ;
#1361 =( BOUNDED_CURVE ( )  B_SPLINE_CURVE ( 3, ( #766, #757, #274, #523 ),
 .UNSPECIFIED., .F., .T. ) 
 B_SPLINE_CURVE_WITH_KNOTS ( ( 4, 4 ),
 ( 3.141592653589793116, 4.712388980384689674 ),
 .UNSPECIFIED. ) 
 CURVE ( )  GEOMETRIC_REPRESENTATION_ITEM ( )  RATIONAL_B_SPLINE_CURVE ( ( 1.000000000000000000, 0.8047378541243649375, 0.8047378541243649375, 1.000000000000000000 ) ) 
 REPRESENTATION_ITEM ( '' )  );
#1362 = PLANE ( 'NONE',  #1445 ) ;
#1363 = CARTESIAN_POINT ( 'NONE',  ( 9.999999999999998224, 17.99999999999999645, 20.00000000000000000 ) ) ;
#1364 = CARTESIAN_POINT ( 'NONE',  ( -21.99999999999999289, 3.999999999999994671, -4.336808689942017736E-16 ) ) ;
#1365 = VECTOR ( 'NONE', #45, 1000.000000000000000 ) ;
#1366 = VECTOR ( 'NONE', #270, 1000.000000000000000 ) ;
#1367 = CARTESIAN_POINT ( 'NONE',  ( 23.13008021426036720, 6.260160428520785025, 18.98248025859849619 ) ) ;
#1368 = DIRECTION ( 'NONE',  ( 0.000000000000000000, -0.000000000000000000, 1.000000000000000000 ) ) ;
#1369 = FACE_OUTER_BOUND ( 'NONE', #343, .T. ) ;
#1370 = ORIENTED_EDGE ( 'NONE', *, *, #689, .F. ) ;
#1371 = CARTESIAN_POINT ( 'NONE',  ( 23.50000000000000000, 6.999999999999997335, 2.999999999999999112 ) ) ;
#1372 = ADVANCED_FACE ( 'NONE', ( #651 ), #321, .T. ) ;
#1373 = EDGE_LOOP ( 'NONE', ( #1442, #154, #517 ) ) ;
#1374 = CARTESIAN_POINT ( 'NONE',  ( 21.99999999999999289, 3.999999999999994671, 20.00000000000000355 ) ) ;
#1375 = DIRECTION ( 'NONE',  ( -0.000000000000000000, -0.000000000000000000, -1.000000000000000000 ) ) ;
#1376 = CARTESIAN_POINT ( 'NONE',  ( 24.99999999966424724, 6.999999999664412442, 17.29489932450541190 ) ) ;
#1377 = DIRECTION ( 'NONE',  ( 0.000000000000000000, 0.000000000000000000, 1.000000000000000000 ) ) ;
#1378 = ORIENTED_EDGE ( 'NONE', *, *, #637, .T. ) ;
#1379 = CARTESIAN_POINT ( 'NONE',  ( 22.59615796496367324, 4.596157964962537257, 0.03931079191974455600 ) ) ;
#1380 = ORIENTED_EDGE ( 'NONE', *, *, #1328, .T. ) ;
#1381 = EDGE_CURVE ( 'NONE', #42, #337, #884, .T. ) ;
#1382 = DIRECTION ( 'NONE',  ( 0.000000000000000000, 0.000000000000000000, -1.000000000000000000 ) ) ;
#1383 = AXIS2_PLACEMENT_3D ( 'NONE', #472, #136, #344 ) ;
#1384 = CARTESIAN_POINT ( 'NONE',  ( 22.00000000000000000, 6.999999999999997335, 2.999999999999999112 ) ) ;
#1385 = CARTESIAN_POINT ( 'NONE',  ( 23.75735931288071257, 4.878679656440354506, -5.412880918677597500E-16 ) ) ;
#1386 = VERTEX_POINT ( 'NONE', #962 ) ;
#1387 = CARTESIAN_POINT ( 'NONE',  ( 22.39262183378861693, 4.785243667576771109, 0.07808197600070679312 ) ) ;
#1388 = ORIENTED_EDGE ( 'NONE', *, *, #985, .F. ) ;
#1389 = CARTESIAN_POINT ( 'NONE',  ( 22.87867965644034740, 5.757359312880710789, 20.00000000000000000 ) ) ;
#1390 = AXIS2_PLACEMENT_3D ( 'NONE', #652, #1091, #969 ) ;
#1391 = AXIS2_PLACEMENT_3D ( 'NONE', #695, #1284, #483 ) ;
#1392 = CARTESIAN_POINT ( 'NONE',  ( -12.99999999999999822, 6.999999999999997335, 2.999999999999999112 ) ) ;
#1393 = EDGE_CURVE ( 'NONE', #616, #47, #1428, .T. ) ;
#1394 = CARTESIAN_POINT ( 'NONE',  ( -22.87867965644034740, 5.757359312880710789, 20.00000000000000000 ) ) ;
#1395 = ORIENTED_EDGE ( 'NONE', *, *, #115, .F. ) ;
#1396 = CARTESIAN_POINT ( 'NONE',  ( -11.75735931288071434, 5.757359312880710789, 20.00000000000000000 ) ) ;
#1397 = VERTEX_POINT ( 'NONE', #1307 ) ;
#1398 = CARTESIAN_POINT ( 'NONE',  ( -1.399999999999999911, 11.00000000000000178, 20.00000000000000000 ) ) ;
#1399 = ORIENTED_EDGE ( 'NONE', *, *, #802, .F. ) ;
#1400 = ADVANCED_FACE ( 'NONE', ( #74 ), #1075, .T. ) ;
#1401 = CARTESIAN_POINT ( 'NONE',  ( 0.000000000000000000, 0.000000000000000000, 20.00000000000000000 ) ) ;
#1402 = VERTEX_POINT ( 'NONE', #514 ) ;
#1403 = CARTESIAN_POINT ( 'NONE',  ( 0.000000000000000000, 11.00000000000000178, 20.00000000000000000 ) ) ;
#1404 = CARTESIAN_POINT ( 'NONE',  ( -5.999999999999998224, 11.00000000000000000, 20.00000000000000000 ) ) ;
#1405 = DIRECTION ( 'NONE',  ( 0.000000000000000000, 1.000000000000000000, 0.000000000000000000 ) ) ;
#1406 = CARTESIAN_POINT ( 'NONE',  ( -24.99999999999999645, 0.000000000000000000, 0.000000000000000000 ) ) ;
#1407 = ORIENTED_EDGE ( 'NONE', *, *, #598, .F. ) ;
#1408 = CARTESIAN_POINT ( 'NONE',  ( -24.99999999999999645, 5.499999999999998224, 17.00000000000000000 ) ) ;
#1409 = CIRCLE ( 'NONE', #638, 2.999999999999999112 ) ;
#1410 = CARTESIAN_POINT ( 'NONE',  ( 24.99999999999999645, 5.499999999999998224, 2.999999999999999112 ) ) ;
#1411 = EDGE_LOOP ( 'NONE', ( #917, #432, #412 ) ) ;
#1412 = CARTESIAN_POINT ( 'NONE',  ( -18.00000000000000000, -13.00000000000000355, 9.999999999999996447 ) ) ;
#1413 = DIRECTION ( 'NONE',  ( -1.000000000000000000, 0.000000000000000000, 0.000000000000000000 ) ) ;
#1414 = ADVANCED_FACE ( 'NONE', ( #968 ), #1458, .T. ) ;
#1415 = DIRECTION ( 'NONE',  ( 9.130123557772670799E-17, -1.000000000000000000, -0.000000000000000000 ) ) ;
#1416 = ORIENTED_EDGE ( 'NONE', *, *, #440, .T. ) ;
#1417 = ORIENTED_EDGE ( 'NONE', *, *, #427, .T. ) ;
#1418 = VECTOR ( 'NONE', #277, 1000.000000000000000 ) ;
#1419 = CARTESIAN_POINT ( 'NONE',  ( 5.999999999999998224, 10.99999999999999822, 20.00000000000000000 ) ) ;
#1420 = ORIENTED_EDGE ( 'NONE', *, *, #925, .F. ) ;
#1421 = CARTESIAN_POINT ( 'NONE',  ( -25.00000000000000000, 7.000000000000000888, 17.00000000000000000 ) ) ;
#1422 = FACE_OUTER_BOUND ( 'NONE', #275, .T. ) ;
#1423 = EDGE_CURVE ( 'NONE', #173, #1244, #994, .T. ) ;
#1424 = CARTESIAN_POINT ( 'NONE',  ( 22.00000000000000000, 3.999999999999997335, 20.00000000000000000 ) ) ;
#1425 = EDGE_LOOP ( 'NONE', ( #867, #894 ) ) ;
#1426 = SURFACE_STYLE_USAGE ( .BOTH. , #505 ) ;
#1427 = VERTEX_POINT ( 'NONE', #866 ) ;
#1428 = LINE ( 'NONE', #184, #368 ) ;
#1429 = DIRECTION ( 'NONE',  ( 0.000000000000000000, 1.000000000000000000, 0.000000000000000000 ) ) ;
#1430 = CARTESIAN_POINT ( 'NONE',  ( -24.99999999999999645, 5.499999999999998224, 2.999999999999999112 ) ) ;
#1431 = ORIENTED_EDGE ( 'NONE', *, *, #1176, .T. ) ;
#1432 =( LENGTH_UNIT ( ) NAMED_UNIT ( * ) SI_UNIT ( .MILLI., .METRE. ) );
#1433 = CARTESIAN_POINT ( 'NONE',  ( 12.99999999999999822, 6.999999999999997335, 17.00000000000000000 ) ) ;
#1434 = ORIENTED_EDGE ( 'NONE', *, *, #972, .F. ) ;
#1435 = CARTESIAN_POINT ( 'NONE',  ( 22.00000000000000000, -2.739037067331800623E-16, 17.00000000000000000 ) ) ;
#1436 = CARTESIAN_POINT ( 'NONE',  ( -23.49999999999999645, 6.999999999999997335, 20.00000000000000000 ) ) ;
#1437 = CARTESIAN_POINT ( 'NONE',  ( -25.00000000000000000, 5.499999999992886579, 2.803648242122183998 ) ) ;
#1438 = ORIENTED_EDGE ( 'NONE', *, *, #657, .T. ) ;
#1439 = DIRECTION ( 'NONE',  ( 1.000000000000000000, 2.891205793294679312E-16, -0.000000000000000000 ) ) ;
#1440 = ADVANCED_FACE ( 'NONE', ( #1072 ), #750, .T. ) ;
#1441 = CARTESIAN_POINT ( 'NONE',  ( 22.00000000000000000, 3.999999999999997335, 20.00000000000000000 ) ) ;
#1442 = ORIENTED_EDGE ( 'NONE', *, *, #1011, .F. ) ;
#1443 = CARTESIAN_POINT ( 'NONE',  ( -23.18599766706827481, 5.185997667069683459, 19.79749656056139528 ) ) ;
#1444 = DIRECTION ( 'NONE',  ( -1.000000000000000000, 5.782411586589358625E-16, 0.000000000000000000 ) ) ;
#1445 = AXIS2_PLACEMENT_3D ( 'NONE', #919, #912, #1130 ) ;
#1446 = LINE ( 'NONE', #620, #682 ) ;
#1447 = ORIENTED_EDGE ( 'NONE', *, *, #348, .F. ) ;
#1448 = VERTEX_POINT ( 'NONE', #402 ) ;
#1449 = SPHERICAL_SURFACE ( 'NONE', #324, 3.000000000000000000 ) ;
#1450 = DIRECTION ( 'NONE',  ( 0.000000000000000000, 0.000000000000000000, 1.000000000000000000 ) ) ;
#1451 = EDGE_CURVE ( 'NONE', #716, #660, #533, .T. ) ;
#1452 = CARTESIAN_POINT ( 'NONE',  ( -22.78524366757700648, 4.392621833788382446, 19.92191802399919354 ) ) ;
#1453 = LINE ( 'NONE', #736, #890 ) ;
#1454 = EDGE_CURVE ( 'NONE', #1095, #1246, #993, .T. ) ;
#1455 = LINE ( 'NONE', #540, #40 ) ;
#1456 = VERTEX_POINT ( 'NONE', #196 ) ;
#1457 = EDGE_LOOP ( 'NONE', ( #1288, #748, #992, #471 ) ) ;
#1458 = CYLINDRICAL_SURFACE ( 'NONE', #1250, 2.999999999999999112 ) ;
#1459 = CARTESIAN_POINT ( 'NONE',  ( -12.99999999999999822, 17.99999999999999645, 2.999999999999999112 ) ) ;
#1460 = AXIS2_PLACEMENT_3D ( 'NONE', #701, #604, #589 ) ;
#1461 = CARTESIAN_POINT ( 'NONE',  ( 24.99999999999999645, 6.999999999999997335, 2.999999999999999112 ) ) ;
#1462 = EDGE_CURVE ( 'NONE', #1349, #631, #655, .T. ) ;
#1463 = ORIENTED_EDGE ( 'NONE', *, *, #918, .F. ) ;
#1464 = EDGE_LOOP ( 'NONE', ( #249, #1471, #923, #1395 ) ) ;
#1465 = DIRECTION ( 'NONE',  ( 0.000000000000000000, -0.000000000000000000, -1.000000000000000000 ) ) ;
#1466 = CARTESIAN_POINT ( 'NONE',  ( -12.99999999999999822, 3.999999999999997335, 2.999999999999999112 ) ) ;
#1467 = CLOSED_SHELL ( 'NONE', ( #1351, #1221, #374, #783, #416, #793, #1473, #424, #539, #156, #1335, #879, #276, #707, #284, #536, #936, #770, #607, #858, #823, #43, #177, #499, #54, #527, #486, #63, #459, #814, #935, #314, #5, #996, #1414, #394, #160, #1440, #22, #170, #1400, #1210, #1125, #841, #1186, #1027, #1372 ) ) ;
#1468 = AXIS2_PLACEMENT_3D ( 'NONE', #320, #788, #1235 ) ;
#1469 = CARTESIAN_POINT ( 'NONE',  ( -9.999999999999998224, 6.999999999999997335, 20.00000000000000000 ) ) ;
#1470 = CARTESIAN_POINT ( 'NONE',  ( -22.78524366757718411, 4.392621833788382446, 0.07808197600087890544 ) ) ;
#1471 = ORIENTED_EDGE ( 'NONE', *, *, #557, .F. ) ;
#1472 = VECTOR ( 'NONE', #784, 1000.000000000000000 ) ;
#1473 = ADVANCED_FACE ( 'NONE', ( #1203, #761 ), #1323, .F. ) ;
#1474 = FACE_OUTER_BOUND ( 'NONE', #234, .T. ) ;
#1475 = CARTESIAN_POINT ( 'NONE',  ( -22.00000000000000000, 0.000000000000000000, 17.00000000000000000 ) ) ;
#1476 = CARTESIAN_POINT ( 'NONE',  ( -9.999999999999998224, 14.99999999999999645, 2.999999999999999112 ) ) ;
#1477 = CARTESIAN_POINT ( 'NONE',  ( 24.26016042852074506, 5.130080214260360982, 1.017519741401462285 ) ) ;
#1478 = ORIENTED_EDGE ( 'NONE', *, *, #689, .T. ) ;
#1479 = CARTESIAN_POINT ( 'NONE',  ( 24.26016042852073440, 5.130080214260416938, 18.98248025859854948 ) ) ;
#1480 = DIRECTION ( 'NONE',  ( 0.000000000000000000, 0.000000000000000000, -1.000000000000000000 ) ) ;
#1481 = CARTESIAN_POINT ( 'NONE',  ( -9.999999999999998224, 14.99999999999999645, 17.00000000000000000 ) ) ;
#1482 = CARTESIAN_POINT ( 'NONE',  ( -23.84364017363743571, 4.921820086818629925, 0.6009994865181493839 ) ) ;
#1483 = VECTOR ( 'NONE', #178, 1000.000000000000000 ) ;
#1484 = CARTESIAN_POINT ( 'NONE',  ( 1.399999999999999911, 11.00000000000000178, 0.000000000000000000 ) ) ;
#1485 = CYLINDRICAL_SURFACE ( 'NONE', #1160, 3.000000000000000000 ) ;
#1486 = EDGE_CURVE ( 'NONE', #94, #1456, #1341, .T. ) ;
#1487 = CARTESIAN_POINT ( 'NONE',  ( 9.999999999999998224, 14.99999999999999645, 2.999999999999999112 ) ) ;
#1488 = ORIENTED_EDGE ( 'NONE', *, *, #955, .T. ) ;
ENDSEC;
END-ISO-10303-21;
